uuid,owner,gwp_per_ksi,regression_log_ci_pred
0009c402-258e-4165-e374-08de8531c102,Heidelberg Materials Australia Pty Ltd,52.34898266289455,3.858966374987572
0026322e-9da2-483d-4b11-08dd3b362932,Heidelberg Materials Australia Pty Ltd,65.75005769067775,4.2971039007413125
0040abe5-aad7-4ef0-468c-08dd7b9e2093,Holcim (Australia) Pty Ltd,53.43427239757857,4.156146267611975
0047caf8-9595-4aea-9b2c-08dc5e0dad96,Gunlake Concrete NSW Pty Ltd,44.31438312718046,3.9397035872166057
005679ff-3a95-4e3c-8e18-08dd9b623e06,Holcim (Australia) Pty Ltd,64.81060135964368,4.488909929713596
00a8924d-ace4-4ce1-ca4a-08de852fe431,Heidelberg Materials Australia Pty Ltd,48.478706296329456,4.118279754727331
00c21750-97a7-4271-477c-08dd189cf347,Barro Group Pty Ltd,38.43739399329831,3.989942065267981
00e3c025-e984-46f2-c8d0-08dc77c8811e,Advanced Readymix,57.55997324839007,3.8734219932925824
01761446-a4d7-446f-04a2-08dd7ba37ded,Holcim (Australia) Pty Ltd,37.40399067830499,3.9631546245028684
0179ece2-1582-42c4-04ad-08dd7ba37ded,Holcim (Australia) Pty Ltd,31.715826197272435,3.857727485612247
01a1fb28-ccf9-4f03-7c93-08dc7a6854e0,Holcim (Australia) Pty Ltd,49.64216274355686,3.906271359578325
01a8a05c-cd35-4ffa-4463-08dd9b697033,Holcim (Australia) Pty Ltd,67.22376204856658,4.488909929713596
01ab46b0-beaf-47c3-4783-08dd189cf347,Barro Group Pty Ltd,42.333733228533205,3.8843151895514247
01d2ca60-c204-41e9-b95d-08dd9b678296,Holcim (Australia) Pty Ltd,40.07570429818392,4.096044781206501
01ec1e57-8081-4703-8e0a-08dd9b623e06,Holcim (Australia) Pty Ltd,35.85267309256884,3.8034660342801625
01fa68f9-45de-48d9-801c-08dd09159811,"The Concrete Products and Aggregate Co., Ltd.",50.82411899935584,4.117583920761435
0223a3dc-543c-41fb-ac73-08dd77b6196f,Aurora Construction Materials Pty Ltd,38.61057102276645,3.976710157247898
033cfed5-9ce2-4800-ca4c-08de852fe431,Heidelberg Materials Australia Pty Ltd,65.58203296725341,3.871741988327595
03683acc-c251-4daa-c89d-08dc77c8811e,Advanced Readymix,118.26353030992505,4.567873272563055
036cb024-63a0-4061-6540-08dd60fd554a,Holcim (Australia) Pty Ltd,35.640527097938254,3.6960704005964287
037c09b1-dd65-49aa-c8c3-08dc77c8811e,Advanced Readymix,100.05161343296864,4.567873272563055
03db0640-dae1-4976-46ba-08dd7b9e2093,Holcim (Australia) Pty Ltd,57.91585653414966,4.393952250150502
03f4ffd3-e8d4-49dd-5fc1-08de1ce13427,Gunlake Concrete NSW Pty Ltd,50.8183424343965,3.9885274925748924
0425e938-0208-4cf1-8eec-08dd9b623e06,Holcim (Australia) Pty Ltd,46.05689543429997,3.8034660342801625
043393a0-3f81-4fa0-d173-08dd60fa27d7,Holcim (Australia) Pty Ltd,47.05663343399661,3.8756439178477478
0448aa28-7cc8-47c9-8d76-08dd9b623e06,Holcim (Australia) Pty Ltd,52.951640259793976,4.393952250150502
044dc9d4-d81d-4ef1-37f1-08dd60f74b45,Holcim (Australia) Pty Ltd,50.67637446738096,4.571731323879454
04502a27-c49e-4fc6-64fd-08dd60fd554a,Holcim (Australia) Pty Ltd,35.98194955804686,4.142477324729153
04e8b274-f8a8-4884-46ac-08dd7b9e2093,Holcim (Australia) Pty Ltd,50.50400584674361,3.906271359578325
05b32788-74ec-42fc-5fbf-08de1ce13427,Gunlake Concrete NSW Pty Ltd,59.63153104703596,3.957382733712155
05bf6dc8-0c4f-4330-8d66-08dd9b623e06,Holcim (Australia) Pty Ltd,51.4347963981853,4.393952250150502
06121e54-7a2f-4d7f-4b0f-08dd3b362932,Heidelberg Materials Australia Pty Ltd,36.79936166166687,4.2971039007413125
0629b264-6c99-425f-2e94-08dd189cf582,Barro Group Pty Ltd,33.27960417800322,3.7840124374649164
063be1e4-2f1f-4ea3-8ee5-08dd9b623e06,Holcim (Australia) Pty Ltd,51.49512541540837,4.096044781206501
065866be-7967-4399-381a-08dd60f74b45,Holcim (Australia) Pty Ltd,48.26321377845806,3.947131504171436
0685d9fc-f518-46e7-ac11-08dd09113687,"The Concrete Products and Aggregate Co., Ltd.",68.35647012704061,4.117583920761435
0687e3d3-a296-48be-8e41-08dd9b623e06,Holcim (Australia) Pty Ltd,48.09084515782071,3.906271359578325
069396e6-91e0-423e-37b1-08dd60f74b45,Holcim (Australia) Pty Ltd,48.26321377845806,3.8756439178477478
06c9dc6c-e7f5-4b0e-bb9b-08dd77b6949d,Aurora Construction Materials Pty Ltd,34.38161206028765,3.976710157247898
06ca6f05-b738-402e-8dcb-08dd9b623e06,Holcim (Australia) Pty Ltd,49.77143920903488,4.096044781206501
06fef53a-5a6a-43db-6c2e-08dd9b648d8a,Holcim (Australia) Pty Ltd,35.50793585129414,3.906271359578325
076e6803-5eb6-4b0c-bb96-08dd77b6949d,Aurora Construction Materials Pty Ltd,39.148956825107895,4.465809430768974
07e5e067-998d-4b0d-02d5-08dd33837503,Holcim (Australia) Pty Ltd,62.32849322246583,4.3913564868136135
082ce613-81b8-444d-371f-08dd60f74b45,Holcim (Australia) Pty Ltd,44.38491981411768,4.101806462027886
087cba2c-a93f-4a48-c908-08dc77c8811e,Hazell Bros Concrete Pty Ltd,80.13129748755499,4.187880246728953
08a0be36-8b13-49e6-c8f7-08dc77c8811e,Hazell Bros Concrete Pty Ltd,49.381312483624974,4.45864110302766
08b23132-ae37-4428-7a1a-08dcb1ce14e2,Gunlake Concrete NSW Pty Ltd,50.407494501441,4.193972344269991
08c0be0a-5693-45f5-c87a-08dc77c8811e,Advanced Readymix,47.89381541389153,4.500993702409998
08dfeaad-263d-4f7b-8024-08dd09159811,"The Concrete Products and Aggregate Co., Ltd.",43.52307671093093,4.115082661211921
08f8eedf-ea92-4c3d-8da7-08dd9b623e06,Holcim (Australia) Pty Ltd,50.0558474330865,3.80739266633843
0907e94c-d99c-4a62-ca66-08de852fe431,Heidelberg Materials Australia Pty Ltd,54.50471819699126,4.102907487327308
091b6df9-cc04-41e4-8eed-08dd9b623e06,Holcim (Australia) Pty Ltd,43.98847198665177,3.8034660342801625
09254173-4e9b-489e-faaa-08dd1326b98c,Allied Concrete Limited,27.88541240533132,3.944071670276402
0970eefd-0118-41a7-8dac-08dd9b623e06,Holcim (Australia) Pty Ltd,67.22376204856658,4.4892902870004825
09bba5f1-74a0-4a2e-8e6f-08dd9b623e06,Holcim (Australia) Pty Ltd,37.05925343703029,3.906271359578325
09bd0ea4-85ba-455e-ca0a-08de852fe431,Heidelberg Materials Australia Pty Ltd,47.3161637078426,3.8459490047819473
09be9bff-53e4-4737-8e1c-08dd9b623e06,Holcim (Australia) Pty Ltd,62.397440670720776,4.488909929713596
09c86ba2-e115-45fe-4cf2-08dda8a83e06,Piave Premix Concrete Pty Ltd,36.06481908719943,3.7418966948272345
09fdcb34-bf99-4a91-6c22-08dd9b648d8a,Holcim (Australia) Pty Ltd,31.88819481790979,3.906271359578325
0a2839de-828c-4f36-8e21-08dd9b623e06,Holcim (Australia) Pty Ltd,55.15795860395206,4.3913564868136135
0a5503b3-a23c-4a0b-049d-08dd7ba37ded,Holcim (Australia) Pty Ltd,39.351756091507056,3.910197991636593
0a6fb4f9-ebbd-48b2-65df-08dd7b9ded23,Holcim (Australia) Pty Ltd,45.09163115873081,3.8034660342801625
0a945b9e-4ac7-4afe-8d71-08dd9b623e06,Holcim (Australia) Pty Ltd,25.19233686238195,3.6677792974626677
0a962c83-281c-4b72-3714-08dd60f74b45,Holcim (Australia) Pty Ltd,51.241743543071465,4.393571892863616
0aa3152a-8f9b-494a-bafd-08dd60f80706,Holcim (Australia) Pty Ltd,52.37248169445248,4.393571892863616
0abd243a-ca95-4d87-8da9-08dd9b623e06,Holcim (Australia) Pty Ltd,56.47226933631187,4.102186819314772
0abe8267-54da-4222-c88f-08dc77c8811e,Advanced Readymix,52.87386064341758,3.888476164686979
0afd4b6c-c47f-47b2-e750-08de848015c8,Heidelberg Materials Australia Pty Ltd,39.425555561957545,3.747341568046188
0b22e5ff-7d13-4595-4717-08dd7b9e2093,Holcim (Australia) Pty Ltd,62.32849322246583,3.85424855149054
0b8cf69f-d893-49c2-66ae-08dcb1ce0e85,Gunlake Concrete NSW Pty Ltd,31.49226993032064,3.7433267763843094
0c320071-ff2a-48ea-bba3-08dd77b6949d,Aurora Construction Materials Pty Ltd,41.46528194335278,4.168699957649801
0c685546-1193-4435-ca53-08de852fe431,Heidelberg Materials Australia Pty Ltd,57.04188932398923,4.363651126955211
0c69a474-0b3d-4faa-6510-08dd60fd554a,Holcim (Australia) Pty Ltd,48.26321377845806,3.947131504171436
0c6c1519-7978-4fde-6514-08dd60fd554a,Holcim (Australia) Pty Ltd,48.60795101973276,3.947131504171436
0c6c76b2-d7d4-40bc-c89f-08dc77c8811e,Advanced Readymix,67.82166604613963,4.500301645212687
0caf6864-57fe-4dca-9972-08dc8a1e4132,Heidelberg Materials Australia Pty Ltd,29.50882750834626,3.867303653287483
0d1ddc7c-ddd6-49bf-4694-08dd7b9e2093,Holcim (Australia) Pty Ltd,70.02475213392353,4.156146267611975
0d47889f-6075-4418-652b-08dd60fd554a,Holcim (Australia) Pty Ltd,33.306921157001824,3.6960704005964287
0d7be64e-ec5e-4625-9970-08dc8a1e4132,Heidelberg Materials Australia Pty Ltd,29.507460532225863,3.867303653287483
0d9b7637-cd31-4638-5a68-08dd3b2eda46,Heidelberg Materials Australia Pty Ltd,48.37656286683783,3.871741988327595
0da05747-a950-4512-65f1-08dd7b9ded23,Holcim (Australia) Pty Ltd,52.7878900701885,4.102186819314772
0de7b868-73fd-45e9-46b3-08dd7b9e2093,Holcim (Australia) Pty Ltd,41.50636384947393,3.8034660342801625
0eb0c3f2-aca5-4003-04a4-08dd7ba37ded,Holcim (Australia) Pty Ltd,25.88181134493135,3.712093520927859
0ed1cb06-57e6-4003-8e3f-08dd9b623e06,Holcim (Australia) Pty Ltd,33.00859085205256,3.6118153579822874
0ee41c74-e527-4dc8-3773-08dd60f74b45,Holcim (Australia) Pty Ltd,52.05532343247977,3.883656683831662
0ee45569-18e8-4a43-c8fe-08dc77c8811e,Hazell Bros Concrete Pty Ltd,73.61396323722059,3.977141814584471
0efb09ed-44cb-4d18-8dfb-08dd9b623e06,Holcim (Australia) Pty Ltd,36.84379266123361,4.096044781206501
0f04fa3a-cfff-4d5c-8dc6-08dd9b623e06,Holcim (Australia) Pty Ltd,35.33556723065679,4.096044781206501
0f27f110-85ab-4042-37ff-08dd60f74b45,Holcim (Australia) Pty Ltd,40.541099573904766,4.461781140181634
0f414e49-1ce6-490c-3816-08dd60f74b45,Holcim (Australia) Pty Ltd,34.81846136874474,3.947131504171436
0f5df870-6312-4c22-ca63-08de852fe431,Heidelberg Materials Australia Pty Ltd,39.93096308171428,3.8678984346928718
0f731e62-77cf-46b1-02da-08dd33837503,Holcim (Australia) Pty Ltd,53.26190377694122,3.906271359578325
0f7aa4d9-c416-4733-65f0-08dd7b9ded23,Holcim (Australia) Pty Ltd,52.57242929439182,4.102186819314772
0f8d523e-3b9e-47e9-11cb-08dd3384faff,Holcim (Australia) Pty Ltd,53.43427239757857,4.162288305720246
0faa1fbe-2061-4300-9956-08dc8a1e4132,Heidelberg Materials Australia Pty Ltd,44.51427309835003,3.6507766220493134
0fd3f461-2168-4586-049f-08dd7ba37ded,Holcim (Australia) Pty Ltd,71.36060894386299,3.9631546245028684
0fec1261-b107-401f-9969-08dc8a1e4132,Heidelberg Materials Australia Pty Ltd,60.91281108968849,4.304932247354108
103e82b6-f427-4388-37fe-08dd60f74b45,Holcim (Australia) Pty Ltd,42.19583833202333,4.461781140181634
105baa00-21e6-4f7e-8d6c-08dd9b623e06,Holcim (Australia) Pty Ltd,43.28606985755457,4.102186819314772
1065e9be-fcfb-4593-471c-08dd7b9e2093,Holcim (Australia) Pty Ltd,38.92879001471232,3.712093520927859
107ad753-af69-4d8b-8dcd-08dd9b623e06,Holcim (Australia) Pty Ltd,38.136557316013736,4.096044781206501
10879d9a-02c7-4e69-5fc4-08de1ce13427,Gunlake Concrete NSW Pty Ltd,34.36941936701999,3.7449790381525876
1090a323-5710-4386-3723-08dd60f74b45,Holcim (Australia) Pty Ltd,36.02504171320619,4.101806462027886
1102f78d-2fff-45b5-2cba-08dd9821d576,Neilsen's Concrete Pty Ltd,35.878712942200664,4.064741658696892
1115c5f3-35da-46f5-c8ab-08dc77c8811e,Advanced Readymix,61.4105173498298,3.805102946822733
111e36ad-9903-4c93-46c0-08dd7b9e2093,Holcim (Australia) Pty Ltd,52.7878900701885,4.102186819314772
11a8ca01-97db-41f6-5303-08dcfd218296,Piave Premix Concrete Pty Ltd,27.68505229929132,3.7369818217706245
11f3aeca-fea4-4110-8021-08dd09159811,"The Concrete Products and Aggregate Co., Ltd.",48.14830136469983,3.7343986966807705
1212353b-703d-48c7-bba7-08dd77b6949d,Aurora Construction Materials Pty Ltd,76.69717935989189,4.5588026822150525
1217ef5c-43bc-4680-37ad-08dd60f74b45,Holcim (Australia) Pty Ltd,24.34706766502572,4.03902135014923
1224a4aa-00dd-436a-03c2-08dd189d02b2,Barro Group Pty Ltd,35.90326673009832,3.989942065267981
123fe402-4f5a-4a9a-ac6a-08dd77b6196f,Aurora Construction Materials Pty Ltd,70.4556736855169,4.168699957649801
12660fcc-3fd7-4fb2-8e45-08dd9b623e06,Holcim (Australia) Pty Ltd,46.88426481335926,3.906271359578325
127860f1-7221-4554-8dfd-08dd9b623e06,Holcim (Australia) Pty Ltd,48.60795101973276,4.488909929713596
12cb8c9f-7092-410c-9e66-08de8481aaa0,Heidelberg Materials Australia Pty Ltd,45.22982650775982,4.101895340914742
12d570a5-73ab-4ecd-4719-08dd7b9e2093,Holcim (Australia) Pty Ltd,59.70849018877811,3.85424855149054
130dba7d-3673-4f6b-0200-08dd60fb3cd6,Holcim (Australia) Pty Ltd,41.5408375736014,3.8692755781934265
1345ccf6-3c42-476b-5978-08dd3b2eda46,Heidelberg Materials Australia Pty Ltd,40.309673885408046,4.077838930438357
1354b7bb-f3b9-487c-37ec-08dd60f74b45,Holcim (Australia) Pty Ltd,51.27966463961169,4.144049779338812
136c7c98-2692-4ce4-9977-08dc8a1e4132,Heidelberg Materials Australia Pty Ltd,31.036872723290188,4.088648179319895
136cf7de-ad6b-4ee9-c894-08dc77c8811e,Advanced Readymix,41.8378149174699,4.00585065436249
13ffbe54-8dc4-471d-2e99-08dd189cf582,Barro Group Pty Ltd,54.01335124243302,4.145070669869016
1404af63-23de-407c-7c82-08dc7a6854e0,Holcim (Australia) Pty Ltd,66.53428756601718,4.488909929713596
14144dbd-d3d6-4f0c-5a03-08dd3b2eda46,Heidelberg Materials Australia Pty Ltd,39.332842512102,4.080434693775246
1430b6fb-b1ba-4c5a-ada7-08de0fb20f1b,ACHERON BETON A.E.,67.84428908286104,4.418767425937903
14ea4b4e-c332-4938-8e25-08dd9b623e06,Holcim (Australia) Pty Ltd,55.15795860395206,4.3913564868136135
15891a38-6491-4e49-c8f5-08dc77c8811e,Hazell Bros Concrete Pty Ltd,70.33049269846522,4.823590225979255
15897656-a283-40cf-653d-08dd60fd554a,Holcim (Australia) Pty Ltd,31.577931300762557,3.8382254311591106
15b494ef-21cf-4c2b-4693-08dd7b9e2093,Holcim (Australia) Pty Ltd,47.83229222686468,4.156146267611975
15c03f7f-bc9a-46a8-c87b-08dc77c8811e,Advanced Readymix,64.76096135150789,4.193028582450176
15cdd5d5-4c95-4f3e-7c1a-08dc7a6854e0,Siam City Cement Public Company Limited,56.88164481032557,3.949056786875467
166b111b-abd8-4a60-5a04-08dd3b2eda46,Heidelberg Materials Australia Pty Ltd,55.42941511876995,4.1081716139779525
16776965-485c-4115-66ab-08dcb1ce0e85,Gunlake Concrete NSW Pty Ltd,63.33620758008246,4.193972344269991
1690189b-515d-4464-650d-08dd60fd554a,Holcim (Australia) Pty Ltd,36.88688481639294,3.9455590495617767
169e959e-e896-4a8e-37ce-08dd60f74b45,Holcim (Australia) Pty Ltd,63.99185041161627,4.144049779338812
16a254e0-27ac-4e7c-26fb-08de8531b889,Heidelberg Materials Australia Pty Ltd,61.44708191690591,3.747341568046188
16e3af25-a528-44cf-22bf-08dcc15f556a,Allied Concrete Limited,63.15586260152511,4.495495197180418
16e99257-2d30-4381-8da3-08dd9b623e06,Holcim (Australia) Pty Ltd,49.09058315751734,4.393952250150502
16ecbe97-c48a-430c-6c28-08dd9b648d8a,Holcim (Australia) Pty Ltd,47.05663343399661,3.906271359578325
171836e4-6cd4-4539-37e7-08dd60f74b45,Holcim (Australia) Pty Ltd,51.36584894993036,3.947131504171436
172b3cc8-6a50-43e3-5a0a-08dd3b2eda46,Heidelberg Materials Australia Pty Ltd,64.26898378439564,3.8663465127232506
173e6a06-1b5d-4cfa-5974-08dd3b2eda46,Heidelberg Materials Australia Pty Ltd,48.43809981104176,3.853397402132588
1749c021-b43c-4d7e-31a5-08de54b80974,ADBRI,44.970677542779335,3.7736718401764846
175c3ea9-51c5-4943-bba1-08dd77b6949d,Aurora Construction Materials Pty Ltd,47.23209365821371,4.465809430768974
1769d0ed-1dd2-4d74-8dec-08dd9b623e06,Holcim (Australia) Pty Ltd,42.74741791806285,4.3913564868136135
17792189-822a-4895-bba0-08dd77b6949d,Aurora Construction Materials Pty Ltd,56.6029592244791,4.5588026822150525
1809a5b5-c99f-4dd6-7bfd-08de3bedca1b,ADBRI,34.33863821006643,3.7736718401764846
183dd1da-b03a-4ec5-38ae-08dd09087a22,"The Concrete Products and Aggregate Co., Ltd.",64.63823273900633,4.491196078026156
184fe9d6-2ef4-4140-8db6-08dd9b623e06,Holcim (Australia) Pty Ltd,53.77900963885327,4.488909929713596
185d1d7e-f505-4392-993c-08dc8a1e4132,Hymix,39.5610222108023,4.088648179319895
19442686-ab58-426b-0cc7-08dd3b33b6a4,Heidelberg Materials Australia Pty Ltd,39.38639864446749,3.8663465127232506
19765229-367c-43ab-8e33-08dd9b623e06,Holcim (Australia) Pty Ltd,48.26321377845805,3.8034660342801625
198a0e96-4a54-40ed-ca51-08de852fe431,Heidelberg Materials Australia Pty Ltd,34.402496354881634,3.6661852571708695
198b19e6-2505-459c-ca12-08de852fe431,Heidelberg Materials Australia Pty Ltd,94.19937310842194,4.4059350471924965
19ab5c0f-a414-4e1c-ea97-08ddeb9f86ed,HOLCIM AZERBAIJAN OJSC,87.62346062302052,4.43797671047872
19c116af-182e-456b-653a-08dd60fd554a,Holcim (Australia) Pty Ltd,40.67899447041465,3.947131504171436
19eedda4-0e03-4f61-bb97-08dd77b6949d,Aurora Construction Materials Pty Ltd,39.148956825107895,4.465809430768974
1a0961f3-54a3-40be-4697-08dd7b9e2093,Holcim (Australia) Pty Ltd,53.00335084598519,4.156146267611975
1a0efd9a-3329-4e85-8e61-08dd9b623e06,Holcim (Australia) Pty Ltd,44.402156676181406,4.3913564868136135
1a0f868f-5ed2-474b-c634-08ddbcffd29b,Gunlake Concrete NSW Pty Ltd,39.161327548642426,3.757654865600574
1a11197c-02f1-4bd2-c8d6-08dc77c8811e,Hazell Bros Concrete Pty Ltd,62.81587446048621,4.500797400382071
1a3c390e-6e6d-4987-8d7c-08dd9b623e06,Holcim (Australia) Pty Ltd,54.05479943187302,4.393952250150502
1a75a693-ca5a-4108-03b4-08dd189d02b2,Barro Group Pty Ltd,37.522326774839904,3.7840124374649164
1afeec03-be94-4e77-8d64-08dd9b623e06,Holcim (Australia) Pty Ltd,41.40294267709152,3.910197991636593
1b37dcf5-6cba-4160-ca5b-08de852fe431,Heidelberg Materials Australia Pty Ltd,42.37746330116755,3.7566660909915504
1b8b9065-0212-41d4-a89b-08dd7ba10734,Holcim (Australia) Pty Ltd,31.9916159902922,3.80739266633843
1b993750-c7cd-4dc3-7c9c-08dc7a6854e0,Holcim (Australia) Pty Ltd,44.67794646920117,3.8034660342801625
1c93224e-8b4e-4fe3-8e54-08dd9b623e06,Holcim (Australia) Pty Ltd,50.84874308801831,3.906271359578325
1c99194b-ace8-472d-c8cd-08dc77c8811e,Advanced Readymix,48.99350342668818,3.9970565429261056
1caa1b48-ffcc-407d-7c6e-08dc7a6854e0,Holcim (Australia) Pty Ltd,68.15455260000827,4.487272645565508
1cdd1bac-5141-4097-8e01-08dd9b623e06,Holcim (Australia) Pty Ltd,35.163198610019435,3.8034660342801625
1cf779c1-80bc-4ce4-52fb-08dcfd218296,Piave Premix Concrete Pty Ltd,54.05479943187302,4.540288166784042
1cfbbe4f-3e75-4c3f-93d6-08dd8df04730,Gunlake Concrete NSW Pty Ltd,49.26229246818075,4.157492450934345
1dbbb9cb-6f33-4e76-4549-08dc6fc9d4ca,Western Suburbs Concrete,25.62176670941408,3.883498726522728
1dddab95-232c-4528-c8b8-08dc77c8811e,Advanced Readymix,43.280737461906526,4.50957010138202
1ddff01a-e9f9-4c2c-b827-08de688701e3,Holcim (New Zealand) Ltd,109.17933308780596,5.031075530065414
1e05aa84-c66b-484a-c8d8-08dc77c8811e,Hazell Bros Concrete Pty Ltd,51.95821784635751,3.9951175140699937
1e208572-9fd2-41ae-02f0-08dd8332299a,PROMOTORA MEDITERRANEA- 2 S.A.,50.67637446738096,4.596935918727794
1ea3c6aa-f2e6-4d12-4708-08dd7b9e2093,Holcim (Australia) Pty Ltd,37.40399067830499,3.9631546245028684
1ec4aee8-5589-40c8-0a7e-08dd7b9f5e30,Holcim (Australia) Pty Ltd,45.50531584826045,4.3913564868136135
1ed19648-6bfd-4eb3-fa9f-08dd1326b98c,Allied Concrete Limited,52.57242929439182,4.086045064975635
1ef5d124-c99d-4855-65e5-08dd7b9ded23,Holcim (Australia) Pty Ltd,67.91323653111598,4.4892902870004825
1f2a0137-07e4-4d5d-38b2-08dd09087a22,"The Concrete Products and Aggregate Co., Ltd.",69.59383058233014,4.206548923818881
1f35741f-6c39-4733-371d-08dd60f74b45,Holcim (Australia) Pty Ltd,41.97175912519478,4.101806462027886
1f409fbf-7dc3-4afb-653b-08dd60fd554a,Holcim (Australia) Pty Ltd,31.577931300762557,3.8382254311591106
1f5ba84c-5d2d-48d5-8e5c-08dd9b623e06,Holcim (Australia) Pty Ltd,37.23162205766764,3.8756439178477478
1f6d7dc0-4deb-409d-7c6f-08dc7a6854e0,Holcim (Australia) Pty Ltd,66.05165542823259,4.487272645565508
1f9150ad-1d3c-4016-ea98-08ddeb9f86ed,HOLCIM AZERBAIJAN OJSC,123.2402645962282,4.826824349225282
1f9dfc61-339e-44d3-8e2d-08dd9b623e06,Holcim (Australia) Pty Ltd,35.163198610019435,3.8034660342801625
1f9fa0c5-7fd0-4e3f-ca55-08de852fe431,Heidelberg Materials Australia Pty Ltd,49.56018934452322,4.257839549754817
1fa8cba3-44ad-4da9-7c1c-08dc7a6854e0,Siam City Cement Public Company Limited,62.26816420524276,4.209890742389392
1fac3df5-4656-45f6-04a5-08dd7ba37ded,Holcim (Australia) Pty Ltd,37.40399067830499,3.9631546245028684
1fb5b6bb-5c75-4b8c-8e57-08dd9b623e06,Holcim (Australia) Pty Ltd,50.50400584674361,3.906271359578325
1fc9d7bc-ecfd-4403-37b7-08dd60f74b45,Holcim (Australia) Pty Ltd,63.15586260152511,4.463353594791292
1fcd7257-99b3-4356-371b-08dd60f74b45,Holcim (Australia) Pty Ltd,46.582619727243895,4.101806462027886
20064518-9034-4af4-b3b3-08dd77b24f44,Aurora Construction Materials Pty Ltd,50.503326714378304,4.5588026822150525
202f15bf-40f6-408c-65e1-08dd7b9ded23,Holcim (Australia) Pty Ltd,35.32230810599238,3.6638526654043995
206b7d83-65e9-40cc-8f5a-08d9fb553f52,Readymix Industries (Israel) Ltd,74.85722953393494,4.691364133376929
20c21a58-b99f-441d-6c30-08dd9b648d8a,Holcim (Australia) Pty Ltd,41.50636384947393,3.8034660342801625
20c8fa3c-319b-47f0-8e73-08dd9b623e06,Holcim (Australia) Pty Ltd,36.68004247162812,3.8034660342801625
20e97ac3-36d0-4701-b95c-08dd9b678296,Holcim (Australia) Pty Ltd,53.08953515630387,4.488909929713596
21270d95-1c01-42f6-9964-08dc8a1e4132,Heidelberg Materials Australia Pty Ltd,46.58498912361829,3.8547348999837054
213f5868-0f7e-40cf-8de3-08dd9b623e06,Holcim (Australia) Pty Ltd,32.81898536935147,3.8034660342801625
2186503a-f857-4335-e836-08dcdd059e16,Advanced Readymix,52.36850213392352,4.193028582450176
21900961-9f4a-4aa8-bbb2-08dd77b6949d,Aurora Construction Materials Pty Ltd,45.266619782401854,4.5588026822150525
21990042-9dfe-4f36-8e10-08dd9b623e06,Holcim (Australia) Pty Ltd,63.77638963581958,4.488909929713596
21de6649-a9a6-4ef2-ebf1-08dd8df0563e,Gunlake Concrete NSW Pty Ltd,62.34619375611909,3.982915232831532
21e6725a-4160-430a-8e76-08dd9b623e06,Holcim (Australia) Pty Ltd,64.81060135964368,4.488909929713596
21ece307-3d89-4d23-b82a-08de1ce0f3e6,Gunlake Concrete NSW Pty Ltd,45.162623588301,3.8605948615842363
21f5c500-4f5a-41ac-8d7f-08dd9b623e06,Holcim (Australia) Pty Ltd,53.5032198458335,4.393952250150502
221f4a34-9f0e-40af-5ea4-08dcd6c527c2,Daracrete Pty Ltd,74.76488920145066,4.197506370706211
2246ed01-f6fd-434b-37eb-08dd60f74b45,Holcim (Australia) Pty Ltd,59.846385085287984,4.463353594791292
224c33fd-e9d6-4e8d-ac64-08dd77b6196f,Aurora Construction Materials Pty Ltd,42.7918724747997,4.465809430768974
225db96d-d763-46d5-ac0f-08dd09113687,"The Concrete Products and Aggregate Co., Ltd.",69.93241180143922,4.640257967668766
22cfb3a0-5c5b-46a9-ca48-08de852fe431,Heidelberg Materials Australia Pty Ltd,34.70016509292306,4.102907487327308
22d7a7f0-bdd7-4163-6537-08dd60fd554a,Holcim (Australia) Pty Ltd,44.98820998634841,3.947131504171436
22edc2dd-6c37-4b04-8d8c-08dd9b623e06,Holcim (Australia) Pty Ltd,51.49512541540837,4.102186819314772
22f825f2-6990-4543-04a7-08dd7ba37ded,Holcim (Australia) Pty Ltd,62.46638811897571,3.85424855149054
2311ef8f-2a47-49be-597a-08dd3b2eda46,Heidelberg Materials Australia Pty Ltd,36.15254085073136,3.8212518447187125
235c1201-6edb-4066-52f6-08dcfd218296,Piave Premix Concrete Pty Ltd,37.92109654021704,3.994429133305418
238bc953-17f8-4b4c-c8fa-08dc77c8811e,Hazell Bros Concrete Pty Ltd,39.498560377280434,3.8456729860006815
2393b369-ed0c-44a0-8dd0-08dd9b623e06,Holcim (Australia) Pty Ltd,36.02504171320619,3.906271359578325
239754e2-0d50-48b0-03b2-08dd189d02b2,Barro Group Pty Ltd,49.42921992857044,4.373270360490422
23d76585-8cac-4249-c8d7-08dc77c8811e,Hazell Bros Concrete Pty Ltd,57.43722981218716,4.193043359642123
2404f020-ea67-49ed-8d86-08dd9b623e06,Holcim (Australia) Pty Ltd,47.18590989947462,4.102186819314772
2426f893-697b-4dae-ac77-08dd77b6196f,Aurora Construction Materials Pty Ltd,62.459198192887385,4.168699957649801
243a7499-2b50-4e6f-9981-08dc8a1e4132,Heidelberg Materials Australia Pty Ltd,34.89197730041699,4.304932247354108
24499149-f817-4f04-8d5a-08dd9b623e06,Holcim (Australia) Pty Ltd,41.97175912519478,4.102186819314772
244e9b1d-358c-4eb9-c8d5-08dc77c8811e,Hazell Bros Concrete Pty Ltd,73.18613053130903,4.595183780858887
24670aa3-bd93-4ad4-faa2-08dd1326b98c,Allied Concrete Limited,28.096085163888084,4.086045064975635
24850403-b676-491c-3710-08dd60f74b45,Holcim (Australia) Pty Ltd,56.91611853445304,4.487272645565508
24abf955-6d67-4e77-4c6f-08dde5c84b68,Aurora Construction Materials Pty Ltd,81.47686813111046,4.5588026822150525
24c59083-3e07-471c-c8cb-08dc77c8811e,Advanced Readymix,55.30671789462072,3.9959320910875133
25080457-64e9-4c06-ac75-08dd77b6196f,Aurora Construction Materials Pty Ltd,77.92750865290476,4.5588026822150525
251d6eb3-8811-410b-4720-08dd7b9e2093,Holcim (Australia) Pty Ltd,41.23057405645417,3.910197991636593
251db3b7-0847-4f1b-3722-08dd60f74b45,Holcim (Australia) Pty Ltd,41.05820543581682,3.9098176343497077
254ee364-a4c5-4561-c867-08dc77c8811e,Advanced Readymix,56.68988816723893,3.996124805486315
25564333-eed5-48a8-9818-08de3c1fc75f,ADBRI,46.87661845239593,4.03622103512296
255bcb6f-edd0-4347-11b8-08dd3384faff,Holcim (Australia) Pty Ltd,70.32639722003888,4.488909929713596
255bd362-070d-43fb-bb90-08dd77b6949d,Aurora Construction Materials Pty Ltd,57.991351835381074,4.168699957649801
25704274-e109-4435-650a-08dd60fd554a,Holcim (Australia) Pty Ltd,34.12898688619534,3.947131504171436
2601765e-01c8-417c-4ab0-08dbd56cc074,Mineral Products Association,35.70492856059397,4.375727617800569
260adc88-575c-400d-6542-08dd60fd554a,Holcim (Australia) Pty Ltd,89.6316827314221,4.571731323879454
26376523-0e65-442d-d598-08d9889885e0,İSTON İSTANBUL BETON ELEMANLARI VE HAZIR BETON FABRİKALARI SAN. VE TİC. A.Ş.,79.92273289298896,4.372300387898348
26873e08-4b0a-476a-5007-08de54b72735,ADBRI,32.78427885214113,3.7736718401764846
268d8fda-e1c8-4e9e-e548-08dd090f719d,"The Concrete Products and Aggregate Co., Ltd.",63.82563781314454,4.115680582441056
26acc897-05d8-4f8f-a61c-e65267b6056e,Heidelberg Materials Italia ,141.34226892262717,5.005572668735465
26f20d5f-7836-4b4b-8e0d-08dd9b623e06,Holcim (Australia) Pty Ltd,36.41287110964024,4.096044781206501
276f3266-f93d-46af-c3f8-08dd3b4aca66,Hymix,48.545295827311634,3.899922872118497
279acf27-a815-4af3-8dfa-08dd9b623e06,Holcim (Australia) Pty Ltd,41.09267915994428,4.3913564868136135
27bb258a-aafd-44d9-453a-08dc6fc9d4ca,Western Suburbs Concrete,42.48995573573821,3.883498726522728
27f938e4-83d8-437d-9954-08dc8a1e4132,Heidelberg Materials Australia Pty Ltd,36.70497536965691,3.7513919271497445
2832a503-b60b-4ac0-471f-08dd7b9e2093,Holcim (Australia) Pty Ltd,59.846385085287984,3.857727485612247
2842da08-5375-43ec-c8a2-08dc77c8811e,Advanced Readymix,50.89859424771439,4.193028582450176
28c805dc-88fc-4156-4531-08dc6fc9d4ca,Western Suburbs Concrete,67.69923744122231,4.600296577680064
28e23e25-16d5-4b97-ca49-08de852fe431,Heidelberg Materials Australia Pty Ltd,48.147176692277625,4.118279754727331
28eb7ed9-8fcf-4f4d-ac74-08dd77b6196f,Aurora Construction Materials Pty Ltd,38.6454187868007,3.976710157247898
28f0f2c8-08aa-4bb5-ac67-08dd77b6196f,Aurora Construction Materials Pty Ltd,38.92261424592176,4.168699957649801
290713f2-bd16-4427-65ba-08dd7b9ded23,Holcim (Australia) Pty Ltd,47.83229222686468,4.156146267611975
29193785-6fe5-45d2-471e-08dd7b9e2093,Holcim (Australia) Pty Ltd,36.88688481639294,3.9631546245028684
29295a3c-ce2f-4034-37f6-08dd60f74b45,Holcim (Australia) Pty Ltd,47.91847653718336,4.571731323879454
29c03efd-6a5f-45df-8e0b-08dd9b623e06,Holcim (Australia) Pty Ltd,51.71058619120506,4.488909929713596
29cb366f-8fb7-4d1a-9e65-08de8481aaa0,Heidelberg Materials Australia Pty Ltd,52.73600115314882,4.296894754691908
29d30196-0eae-496d-8e06-08dd9b623e06,Holcim (Australia) Pty Ltd,49.98689998483156,4.488909929713596
29d6ca73-a3b1-48bb-8d63-08dd9b623e06,Holcim (Australia) Pty Ltd,46.90581089093892,4.102186819314772
29d93ccf-83bd-48ea-14d4-08de82f6bfd5,Hazell Bros Concrete Pty Ltd,46.87402396268564,4.182617563392327
29d9e9f4-32e0-42a7-ac72-08dd77b6196f,Aurora Construction Materials Pty Ltd,41.95763351673354,4.168699957649801
29eca3a9-98ed-46ec-8e34-08dd9b623e06,Holcim (Australia) Pty Ltd,40.83810396638759,3.6638526654043995
2a15dd9d-b3ff-47c3-c8f4-08dc77c8811e,Hazell Bros Concrete Pty Ltd,54.06057309118989,3.886211441057668
2a7e8409-2b6f-431d-996d-08dc8a1e4132,Heidelberg Materials Australia Pty Ltd,149.34260992987683,4.304932247354108
2a87e740-6a20-4f07-5a2c-08dd3b2eda46,Heidelberg Materials Australia Pty Ltd,49.57705283750244,4.318793188877396
2ac1459f-f629-41f5-c882-08dc77c8811e,Advanced Readymix,42.59761234986693,3.9970565429261056
2b2a02e5-a17c-4a86-c878-08dc77c8811e,Advanced Readymix,61.49436147768171,4.499651538107043
2b4ab20a-5ffb-4a50-6528-08dd60fd554a,Holcim (Australia) Pty Ltd,33.306921157001824,3.6960704005964287
2b52e05c-0c39-458d-8d9c-08dd9b623e06,Holcim (Australia) Pty Ltd,43.023207711082605,3.80739266633843
2bd4eda4-b370-45b3-8d6a-08dd9b623e06,Holcim (Australia) Pty Ltd,42.33804244404914,4.102186819314772
2beb0bd0-12ab-48a4-470a-08dd7b9e2093,Holcim (Australia) Pty Ltd,65.50007584219308,4.162288305720246
2c2c024c-3742-4186-b3af-08dd77b24f44,Aurora Construction Materials Pty Ltd,60.636098384561286,4.168699957649801
2c528a0d-30b5-44c2-7c73-08dc7a6854e0,Holcim (Australia) Pty Ltd,53.498910630317575,4.101806462027886
2c56aa5a-3a89-45ad-8ddf-08dd9b623e06,Holcim (Australia) Pty Ltd,29.509507853114357,3.8034660342801625
2c6d3a66-6c27-47f6-8d94-08dd9b623e06,Holcim (Australia) Pty Ltd,43.78162964188695,3.910197991636593
2c895c19-41ac-4ca3-6649-08dd7b9ded23,Holcim (Australia) Pty Ltd,62.32849322246583,3.85424855149054
2d02ddbf-ddb8-480f-46d1-08dd7b9e2093,Holcim (Australia) Pty Ltd,55.67506446586412,3.910197991636593
2d68f548-d733-4814-d9a7-08de108cd35a,ACHERON BETON LATOMEIA S.A,69.4990278409796,4.424662557320413
2d68f696-5cf4-42df-6509-08dd60fd554a,Holcim (Australia) Pty Ltd,34.12898688619534,3.947131504171436
2d76cbaf-1316-43dc-bbb9-08dd77b6949d,Aurora Construction Materials Pty Ltd,66.78677312152676,4.168699957649801
2d7bc2aa-48dc-417b-bba6-08dd77b6949d,Aurora Construction Materials Pty Ltd,38.26765054675327,3.976710157247898
2dc58309-11b4-4398-8e30-08dd9b623e06,Holcim (Australia) Pty Ltd,48.26321377845805,3.8034660342801625
2dc66107-c155-477b-8e46-08dd9b623e06,Holcim (Australia) Pty Ltd,37.05925343703029,3.906271359578325
2e2afb98-73a6-4b31-5310-08dcfd218296,Piave Premix Concrete Pty Ltd,38.1968863332368,3.88552306029309
2e5e2842-6f1d-442a-8e35-08dd9b623e06,Holcim (Australia) Pty Ltd,39.8171513672279,3.906271359578325
2e604717-bfe0-4dd8-03cc-08dd189d02b2,Barro Group Pty Ltd,36.085056157696606,3.7240062234740514
2e7bf316-a7e1-4c05-5fc8-08de1ce13427,Gunlake Concrete NSW Pty Ltd,50.49706111501813,3.9716587856591525
2ec36288-a338-4045-03ce-08dd189d02b2,Barro Group Pty Ltd,38.4943656145286,3.8833580489871924
2eca111d-d943-4317-0b17-08de21a44932,ADBRI,28.017748377574414,3.799074732837446
2ed6734a-908b-400e-8dc4-08dd9b623e06,Holcim (Australia) Pty Ltd,38.56747886760711,4.096044781206501
2ed6b894-a42e-4dea-8db0-08dd9b623e06,Holcim (Australia) Pty Ltd,42.715596018868254,3.6677792974626677
2ee2444c-83ab-4ea5-4461-08dd9b697033,Holcim (Australia) Pty Ltd,66.87902480729188,4.488909929713596
2f073aa5-2908-47ec-0cc5-08dd3b33b6a4,Heidelberg Materials Australia Pty Ltd,49.656057011723,4.086846734011743
2f299a89-58fc-4e00-37d9-08dd60f74b45,Holcim (Australia) Pty Ltd,52.57242929439182,3.947131504171436
2f4c4132-6e5a-44d4-4532-08dc6fc9d4ca,Western Suburbs Concrete,59.55680304471931,4.5036947911532454
2f5cad28-66b6-4091-37da-08dd60f74b45,Holcim (Australia) Pty Ltd,70.8779768060784,4.463353594791292
2fa882ce-03d4-4511-03bd-08dd189d02b2,Barro Group Pty Ltd,53.87280230008688,4.476200026251758
2fb9ae22-ac73-4e8d-6c52-08dd7b9e477e,Holcim (Australia) Pty Ltd,56.53690756905087,4.488909929713596
2fcd7930-8737-4477-c884-08dc77c8811e,Advanced Readymix,61.59546877370068,3.8734219932925824
2fdd9252-9089-4ef4-ca68-08de852fe431,Heidelberg Materials Australia Pty Ltd,60.62404680719471,4.093935048807468
2fe961b1-b8a6-43d5-ca11-08de852fe431,Heidelberg Materials Australia Pty Ltd,35.71839705174767,3.734095335380887
2fea515f-5f9f-4882-919a-08dd3384fdc0,Holcim (Australia) Pty Ltd,70.32639722003888,4.488909929713596
2ffe94c3-bc4f-432f-46b1-08dd7b9e2093,Holcim (Australia) Pty Ltd,38.998400419200486,4.096044781206501
3042c794-56a1-4170-8dde-08dd9b623e06,Holcim (Australia) Pty Ltd,42.88531281457273,3.8034660342801625
3061df7d-ad6e-40d8-6b9e-08de9f119837,ATMIX Ltd.,55.07852424881755,4.353090448587476
307b702b-e28c-49c5-8e48-08dd9b623e06,Holcim (Australia) Pty Ltd,39.86024352238724,4.096044781206501
308fa3ef-cff9-45f2-c1a0-08dd33850764,Holcim (Australia) Pty Ltd,56.01980170713882,4.099591055977884
309b7916-96e3-42ae-8d8a-08dd9b623e06,Holcim (Australia) Pty Ltd,48.478674554254745,4.102186819314772
30e956f9-1482-486a-5a67-08dd3b2eda46,Heidelberg Materials Australia Pty Ltd,48.633501866176665,4.118279754727331
30fa8ead-ed05-4f83-8d5e-08dd9b623e06,Holcim (Australia) Pty Ltd,40.041230574056456,3.910197991636593
310dc9bf-9c32-46d9-c886-08dc77c8811e,Advanced Readymix,53.238840325134944,3.732275349221205
312359b2-1a35-483f-8e62-08dd9b623e06,Holcim (Australia) Pty Ltd,39.64478274659055,4.096044781206501
313e05a2-87e5-4adb-65e8-08dd7b9ded23,Holcim (Australia) Pty Ltd,52.35696851859512,4.102186819314772
31e31c99-ae2d-4808-9971-08dc8a1e4132,Heidelberg Materials Australia Pty Ltd,44.57822898785904,3.867303653287483
32070518-f1c1-43b4-e832-08dcdd059e16,Advanced Readymix,40.7061597650271,4.200452127874415
321aff6c-6b74-4999-6543-08dd60fd554a,Holcim (Australia) Pty Ltd,43.78162964188695,3.910197991636593
327f1791-28d7-4732-7c83-08dc7a6854e0,Holcim (Australia) Pty Ltd,66.53428756601718,4.488909929713596
3287937b-c8ef-46b3-8dc8-08dd9b623e06,Holcim (Australia) Pty Ltd,21.97699913126215,4.096044781206501
32c45778-6c9a-4400-4462-08dd9b697033,Holcim (Australia) Pty Ltd,56.88164481032557,4.488909929713596
32d9b67a-2fca-4424-7c89-08dc7a6854e0,Holcim (Australia) Pty Ltd,58.74322591320895,4.3913564868136135
32f34bd8-4657-49f3-37dc-08dd60f74b45,Holcim (Australia) Pty Ltd,56.66618403452888,4.144049779338812
3351555e-0d59-4dba-23fc-08dd39e8ed3a,betono centras,47.445412261534095,4.967331180801699
3357c573-3eb1-4124-8e65-08dd9b623e06,Holcim (Australia) Pty Ltd,36.71451619575559,3.906271359578325
336d13f7-c79e-49f1-8d6e-08dd9b623e06,Holcim (Australia) Pty Ltd,40.40320467739489,3.910197991636593
33d39e9d-b05a-4aa8-37bc-08dd60f74b45,Holcim (Australia) Pty Ltd,56.235262482935504,4.144049779338812
33e1bc28-016e-42e5-c89e-08dc77c8811e,Advanced Readymix,67.82166604613963,4.499651538107043
341e47d9-63b0-4e0a-6c38-08dd7b9e477e,Holcim (Australia) Pty Ltd,57.52802713771563,4.156146267611975
3447f239-f19e-46ec-26cf-08de0a1cabe8,LİMAK ÇİMENTO SANAYİ VE TİCARET A.Ş.,60.67375446434728,4.393114509117515
34b9119a-990c-48fd-8daa-08dd9b623e06,Holcim (Australia) Pty Ltd,45.17781546904949,3.910197991636593
34c790a3-33d2-4c14-8db8-08dd9b623e06,Holcim (Australia) Pty Ltd,54.81322136267737,4.488909929713596
34f5ed70-1f28-4d02-4784-08dd189cf347,Barro Group Pty Ltd,38.996716377776856,3.7240062234740514
34fc8ae3-bdc0-41c3-5301-08dcfd218296,Piave Premix Concrete Pty Ltd,31.371088955997735,3.9911264214473423
352d2ea8-05fc-4efb-85f0-08dd83379dfa,PROMOTORA MEDITERRANEA- 2 S.A.,58.60533101669907,4.591094220195815
352ea79f-bbfa-4cd3-801d-08dd09159811,"The Concrete Products and Aggregate Co., Ltd.",65.78735687658866,4.482070045620211
3537bf41-c14c-46fd-8dcc-08dd9b623e06,Holcim (Australia) Pty Ltd,37.49017498862367,4.096044781206501
3554328a-5195-4c8f-37bb-08dd60f74b45,Holcim (Australia) Pty Ltd,56.235262482935504,4.144049779338812
35549731-7f77-4b5a-03b6-08dd189d02b2,Barro Group Pty Ltd,38.73929590865841,3.8833580489871924
3570529b-4b55-44dc-37c6-08dd60f74b45,Holcim (Australia) Pty Ltd,67.29270949682152,4.463353594791292
358c89db-e3f3-4c57-b81e-08de1ce0f3e6,Gunlake Concrete NSW Pty Ltd,64.02802024297081,4.63517225278247
35dc2215-1eab-4cf0-c8dd-08dc77c8811e,Hazell Bros Concrete Pty Ltd,44.05080047987424,4.151857779081317
36328218-7318-4b09-37d1-08dd60f74b45,Holcim (Australia) Pty Ltd,60.11355644727588,4.144049779338812
3653d36a-a9d1-4256-c87c-08dc77c8811e,Advanced Readymix,46.84224349825563,4.193028582450176
36a7ba6a-8d21-45fe-2550-08dd3b4abcdb,Hymix,30.64619637464696,3.649819481485081
36c4f85b-0d37-490f-c8c7-08dc77c8811e,Advanced Readymix,63.03350458155794,4.193028582450176
3712bac9-aa40-46d2-4546-08dc6fc9d4ca,Western Suburbs Concrete,58.154538810518616,4.5036947911532454
373c1193-f1fb-499f-c8a7-08dc77c8811e,Advanced Readymix,57.77920096802218,3.9970565429261056
378a3b4c-db9c-4c06-8e1f-08dd9b623e06,Holcim (Australia) Pty Ltd,42.5750492974255,3.906271359578325
37ecfd9a-5a09-4507-651b-08dd60fd554a,Holcim (Australia) Pty Ltd,42.333733228533205,3.8382254311591106
380fecb2-43f6-4720-2e93-08dd189cf582,Barro Group Pty Ltd,37.11487058563962,3.8833580489871924
381b2ee9-ace9-4c42-ca4f-08de852fe431,Heidelberg Materials Australia Pty Ltd,42.23526646465254,3.850272130456745
38201e4d-a062-4d9b-9934-08dc8a1e4132,Heidelberg Materials Australia Pty Ltd,46.93264397419383,4.088648179319895
382884ea-8070-4234-1814-08de9180ee40,KOUROS S.A.,160.76016974756382,4.952566439167464
382b00d3-b9e9-40f1-46bc-08dd7b9e2093,Holcim (Australia) Pty Ltd,58.467436120189184,4.393952250150502
38793304-10fc-4b83-5003-08de54b72735,ADBRI,27.87186354502665,4.03622103512296
38ab9eb8-93ee-48df-8e66-08dd9b623e06,Holcim (Australia) Pty Ltd,36.71451619575559,3.906271359578325
38df52bb-5546-4a75-980f-08db25ed179a,Readymix Industries (Israel) Ltd,51.05394382687229,4.005769829843102
390ada34-8f6e-40b6-8d68-08dd9b623e06,Holcim (Australia) Pty Ltd,58.29506749955184,4.4892902870004825
39a26f6c-3eb5-4c2e-37c4-08dd60f74b45,Holcim (Australia) Pty Ltd,69.4990278409796,4.463353594791292
39ad8783-6ed3-4af7-b3b0-08dd77b24f44,Aurora Construction Materials Pty Ltd,57.534587487417085,3.976710157247898
39b99ae8-9d97-4ea5-8e26-08dd9b623e06,Holcim (Australia) Pty Ltd,47.83229222686468,4.096044781206501
39c0aaf3-c6a1-4c07-8d9a-08dd9b623e06,Holcim (Australia) Pty Ltd,41.78215364249369,3.80739266633843
39dd26a5-768b-46b4-995f-08dc8a1e4132,Heidelberg Materials Australia Pty Ltd,35.593067429129604,3.746079518826386
39f3083a-4cab-488c-ca5a-08de852fe431,Heidelberg Materials Australia Pty Ltd,42.36488899520229,3.8562298260574313
3a45f179-a41d-4ade-8df2-08dd9b623e06,Holcim (Australia) Pty Ltd,52.67585046677422,4.3913564868136135
3aa4a9e1-b282-4777-65dc-08dd7b9ded23,Holcim (Australia) Pty Ltd,38.998400419200486,4.096044781206501
3ac216d2-d73c-43dc-c880-08dc77c8811e,Advanced Readymix,63.71144975799445,4.069890067174871
3ba5e314-d094-40d1-0b12-08de21a44932,ADBRI,27.49478150799801,3.7736718401764846
3bf57bb5-b7c5-4335-5fbd-08de1ce13427,Gunlake Concrete NSW Pty Ltd,66.6099918642011,4.25596323293246
3c3227f4-7f6f-4975-8d88-08dd9b623e06,Holcim (Australia) Pty Ltd,47.18590989947462,4.102186819314772
3c4d3611-cb2d-45ad-8de0-08dd9b623e06,Holcim (Australia) Pty Ltd,43.023207711082605,3.8034660342801625
3c5346cd-bcf2-4f34-454b-08dc6fc9d4ca,Western Suburbs Concrete,57.50465671065513,4.5036947911532454
3c5dc48f-fe8b-465a-8db5-08dd9b623e06,Holcim (Australia) Pty Ltd,45.85005308953516,4.488909929713596
3c7020b0-8b4c-4072-5fc7-08de1ce13427,Gunlake Concrete NSW Pty Ltd,38.28685585846467,3.880781130885411
3c74a12b-ad6e-4fae-bafe-08dd60f80706,Holcim (Australia) Pty Ltd,52.37248169445248,4.393571892863616
3c789e6e-7db5-41c8-03cd-08dd189d02b2,Barro Group Pty Ltd,39.65832057805541,3.989942065267981
3c9ac7bf-8863-456c-a773-08dd3814604a,betono centras,88.46062250330075,4.408185101050558
3ca38de7-208d-430c-37b8-08dd60f74b45,Holcim (Australia) Pty Ltd,34.25826335167336,4.144049779338812
3cb020fa-52df-464a-8ee2-08dd9b623e06,Holcim (Australia) Pty Ltd,54.60637901791254,4.3913564868136135
3cb5cbe8-7e9b-436b-37f7-08dd60f74b45,Holcim (Australia) Pty Ltd,47.22900205463396,4.571731323879454
3cb9db8c-fd38-46eb-fe83-08deba12c90a,Holcim (New Zealand) Ltd,81.81763859586223,4.87095764567518
3cc54723-19f0-4679-c8ea-08dc77c8811e,Hazell Bros Concrete Pty Ltd,56.05161061239124,3.9955480876883676
3d9b1648-c06a-4df9-7c84-08dc7a6854e0,Holcim (Australia) Pty Ltd,66.53428756601718,4.488909929713596
3dc38522-5f4b-4409-9920-08dc65c063c1,Allied Concrete Limited,69.00211952375018,4.496452337744651
3de24390-f0b2-49df-91a0-08dd3384fdc0,Holcim (Australia) Pty Ltd,61.22533405038679,4.3913564868136135
3de8d8a7-e3fa-478f-3718-08dd60f74b45,Holcim (Australia) Pty Ltd,52.17942883933865,4.393571892863616
3df78461-88a5-40d0-650b-08dd60fd554a,Holcim (Australia) Pty Ltd,34.81846136874474,3.947131504171436
3e058581-c369-4193-bb9c-08dd77b6949d,Aurora Construction Materials Pty Ltd,67.32792656062549,4.168699957649801
3e815fc4-6601-43d5-03ad-08dd189d02b2,Barro Group Pty Ltd,301.9354996621575,4.810046032494684
3ed79522-a644-45e5-37c1-08dd60f74b45,Holcim (Australia) Pty Ltd,76.1869303217088,4.571731323879454
3f058635-bb77-422a-37e5-08dd60f74b45,Holcim (Australia) Pty Ltd,49.46979412291951,3.947131504171436
3f4b86c8-e8ca-43dc-22c0-08dcc15f556a,Allied Concrete Limited,87.2185220424992,4.588311754374936
3f845a92-88cf-49d2-46c4-08dd7b9e2093,Holcim (Australia) Pty Ltd,51.19348032929301,3.910197991636593
3f9186bd-85c1-4019-ac66-08dd77b6196f,Aurora Construction Materials Pty Ltd,38.92261424592176,4.168699957649801
4014e351-e8d2-4134-5975-08dd3b2eda46,Heidelberg Materials Australia Pty Ltd,45.66902611266151,3.853397402132588
401a256c-ef7e-42f4-5fbe-08de1ce13427,Gunlake Concrete NSW Pty Ltd,60.1712482246032,3.9544367092571715
403b0c6f-d950-4b19-6505-08dd60fd554a,Holcim (Australia) Pty Ltd,37.57635929894234,3.9455590495617767
4053470d-8450-444a-37cf-08dd60f74b45,Holcim (Australia) Pty Ltd,63.13000730842951,4.144049779338812
40bdbd8f-9213-43ab-8e47-08dd9b623e06,Holcim (Australia) Pty Ltd,45.78110564128021,4.3913564868136135
40ddf13b-072c-4e9a-0cfa-08ddd3ae3e7d,Atlas Concrete Ltd,71.4395503985805,4.510023434152909
411335cc-e2b5-409e-01fe-08dd60fb3cd6,Holcim (Australia) Pty Ltd,43.43689240061225,3.9098176343497077
4185f688-5040-41dd-c8d9-08dc77c8811e,Hazell Bros Concrete Pty Ltd,51.130341014079065,3.886211441057668
418c5f7e-1b3a-4a88-ac71-08dd77b6196f,Aurora Construction Materials Pty Ltd,41.95763351673354,4.168699957649801
41a77e61-3438-4a32-996c-08dc8a1e4132,Heidelberg Materials Australia Pty Ltd,159.86138844147547,4.304932247354108
41b2bab3-2ef5-48da-9396-08dd77b57c22,Aurora Construction Materials Pty Ltd,41.09086239468277,3.976710157247898
41d1f0f7-18e0-4180-c86e-08dc77c8811e,Advanced Readymix,37.80466498434893,4.00585065436249
420e1f8c-f96f-4710-46b4-08dd7b9e2093,Holcim (Australia) Pty Ltd,33.698065334601964,3.6118153579822874
42219d89-cd80-45a8-8da5-08dd9b623e06,Holcim (Australia) Pty Ltd,59.92912202319392,4.393952250150502
4237592a-7207-4319-0204-08dd60fb3cd6,Holcim (Australia) Pty Ltd,42.66123360774418,4.03902135014923
42512420-a1ed-4ab1-4464-08dd9b697033,Holcim (Australia) Pty Ltd,59.57059529226822,4.3913564868136135
42d1a343-7173-4a2a-37b9-08dd60f74b45,Holcim (Australia) Pty Ltd,34.47372412747004,4.144049779338812
42d84813-fbc3-4515-37f2-08dd60f74b45,Holcim (Australia) Pty Ltd,50.67637446738096,4.571731323879454
42e99c6d-1983-4fc4-03c1-08dd189d02b2,Barro Group Pty Ltd,39.59486910326949,4.145070669869016
43119cec-d953-419f-4699-08dd7b9e2093,Holcim (Australia) Pty Ltd,53.00335084598519,4.156146267611975
434f4bd8-db51-4b33-6c2a-08dd9b648d8a,Holcim (Australia) Pty Ltd,46.19479033080986,3.906271359578325
435fa480-31b3-4c86-b825-08de1ce0f3e6,Gunlake Concrete NSW Pty Ltd,50.53768614485116,3.7259296011810177
43b57b61-b007-423e-4aac-08dbd56cc074,Mineral Products Association,66.9775211619418,4.4543919287712
43e54ccc-d8a2-4d65-5f23-08de62ce7075,Holcim (New Zealand) Ltd,75.15678727460286,4.602389492700611
44036403-153f-4f3f-22c3-08dcc15f556a,Allied Concrete Limited,93.07905514416912,5.0003590965697375
44430597-a85b-4bad-8e3d-08dd9b623e06,Holcim (Australia) Pty Ltd,41.36846895296405,3.8034660342801625
44620276-c560-4c58-9b31-08dc5e0dad96,Gunlake Concrete NSW Pty Ltd,33.49544999878016,3.8167169532317287
44ab4884-837f-43d0-b820-08de1ce0f3e6,Gunlake Concrete NSW Pty Ltd,61.60891240571437,4.157370140950173
45372b0d-1ba1-4280-8e3e-08dd9b623e06,Holcim (Australia) Pty Ltd,36.27696508183001,3.6638526654043995
45462377-998b-4822-5005-08de54b72735,ADBRI,40.4629697609261,4.03622103512296
457acd1a-ad6e-449c-8dce-08dd9b623e06,Holcim (Australia) Pty Ltd,34.47372412747004,4.096044781206501
45c062c4-e8d4-48fe-8e2f-08dd9b623e06,Holcim (Australia) Pty Ltd,48.26321377845805,3.8034660342801625
45fd8034-480c-487c-c1ad-08dd33850764,Holcim (Australia) Pty Ltd,80.15140859636784,3.9631546245028684
46275057-3f4c-44b3-c8ac-08dc77c8811e,Advanced Readymix,59.57906309964391,3.732275349221205
4638ec46-bc1b-40c9-9979-08dc8a1e4132,Heidelberg Materials Australia Pty Ltd,65.12337369923469,3.8619912449641225
469a4902-faaf-481d-8e1d-08dd9b623e06,Holcim (Australia) Pty Ltd,54.05479943187302,4.3913564868136135
46bfc20b-5e96-4f38-8020-08dd09159811,"The Concrete Products and Aggregate Co., Ltd.",57.77796163763978,3.8690676648159394
46f07b42-846e-4808-995e-08dc8a1e4132,Heidelberg Materials Australia Pty Ltd,36.477255996255735,3.746079518826386
46f84c9d-753f-4df3-7c96-08dc7a6854e0,Holcim (Australia) Pty Ltd,49.64216274355686,3.906271359578325
47405deb-615a-4b7e-7c72-08dc7a6854e0,Holcim (Australia) Pty Ltd,57.47459286531805,4.393571892863616
4773d543-64c2-4144-65b8-08dd7b9ded23,Holcim (Australia) Pty Ltd,47.83229222686468,4.156146267611975
479beeaf-32a6-41a4-c1a7-08dd33850764,Holcim (Australia) Pty Ltd,53.26190377694122,3.906271359578325
47c77595-b98c-419b-4548-08dc6fc9d4ca,Western Suburbs Concrete,51.92098105324122,3.992404799535054
47cc7f0d-0439-4cda-5306-08dcfd218296,Piave Premix Concrete Pty Ltd,39.98951998786524,3.8835605382654075
48829184-5fd7-480c-c8d2-08dc77c8811e,Advanced Readymix,49.90873797529984,3.732275349221205
489dffc4-28ce-40a2-3810-08dd60f74b45,Holcim (Australia) Pty Ltd,38.61057102276645,3.947131504171436
493e71d1-61c2-49d3-6518-08dd60fd554a,Holcim (Australia) Pty Ltd,48.60795101973276,3.947131504171436
49555998-90e5-4d79-651c-08dd60fd554a,Holcim (Australia) Pty Ltd,43.023207711082605,3.8382254311591106
496b312b-85fc-4a86-8dab-08dd9b623e06,Holcim (Australia) Pty Ltd,66.91349853141935,4.4892902870004825
497c8d4d-40cb-480d-8e4a-08dd9b623e06,Holcim (Australia) Pty Ltd,69.63692273748948,4.488909929713596
49807da3-8f8f-4c07-1fe3-08dd39ec0f10,betono centras,37.65535848579359,4.756650060805323
49860f76-cc0b-4580-9b94-08dcb1cbfe7f,Gunlake Concrete NSW Pty Ltd,44.108724954839424,3.9958592148624916
49ae8cf3-324d-46aa-faa0-08dd1326b98c,Allied Concrete Limited,29.992139990898934,4.184502485957499
49e420f0-e23c-4ad4-6ea0-08dd9750f06d,Piave Premix Concrete Pty Ltd,38.7829396434038,3.9957829411529158
4a204b1e-36d1-4b81-8e44-08dd9b623e06,Holcim (Australia) Pty Ltd,46.88426481335926,3.906271359578325
4a528904-c1d9-43b3-7c7d-08dc7a6854e0,Holcim (Australia) Pty Ltd,41.333995228836585,3.9098176343497077
4a57349a-2447-4e5b-7c90-08dc7a6854e0,Holcim (Australia) Pty Ltd,52.35696851859512,4.096044781206501
4a78ea9d-35ba-4038-8df5-08dd9b623e06,Holcim (Australia) Pty Ltd,46.53952757208456,4.488909929713596
4b3d3b31-d32e-45f0-c87d-08dc77c8811e,Advanced Readymix,41.37715417683641,4.193028582450176
4b561458-b701-446e-3806-08dd60f74b45,Holcim (Australia) Pty Ltd,48.814793364497575,4.463353594791292
4b83787a-d142-4140-04aa-08dd7ba37ded,Holcim (Australia) Pty Ltd,37.23162205766764,3.9631546245028684
4b8874c3-6ffb-492e-6c3a-08dd7b9e477e,Holcim (Australia) Pty Ltd,53.21881162178188,4.156146267611975
4b982b7d-b171-43d4-46be-08dd7b9e2093,Holcim (Australia) Pty Ltd,51.49512541540837,4.102186819314772
4bb4bb75-2475-4b72-8ddd-08dd9b623e06,Holcim (Australia) Pty Ltd,41.92004853900357,3.8034660342801625
4bc0d124-38a5-4e14-c8e8-08dc77c8811e,Hazell Bros Concrete Pty Ltd,78.65064672706464,4.187880246728953
4c33d147-e61c-4815-6526-08dd60fd554a,Holcim (Australia) Pty Ltd,36.26635778209848,3.8382254311591106
4c444fc8-e71f-454a-3819-08dd60f74b45,Holcim (Australia) Pty Ltd,48.26321377845806,3.947131504171436
4c633955-9ece-4b7c-380c-08dd60f74b45,Holcim (Australia) Pty Ltd,35.68030447193149,3.947131504171436
4c993a7e-8e92-4a65-c62e-08dd09124d88,"The Concrete Products and Aggregate Co., Ltd.",57.37412658357514,4.399887639176061
4cc80801-ab1d-4970-faab-08dd1326b98c,Allied Concrete Limited,44.323359592461486,4.1480155324098655
4d0a4613-cd5d-4037-7c7c-08dc7a6854e0,Holcim (Australia) Pty Ltd,53.15417338904287,4.101806462027886
4d365b79-4a73-495f-52f0-08dcfd218296,Piave Premix Concrete Pty Ltd,44.67794646920117,4.503543849135855
4d536f44-25f8-4f1c-bb91-08dd77b6949d,Aurora Construction Materials Pty Ltd,55.575107902756514,3.976710157247898
4d6e650e-74b2-47cf-37b6-08dd60f74b45,Holcim (Australia) Pty Ltd,63.15586260152511,4.463353594791292
4d8983e8-f615-401e-76df-08dec69b29e1,Monaro Mix,48.858550911806304,4.216395406830746
4d9d9683-1646-418f-8d61-08dd9b623e06,Holcim (Australia) Pty Ltd,35.62859388574029,3.910197991636593
4dd78c18-1c13-40ff-93d8-08dd8df04730,Gunlake Concrete NSW Pty Ltd,61.91274010948855,3.9793384050574963
4dfb5566-b51a-46c8-8dbf-08dd9b623e06,Holcim (Australia) Pty Ltd,55.709538189991584,4.3913564868136135
4e4477f6-b0f0-4cb2-03bf-08dd189d02b2,Barro Group Pty Ltd,30.93722706091878,3.7840124374649164
4e795c46-0c8c-4b00-faa1-08dd1326b98c,Allied Concrete Limited,43.2645237799749,4.086045064975635
4e7acc27-ca6f-4afb-597b-08dd3b2eda46,Heidelberg Materials Australia Pty Ltd,33.63609977732001,3.7489544596591378
4e855c0b-344d-4976-c8b4-08dc77c8811e,Advanced Readymix,47.669071553661794,3.8876021225089015
4e9fdfe0-4c25-4e5b-8e1a-08dd9b623e06,Holcim (Australia) Pty Ltd,49.340517657441495,4.096044781206501
4edc271b-ff89-4caf-994d-08dc8a1e4132,Heidelberg Materials Australia Pty Ltd,29.30089753711096,3.7513919271497445
4f15dc01-240e-4810-8e14-08dd9b623e06,Holcim (Australia) Pty Ltd,62.74217791199548,4.488909929713596
4f6bc1aa-ac7f-44d8-ca05-08de852fe431,Heidelberg Materials Australia Pty Ltd,54.42903484168228,3.9744423731189644
4f84ff7f-c6e0-44aa-4722-08dd7b9e2093,Holcim (Australia) Pty Ltd,50.46953212261614,3.910249729111801
4f922f84-b33d-4753-8dff-08dd9b623e06,Holcim (Australia) Pty Ltd,36.84379266123361,4.096044781206501
4fc71abf-e1b7-4af4-8e60-08dd9b623e06,Holcim (Australia) Pty Ltd,44.402156676181406,4.3913564868136135
505db25d-c029-4428-46b6-08dd7b9e2093,Holcim (Australia) Pty Ltd,35.21623510867708,3.6638526654043995
50645429-038d-4fdf-bbaf-08dd77b6949d,Aurora Construction Materials Pty Ltd,55.12328493222466,3.976710157247898
5074fe81-e9de-4235-ac6d-08dd77b6196f,Aurora Construction Materials Pty Ltd,57.57111929287497,4.5588026822150525
50756b04-472e-41bb-8e16-08dd9b623e06,Holcim (Australia) Pty Ltd,49.340517657441495,4.096044781206501
50882502-78da-471d-3815-08dd60f74b45,Holcim (Australia) Pty Ltd,35.85267309256884,3.947131504171436
50b8785a-8502-44ae-ca08-08de852fe431,Heidelberg Materials Australia Pty Ltd,62.22738805553915,3.9653401887875632
50ef8efc-1a8e-4053-8dc2-08dd9b623e06,Holcim (Australia) Pty Ltd,38.7829396434038,4.096044781206501
50fa2478-8c0e-4d77-e834-08dcdd059e16,Advanced Readymix,115.11994649678014,4.600232391018613
51392962-ed07-4ecd-8e11-08dd9b623e06,Holcim (Australia) Pty Ltd,54.05479943187302,4.3913564868136135
514ad696-cf15-468b-b826-08de1ce0f3e6,Gunlake Concrete NSW Pty Ltd,41.314521022076974,3.9538004032118956
51648ab1-aac9-4be6-652d-08dd60fd554a,Holcim (Australia) Pty Ltd,32.06056343854714,3.6422235825998532
5169e4fd-3fec-40d4-8e49-08dd9b623e06,Holcim (Australia) Pty Ltd,69.63692273748948,4.488909929713596
51d25af1-f49c-471f-8e52-08dd9b623e06,Holcim (Australia) Pty Ltd,54.29611550076532,4.096044781206501
51e88914-61e7-485d-37fa-08dd60f74b45,Holcim (Australia) Pty Ltd,49.29742550228216,4.571731323879454
51ef9382-d9c1-4b05-52fe-08dcfd218296,Piave Premix Concrete Pty Ltd,36.95583226464788,3.9202432327881205
5212151f-86ce-46e1-37d3-08dd60f74b45,Holcim (Australia) Pty Ltd,59.46717411988583,4.144049779338812
528c96e7-87f0-4acc-9b32-08dc5e0dad96,Gunlake Concrete NSW Pty Ltd,60.82146609853969,3.9761277259549277
5297e79e-44e1-4ca2-8de6-08dd9b623e06,Holcim (Australia) Pty Ltd,41.09267915994428,3.8034660342801625
52cd5352-26f8-49c8-66ac-08dcb1ce0e85,Gunlake Concrete NSW Pty Ltd,40.68791902811677,3.886953141850165
5324e361-056a-4877-4782-08dd189cf347,Barro Group Pty Ltd,44.08200609495442,3.989942065267981
53282754-cf3e-4fb5-b3f4-08ddad17aeff,Piave Premix Concrete Pty Ltd,44.98820998634841,3.994429133305418
5329fbb3-c9a7-4fce-ca13-08de852fe431,Heidelberg Materials Australia Pty Ltd,49.70230132687382,3.8608656182620185
539129fb-1343-4273-0cc6-08dd3b33b6a4,Heidelberg Materials Australia Pty Ltd,50.2103477971008,4.086846734011743
53c7b18a-d228-4fdc-66aa-08dcb1ce0e85,Gunlake Concrete NSW Pty Ltd,57.39245990705884,4.5044359478485925
53d88352-ac0a-4a71-9950-08dc8a1e4132,Heidelberg Materials Australia Pty Ltd,33.59637671311829,4.088648179319895
54193c1a-8d9f-4019-ca50-08de852fe431,Heidelberg Materials Australia Pty Ltd,37.75505640190418,3.7390218899278196
54347e4f-103d-4c7b-8d59-08dd9b623e06,Holcim (Australia) Pty Ltd,41.97175912519478,4.102186819314772
543a1b21-47f3-42ac-5002-08de54b72735,ADBRI,38.57191895764999,3.9300179375456366
544078b7-8fa7-47b7-b821-08de1ce0f3e6,Gunlake Concrete NSW Pty Ltd,46.714406310759934,4.157370140950173
548de615-0d9d-4f4d-5a08-08dd3b2eda46,Heidelberg Materials Australia Pty Ltd,39.454438722572704,4.087691038755662
54939bfd-2164-4094-8e36-08dd9b623e06,Holcim (Australia) Pty Ltd,41.23057405645417,3.8034660342801625
54c6d747-82e3-4b8b-3712-08dd60f74b45,Holcim (Australia) Pty Ltd,59.32927922337594,4.436114443285757
54fe0b5c-c00b-4eef-530f-08dcfd218296,Piave Premix Concrete Pty Ltd,29.923192542643992,3.88552306029309
551d71b6-00a3-4ba6-65ee-08dd7b9ded23,Holcim (Australia) Pty Ltd,51.49512541540837,4.102186819314772
5548e981-6bda-4490-37ba-08dd60f74b45,Holcim (Australia) Pty Ltd,33.61188102428329,4.144049779338812
554f8fb3-edbc-45f8-7c86-08dc7a6854e0,Holcim (Australia) Pty Ltd,60.12217487830775,4.3913564868136135
556d27b7-a399-45c3-5a2f-08dd3b2eda46,Heidelberg Materials Australia Pty Ltd,33.75219162028199,3.7919021306366134
55ceedaa-6afc-4d4e-8d85-08dd9b623e06,Holcim (Australia) Pty Ltd,47.18590989947462,4.102186819314772
55db4969-2041-4086-46b2-08dd7b9e2093,Holcim (Australia) Pty Ltd,39.98951998786524,3.8034660342801625
5620f2fa-17a2-4533-8e4b-08dd9b623e06,Holcim (Australia) Pty Ltd,62.05270342944607,4.3913564868136135
562d5fef-5cc1-4e76-471a-08dd7b9e2093,Holcim (Australia) Pty Ltd,33.508459851900874,3.85424855149054
5641f79c-a775-47e4-8da6-08dd9b623e06,Holcim (Australia) Pty Ltd,45.67768446889781,3.910197991636593
56ef5f17-4cc2-4bc3-03b3-08dd189d02b2,Barro Group Pty Ltd,41.41533529144086,3.8833580489871924
57743965-998f-445f-3721-08dd60f74b45,Holcim (Australia) Pty Ltd,35.184744687599114,4.101806462027886
5790a9ee-e623-44d7-375b-08dd60f74b45,Holcim (Australia) Pty Ltd,35.4389884030392,3.7728385925495846
579b73f0-25c0-4fd6-4793-08dd189cf347,Barro Group Pty Ltd,39.22240516278492,3.8833580489871924
57a98736-b5a8-42af-8dd2-08dd9b623e06,Holcim (Australia) Pty Ltd,42.2303120561508,3.906271359578325
57c5e2d0-99d4-4e2c-5a65-08dd3b2eda46,Heidelberg Materials Australia Pty Ltd,51.1109029118229,4.118279754727331
57ca2f8c-cb2b-4b22-8d75-08dd9b623e06,Holcim (Australia) Pty Ltd,61.36322894689668,4.4892902870004825
57d6949d-99dd-4c62-93da-08dd8df04730,Gunlake Concrete NSW Pty Ltd,61.05020580813304,4.014038880310134
57d886d3-7584-4e3e-8e39-08dd9b623e06,Holcim (Australia) Pty Ltd,40.40320467739488,3.8034660342801625
584848cc-878e-41e9-994c-08dc8a1e4132,Heidelberg Materials Australia Pty Ltd,37.84178198381472,3.7513919271497445
587ee59f-55f6-4f0c-46ad-08dd7b9e2093,Holcim (Australia) Pty Ltd,52.7878900701885,4.096044781206501
58b95f4d-d03e-43e4-9937-08dc8a1e4132,Heidelberg Materials Australia Pty Ltd,29.854934569678807,3.867303653287483
58bd0f37-9ce4-4b83-5ea0-08dcd6c527c2,Daracrete Pty Ltd,36.97306912671162,3.6865026372382803
58c4c3aa-ee1a-4666-52f8-08dcfd218296,Piave Premix Concrete Pty Ltd,35.57688329954908,3.880752021168449
58ed6c3b-8778-43e7-5313-08dcfd218296,Piave Premix Concrete Pty Ltd,27.32042637102001,3.6837262967722975
59578782-ad05-4542-5976-08dd3b2eda46,Heidelberg Materials Australia Pty Ltd,51.16341755070327,3.5564449213527753
597acd95-65d9-419c-7c1e-08dc7a6854e0,Siam City Cement Public Company Limited,65.63797073870295,4.494759796354433
598e1ba6-2cd0-45cf-993f-08dc8a1e4132,Hymix,58.466614099809874,3.867303653287483
599c4116-fe6d-4eae-5302-08dcfd218296,Piave Premix Concrete Pty Ltd,31.715826197272435,3.8806994739441247
59a2c012-8a10-4ebe-9966-08dc8a1e4132,Heidelberg Materials Australia Pty Ltd,65.58363201175398,3.867303653287483
59e80035-449d-4ecd-c8c9-08dc77c8811e,Advanced Readymix,39.39875239592383,4.193028582450176
5a2c9fe6-16ca-45e4-37c8-08dd60f74b45,Holcim (Australia) Pty Ltd,67.29270949682152,4.463353594791292
5a42c292-416b-4f77-8e55-08dd9b623e06,Holcim (Australia) Pty Ltd,51.15900660516554,3.8034660342801625
5a7a5095-b3ad-42f0-8e75-08dd9b623e06,Holcim (Australia) Pty Ltd,40.291165073980615,4.096044781206501
5ae23e13-45e8-40bb-c3f3-08dd3b4aca66,Hymix,47.89998208621154,3.7692748362995774
5aef0c76-7be1-473b-8d8e-08dd9b623e06,Holcim (Australia) Pty Ltd,43.9539982625243,3.910197991636593
5b319f8c-7fd1-437f-76e0-08dec69b29e1,Monaro Mix,42.9197865387002,4.027034395881961
5b33df7f-1236-49c8-8dfc-08dd9b623e06,Holcim (Australia) Pty Ltd,34.99082998938209,3.906271359578325
5b3dbc0e-83d2-4e1f-8de7-08dd9b623e06,Holcim (Australia) Pty Ltd,41.23057405645417,3.8034660342801625
5bb641e3-e497-4fe9-650c-08dd60fd554a,Holcim (Australia) Pty Ltd,34.81846136874474,3.947131504171436
5be02f37-8ef1-4587-52ff-08dcfd218296,Piave Premix Concrete Pty Ltd,34.049432138208864,3.7766168673222644
5bfaedce-68fc-4106-e372-08de8531c102,Heidelberg Materials Australia Pty Ltd,45.659750239238335,3.8459490047819473
5c4bf1ea-e518-407f-6522-08dd60fd554a,Holcim (Australia) Pty Ltd,35.99056798907872,3.8382254311591106
5c6ad72e-2ac9-40de-0202-08dd60fb3cd6,Holcim (Australia) Pty Ltd,23.91614611343234,4.03902135014923
5c788d57-2d87-47ca-3719-08dd60f74b45,Holcim (Australia) Pty Ltd,51.517533336091226,4.272397415734901
5d4e4e30-7d72-4d28-65eb-08dd7b9ded23,Holcim (Australia) Pty Ltd,53.00335084598519,4.102186819314772
5d7ccdee-a8b2-46ad-11c7-08dd3384faff,Holcim (Australia) Pty Ltd,53.64973317337525,4.162288305720246
5da609f1-4003-4262-8e68-08dd9b623e06,Holcim (Australia) Pty Ltd,35.99056798907872,3.8034660342801625
5e224f96-e61a-488b-e839-08dcdd059e16,Advanced Readymix,67.27368646492644,4.287992354002838
5e5198cb-d06d-401f-8e6a-08dd9b623e06,Holcim (Australia) Pty Ltd,36.40425267860836,3.8034660342801625
5e523616-caaa-40f6-8e29-08dd9b623e06,Holcim (Australia) Pty Ltd,42.19583833202333,4.3913564868136135
5e625c86-05d4-4929-5ea1-08dcd6c527c2,Daracrete Pty Ltd,36.62833188543692,3.6865026372382803
5ea31962-5c60-4a7e-652c-08dd60fd554a,Holcim (Australia) Pty Ltd,33.306921157001824,3.6960704005964287
5ea31f27-323d-4192-5977-08dd3b2eda46,Heidelberg Materials Australia Pty Ltd,45.43876013344613,4.301379343452987
5eb8feeb-3d5f-43f3-71f9-08deba129e07,Holcim (New Zealand) Ltd,108.24749376025594,5.0190692791453335
5eed9a75-3ae3-416b-8e4d-08dd9b623e06,Holcim (Australia) Pty Ltd,69.98165997876418,4.488909929713596
5f03dd77-c75c-49ba-4724-08dd7b9e2093,Holcim (Australia) Pty Ltd,47.29794950288889,3.849910876551808
5f0881c1-9bd5-43a9-652e-08dd60fd554a,Holcim (Australia) Pty Ltd,31.974379128228463,3.6422235825998532
5f1825d6-5601-4833-38b0-08dd09087a22,"The Concrete Products and Aggregate Co., Ltd.",76.05765385623079,4.237074291779402
5fa9d105-37eb-4eaa-371c-08dd60f74b45,Holcim (Australia) Pty Ltd,41.97175912519478,4.101806462027886
5fabe44f-90de-4cef-996f-08dc8a1e4132,Heidelberg Materials Australia Pty Ltd,46.20494793825084,3.867303653287483
5fbd2207-05d9-430f-c8c4-08dc77c8811e,Advanced Readymix,59.784216550145466,4.499651538107043
5fed3e32-e20c-4c91-b95b-08dd9b678296,Holcim (Australia) Pty Ltd,53.08953515630387,4.488909929713596
60383458-e939-4481-1d3b-08dcb1ce278c,Gunlake Concrete NSW Pty Ltd,43.99600966643224,3.9958592148624916
6048075e-23b9-4895-02db-08dd33837503,Holcim (Australia) Pty Ltd,46.60847502033949,3.8034660342801625
6054ceb9-c136-4ddd-22c4-08dcc15f556a,Allied Concrete Limited,24.269501785738907,4.01388048701803
60855807-a34a-4475-22be-08dcc15f556a,Allied Concrete Limited,88.4087876179553,4.589268894939169
60b24eed-6b22-4541-3813-08dd60f74b45,Holcim (Australia) Pty Ltd,34.81846136874474,3.947131504171436
60c0109f-376c-47b7-04ba-08dd39f3b24c,betono centras,42.44929839891284,4.538258115124687
60ccc738-91ae-4272-ac6e-08dd77b6196f,Aurora Construction Materials Pty Ltd,57.46084819150843,4.5588026822150525
60d9adf1-c074-46e5-76e1-08dec69b29e1,Monaro Mix,49.91795253657661,3.9181283228696393
60fc31dd-8db8-4465-992c-08dc8a1e4132,Heidelberg Materials Australia Pty Ltd,46.17448626788066,3.8547348999837054
610a0493-b030-41d2-ac10-08dd09113687,"The Concrete Products and Aggregate Co., Ltd.",60.27976904574762,4.107623229215249
61485292-0cae-4d3f-bba5-08dd77b6949d,Aurora Construction Materials Pty Ltd,38.26583378149175,3.976710157247898
616e3641-9fe1-43e1-6508-08dd60fd554a,Holcim (Australia) Pty Ltd,48.26321377845806,3.947131504171436
6194ad24-5df9-4043-37e1-08dd60f74b45,Holcim (Australia) Pty Ltd,60.67375446434727,4.463353594791292
61ee517f-fd74-4d75-993b-08dc8a1e4132,Hymix,42.39931314505853,4.304932247354108
62d6944c-484d-4672-8e6b-08dd9b623e06,Holcim (Australia) Pty Ltd,44.95373626222093,4.3913564868136135
62ece556-58c8-4da5-3804-08dd60f74b45,Holcim (Australia) Pty Ltd,48.814793364497575,4.463353594791292
631327ec-df9c-4d04-02d6-08dd33837503,Holcim (Australia) Pty Ltd,55.15795860395207,4.096044781206501
63f413d1-5bad-40b8-8db9-08dd9b623e06,Holcim (Australia) Pty Ltd,44.47110412443635,4.488909929713596
640537a4-73c3-46c8-8de2-08dd9b623e06,Holcim (Australia) Pty Ltd,43.43689240061225,3.8034660342801625
64203614-4740-44a6-6538-08dd60fd554a,Holcim (Australia) Pty Ltd,40.67899447041465,3.947131504171436
64305e92-de25-41b2-8dbc-08dd9b623e06,Holcim (Australia) Pty Ltd,42.47162812504309,4.3913564868136135
64314d66-1685-4dcc-5970-08dd3b2eda46,Heidelberg Materials Australia Pty Ltd,41.443984210447645,4.077838930438357
6457e67f-fc08-45c4-9b2d-08dc5e0dad96,Gunlake Concrete NSW Pty Ltd,32.86336949361811,3.8102111338777767
64692cc1-f3a5-48a7-5cd6-08df04223ee6,byggbetong John Dahlgren AB,47.40137067527131,4.227017279140004
64864000-0c2b-4fbf-c893-08dc77c8811e,Advanced Readymix,42.52256520704919,4.201880389148274
64aa05a8-7c45-4e30-c8a1-08dc77c8811e,Advanced Readymix,74.3816685110109,4.193028582450176
64dec7a8-3647-460d-4728-08dd7b9e2093,Holcim (Australia) Pty Ltd,49.228478054027214,3.8503219194322726
65361e14-76ea-43d3-46c7-08dd7b9e2093,Holcim (Australia) Pty Ltd,37.05925343703029,3.910197991636593
65612c0b-d529-423e-4695-08dd7b9e2093,Holcim (Australia) Pty Ltd,47.83229222686468,4.156146267611975
6597252e-3c5b-4bf9-994b-08dc8a1e4132,Heidelberg Materials Australia Pty Ltd,34.49899947714861,3.7513919271497445
65c1642e-842d-4267-8d92-08dd9b623e06,Holcim (Australia) Pty Ltd,46.19479033080986,3.910197991636593
660a26f1-9307-4926-37dd-08dd60f74b45,Holcim (Australia) Pty Ltd,54.94249782815538,4.144049779338812
66559496-f4c8-4173-ad9e-08dd4969b448,ADBRI,26.95268632375016,4.037452805388235
66737d70-3470-41d9-8e07-08dd9b623e06,Holcim (Australia) Pty Ltd,43.29899750410237,4.3913564868136135
6674a70e-547a-4715-3717-08dd60f74b45,Holcim (Australia) Pty Ltd,49.11816213681931,4.393571892863616
668486b3-449d-47f7-04ac-08dd7ba37ded,Holcim (Australia) Pty Ltd,49.64216274355685,3.85424855149054
670c402d-b9b3-491a-37be-08dd60f74b45,Holcim (Australia) Pty Ltd,81.702726182104,4.571731323879454
6711f547-af3c-42ff-7c8a-08dc7a6854e0,Holcim (Australia) Pty Ltd,58.74322591320895,4.3913564868136135
6738d810-61a2-4b77-8f56-08d9fb553f52,Readymix Industries (Israel) Ltd,56.14292215045121,4.398354236358991
673b4227-238e-424c-ca06-08de852fe431,Heidelberg Materials Australia Pty Ltd,68.72096572169777,3.9653401887875632
676df52e-f775-47a4-8ddb-08dd9b623e06,Holcim (Australia) Pty Ltd,44.98820998634841,3.906271359578325
678b6256-cc2e-4156-bb99-08dd77b6949d,Aurora Construction Materials Pty Ltd,35.94721297177292,4.168699957649801
6792cc67-7071-4631-8dbd-08dd9b623e06,Holcim (Australia) Pty Ltd,40.541099573904766,4.3913564868136135
67c8e743-a7a5-4055-2552-08dd3b4abcdb,Hymix,35.54263513423951,3.649819481485081
67f89b45-0a6b-41b9-2cb6-08dd9821d576,Neilsen's Concrete Pty Ltd,46.71189619272191,4.066631489158486
69092ef2-1257-4aaa-11bb-08dd3384faff,Holcim (Australia) Pty Ltd,68.60271101366538,4.488909929713596
691145a3-5da1-4d27-5fc2-08de1ce13427,Gunlake Concrete NSW Pty Ltd,61.66641500848053,3.9978836506717617
69133769-332a-4bec-9976-08dc8a1e4132,Heidelberg Materials Australia Pty Ltd,36.56792557746218,4.304932247354108
69171e72-cd1d-4fad-9718-08dd0232e1a3,"UAB ""Surenkamos Statybos Konstrukcijos""",134.87844564872654,4.7823334369794495
692e3535-f87e-447c-11c4-08dd3384faff,Holcim (Australia) Pty Ltd,53.21881162178188,4.162288305720246
699b4eb0-3f8d-47a5-ca47-08de852fe431,Heidelberg Materials Australia Pty Ltd,63.3126196560925,4.072630692944033
69a53d36-a024-45c8-c883-08dc77c8811e,Advanced Readymix,64.43297756450033,3.961986788531007
69b31dc8-4a8c-4710-38af-08dd09087a22,"The Concrete Products and Aggregate Co., Ltd.",55.617608258985,4.370573703449627
69cff7b6-ba6e-41c0-c635-08ddbcffd29b,Gunlake Concrete NSW Pty Ltd,318.4980487872144,5.115505653962051
69d24179-76bb-4776-4726-08dd7b9e2093,Holcim (Australia) Pty Ltd,36.98090406401332,3.755670674459707
6a0b6a99-fe86-49a8-372a-08dd60f74b45,Holcim (Australia) Pty Ltd,34.777092899791775,3.8070123090515446
6a35969c-110b-4df2-9940-08dc8a1e4132,Hymix,58.942414135417096,3.867303653287483
6a469cf3-390c-4f4a-2cb8-08dd9821d576,Neilsen's Concrete Pty Ltd,52.657789362210416,4.0311188173232955
6a5e8212-1bf4-4169-6511-08dd60fd554a,Holcim (Australia) Pty Ltd,49.81453136419421,3.947131504171436
6b02d205-936f-4bfb-65e2-08dd7b9ded23,Holcim (Australia) Pty Ltd,31.974379128228463,3.6118153579822874
6b13f580-fd66-478b-8ee9-08dd9b623e06,Holcim (Australia) Pty Ltd,48.09084515782071,3.906271359578325
6b31b7cb-1637-408e-37d0-08dd60f74b45,Holcim (Australia) Pty Ltd,60.11355644727588,4.144049779338812
6b8ee821-912d-4500-46c6-08dd7b9e2093,Holcim (Australia) Pty Ltd,49.98689998483156,3.910197991636593
6b92aefd-5662-4084-52f5-08dcfd218296,Piave Premix Concrete Pty Ltd,36.88688481639294,3.994429133305418
6ba68016-8ab8-46cc-5309-08dcfd218296,Piave Premix Concrete Pty Ltd,38.05899143672692,3.9108856421715013
6bbccf1c-c7e1-4fd0-c7bc-08dcb7f24298,Allied Concrete Limited,54.10244964321948,4.390973399298602
6bda9974-6ea2-49aa-8e58-08dd9b623e06,Holcim (Australia) Pty Ltd,44.67794646920117,4.357182770311653
6be71222-1d47-4d6e-b81f-08de1ce0f3e6,Gunlake Concrete NSW Pty Ltd,52.77098139797846,4.474265756053483
6c42e68e-d3ee-4553-4539-08dc6fc9d4ca,Western Suburbs Concrete,42.74408603262593,3.992404799535054
6c586d19-8e2b-4a93-8ee7-08dd9b623e06,Holcim (Australia) Pty Ltd,51.49512541540837,4.096044781206501
6cb21f8f-99e2-4400-04ab-08dd7ba37ded,Holcim (Australia) Pty Ltd,32.95688026586136,3.85424855149054
6cb4fb64-27e3-40ed-5a2a-08dd3b2eda46,Heidelberg Materials Australia Pty Ltd,64.53955202501919,4.64666421676587
6cdec37c-60c7-4e54-ca57-08de852fe431,Heidelberg Materials Australia Pty Ltd,44.55655323206375,4.066524855991182
6cf53adf-1533-413b-38b3-08dd09087a22,"The Concrete Products and Aggregate Co., Ltd.",104.40613592890924,4.656006497508494
6d18b95f-b80f-4dbb-0cc8-08dd3b33b6a4,Heidelberg Materials Australia Pty Ltd,36.191587033030096,3.750434786585512
6dc838f4-27de-4e6c-ca0d-08de852fe431,Heidelberg Materials Australia Pty Ltd,48.30859608688412,3.8459490047819473
6dcbfeb7-4ab3-45ba-bbae-08dd77b6949d,Aurora Construction Materials Pty Ltd,55.0103283277486,3.976710157247898
6dd8eb15-550f-47e1-03be-08dd189d02b2,Barro Group Pty Ltd,34.56626263461989,3.8833580489871924
6e37a830-c927-4ade-470d-08dd7b9e2093,Holcim (Australia) Pty Ltd,32.405300679821835,3.85424855149054
6e3dbbda-1696-4a77-a89c-08dd7ba10734,Holcim (Australia) Pty Ltd,42.05794343551344,3.80739266633843
6e471254-e123-488a-4691-08dd7b9e2093,Holcim (Australia) Pty Ltd,47.83229222686468,4.156146267611975
6e471f47-abe9-470e-8d5b-08dd9b623e06,Holcim (Australia) Pty Ltd,37.71425419545223,3.910197991636593
6e47813f-cf93-410d-8db3-08dd9b623e06,Holcim (Australia) Pty Ltd,54.46848412140267,4.488909929713596
6e5454c2-47bb-43a7-7c78-08dc7a6854e0,Holcim (Australia) Pty Ltd,47.50479184765372,3.9098176343497077
6e83833a-191a-4624-8ddc-08dd9b623e06,Holcim (Australia) Pty Ltd,33.23267005888112,3.8034660342801625
6ea98cd4-52cb-4252-c1a4-08dd33850764,Holcim (Australia) Pty Ltd,62.32849322246583,4.3913564868136135
6eb2aed9-2be0-4c4e-3843-08dc2e3a4f3f,KOUROS S.A.,110.16019370533894,4.614251451743044
6f092875-d0e2-46be-bb8e-08dd77b6949d,Aurora Construction Materials Pty Ltd,65.08639115266344,4.465809430768974
6f0db0d5-5cdc-4b58-5001-08de54b72735,ADBRI,48.214898697062495,4.03622103512296
6f1351c8-6718-42be-995d-08dc8a1e4132,Heidelberg Materials Australia Pty Ltd,36.6572516684786,3.746079518826386
6f77b98c-a995-422c-6531-08dd60fd554a,Holcim (Australia) Pty Ltd,46.754988347881245,4.144049779338812
70035631-a333-46d6-ca67-08de852fe431,Heidelberg Materials Australia Pty Ltd,57.94721766231695,4.093935048807468
7019c162-9bb5-4045-b824-08de1ce0f3e6,Gunlake Concrete NSW Pty Ltd,37.13961858271625,3.8878400932034594
7037ae2b-2ce3-4ecf-c86c-08dc77c8811e,Advanced Readymix,45.87932266026834,4.50957010138202
7041e1d3-21f1-4df3-7c68-08dc7a6854e0,Holcim (Australia) Pty Ltd,60.67375446434727,4.37063113183405
7066125f-223c-4cdc-8dda-08dd9b623e06,Holcim (Australia) Pty Ltd,46.19479033080986,3.906271359578325
7078e5d3-0876-42a0-65ea-08dd7b9ded23,Holcim (Australia) Pty Ltd,52.35696851859512,4.102186819314772
708c8ad3-d635-4128-997a-08dc8a1e4132,Heidelberg Materials Australia Pty Ltd,65.77594906188965,3.8619912449641225
70a0ae3c-ada5-4e3d-5000-08de54b72735,ADBRI,39.81871667746746,4.03622103512296
70d4b268-fdc0-4875-892d-08dd39fcacc6,betono centras,73.51875603397178,4.0974933071471655
70e0b8fd-f350-44f3-4725-08dd7b9e2093,Holcim (Australia) Pty Ltd,49.228478054027214,3.849910876551808
70eaf0e6-b616-47d5-8dc3-08dd9b623e06,Holcim (Australia) Pty Ltd,34.68918490326673,4.096044781206501
70f9379c-f2ac-42b3-02d8-08dd33837503,Holcim (Australia) Pty Ltd,53.60664101821592,3.906271359578325
71005274-1cb7-48a1-4d35-08dd8df06d8e,Gunlake Concrete NSW Pty Ltd,38.17074570377842,3.7550748820132838
7164ad17-5f5e-4c74-9975-08dc8a1e4132,Heidelberg Materials Australia Pty Ltd,47.1156030189933,4.088648179319895
717475e5-38b9-4499-8d93-08dd9b623e06,Holcim (Australia) Pty Ltd,43.09215515933755,3.910197991636593
718c4982-e3c4-4ede-454e-08dc6fc9d4ca,Western Suburbs Concrete,51.13754602242171,3.883498726522728
720ca5ca-f5c9-4023-8dd7-08dd9b623e06,Holcim (Australia) Pty Ltd,44.81584136571105,3.906271359578325
724b0582-1aac-4797-4535-08dc6fc9d4ca,Western Suburbs Concrete,48.88154276810214,3.883498726522728
72907dd3-a89e-43e6-6512-08dd60fd554a,Holcim (Australia) Pty Ltd,47.57373929590866,3.947131504171436
729d5a3b-d324-43f1-93dc-08dd8df04730,Gunlake Concrete NSW Pty Ltd,52.68093878845543,3.7453627241645533
72cf0bb2-eec6-4a1e-9392-08dd77b57c22,Aurora Construction Materials Pty Ltd,61.76092472317599,4.5588026822150525
730a9f63-1b69-49a3-7bfc-08de3bedca1b,ADBRI,37.844995664355125,3.9300179375456366
738d6109-7f3b-4d73-6c2d-08dd9b648d8a,Holcim (Australia) Pty Ltd,35.68030447193149,3.906271359578325
73acd383-5dae-4fa1-8df0-08dd9b623e06,Holcim (Australia) Pty Ltd,38.61057102276645,3.906271359578325
73bd8f3e-a8b3-4b43-3720-08dd60f74b45,Holcim (Australia) Pty Ltd,44.79429528813139,4.03902135014923
73c34467-e85c-4f18-7c77-08dc7a6854e0,Holcim (Australia) Pty Ltd,48.59071415766902,3.9098176343497077
747f5cd8-7e6b-4c25-c879-08dc77c8811e,Advanced Readymix,61.49436147768171,4.500301645212687
7495665a-8986-4040-8d8f-08dd9b623e06,Holcim (Australia) Pty Ltd,43.9539982625243,3.910197991636593
74b9ec18-0f67-45cc-3817-08dd60f74b45,Holcim (Australia) Pty Ltd,48.26321377845806,3.947131504171436
74eaef63-927e-4a18-9e64-08de8481aaa0,Heidelberg Materials Australia Pty Ltd,59.388615639743726,4.402853559925858
74ff1d12-5646-4957-37e6-08dd60f74b45,Holcim (Australia) Pty Ltd,48.26321377845806,3.947131504171436
75079241-b829-459a-65f4-08dd7b9ded23,Holcim (Australia) Pty Ltd,48.95268826100746,3.910197991636593
7560f9f0-a7a5-41b8-c8e1-08dc77c8811e,Hazell Bros Concrete Pty Ltd,59.84141225058261,4.192511361470912
75c2211b-be1a-4fe8-5fc6-08de1ce13427,Gunlake Concrete NSW Pty Ltd,38.026053861746576,3.883399445692521
763f7681-a56c-4bfa-380b-08dd60f74b45,Holcim (Australia) Pty Ltd,35.68030447193149,3.947131504171436
7658eee9-f2ed-4d92-c868-08dc77c8811e,Advanced Readymix,50.03545553579062,3.8876021225089015
7660d1d5-e623-4853-992a-08dc8a1e4132,Heidelberg Materials Australia Pty Ltd,44.54223170394707,3.8769078584441936
7690a49f-1310-4b86-c3f5-08dd3b4aca66,Hymix,34.46062802321449,3.649819481485081
76bb54c8-db7b-4f2a-8de8-08dd9b623e06,Holcim (Australia) Pty Ltd,30.198982335663757,3.8034660342801625
76ddb171-5c57-4a12-c87f-08dc77c8811e,Advanced Readymix,56.57211041244364,3.9959320910875133
76e83aee-458f-4200-4a0e-08dd9750a705,Piave Premix Concrete Pty Ltd,40.67899447041465,3.994429133305418
76e992b0-8e34-4833-995b-08dc8a1e4132,Heidelberg Materials Australia Pty Ltd,36.99681899291272,3.8619912449641225
77437277-124c-4ee4-8ee8-08dd9b623e06,Holcim (Australia) Pty Ltd,48.78031964037011,3.906271359578325
77b26e07-1822-49b4-6502-08dd60fd554a,Holcim (Australia) Pty Ltd,36.19741033384354,4.144049779338812
77ef1868-1a9e-49fa-6544-08dd60fd554a,Holcim (Australia) Pty Ltd,43.78162964188695,3.910197991636593
77f007e7-8847-4e2f-4710-08dd7b9e2093,Holcim (Australia) Pty Ltd,32.26740578331196,3.85424855149054
781971e1-84e0-4341-11be-08dd3384faff,Holcim (Australia) Pty Ltd,62.32849322246583,4.3913564868136135
781dcb13-a8f3-4e44-7c97-08dc7a6854e0,Holcim (Australia) Pty Ltd,48.60795101973276,3.906271359578325
783917cb-a791-4b8d-faa3-08dd1326b98c,Allied Concrete Limited,67.91323653111598,4.520473353509526
78a203ea-c92c-4247-4aab-08dbd56cc074,Mineral Products Association,56.14292215045121,4.373772144948698
78cda1cf-bc45-4380-9942-08dc8a1e4132,Hymix,68.49727695529567,3.867303653287483
78f48945-7e1a-4e05-dcee-08de655f8034,Laterlite S.p.A.,56.31169517774397,4.020209558695131
78fb4e88-514c-4331-4791-08dd189cf347,Barro Group Pty Ltd,50.05700876666805,4.145070669869016
790b24e2-43e7-44b7-8eea-08dd9b623e06,Holcim (Australia) Pty Ltd,45.33294722762311,3.906271359578325
7916f619-5e92-4a05-c8c8-08dc77c8811e,Advanced Readymix,45.70229224410155,4.193028582450176
791a7b3d-d770-4986-7c70-08dc7a6854e0,Holcim (Australia) Pty Ltd,60.83922834015912,4.393571892863616
792bd95b-ccea-4c14-5a2b-08dd3b2eda46,Heidelberg Materials Australia Pty Ltd,43.25072376257808,4.318793188877396
792df0a5-6f85-4f16-bb9d-08dd77b6949d,Aurora Construction Materials Pty Ltd,69.74784194486962,4.168699957649801
793adf97-6db0-4035-37c7-08dd60f74b45,Holcim (Australia) Pty Ltd,67.29270949682152,4.463353594791292
799c74f7-ba7c-4125-65e6-08dd7b9ded23,Holcim (Australia) Pty Ltd,62.60428301548559,4.393952250150502
79cc0e7e-f1f5-4c0a-65f6-08dd7b9ded23,Holcim (Australia) Pty Ltd,49.81453136419421,3.910197991636593
79e46f53-2c61-410c-6521-08dd60fd554a,Holcim (Australia) Pty Ltd,43.023207711082605,3.8382254311591106
7a928ff9-fd0c-41fb-9e67-08de8481aaa0,Heidelberg Materials Australia Pty Ltd,71.05071719828786,3.858966374987572
7aec22d6-5b75-41ed-c8b5-08dc77c8811e,Advanced Readymix,45.00678994470415,3.888476164686979
7b6f12a0-c9fe-4727-8d87-08dd9b623e06,Holcim (Australia) Pty Ltd,46.53952757208456,4.102186819314772
7bb7de5c-4dac-4b96-c8e4-08dc77c8811e,Hazell Bros Concrete Pty Ltd,69.91136805526827,3.977141814584471
7c01a2da-8718-4583-02ca-08dd33837503,Holcim (Australia) Pty Ltd,56.01980170713882,4.099591055977884
7c32857d-22e3-4e95-8dc7-08dd9b623e06,Holcim (Australia) Pty Ltd,35.33556723065679,4.096044781206501
7c60c3e2-0fc9-46a9-37bd-08dd60f74b45,Holcim (Australia) Pty Ltd,44.98820998634841,3.947131504171436
7c76e440-52d4-4933-9930-08dc8a1e4132,Heidelberg Materials Australia Pty Ltd,32.3989802290326,3.659262139783516
7c7a91fd-0795-42ec-8e70-08dd9b623e06,Holcim (Australia) Pty Ltd,37.23162205766764,3.906271359578325
7cbcd512-9425-4ffc-9957-08dc8a1e4132,Heidelberg Materials Australia Pty Ltd,35.89787430843813,3.867303653287483
7ccb8bd0-242b-456a-454c-08dc6fc9d4ca,Western Suburbs Concrete,53.18398023276658,4.18830252289255
7ce29f76-78b4-48f4-8da8-08dd9b623e06,Holcim (Australia) Pty Ltd,63.43165239454488,4.4892902870004825
7d10f311-6fc8-420f-650f-08dd60fd554a,Holcim (Australia) Pty Ltd,34.81846136874474,3.947131504171436
7d1b1883-5c9e-4f60-8e3c-08dd9b623e06,Holcim (Australia) Pty Ltd,38.886360815786205,3.8034660342801625
7d41cbd4-7baa-476a-04a1-08dd7ba37ded,Holcim (Australia) Pty Ltd,62.46638811897571,3.85424855149054
7d4c9ef9-d484-48cb-c8f2-08dc77c8811e,Hazell Bros Concrete Pty Ltd,57.32702593458266,4.193043359642123
7d607414-2d5f-44a7-bbb5-08dd77b6949d,Aurora Construction Materials Pty Ltd,35.48078779354376,4.168699957649801
7d75db66-e2d2-4cd4-64fe-08dd60fd554a,Holcim (Australia) Pty Ltd,36.41287110964024,4.144049779338812
7d81a806-0707-4618-c8a0-08dc77c8811e,Advanced Readymix,51.54170906934734,4.500993702409998
7d97f6fe-6b3a-42e9-8dca-08dd9b623e06,Holcim (Australia) Pty Ltd,48.478674554254745,4.096044781206501
7d99e5e1-a5cc-4feb-65e3-08dd7b9ded23,Holcim (Australia) Pty Ltd,275.78979301976034,4.933624574934872
7db2ecd7-e214-454b-9961-08dc8a1e4132,Heidelberg Materials Australia Pty Ltd,51.18075833038031,4.404183057171489
7e67a1d5-c02b-4cad-31a7-08dd39fcdd4e,betono centras,68.59571571208019,4.067498184812127
7e9fb7fd-db73-4108-41c7-08dd39ff73b4,betono centras,63.25569187566513,3.9509346810971464
7ea226f4-a4b5-4c5d-46b7-08dd7b9e2093,Holcim (Australia) Pty Ltd,31.974379128228463,3.6118153579822874
7eab3906-3d4c-40a6-8e3b-08dd9b623e06,Holcim (Australia) Pty Ltd,43.2645237799749,3.906271359578325
7eb36a39-b3cd-4556-ca64-08de852fe431,Heidelberg Materials Australia Pty Ltd,59.00143848211288,4.102907487327308
7ece5d6b-257e-4577-6c3d-08dd7b9e477e,Holcim (Australia) Pty Ltd,81.22871247535129,4.156146267611975
7ed22a58-1515-4e90-9b95-08dcb1cbfe7f,Gunlake Concrete NSW Pty Ltd,40.62716805251037,3.886953141850165
7ede2d3d-3e4f-4264-8d65-08dd9b623e06,Holcim (Australia) Pty Ltd,58.29506749955184,4.4892902870004825
7f0e87c0-147d-43b0-11cc-08dd3384faff,Holcim (Australia) Pty Ltd,41.02373171168935,3.9631546245028684
7f1458f6-a379-44a5-5a69-08dd3b2eda46,Heidelberg Materials Australia Pty Ltd,43.9335185459352,3.871741988327595
7f1c7368-c091-4ab5-995c-08dc8a1e4132,Heidelberg Materials Australia Pty Ltd,36.26447047945521,3.8619912449641225
7f2ecf5b-b0d4-449a-8d56-08dd9b623e06,Holcim (Australia) Pty Ltd,56.91611853445304,4.4892902870004825
7f690626-728d-45d1-8e24-08dd9b623e06,Holcim (Australia) Pty Ltd,63.086915153270176,4.488909929713596
7f9bbcf2-77dd-4d04-d014-08dd9efad9c8,Holcim (Australia) Pty Ltd,36.88688481639294,3.9455590495617767
7fdd12ed-a34b-4175-e837-08dcdd059e16,Advanced Readymix,44.11088818102842,3.9969988476643925
8008e673-ed39-48a2-65f3-08dd7b9ded23,Holcim (Australia) Pty Ltd,48.78031964037011,3.910197991636593
806fa869-7363-49ed-2e92-08dd189cf582,Barro Group Pty Ltd,57.43092155159338,4.476200026251758
808cfd0c-9759-4a81-8e5e-08dd9b623e06,Holcim (Australia) Pty Ltd,52.40006067375447,4.488909929713596
80d9f578-5acd-4cce-7c91-08dc7a6854e0,Holcim (Australia) Pty Ltd,52.57242929439182,4.096044781206501
80fc32d5-34d5-498b-04a0-08dd7ba37ded,Holcim (Australia) Pty Ltd,33.508459851900874,3.85424855149054
8117803f-a237-47f5-6ea2-08dd9750f06d,Piave Premix Concrete Pty Ltd,44.12636688316165,3.9939874857686215
812243c9-9be3-4179-468d-08dd7b9e2093,Holcim (Australia) Pty Ltd,73.04120299507716,4.156146267611975
812dbacc-7efe-44aa-8ee3-08dd9b623e06,Holcim (Australia) Pty Ltd,59.57059529226822,4.3913564868136135
81601ba8-8c8e-4138-39e5-08dcdd05b39a,Advanced Readymix,43.91916040968574,4.200452127874415
81856396-5b63-4622-8e40-08dd9b623e06,Holcim (Australia) Pty Ltd,32.57766930045919,3.6118153579822874
819b9ec8-7527-4433-8d7e-08dd9b623e06,Holcim (Australia) Pty Ltd,56.59206552765481,4.393952250150502
81b26f0a-5f5d-421b-e833-08dcdd059e16,Advanced Readymix,41.33700995601153,3.9969988476643925
822088b0-3828-4096-65ec-08dd7b9ded23,Holcim (Australia) Pty Ltd,56.4507232587322,4.102186819314772
82729231-b527-406c-c8f8-08dc77c8811e,Hazell Bros Concrete Pty Ltd,44.215328482880345,4.151857779081317
8287fdee-7653-46bf-3727-08dd60f74b45,Holcim (Australia) Pty Ltd,40.07570429818392,3.9098176343497077
82913bc7-3e59-439b-5a2d-08dd3b2eda46,Heidelberg Materials Australia Pty Ltd,40.18021145367904,3.9089325441968583
8291feae-1bad-4179-5a07-08dd3b2eda46,Heidelberg Materials Australia Pty Ltd,47.89066599349545,4.087691038755662
82d566f2-03f9-4ebb-8d60-08dd9b623e06,Holcim (Australia) Pty Ltd,35.14940912036845,3.80739266633843
83223e15-c862-4267-c7c6-08de3bdeeeb7,ADBRI,34.48338261855312,3.7736718401764846
83365013-bd9e-4896-9b34-08dc5e0dad96,Gunlake Concrete NSW Pty Ltd,29.212520167128616,3.7493419293805936
833ed228-102b-43de-8de5-08dd9b623e06,Holcim (Australia) Pty Ltd,30.198982335663757,3.8034660342801625
83f94645-3f1d-4556-6607-08dd7b9ded23,Holcim (Australia) Pty Ltd,51.02111170865566,3.910197991636593
840e5491-0edf-4d2e-46bf-08dd7b9e2093,Holcim (Australia) Pty Ltd,51.49512541540837,4.102186819314772
844f5307-0491-4aac-8e53-08dd9b623e06,Holcim (Australia) Pty Ltd,49.64216274355686,3.906271359578325
8452f826-d053-4902-4785-08dd189cf347,Barro Group Pty Ltd,42.5337790785863,3.989942065267981
8483bce0-714c-40bb-03ac-08dd189d02b2,Barro Group Pty Ltd,32.37721062755967,3.7240062234740514
84b187bd-08ff-47e4-4558-08dc6fc9d4ca,Western Suburbs Concrete,50.81098057060908,3.992404799535054
84cdbdef-79c8-4e4a-6501-08dd60fd554a,Holcim (Australia) Pty Ltd,36.62833188543692,4.144049779338812
84dc91cb-fb04-40c8-6603-08dd7b9ded23,Holcim (Australia) Pty Ltd,55.588880155545446,4.102186819314772
8514796e-90c7-4540-4698-08dd7b9e2093,Holcim (Australia) Pty Ltd,47.616831451068,4.156146267611975
853af87a-7ef8-4a0e-8e03-08dd9b623e06,Holcim (Australia) Pty Ltd,42.74741791806285,4.3913564868136135
858b6092-9b1b-404b-994e-08dc8a1e4132,Heidelberg Materials Australia Pty Ltd,44.30320195163509,4.403769109535163
85920511-35cb-4ebe-ca59-08de852fe431,Heidelberg Materials Australia Pty Ltd,43.88269383654681,3.8510230915190258
859e4ea2-b6e8-4e27-52f3-08dcfd218296,Piave Premix Concrete Pty Ltd,40.07570429818392,4.191697855646542
85dfbbfc-6c6f-422f-64f1-08db4c6777db,TSOUMA BETON S.A.,87.27276328414794,4.668210531135622
860fd665-3b27-4565-4711-08dd7b9e2093,Holcim (Australia) Pty Ltd,33.508459851900874,3.85424855149054
866cb4d2-67b4-436b-46c3-08dd7b9e2093,Holcim (Australia) Pty Ltd,49.64216274355686,3.910197991636593
8682aa0d-3d5e-4299-8d73-08dd9b623e06,Holcim (Australia) Pty Ltd,64.46586411836898,4.4892902870004825
869c996e-6b3a-44b7-4792-08dd189cf347,Barro Group Pty Ltd,40.93761807250513,3.989942065267981
86be99b5-ed8f-47be-650e-08dd60fd554a,Holcim (Australia) Pty Ltd,34.81846136874474,3.947131504171436
86c9d875-445d-494a-6503-08dd60fd554a,Holcim (Australia) Pty Ltd,35.68030447193149,3.947131504171436
86ebe97a-b911-4385-8ee6-08dd9b623e06,Holcim (Australia) Pty Ltd,48.26321377845806,4.096044781206501
879d9a87-53d3-4e74-454d-08dc6fc9d4ca,Western Suburbs Concrete,51.418359326521326,3.992404799535054
879ef5d1-8f1b-4542-6605-08dd7b9ded23,Holcim (Australia) Pty Ltd,53.64973317337525,4.102186819314772
887bd659-76e0-407c-8ded-08dd9b623e06,Holcim (Australia) Pty Ltd,61.018491705621976,4.488909929713596
88800c87-cd8c-4e41-11c8-08dd3384faff,Holcim (Australia) Pty Ltd,44.81584136571105,4.162288305720246
88c8df14-1f34-44f5-bbb6-08dd77b6949d,Aurora Construction Materials Pty Ltd,35.48078779354376,4.168699957649801
88ce3b73-27cc-4b0b-8d9d-08dd9b623e06,Holcim (Australia) Pty Ltd,42.74741791806285,3.80739266633843
89297292-e515-48e9-8e4c-08dd9b623e06,Holcim (Australia) Pty Ltd,62.05270342944607,4.3913564868136135
8939f86a-d04c-4fc4-9393-08dd77b57c22,Aurora Construction Materials Pty Ltd,61.76092472317599,4.5588026822150525
895ac360-ec8a-45d1-37c2-08dd60f74b45,Holcim (Australia) Pty Ltd,71.42955639211792,4.463353594791292
896025a7-cdd3-4e72-8df4-08dd9b623e06,Holcim (Australia) Pty Ltd,38.61057102276645,3.906271359578325
89850027-ee44-42e1-4795-08dd189cf347,Barro Group Pty Ltd,46.30138032791406,4.373270360490422
899b6656-d582-4775-9939-08dc8a1e4132,Hymix,77.4599945511004,4.824739112353503
89c67af3-c2f5-4884-8e2e-08dd9b623e06,Holcim (Australia) Pty Ltd,46.53952757208456,3.906271359578325
89e3447d-ef82-4be6-91a1-08dd3384fdc0,Holcim (Australia) Pty Ltd,62.32849322246583,4.3913564868136135
89f18632-74bf-435d-0a0c-08dd39fa3bf0,betono centras,70.22202938568927,4.182819559214955
8a076914-6727-4c3e-bb93-08dd77b6949d,Aurora Construction Materials Pty Ltd,55.67146023800659,3.976710157247898
8a1432bb-3523-46f4-8d91-08dd9b623e06,Holcim (Australia) Pty Ltd,43.09215515933755,3.910197991636593
8a43bbcc-a9d5-47e6-8d98-08dd9b623e06,Holcim (Australia) Pty Ltd,31.71582619727244,3.910197991636593
8a60e299-92c2-411c-3811-08dd60f74b45,Holcim (Australia) Pty Ltd,48.26321377845806,3.947131504171436
8a76f4e2-e676-4e8e-65dd-08dd7b9ded23,Holcim (Australia) Pty Ltd,37.44376805229823,3.6638526654043995
8a7af660-5c60-4e45-6c3c-08dd7b9e477e,Holcim (Australia) Pty Ltd,60.329017223072576,4.156146267611975
8ac99206-c0be-4ab6-52f1-08dcfd218296,Piave Premix Concrete Pty Ltd,38.33478122974668,4.504388256202229
8ae2635d-1902-4f45-e83a-08dcdd059e16,Advanced Readymix,45.384571629504,4.193028582450176
8aede87b-7bee-4185-1dde-08dda8a8481c,Piave Premix Concrete Pty Ltd,43.57478729712213,3.8815964282348228
8b04e5e5-5d5b-4a2c-2551-08dd3b4abcdb,Hymix,44.3973715075132,3.8029083065734466
8b12f25b-3426-4a3a-22bc-08dcc15f556a,Allied Concrete Limited,81.994984482265,4.589268894939169
8b2f518f-b13f-40ca-9960-08dc8a1e4132,Heidelberg Materials Australia Pty Ltd,66.2107562567695,4.6317994237434235
8b7c3c90-43f7-4c3b-9b2b-08dc5e0dad96,Gunlake Concrete NSW Pty Ltd,44.34293254181663,4.058975603765548
8ba945ac-1a38-4e29-65b6-08dd7b9ded23,Holcim (Australia) Pty Ltd,53.43427239757857,4.156146267611975
8bd0b892-af93-4d9f-37df-08dd60f74b45,Holcim (Australia) Pty Ltd,68.7319874791434,4.144049779338812
8bf5ec7f-99ba-4dbb-0cc4-08dd3b33b6a4,Heidelberg Materials Australia Pty Ltd,45.39172174749513,4.293699574713826
8c1175c1-c36d-49c9-6517-08dd60fd554a,Holcim (Australia) Pty Ltd,49.81453136419421,3.947131504171436
8c3137ec-8dce-4059-c8d4-08dc77c8811e,Hazell Bros Concrete Pty Ltd,92.32674195728016,4.864234914099385
8c34816d-8195-4a97-4cf1-08dda8a83e06,Piave Premix Concrete Pty Ltd,51.02111170865566,3.994429133305418
8c395c06-c6d5-4c45-c8fd-08dc77c8811e,Hazell Bros Concrete Pty Ltd,59.88216665632454,4.192511361470912
8c5373ad-b5f8-46e2-3711-08dd60f74b45,Holcim (Australia) Pty Ltd,59.46717411988583,4.487272645565508
8cc7b673-f45a-4564-8e5f-08dd9b623e06,Holcim (Australia) Pty Ltd,52.40006067375447,4.488909929713596
8cf71358-c5c3-425d-6c24-08dd9b648d8a,Holcim (Australia) Pty Ltd,46.19479033080986,3.906271359578325
8d1cad68-083f-4c11-652a-08dd60fd554a,Holcim (Australia) Pty Ltd,32.140118186533606,3.6960704005964287
8d59265d-96d5-4f99-7c6d-08dc7a6854e0,Holcim (Australia) Pty Ltd,67.84428908286105,4.487272645565508
8d5e2b6b-464c-486e-7c79-08dc7a6854e0,Holcim (Australia) Pty Ltd,61.77691363642631,4.393571892863616
8d6f18e9-826a-4b67-ca0e-08de852fe431,Heidelberg Materials Australia Pty Ltd,45.44267946863029,3.8459490047819473
8d7f04af-e2c3-4169-37e0-08dd60f74b45,Holcim (Australia) Pty Ltd,59.57059529226822,4.463353594791292
8de9cdf2-24d7-43c0-3725-08dd60f74b45,Holcim (Australia) Pty Ltd,37.71425419545223,3.9098176343497077
8e01d54f-d995-4bd0-c8b3-08dc77c8811e,Advanced Readymix,53.69330278961375,3.996124805486315
8e49737e-1cbe-40e1-37f0-08dd60f74b45,Holcim (Australia) Pty Ltd,36.84379266123361,4.144049779338812
8e608c29-27e2-4e9c-4b10-08dd3b362932,Heidelberg Materials Australia Pty Ltd,58.601503782059865,4.2971039007413125
8ea75b97-55c2-408f-8e5d-08dd9b623e06,Holcim (Australia) Pty Ltd,39.64478274659055,3.8756439178477478
8ec69986-d1f0-478b-993a-08dc8a1e4132,Hymix,37.42216189209007,3.7513919271497445
8eea5122-a864-495e-c1a1-08dd33850764,Holcim (Australia) Pty Ltd,53.91690453536314,3.8070123090515446
8f32a7b6-41a4-494d-4692-08dd7b9e2093,Holcim (Australia) Pty Ltd,47.83229222686468,4.156146267611975
8f3b2b04-486a-468d-3715-08dd60f74b45,Holcim (Australia) Pty Ltd,51.241743543071465,4.393571892863616
8f536dd9-fb76-46c7-bbb8-08dd77b6949d,Aurora Construction Materials Pty Ltd,34.049568044236686,3.976710157247898
8f59272e-9053-449d-3800-08dd60f74b45,Holcim (Australia) Pty Ltd,41.36846895296405,4.461781140181634
8f79ef25-a54c-4d49-8d82-08dd9b623e06,Holcim (Australia) Pty Ltd,48.69413533005144,4.102186819314772
8fa03fc6-b492-49cd-651d-08dd60fd554a,Holcim (Australia) Pty Ltd,39.162150608805966,3.8382254311591106
9008a201-9326-418e-8d5d-08dd9b623e06,Holcim (Australia) Pty Ltd,36.12846288558861,3.910197991636593
9081ada3-8556-4788-52f9-08dcfd218296,Piave Premix Concrete Pty Ltd,37.09372716115776,3.8846786532267163
90b8b281-8ba2-40be-37b4-08dd60f74b45,Holcim (Australia) Pty Ltd,69.63692273748948,4.571731323879454
90d7eb7e-c0a2-46bb-e83c-08dcdd059e16,Advanced Readymix,38.38784835698231,3.9969988476643925
910a89a5-4c8b-4601-e794-08dda8a84ed0,Piave Premix Concrete Pty Ltd,44.54005157269129,3.88552306029309
910c21b2-3f9e-466f-8e31-08dd9b623e06,Holcim (Australia) Pty Ltd,50.50400584674361,3.906271359578325
9112e71a-37db-426c-8db7-08dd9b623e06,Holcim (Australia) Pty Ltd,67.56849928984128,4.488909929713596
9124b3fc-7aff-40d3-8d70-08dd9b623e06,Holcim (Australia) Pty Ltd,29.38540244625546,3.80739266633843
912bfa2b-76f0-4904-c8b9-08dc77c8811e,Advanced Readymix,37.42636412526373,4.201880389148274
918bcb79-b1e4-468b-8dea-08dd9b623e06,Holcim (Australia) Pty Ltd,19.0467325804272,3.6118153579822874
91943d42-0064-4bc7-7347-08de6878b7e9,Duna-Dráva Cement Ltd.,87.85806119798318,4.752599804874196
919894ec-eca7-4ecc-37ca-08dd60f74b45,Holcim (Australia) Pty Ltd,70.8779768060784,4.463353594791292
91c161d7-320a-4f4c-9962-08dc8a1e4132,Heidelberg Materials Australia Pty Ltd,42.09380778318475,3.8619912449641225
91c1ae34-4331-40df-c3f9-08dd3b4aca66,Hymix,44.04501368781973,3.7715145394031455
91dba338-1b1a-4500-254f-08dd3b4abcdb,Hymix,47.35883376615866,3.746497263302269
922245da-3146-4f3b-ca76-08dd833a3de8,PROMOTORA MEDITERRANEA- 2 S.A.,42.97724274557932,4.375227130997762
9247ec50-fd4c-429d-65bb-08dd7b9ded23,Holcim (Australia) Pty Ltd,53.21881162178188,4.156146267611975
92b97483-c63e-4beb-c8f1-08dc77c8811e,Hazell Bros Concrete Pty Ltd,63.68625601566485,4.500797400382071
92bbe727-17a6-4f3a-c8aa-08dc77c8811e,Advanced Readymix,68.63304789089756,3.8734219932925824
92d75a1c-43f3-4d55-26f9-08de8531b889,Heidelberg Materials Australia Pty Ltd,88.73380020747113,3.8639471055286574
92f2833e-ebdd-498b-bba8-08dd77b6949d,Aurora Construction Materials Pty Ltd,76.51905707469767,4.5588026822150525
934da03a-237c-4fe1-5979-08dd3b2eda46,Heidelberg Materials Australia Pty Ltd,39.8276918098703,4.077838930438357
9395035d-86be-46a5-9394-08dd77b57c22,Aurora Construction Materials Pty Ltd,51.457543540313566,4.465809430768974
93a46da0-44b8-484c-c881-08dc77c8811e,Advanced Readymix,53.4117782925854,3.9970565429261056
93b7d762-787b-414c-2e95-08dd189cf582,Barro Group Pty Ltd,42.31000453329472,4.145070669869016
93c045da-4161-4947-13c4-08dda8a18414,Piave Premix Concrete Pty Ltd,28.00990085356941,3.6887299869906656
942829d5-baef-40e4-6646-08dd7b9ded23,Holcim (Australia) Pty Ltd,52.22769205311712,3.9631546245028684
942cc5ef-9a9a-4fb4-02e1-08dd33837503,Holcim (Australia) Pty Ltd,75.19581075304403,4.162288305720246
943aa51f-ac17-4c84-8e17-08dd9b623e06,Holcim (Australia) Pty Ltd,47.40137067527131,3.906271359578325
9442065d-a667-4921-8df3-08dd9b623e06,Holcim (Australia) Pty Ltd,45.24676291730443,4.096044781206501
94772abc-ad15-454d-bbaa-08dd77b6949d,Aurora Construction Materials Pty Ltd,64.1469849280878,4.465809430768974
948aa9de-5937-4968-02d9-08dd33837503,Holcim (Australia) Pty Ltd,53.60664101821592,3.906271359578325
9491c907-a835-44a7-b3a8-08dd77b24f44,Aurora Construction Materials Pty Ltd,44.88293154207863,4.168699957649801
949a4f6a-38ec-43c6-37f9-08dd60f74b45,Holcim (Australia) Pty Ltd,49.29742550228216,4.571731323879454
94ca09fc-4985-453b-8e56-08dd9b623e06,Holcim (Australia) Pty Ltd,50.50400584674361,3.906271359578325
94e3e47c-06d8-4f73-02e0-08dd33837503,Holcim (Australia) Pty Ltd,53.21881162178188,4.162288305720246
958b2725-513f-4739-8e50-08dd9b623e06,Holcim (Australia) Pty Ltd,62.88007280850535,4.3913564868136135
95c359ef-7cd9-41c5-8e0c-08dd9b623e06,Holcim (Australia) Pty Ltd,41.92004853900357,4.3913564868136135
95c91465-c840-45b4-254e-08dd3b4abcdb,Hymix,44.93285691419917,3.7384584468804465
95ff9f5c-2b9e-4c71-919f-08dd3384fdc0,Holcim (Australia) Pty Ltd,69.98165997876418,4.488909929713596
95ffb2ed-62ca-432f-93d9-08dd8df04730,Gunlake Concrete NSW Pty Ltd,65.65016064755443,4.009924736555701
9627a20c-823b-49e8-3805-08dd60f74b45,Holcim (Australia) Pty Ltd,48.814793364497575,4.463353594791292
9629ef31-74ee-4fa4-8de1-08dd9b623e06,Holcim (Australia) Pty Ltd,32.81898536935147,3.8034660342801625
96331d38-a2f2-44e0-0ccb-08dd3b33b6a4,Heidelberg Materials Australia Pty Ltd,46.66073289577576,3.853777759419473
963db039-50f0-4931-4715-08dd7b9e2093,Holcim (Australia) Pty Ltd,23.01784041741845,3.712093520927859
97248fa6-0968-4f16-8deb-08dd9b623e06,Holcim (Australia) Pty Ltd,28.35463809484411,3.6118153579822874
97945972-565f-4c2b-4709-08dd7b9e2093,Holcim (Australia) Pty Ltd,27.04861431539957,3.712093520927859
97a52c29-0f48-44c6-8dba-08dd9b623e06,Holcim (Australia) Pty Ltd,45.78110564128021,4.3913564868136135
97a91bff-e991-4783-03cf-08dd189d02b2,Barro Group Pty Ltd,34.7980401953016,3.7840124374649164
97b0eae7-acec-4e09-8da2-08dd9b623e06,Holcim (Australia) Pty Ltd,35.33556723065679,3.910197991636593
97eaa4f5-5d91-4f48-3812-08dd60f74b45,Holcim (Australia) Pty Ltd,36.02504171320619,3.9455590495617767
9817d918-26cb-4fb9-8d89-08dd9b623e06,Holcim (Australia) Pty Ltd,48.26321377845806,4.102186819314772
984aefa0-e838-4756-e838-08dcdd059e16,Advanced Readymix,80.37552917166535,4.600232391018613
9852effd-58ec-4818-37e8-08dd60f74b45,Holcim (Australia) Pty Ltd,39.98951998786524,4.463353594791292
989a4f6f-3312-491b-faa5-08dd1326b98c,Allied Concrete Limited,29.30266550834953,4.086045064975635
98fc7014-7f02-4667-04a6-08dd7ba37ded,Holcim (Australia) Pty Ltd,71.36060894386299,3.9631546245028684
991ab962-dde1-49ab-c88d-08dc77c8811e,Advanced Readymix,63.41468442752934,3.996124805486315
99228a98-a37a-45d7-9938-08dc8a1e4132,Hymix,50.19184780257532,4.304932247354108
9954d975-51c9-47dc-6c54-08dd7b9e477e,Holcim (Australia) Pty Ltd,35.02530371350956,3.8034660342801625
99f59af8-3a3a-4323-8df1-08dd9b623e06,Holcim (Australia) Pty Ltd,61.018491705621976,4.488909929713596
9a05b66e-b395-431a-7c80-08dc7a6854e0,Holcim (Australia) Pty Ltd,67.22376204856658,4.488909929713596
9a154d1b-acf8-4a9b-7b4f-08db9241f6b6,Heidelberg Materials Australia Pty Ltd,65.24628533517453,4.3338184630727525
9a33aef4-8586-41d8-e835-08dcdd059e16,Advanced Readymix,62.54898069816186,4.287992354002838
9a5d2d26-1548-411d-b3ae-08dd77b24f44,Aurora Construction Materials Pty Ltd,60.4834099511852,4.168699957649801
9a899b68-4320-4678-bbad-08dd77b6949d,Aurora Construction Materials Pty Ltd,57.18186354610516,4.168699957649801
9ac5a495-69ce-4427-651e-08dd60fd554a,Holcim (Australia) Pty Ltd,39.162150608805966,3.8382254311591106
9aec4c60-a7a7-4de4-c8cc-08dc77c8811e,Advanced Readymix,62.214935051503744,4.069890067174871
9af17f8f-e6fc-43f6-ac69-08dd77b6196f,Aurora Construction Materials Pty Ltd,36.88688481639294,3.976710157247898
9b07338f-a8a8-4305-8e6e-08dd9b623e06,Holcim (Australia) Pty Ltd,40.5066258497773,4.096044781206501
9b2a9665-8c09-4869-b822-08de1ce0f3e6,Gunlake Concrete NSW Pty Ltd,41.15894799983453,3.957382733712155
9b4228cd-c596-45ed-46bb-08dd7b9e2093,Holcim (Australia) Pty Ltd,56.81269736207062,4.393952250150502
9b7e2e51-954f-43ce-c1a3-08dd33850764,Holcim (Australia) Pty Ltd,68.60271101366538,4.488909929713596
9b8cabe1-4c3d-4772-5a5e-08dd3b2eda46,Heidelberg Materials Australia Pty Ltd,39.4818766466314,4.118279754727331
9bb857c8-cbf4-44b9-7c88-08dc7a6854e0,Holcim (Australia) Pty Ltd,60.12217487830775,4.3913564868136135
9bca795b-5e3b-4934-37db-08dd60f74b45,Holcim (Australia) Pty Ltd,74.46324411533529,4.463353594791292
9c705ee4-7b40-49c1-8d81-08dd9b623e06,Holcim (Australia) Pty Ltd,48.69413533005144,4.102186819314772
9c97ce28-1410-4457-6536-08dd60fd554a,Holcim (Australia) Pty Ltd,34.12898688619534,3.947131504171436
9c982c75-0c8d-4f15-c1ac-08dd33850764,Holcim (Australia) Pty Ltd,83.16785945752147,4.1618772628397815
9cb8e562-93c6-428f-8e69-08dd9b623e06,Holcim (Australia) Pty Ltd,36.1284628855886,3.8034660342801625
9ce8861e-7404-452f-7a1d-08dcb1ce14e2,Gunlake Concrete NSW Pty Ltd,66.75628283622223,3.9958592148624916
9cf8615f-1de2-4dcd-997e-08dc8a1e4132,Heidelberg Materials Australia Pty Ltd,55.36316711908242,3.8619912449641225
9d13d534-d141-4499-ce7b-08dd39edcf95,betono centras,30.39897184099588,4.638358191568172
9d5ba048-ef7c-42be-3726-08dd60f74b45,Holcim (Australia) Pty Ltd,37.71425419545223,3.9098176343497077
9d6d66b3-b0d3-4f9c-652f-08dd60fd554a,Holcim (Australia) Pty Ltd,32.31911636950316,3.6422235825998532
9d8829d9-8e6d-4342-530e-08dcfd218296,Piave Premix Concrete Pty Ltd,35.33556723065679,3.994429133305418
9d8cf2b2-c473-407a-5300-08dcfd218296,Piave Premix Concrete Pty Ltd,28.35463809484411,3.7184464692673274
9ddec95a-2067-4c39-5304-08dcfd218296,Piave Premix Concrete Pty Ltd,50.41782153642494,4.191668220534838
9df06163-bfc1-4438-7c8d-08dc7a6854e0,Holcim (Australia) Pty Ltd,54.511576276562,4.096044781206501
9df2adfd-c4f5-45bb-65d7-08dd7b9ded23,Holcim (Australia) Pty Ltd,50.50400584674361,3.906271359578325
9e23dbae-7217-43fb-c892-08dc77c8811e,Advanced Readymix,48.94322315531102,4.50957010138202
9e288680-0a5f-4a9b-9933-08dc8a1e4132,Heidelberg Materials Australia Pty Ltd,46.86428747989062,4.088648179319895
9e487daa-a486-4653-46b8-08dd7b9e2093,Holcim (Australia) Pty Ltd,69.63692273748948,4.4892902870004825
9e9604ff-531e-4789-6c29-08dd9b648d8a,Holcim (Australia) Pty Ltd,49.29742550228216,3.906271359578325
9e9e8226-5804-426a-6530-08dd60fd554a,Holcim (Australia) Pty Ltd,32.06056343854714,3.6422235825998532
9ef18369-dc52-408d-9949-08dc8a1e4132,Heidelberg Materials Australia Pty Ltd,31.23419182910685,3.867303653287483
9f16bb6c-ceda-446a-8e02-08dd9b623e06,Holcim (Australia) Pty Ltd,48.95268826100746,4.488909929713596
9f4b3955-f15b-4152-c8ef-08dc77c8811e,Hazell Bros Concrete Pty Ltd,88.12628874272029,4.864234914099385
9f7a3a6d-eab2-4146-37bf-08dd60f74b45,Holcim (Australia) Pty Ltd,79.2895654931811,4.571731323879454
9fd5f85d-76db-4b65-c633-08ddbcffd29b,Gunlake Concrete NSW Pty Ltd,29.086214474827287,3.757654865600574
9ff38497-571b-43d0-5305-08dcfd218296,Piave Premix Concrete Pty Ltd,43.6092610212496,3.994429133305418
a0023736-30eb-4e40-37f8-08dd60f74b45,Holcim (Australia) Pty Ltd,48.60795101973276,4.566264904118222
a0167e5e-ae72-441a-c27c-08ddbd0c507e,Gunlake Concrete NSW Pty Ltd,49.067778099532525,3.9178897432614597
a05ffa9f-e673-4f1e-919b-08dd3384fdc0,Holcim (Australia) Pty Ltd,53.77900963885327,3.9098176343497077
a0a7d501-ead5-4ddf-ca5c-08de852fe431,Heidelberg Materials Australia Pty Ltd,71.94276356570693,4.583770357662528
a112c10f-e7cc-49f1-52fd-08dcfd218296,Piave Premix Concrete Pty Ltd,36.71451619575559,4.029149305800443
a121ab4b-2b68-412e-37d4-08dd60f74b45,Holcim (Australia) Pty Ltd,62.914546532632826,4.144049779338812
a1345c1b-e2ff-4e2a-7c9b-08dc7a6854e0,Holcim (Australia) Pty Ltd,45.36742095175057,3.8034660342801625
a13d477f-8060-4e82-37fd-08dd60f74b45,Holcim (Australia) Pty Ltd,55.84743308650147,4.571731323879454
a1738f21-1d8f-4707-6525-08dd60fd554a,Holcim (Australia) Pty Ltd,34.33582923096016,3.8382254311591106
a19b5b3e-8787-4542-8e5b-08dd9b623e06,Holcim (Australia) Pty Ltd,43.30761593513424,4.065417339475923
a1edf2ca-dcca-49da-52ef-08dcfd218296,Piave Premix Concrete Pty Ltd,41.644258745983805,4.500948085798966
a1f80eb0-2536-4a66-03ae-08dd189d02b2,Barro Group Pty Ltd,50.14193263144831,4.145070669869016
a217302e-0d7b-44a8-4727-08dd7b9e2093,Holcim (Australia) Pty Ltd,47.29794950288889,3.8503219194322726
a27364f7-432e-424d-76de-08dec69b29e1,Monaro Mix,52.40006067375446,4.527934497047492
a2864471-c9e3-46f1-7c7e-08dc7a6854e0,Holcim (Australia) Pty Ltd,68.25797377239068,4.488909929713596
a29de2fb-6e2b-41cb-c8c6-08dc77c8811e,Advanced Readymix,45.41865442159985,4.500993702409998
a2c41243-b8e0-4317-9968-08dc8a1e4132,Heidelberg Materials Australia Pty Ltd,36.56792557746218,4.304932247354108
a2f65ee3-07a5-47de-37d8-08dd60f74b45,Holcim (Australia) Pty Ltd,52.57242929439182,3.947131504171436
a32433d6-e44f-4531-c1a8-08dd33850764,Holcim (Australia) Pty Ltd,75.19581075304403,4.1618772628397815
a34c8abe-d06f-4823-02de-08dd33837503,Holcim (Australia) Pty Ltd,75.19581075304403,4.162288305720246
a350cf80-6ae9-4309-8e71-08dd9b623e06,Holcim (Australia) Pty Ltd,37.40399067830499,3.906271359578325
a362e5e0-9e10-4c93-4a0f-08dd9750a705,Piave Premix Concrete Pty Ltd,38.05899143672692,3.8861678938627757
a39655d1-ff37-4021-9967-08dc8a1e4132,Heidelberg Materials Australia Pty Ltd,63.69541151059666,4.304932247354108
a3b2d923-a0f9-41b2-64fb-08dd60fd554a,Holcim (Australia) Pty Ltd,37.92109654021704,4.144049779338812
a4aaab4f-7901-4b5a-c8e9-08dc77c8811e,Hazell Bros Concrete Pty Ltd,64.95721121361298,4.09610043976633
a4bf95dd-e62e-466d-c3f4-08dd3b4aca66,Hymix,37.159023981313176,3.7692748362995774
a4f38d60-a220-4a7d-c8d1-08dc77c8811e,Advanced Readymix,51.35541348845448,3.805102946822733
a4f41140-d567-4e5a-919e-08dd3384fdc0,Holcim (Australia) Pty Ltd,69.29218549621478,4.488909929713596
a5121c60-93ae-4bdb-65ef-08dd7b9ded23,Holcim (Australia) Pty Ltd,51.49512541540837,4.102186819314772
a56ffc18-4ccf-492c-5308-08dcfd218296,Piave Premix Concrete Pty Ltd,39.8171513672279,3.994429133305418
a58a9786-7c54-4a01-6513-08dd60fd554a,Holcim (Australia) Pty Ltd,48.78031964037011,3.9455590495617767
a59ae660-89dc-40f3-4536-08dc6fc9d4ca,Western Suburbs Concrete,59.213733642217896,4.600296577680064
a59b08b6-c1a7-4509-9951-08dc8a1e4132,Heidelberg Materials Australia Pty Ltd,35.41520229588953,3.867303653287483
a5fc7ea0-a55e-4c32-37fb-08dd60f74b45,Holcim (Australia) Pty Ltd,48.95268826100746,4.571731323879454
a6589da5-7ddb-4a39-0b10-08de21a44932,ADBRI,43.50460656250138,4.03622103512296
a6851e06-0e93-456b-992d-08dc8a1e4132,Heidelberg Materials Australia Pty Ltd,46.06461183227,3.867303653287483
a6c66102-1949-42ed-4b0d-08dd3b362932,Heidelberg Materials Australia Pty Ltd,62.36852921127084,3.840393766966362
a6e42ae1-c519-4a21-bbac-08dd77b6949d,Aurora Construction Materials Pty Ltd,57.2052302672403,4.168699957649801
a702edcd-8f4a-426f-9b3c-08dcb7780c98,Mapei Construction Chemicals LLC,40.95189481975689,3.8876519572483494
a712d6a7-68a3-4287-6c25-08dd9b648d8a,Holcim (Australia) Pty Ltd,36.02504171320619,3.906271359578325
a71de983-00bf-41e8-46c1-08dd7b9e2093,Holcim (Australia) Pty Ltd,55.588880155545446,4.102186819314772
a7332602-e70e-44cb-e375-08de8531c102,Heidelberg Materials Australia Pty Ltd,67.00388614308095,3.8786916792918875
a73858a1-2c57-4906-0b11-08de21a44932,ADBRI,31.098110552226863,3.9300179375456366
a79402fe-7718-4ada-8023-08dd09159811,"The Concrete Products and Aggregate Co., Ltd.",51.46434530458028,4.329454340974466
a7d7877c-43bd-4c40-8e67-08dd9b623e06,Holcim (Australia) Pty Ltd,37.23162205766764,3.906271359578325
a7f25986-42c5-4f57-19c5-08dd6676faf1,ADBRI,36.681252934686256,4.086309421365133
a7f8f9ea-0940-4e62-ca65-08de852fe431,Heidelberg Materials Australia Pty Ltd,55.76886731143455,4.102907487327308
a8157c87-258d-47ba-c62f-08dd09124d88,"The Concrete Products and Aggregate Co., Ltd.",72.39482066768709,4.410811294856835
a86f9934-63f9-4fd8-8e2c-08dd9b623e06,Holcim (Australia) Pty Ltd,35.50793585129414,3.906271359578325
a8863204-1062-4333-0201-08dd60fb3cd6,Holcim (Australia) Pty Ltd,42.333733228533205,3.776157981859709
a8edd922-0536-446d-8022-08dd09159811,"The Concrete Products and Aggregate Co., Ltd.",34.12898688619534,3.7103043431572993
a9536af8-3a42-4ea4-8e19-08dd9b623e06,Holcim (Australia) Pty Ltd,56.53690756905086,4.3913564868136135
a980a5f0-21a2-42a4-8dc9-08dd9b623e06,Holcim (Australia) Pty Ltd,38.35201809181042,4.096044781206501
a9efc4e3-a112-4385-6648-08dd7b9ded23,Holcim (Australia) Pty Ltd,37.57635929894234,3.9631546245028684
a9f1c5da-c5a9-4ab4-c8de-08dc77c8811e,Hazell Bros Concrete Pty Ltd,40.53066437761139,3.9545790590130085
aa366d4f-8a96-4c64-b3ab-08dd77b24f44,Aurora Construction Materials Pty Ltd,68.1200788758808,4.465809430768974
aa600984-d3d8-4994-8e2a-08dd9b623e06,Holcim (Australia) Pty Ltd,37.274714212826986,4.096044781206501
aa85fbec-ba12-45af-8daf-08dd9b623e06,Holcim (Australia) Pty Ltd,25.457519355670183,3.6677792974626677
aa9ec4c6-6516-4c24-3716-08dd60f74b45,Holcim (Australia) Pty Ltd,48.26321377845805,4.393571892863616
aad0babe-bba3-4bb4-c8a6-08dc77c8811e,Advanced Readymix,73.71514706490713,4.069890067174871
ab012785-96a7-40f7-46cd-08dd7b9e2093,Holcim (Australia) Pty Ltd,55.588880155545446,4.102186819314772
ab17e4b7-5d0b-494b-9b2a-08dc5e0dad96,Gunlake Concrete NSW Pty Ltd,50.60280538548518,4.138673251487716
ab24d198-3f5e-4b82-8e64-08dd9b623e06,Holcim (Australia) Pty Ltd,40.291165073980615,4.096044781206501
ab41402e-2401-47bb-303d-08dd9cae0862,Holcim (Australia) Pty Ltd,25.88181134493135,3.712093520927859
ab46f2f7-76bf-4235-8e04-08dd9b623e06,Holcim (Australia) Pty Ltd,35.55102800645348,4.096044781206501
ab48ed36-3092-44a4-8dae-08dd9b623e06,Holcim (Australia) Pty Ltd,35.52172534094513,3.80739266633843
ab8184ae-5bb5-460d-89f6-08dd0911de88,"The Concrete Products and Aggregate Co., Ltd.",63.48910860142399,4.435417257364057
abc89c70-4717-47dc-e74e-08de848015c8,Heidelberg Materials Australia Pty Ltd,43.26241411193119,3.858966374987572
abdc7921-fbfa-4ee7-5973-08dd3b2eda46,Heidelberg Materials Australia Pty Ltd,47.883774720140245,3.853397402132588
ac0314d2-2567-4781-65da-08dd7b9ded23,Holcim (Australia) Pty Ltd,30.853983094085688,3.6118153579822874
ac276011-a99d-4bdb-8e3a-08dd9b623e06,Holcim (Australia) Pty Ltd,32.49148499014051,3.6118153579822874
ac6b6d40-ca02-4f59-5a60-08dd3b2eda46,Heidelberg Materials Australia Pty Ltd,41.029722562022535,3.858966374987572
ac7850ab-48e3-4f62-bb8d-08dd77b6949d,Aurora Construction Materials Pty Ltd,65.07976943973303,4.465809430768974
ac7d804e-90c7-4a9f-8e23-08dd9b623e06,Holcim (Australia) Pty Ltd,35.50793585129414,3.906271359578325
acca1559-e0f0-47d1-8d57-08dd9b623e06,Holcim (Australia) Pty Ltd,49.11816213681931,4.393952250150502
aceec211-1863-4a24-e790-08de7d5d4790,ADBRI,35.2546178824415,4.03622103512296
ad96aad8-78b7-4ceb-5a64-08dd3b2eda46,Heidelberg Materials Australia Pty Ltd,39.96993989086832,4.2971039007413125
add867a5-649f-4881-5a05-08dd3b2eda46,Heidelberg Materials Australia Pty Ltd,47.574519167645285,4.080434693775246
ade770b8-6207-4938-4690-08dd7b9e2093,Holcim (Australia) Pty Ltd,57.52802713771563,4.156146267611975
adf50657-e936-4178-8e13-08dd9b623e06,Holcim (Australia) Pty Ltd,44.12636688316165,3.906271359578325
ae1be1e3-ebe7-4fc5-8d6f-08dd9b623e06,Holcim (Australia) Pty Ltd,32.56043243839546,3.910197991636593
ae1fc09c-95bb-46b3-ac6b-08dd77b6196f,Aurora Construction Materials Pty Ltd,72.1793598918904,4.168699957649801
ae32168e-b55b-46f7-bba9-08dd77b6949d,Aurora Construction Materials Pty Ltd,64.18486189826113,4.465809430768974
ae7aec91-219c-4f94-8e05-08dd9b623e06,Holcim (Australia) Pty Ltd,33.95661826555799,3.906271359578325
ae85592c-9755-4ce6-468f-08dd7b9e2093,Holcim (Australia) Pty Ltd,48.04775300266137,4.156146267611975
aecc710b-abac-4b90-7c92-08dc7a6854e0,Holcim (Australia) Pty Ltd,52.35696851859512,4.096044781206501
af262d14-0e8a-45db-1d3a-08dcb1ce278c,Gunlake Concrete NSW Pty Ltd,50.80041308139936,4.193972344269991
af5770b9-f0c5-44df-65bc-08dd7b9ded23,Holcim (Australia) Pty Ltd,53.21881162178188,4.156146267611975
af5cd2b5-1199-4673-37c3-08dd60f74b45,Holcim (Australia) Pty Ltd,69.4990278409796,4.463353594791292
b00c604a-e4c3-4ac9-7c9a-08dc7a6854e0,Holcim (Australia) Pty Ltd,45.36742095175057,3.8034660342801625
b0719408-2a80-47ca-8dee-08dd9b623e06,Holcim (Australia) Pty Ltd,52.67585046677422,4.3913564868136135
b0769ffb-1df5-4390-9936-08dc8a1e4132,Heidelberg Materials Australia Pty Ltd,31.30859388330386,4.088648179319895
b0a8a45d-479d-4d6e-9955-08dc8a1e4132,Heidelberg Materials Australia Pty Ltd,39.30469227798666,3.6507766220493134
b0c319c2-5a27-4c41-8d95-08dd9b623e06,Holcim (Australia) Pty Ltd,43.9539982625243,3.910197991636593
b0f340af-8389-4c86-37e3-08dd60f74b45,Holcim (Australia) Pty Ltd,52.7878900701885,4.151583868596433
b1a1d1a0-b35f-4979-c8e3-08dc77c8811e,Hazell Bros Concrete Pty Ltd,86.16505674374991,3.997428038429782
b1ce20df-274e-406b-5004-08de54b72735,ADBRI,45.32052188540074,3.7736718401764846
b2122cb9-678e-4856-9978-08dc8a1e4132,Heidelberg Materials Australia Pty Ltd,29.50882750834626,3.867303653287483
b23810eb-5163-42b1-46bd-08dd7b9e2093,Holcim (Australia) Pty Ltd,56.4507232587322,4.102186819314772
b2592a1b-68c6-4eaa-11c9-08dd3384faff,Holcim (Australia) Pty Ltd,59.03625256829245,4.1618772628397815
b26ecd32-f612-4a0d-8df9-08dd9b623e06,Holcim (Australia) Pty Ltd,47.22900205463396,4.488909929713596
b346b4b3-3f68-4814-24cd-08dcbb7d6df2,Çimsa Çimento Sanayi ve Ticaret A.S,73.31411997775295,4.3792533765490536
b3489c60-9d21-4d43-c1a6-08dd33850764,Holcim (Australia) Pty Ltd,54.72703705235869,4.096044781206501
b38ed06f-c0c1-4e07-9932-08dc8a1e4132,Heidelberg Materials Australia Pty Ltd,65.9897874279852,4.2904689337820425
b392bf10-a499-475f-9b2f-08dc5e0dad96,Gunlake Concrete NSW Pty Ltd,61.33743743019071,4.092515946402986
b397c3f1-be15-4917-37e4-08dd60f74b45,Holcim (Australia) Pty Ltd,52.7878900701885,4.144049779338812
b3998463-f96d-4a89-bb98-08dd77b6949d,Aurora Construction Materials Pty Ltd,35.94721297177292,4.168699957649801
b3e4605b-4bd9-4011-c7bd-08dcb7f24298,Allied Concrete Limited,70.42290856980688,4.589268894939169
b405fdb9-cad5-40b9-4b0c-08dd3b362932,Heidelberg Materials Australia Pty Ltd,54.106162632838746,4.6609782185720485
b41bf145-c233-4c91-22c5-08dcc15f556a,Allied Concrete Limited,43.09215515933755,4.086045064975635
b44b0343-5010-4d8c-b827-08de1ce0f3e6,Gunlake Concrete NSW Pty Ltd,33.730567161709345,3.7395432001063886
b4a77d52-d0ab-4f7d-0a7f-08dd7b9f5e30,Holcim (Australia) Pty Ltd,302.679297839187,4.933624574934872
b4be6da6-7baf-448d-8eee-08dd9b623e06,Holcim (Australia) Pty Ltd,46.19479033080985,3.8034660342801625
b51e0d83-d4dd-4bed-6532-08dd60fd554a,Holcim (Australia) Pty Ltd,38.56747886760711,4.144049779338812
b51f840e-50ea-4e51-6506-08dd60fd554a,Holcim (Australia) Pty Ltd,37.74872791957969,3.947131504171436
b528378f-9edd-4963-651a-08dd60fd554a,Holcim (Australia) Pty Ltd,38.4382024021291,3.947131504171436
b536e4a9-9253-465e-ca79-08dd833a3de8,PROMOTORA MEDITERRANEA- 2 S.A.,39.39854185996577,4.105416668194928
b54f3a7a-2d5d-49fd-380f-08dd60f74b45,Holcim (Australia) Pty Ltd,36.71451619575559,3.947131504171436
b568b649-cbc5-4e14-37de-08dd60f74b45,Holcim (Australia) Pty Ltd,54.94249782815538,4.144049779338812
b5807fc5-af1d-4c97-454a-08dc6fc9d4ca,Western Suburbs Concrete,64.05441677353521,4.600296577680064
b591476f-9d09-4f6e-5fc0-08de1ce13427,Gunlake Concrete NSW Pty Ltd,66.54499510473117,4.004071549269642
b5cb004e-fd36-4f8b-bbb3-08dd77b6949d,Aurora Construction Materials Pty Ltd,38.53050373005694,4.465809430768974
b5d55bf5-0e25-44b8-c8ba-08dc77c8811e,Advanced Readymix,36.44770336049863,4.00585065436249
b5e35d6e-1d15-4825-471d-08dd7b9e2093,Holcim (Australia) Pty Ltd,74.46324411533529,3.9631546245028684
b5fe06bb-50b4-462f-303e-08dd9cae0862,Atlas Concrete Ltd,50.7310788693763,4.424087584114494
b68e4bbb-23e7-4b8c-b95e-08dd9b678296,Holcim (Australia) Pty Ltd,36.40425267860836,3.8034660342801625
b6995df2-d6b7-42b0-8d54-08dd9b623e06,Holcim (Australia) Pty Ltd,47.76765399412567,4.102186819314772
b6ad7ea5-ad19-437b-93db-08dd8df04730,Gunlake Concrete NSW Pty Ltd,60.89620651139702,4.014038880310134
b7070d71-a5d1-401e-65b7-08dd7b9ded23,Holcim (Australia) Pty Ltd,57.52802713771563,4.156146267611975
b751ab3e-7ffd-4a7b-37d2-08dd60f74b45,Holcim (Australia) Pty Ltd,59.25171334408913,4.144049779338812
b77b7963-a51a-4d57-9973-08dc8a1e4132,Heidelberg Materials Australia Pty Ltd,46.88320334717798,4.088648179319895
b7ba85f2-6773-448a-4781-08dd189cf347,Barro Group Pty Ltd,53.481706863029,3.8833580489871924
b7e20ac9-2ef0-4665-8e00-08dd9b623e06,Holcim (Australia) Pty Ltd,34.99082998938209,3.906271359578325
b7fc8b28-2731-4a70-c87e-08dc77c8811e,Advanced Readymix,42.37218004936638,4.193028582450176
b82d52cd-7eb1-46d2-11c1-08dd3384faff,Holcim (Australia) Pty Ltd,53.26190377694122,3.906271359578325
b831137b-0b73-4957-c8df-08dc77c8811e,Hazell Bros Concrete Pty Ltd,38.92509135536893,3.8456729860006815
b83d6be8-750a-4276-7c67-08dc7a6854e0,Holcim (Australia) Pty Ltd,53.43427239757857,4.078847675453742
b86f67fe-7820-4ba8-4718-08dd7b9e2093,Holcim (Australia) Pty Ltd,33.508459851900874,3.85424855149054
b88db502-da55-4b5e-380e-08dd60f74b45,Holcim (Australia) Pty Ltd,36.71451619575559,3.947131504171436
b8c71fe2-87a8-40f5-6c2c-08dd9b648d8a,Holcim (Australia) Pty Ltd,41.1961003323267,3.906271359578325
b8dd9c5b-213f-4a30-52fa-08dcfd218296,Piave Premix Concrete Pty Ltd,30.474772128683515,3.88552306029309
b8e8d777-d05a-4cc3-8e6c-08dd9b623e06,Holcim (Australia) Pty Ltd,44.95373626222093,4.3913564868136135
b9047b25-722c-45ff-6534-08dd60fd554a,Holcim (Australia) Pty Ltd,33.95661826555799,3.947131504171436
b936e5c2-18ff-4e0e-39e6-08dcdd05b39a,Advanced Readymix,68.40525103765908,4.600232391018613
b95f2af6-a142-4a72-3775-08dd60f74b45,Holcim (Australia) Pty Ltd,56.01980170713882,3.883656683831662
b96b1d95-da3f-4a09-37d5-08dd60f74b45,Holcim (Australia) Pty Ltd,58.26059377542437,3.947131504171436
ba236573-adf5-48d5-7c99-08dc7a6854e0,Holcim (Australia) Pty Ltd,48.60795101973276,3.906271359578325
ba26c0a3-37d5-4711-8d8b-08dd9b623e06,Holcim (Australia) Pty Ltd,48.478674554254745,4.102186819314772
ba328c28-ed10-4bc6-8d69-08dd9b623e06,Holcim (Australia) Pty Ltd,51.4347963981853,4.393952250150502
ba3a941d-9c17-4cd9-5a5f-08dd3b2eda46,Heidelberg Materials Australia Pty Ltd,47.80492542602714,3.871741988327595
ba5259c7-7c74-42c9-8d9f-08dd9b623e06,Holcim (Australia) Pty Ltd,49.64216274355685,3.80739266633843
bafd7fcf-d2b6-4251-a29b-08dbc3ea2324,Allied Concrete Limited,68.94148515784636,4.496452337744651
bb2cd01e-fbc3-4d57-64fc-08dd60fd554a,Holcim (Australia) Pty Ltd,37.274714212826986,4.144049779338812
bb538d61-42fc-4f60-1d3c-08dcb1ce278c,Gunlake Concrete NSW Pty Ltd,61.49160909554736,3.886953141850165
bb61a051-d738-4a2d-8d90-08dd9b623e06,Holcim (Australia) Pty Ltd,43.43689240061225,3.910197991636593
bb825218-3138-46d5-049c-08dd7ba37ded,Holcim (Australia) Pty Ltd,37.40399067830499,3.9631546245028684
bbbf7b73-5cf7-4069-8e77-08dd9b623e06,Holcim (Australia) Pty Ltd,55.15795860395206,4.3913564868136135
bc07a1f5-1da9-4c4a-65de-08dd7b9ded23,Holcim (Australia) Pty Ltd,49.98689998483156,3.906271359578325
bc0e5d7f-2886-402f-c8ca-08dc77c8811e,Advanced Readymix,40.55080177263889,4.193028582450176
bc3b6c1a-b116-4255-ac68-08dd77b6196f,Aurora Construction Materials Pty Ltd,36.91997269681049,3.976710157247898
bc3ddc3d-e50f-4712-c86d-08dc77c8811e,Advanced Readymix,39.30956456239054,4.201880389148274
bc740f8f-31db-4e2c-996e-08dc8a1e4132,Heidelberg Materials Australia Pty Ltd,31.036872723290188,4.088648179319895
bc7cd289-a43a-4663-4aad-08dbd56cc074,Mineral Products Association,43.33839604596234,4.2487766692267845
bcfbe16e-57f8-4788-8d97-08dd9b623e06,Holcim (Australia) Pty Ltd,35.50793585129414,3.910197991636593
bd1852ae-d2d0-42c9-65f2-08dd7b9ded23,Holcim (Australia) Pty Ltd,49.46979412291951,3.910197991636593
bd7347cb-2a3e-40d0-8d74-08dd9b623e06,Holcim (Australia) Pty Ltd,59.639542740523176,4.4892902870004825
bda019f7-5ac5-45f4-8df7-08dd9b623e06,Holcim (Australia) Pty Ltd,35.76648878225017,4.096044781206501
bdaba7b8-59a6-415e-c8a8-08dc77c8811e,Advanced Readymix,44.95543409313421,3.9970565429261056
bdea234c-dbd6-4b81-c3f6-08dd3b4aca66,Hymix,59.90176133927971,3.899922872118497
be6140f8-7d68-4d80-470e-08dd7b9e2093,Holcim (Australia) Pty Ltd,52.22769205311712,3.9631546245028684
be7e4f88-916e-423f-37d7-08dd0777a053,"The Concrete Products and Aggregate Co., Ltd.",76.99131721801642,4.491196078026156
be832543-572c-40ee-9b33-08dc5e0dad96,Gunlake Concrete NSW Pty Ltd,66.74518815758628,3.9761277259549277
be90df1b-7685-4bf7-8d80-08dd9b623e06,Holcim (Australia) Pty Ltd,48.69413533005144,4.102186819314772
bed361fc-0a52-4962-65e0-08dd7b9ded23,Holcim (Australia) Pty Ltd,44.81584136571105,3.8034660342801625
befe9b5d-1bed-485c-65e4-08dd7b9ded23,Holcim (Australia) Pty Ltd,69.29218549621478,4.4892902870004825
befea412-cf7c-4e07-52ed-08dcfd218296,Piave Premix Concrete Pty Ltd,47.91847653718336,4.597549872325785
beff9b9a-9392-4c17-37cc-08dd60f74b45,Holcim (Australia) Pty Ltd,62.914546532632826,4.144049779338812
bf923a2f-2643-4f4b-ca60-08de852fe431,Heidelberg Materials Australia Pty Ltd,35.24783383981536,3.7331632847017415
bf9ef2d2-1df8-47bb-7c7f-08dc7a6854e0,Holcim (Australia) Pty Ltd,68.25797377239068,4.488909929713596
bfabd652-f1fb-40ac-8e27-08dd9b623e06,Holcim (Australia) Pty Ltd,43.6092610212496,3.906271359578325
c09bb1bb-1b03-4635-52ee-08dcfd218296,Piave Premix Concrete Pty Ltd,47.91847653718336,4.600128444526542
c0b45229-b019-47da-02df-08dd33837503,Holcim (Australia) Pty Ltd,45.24676291730443,4.1618772628397815
c1071c1d-3b6d-456e-4533-08dc6fc9d4ca,Western Suburbs Concrete,53.05715571091714,4.18830252289255
c10fba50-f482-4bcd-3802-08dd60f74b45,Holcim (Australia) Pty Ltd,49.09058315751734,4.461781140181634
c11904ba-476a-41b8-4714-08dd7b9e2093,Holcim (Australia) Pty Ltd,27.04861431539957,3.712093520927859
c12f64b4-efb0-4bb8-8dd4-08dd9b623e06,Holcim (Australia) Pty Ltd,34.12898688619534,3.906271359578325
c154c8f3-b0ae-461f-65b9-08dd7b9ded23,Holcim (Australia) Pty Ltd,53.21881162178188,4.156146267611975
c18ab750-2134-459f-8e1e-08dd9b623e06,Holcim (Australia) Pty Ltd,47.83229222686468,4.096044781206501
c19f9859-c164-4f24-8dd9-08dd9b623e06,Holcim (Australia) Pty Ltd,46.19479033080986,3.906271359578325
c1ac2a92-61a2-4f3a-bbb1-08dd77b6949d,Aurora Construction Materials Pty Ltd,45.266619782401854,4.5588026822150525
c1af0a73-90bf-4af9-a89a-08dd7ba10734,Holcim (Australia) Pty Ltd,42.19583833202333,3.80739266633843
c1bbc157-fc14-4d01-8e43-08dd9b623e06,Holcim (Australia) Pty Ltd,46.88426481335926,3.906271359578325
c1e7e965-9dd3-4034-177d-08de264ff5fb,Hazell Bros Concrete Pty Ltd,43.23731366952109,4.02575902994194
c20c0a5c-cd12-4aea-c8f6-08dc77c8811e,Hazell Bros Concrete Pty Ltd,56.23203918972958,4.55061950420236
c24f202a-4fec-494c-8e42-08dd9b623e06,Holcim (Australia) Pty Ltd,48.09084515782071,3.906271359578325
c2b06769-7f9a-4140-8dd3-08dd9b623e06,Holcim (Australia) Pty Ltd,35.33556723065679,3.906271359578325
c2ecfcbb-d251-4f17-4547-08dc6fc9d4ca,Western Suburbs Concrete,53.66789651677492,4.18830252289255
c31956cb-c3e6-4534-477f-08dd189cf347,Barro Group Pty Ltd,32.06536355989464,3.8833580489871924
c347da1f-3297-4101-5006-08de54b72735,ADBRI,36.1506346241094,3.9300179375456366
c35b802f-f1b8-494f-19c6-08dd6676faf1,ADBRI,49.95606733196408,4.2367718519918
c3968921-ff86-44f9-bbb4-08dd77b6949d,Aurora Construction Materials Pty Ltd,38.53050373005694,4.465809430768974
c398fcde-2492-4cb5-8e0e-08dd9b623e06,Holcim (Australia) Pty Ltd,34.64609274810739,3.906271359578325
c39a4e04-b801-48b5-37cb-08dd60f74b45,Holcim (Australia) Pty Ltd,63.77638963581958,4.144049779338812
c3b025f0-5917-4c55-bb8f-08dd77b6949d,Aurora Construction Materials Pty Ltd,57.95894868930901,4.168699957649801
c3c1ddf0-9e80-46c3-c3fa-08dd3b4aca66,Hymix,39.5367738911408,3.7715145394031455
c3f24f94-114b-4e4d-3807-08dd60f74b45,Holcim (Australia) Pty Ltd,37.05925343703029,4.142477324729153
c3f2c328-13e5-4018-997d-08dc8a1e4132,Heidelberg Materials Australia Pty Ltd,52.90307195489092,4.088648179319895
c4009713-a70f-4e8a-8de9-08dd9b623e06,Holcim (Australia) Pty Ltd,30.474772128683515,3.8034660342801625
c404341c-7f9d-4ca7-994a-08dc8a1e4132,Heidelberg Materials Australia Pty Ltd,31.23419182910685,3.867303653287483
c40f44d0-7521-487e-8e09-08dd9b623e06,Holcim (Australia) Pty Ltd,34.64609274810739,3.906271359578325
c4147443-1f8d-4b1c-8d5f-08dd9b623e06,Holcim (Australia) Pty Ltd,40.041230574056456,3.910197991636593
c41ea1a6-27ec-4a7d-02cb-08dd33837503,Holcim (Australia) Pty Ltd,53.77900963885327,3.9098176343497077
c49e94ac-6b36-4ade-bb9a-08dd77b6949d,Aurora Construction Materials Pty Ltd,34.38161206028765,3.976710157247898
c4b4bfad-3737-4510-9958-08dc8a1e4132,Heidelberg Materials Australia Pty Ltd,35.666985833963686,3.867303653287483
c4bee8fd-b5a6-4eab-37c0-08dd60f74b45,Holcim (Australia) Pty Ltd,76.1869303217088,4.571731323879454
c4cafed8-d872-4c9c-9948-08dc8a1e4132,Heidelberg Materials Australia Pty Ltd,33.35267038048693,4.088648179319895
c4cba227-0a66-4066-6c39-08dd7b9e477e,Holcim (Australia) Pty Ltd,53.21881162178188,4.156146267611975
c4d4d7dd-b2ac-4172-6520-08dd60fd554a,Holcim (Australia) Pty Ltd,43.023207711082605,3.8382254311591106
c51d3903-3dc0-4053-8e72-08dd9b623e06,Holcim (Australia) Pty Ltd,36.26635778209848,3.8034660342801625
c5410636-5935-49af-37f3-08dd60f74b45,Holcim (Australia) Pty Ltd,50.67637446738096,4.571731323879454
c55767ff-b2ce-44d7-6c26-08dd9b648d8a,Holcim (Australia) Pty Ltd,35.68030447193149,3.906271359578325
c570a824-9186-4f2f-8e7a-08dd9b623e06,Holcim (Australia) Pty Ltd,40.265309780885005,3.8034660342801625
c596863a-2a81-4d9f-371e-08dd60f74b45,Holcim (Australia) Pty Ltd,41.97175912519478,4.101806462027886
c5bacfc3-7370-4ac8-e74d-08de848015c8,Heidelberg Materials Australia Pty Ltd,50.90661032639601,3.847108309672007
c5cd7f87-5c01-4ec8-22bd-08dcc15f556a,Allied Concrete Limited,81.88427282485418,4.589268894939169
c5d4d290-f9b3-4c09-13c5-08dda8a18414,Piave Premix Concrete Pty Ltd,35.95874608988413,3.7410522877608607
c5e0d656-e440-42d0-e1ef-08dda8a83202,Piave Premix Concrete Pty Ltd,50.84874308801831,3.9905025012471493
c5efd892-8eae-466a-2cb7-08dd9821d576,Neilsen's Concrete Pty Ltd,48.27967314393038,4.26145605421732
c6028579-e7b0-4e2a-26fe-08de8531b889,Heidelberg Materials Australia Pty Ltd,44.45123099286084,3.8608656182620185
c6084579-b8b0-4b90-37e2-08dd60f74b45,Holcim (Australia) Pty Ltd,60.67375446434727,4.463353594791292
c6350c52-bc9d-4c92-02c9-08dd33837503,Holcim (Australia) Pty Ltd,62.60428301548559,4.3913564868136135
c6427568-5ba2-4528-9395-08dd77b57c22,Aurora Construction Materials Pty Ltd,41.09086239468277,3.976710157247898
c66957b4-fd34-4d57-11b9-08dd3384faff,Holcim (Australia) Pty Ltd,62.60428301548559,4.3913564868136135
c67d89a1-f103-458a-52f7-08dcfd218296,Piave Premix Concrete Pty Ltd,30.509245852810988,3.994429133305418
c6a0dfef-ccaa-4cc5-8df6-08dd9b623e06,Holcim (Australia) Pty Ltd,40.541099573904766,4.3913564868136135
c711323f-e90d-44bd-65ed-08dd7b9ded23,Holcim (Australia) Pty Ltd,49.98689998483156,4.102186819314772
c71d0323-c189-4975-c88e-08dc77c8811e,Advanced Readymix,56.58536245673547,3.8876021225089015
c74b4cf7-c0a9-46c3-b3b1-08dd77b24f44,Aurora Construction Materials Pty Ltd,57.91585653414967,3.976710157247898
c76f7f88-47c6-4e48-7c87-08dc7a6854e0,Holcim (Australia) Pty Ltd,59.57059529226822,4.3913564868136135
c7b90a63-9d10-45a1-4716-08dd7b9e2093,Holcim (Australia) Pty Ltd,74.63561273597264,3.9631546245028684
c7cf6add-58cb-4804-c7bb-08dcb7f24298,Allied Concrete Limited,55.57934241276516,4.379740609801556
c7f97c23-7703-4324-6504-08dd60fd554a,Holcim (Australia) Pty Ltd,37.40399067830499,3.947131504171436
c8034ce0-31a4-4165-8e79-08dd9b623e06,Holcim (Australia) Pty Ltd,37.92109654021704,3.906271359578325
c808af71-47a4-4e3d-ac76-08dd77b6196f,Aurora Construction Materials Pty Ltd,77.5658792868076,4.5588026822150525
c81eb25e-8f3a-44d2-bb92-08dd77b6949d,Aurora Construction Materials Pty Ltd,55.67506446586412,3.976710157247898
c85e0ede-eda4-4e8d-bbab-08dd77b6949d,Aurora Construction Materials Pty Ltd,61.190860326259326,4.168699957649801
c85f4d47-e36d-4158-26fc-08de8531b889,Heidelberg Materials Australia Pty Ltd,48.74654531149578,3.8608656182620185
c887b90f-263c-4e4a-3724-08dd60f74b45,Holcim (Australia) Pty Ltd,37.71425419545223,3.9098176343497077
c88de6f7-63a5-4dcc-bba4-08dd77b6949d,Aurora Construction Materials Pty Ltd,41.46528194335278,4.168699957649801
c9a79295-99e4-45d8-52f4-08dcfd218296,Piave Premix Concrete Pty Ltd,32.75003792109654,4.192542262712916
c9acd44a-186f-4aaf-37b5-08dd60f74b45,Holcim (Australia) Pty Ltd,63.15586260152511,4.463353594791292
c9b7e4cd-a9a0-4188-8d84-08dd9b623e06,Holcim (Australia) Pty Ltd,53.64973317337525,4.102186819314772
c9ca614b-9fec-4e8c-8dfe-08dd9b623e06,Holcim (Australia) Pty Ltd,42.47162812504309,4.3913564868136135
c9fbcfde-1ce2-446f-e831-08dcdd059e16,Advanced Readymix,48.94893708890084,4.193028582450176
ca4eed90-a5e5-4891-993e-08dc8a1e4132,Hymix,34.22332691593582,3.7513919271497445
ca60e1ec-37bd-416a-91a2-08dd3384fdc0,Holcim (Australia) Pty Ltd,53.64973317337525,4.096044781206501
ca6fdf0e-b925-4374-5fc5-08de1ce13427,Gunlake Concrete NSW Pty Ltd,308.8576097298639,5.09431834567838
ca778268-5757-4434-6527-08dd60fd554a,Holcim (Australia) Pty Ltd,36.26635778209848,3.8382254311591106
cad90f32-1a17-4c75-8e6d-08dd9b623e06,Holcim (Australia) Pty Ltd,40.07570429818392,4.096044781206501
caf708ee-31ff-4e0c-37c5-08dd60f74b45,Holcim (Australia) Pty Ltd,71.42955639211792,4.463353594791292
cb5c6fd0-bae1-4495-3801-08dd60f74b45,Holcim (Australia) Pty Ltd,41.644258745983805,4.463353594791292
cb656871-f02a-4501-ca4d-08de852fe431,Heidelberg Materials Australia Pty Ltd,65.58012605600067,3.871741988327595
cb719531-565c-4eb1-bb95-08dd77b6949d,Aurora Construction Materials Pty Ltd,46.19479033080986,4.5588026822150525
cc27b5b8-e857-4747-11c5-08dd3384faff,Holcim (Australia) Pty Ltd,58.60533101669907,4.1618772628397815
ccdcc4b2-e598-454e-8e20-08dd9b623e06,Holcim (Australia) Pty Ltd,63.43165239454488,4.488909929713596
cce4b48b-2739-4806-22c1-08dcc15f556a,Allied Concrete Limited,45.96496550329339,4.364981823113152
cced8a74-7238-42f8-37ea-08dd60f74b45,Holcim (Australia) Pty Ltd,40.541099573904766,4.463353594791292
cd3514c5-642f-4b9b-5a02-08dd3b2eda46,Heidelberg Materials Australia Pty Ltd,52.40519820754992,4.087691038755662
cd3c4fe3-6bcc-4cf6-ca52-08de852fe431,Heidelberg Materials Australia Pty Ltd,59.02351184716109,4.379448296702793
cd687eaa-599d-4670-7c95-08dc7a6854e0,Holcim (Australia) Pty Ltd,51.88295481184242,3.906271359578325
cd965a6b-6a2d-4c97-26fd-08de8531b889,Heidelberg Materials Australia Pty Ltd,48.68983640564817,3.8608656182620185
cd975ff3-46c9-43e0-4b0e-08dd3b362932,Heidelberg Materials Australia Pty Ltd,40.51332156754091,4.2971039007413125
cdbc1bdf-5308-4896-37f5-08dd60f74b45,Holcim (Australia) Pty Ltd,46.88426481335926,4.571731323879454
cddc1177-8940-494d-8d99-08dd9b623e06,Holcim (Australia) Pty Ltd,41.78215364249369,3.80739266633843
cde88954-37d9-4a93-8e4e-08dd9b623e06,Holcim (Australia) Pty Ltd,69.98165997876418,4.488909929713596
cdfd969d-b558-424d-2cb9-08dd9821d576,Neilsen's Concrete Pty Ltd,48.478674554254745,4.259566223755726
ce276058-f805-48b1-3809-08dd60f74b45,Holcim (Australia) Pty Ltd,36.62833188543692,4.144049779338812
ce68676a-a9d3-4afa-4797-08dd189cf347,Barro Group Pty Ltd,36.07484107613176,3.8833580489871924
ce6aa5e9-f70a-484d-ca0f-08de852fe431,Heidelberg Materials Australia Pty Ltd,45.36068015463344,3.8459490047819473
cf45a96a-ca8f-4b52-04a3-08dd7ba37ded,Holcim (Australia) Pty Ltd,50.0558474330865,3.85424855149054
cf8488a6-1843-4c44-c885-08dc77c8811e,Advanced Readymix,54.69204781346426,3.805102946822733
cf98c8dc-cbf0-4c58-8dd1-08dd9b623e06,Holcim (Australia) Pty Ltd,33.09477516237124,3.906271359578325
cfab1c44-cbae-406b-8ee1-08dd9b623e06,Holcim (Australia) Pty Ltd,59.846385085287984,4.3913564868136135
cfab8c13-ab22-44e7-6ea1-08dd9750f06d,Piave Premix Concrete Pty Ltd,43.9539982625243,3.9939874857686215
cfada48c-98c8-4b81-b3a6-08dd77b24f44,Aurora Construction Materials Pty Ltd,51.457543540313566,4.465809430768974
cfd3fbe1-d042-4cfb-b828-08de1ce0f3e6,Gunlake Concrete NSW Pty Ltd,45.30742805333775,3.9938990450902154
cfeafb56-f2ae-4780-6515-08dd60fd554a,Holcim (Australia) Pty Ltd,46.53952757208456,3.947131504171436
d0d97fa5-e1f8-4c3b-8db4-08dd9b623e06,Holcim (Australia) Pty Ltd,48.26321377845806,4.488909929713596
d11632b2-71ed-4d42-c8f0-08dc77c8811e,Hazell Bros Concrete Pty Ltd,70.0246900812201,4.595183780858887
d19d786e-36b5-4d5d-c8ce-08dc77c8811e,Advanced Readymix,38.93559963595747,3.9970565429261056
d21d295f-02f7-431c-c27b-08ddbd0c507e,Gunlake Concrete NSW Pty Ltd,46.194271845998976,3.738005105927141
d22f69ca-b434-4cc3-8e4f-08dd9b623e06,Holcim (Australia) Pty Ltd,60.94954425736703,4.3913564868136135
d231d5b8-bf17-4c24-468e-08dd7b9e2093,Holcim (Australia) Pty Ltd,48.04775300266137,4.156146267611975
d2483902-9bde-4ded-4534-08dc6fc9d4ca,Western Suburbs Concrete,49.10427956811319,3.992404799535054
d270eedc-0c8d-43b2-46b9-08dd7b9e2093,Holcim (Australia) Pty Ltd,69.63692273748948,4.4892902870004825
d29d7b09-74e3-4a23-e74f-08de848015c8,Heidelberg Materials Australia Pty Ltd,41.480836222227104,3.858966374987572
d2a61598-505a-4c21-992e-08dc8a1e4132,Heidelberg Materials Australia Pty Ltd,47.58837038534936,3.8837412512167595
d2ba490d-4614-478c-6c3b-08dd7b9e477e,Holcim (Australia) Pty Ltd,72.82574221928047,4.156146267611975
d2c387c0-a731-4b58-8d79-08dd9b623e06,Holcim (Australia) Pty Ltd,56.53690756905086,4.393952250150502
d2dad9ac-e504-40fe-c8da-08dc77c8811e,Hazell Bros Concrete Pty Ltd,70.4883226005139,4.823590225979255
d2fad195-8f4b-4f13-9b2e-08dc5e0dad96,Gunlake Concrete NSW Pty Ltd,27.842495587363317,3.75358030228417
d30a2a5c-c62b-4c6c-46c2-08dd7b9e2093,Holcim (Australia) Pty Ltd,49.64216274355686,3.910197991636593
d3e6710b-b7cc-498f-b823-08de1ce0f3e6,Gunlake Concrete NSW Pty Ltd,63.48605193121803,4.030568247881998
d3ed878c-3158-4d7c-b3b4-08dd77b24f44,Aurora Construction Materials Pty Ltd,50.503326714378304,4.5588026822150525
d45967c1-1a9c-49b4-faa4-08dd1326b98c,Allied Concrete Limited,38.38074619524998,3.7811996633122065
d47fa34a-372f-470e-996b-08dc8a1e4132,Heidelberg Materials Australia Pty Ltd,68.28894913122491,4.304932247354108
d49d9719-d79e-4eb2-866e-08de8f93de68,Outwest Concrete Pty Ltd,46.57853081810888,4.045259229840255
d4a7e6a0-c47f-41be-8dc5-08dd9b623e06,Holcim (Australia) Pty Ltd,38.7829396434038,4.096044781206501
d527fef1-6b8a-4b27-6c21-08dd9b648d8a,Holcim (Australia) Pty Ltd,34.47372412747004,4.096044781206501
d545b471-8b9b-47a8-64e9-08db4c6777db,Hallett Group Pty Ltd,81.08219914780953,4.382363907662004
d5841366-1cd7-479c-e1ee-08dda8a83202,Piave Premix Concrete Pty Ltd,48.72286343349099,4.870517132138212
d59ba6e2-e2dd-4e2e-91a3-08dd3384fdc0,Holcim (Australia) Pty Ltd,63.56092886002289,4.162288305720246
d5bba9ec-4de2-4365-5a09-08dd3b2eda46,Heidelberg Materials Australia Pty Ltd,64.3014404204367,3.865246543083761
d61e28f6-06df-48cf-ac6c-08dd77b6196f,Aurora Construction Materials Pty Ltd,68.77507963430273,3.976710157247898
d691f5af-efd3-403b-3713-08dd60f74b45,Holcim (Australia) Pty Ltd,51.241743543071465,4.393571892863616
d69a9604-20ae-4f7d-6c2b-08dd9b648d8a,Holcim (Australia) Pty Ltd,41.1961003323267,3.906271359578325
d6b20631-0942-4e75-7c7a-08dc7a6854e0,Holcim (Australia) Pty Ltd,61.77691363642631,4.393571892863616
d6f9214c-3263-45d9-faa9-08dd1326b98c,Allied Concrete Limited,81.08219914780953,4.495495197180418
d717db98-61f6-46a2-7c94-08dc7a6854e0,Holcim (Australia) Pty Ltd,49.64216274355686,3.906271359578325
d723d5ac-078e-4331-c907-08dc77c8811e,Hazell Bros Concrete Pty Ltd,72.6393000455053,4.500974876105044
d728ef5b-0e60-4398-ca46-08de852fe431,Heidelberg Materials Australia Pty Ltd,58.7180261020474,4.072630692944033
d787f0d9-d00a-4aea-03c7-08dd189d02b2,Barro Group Pty Ltd,48.594670017512655,3.989942065267981
d79e9a55-f98d-4282-8dd5-08dd9b623e06,Holcim (Australia) Pty Ltd,41.1961003323267,3.906271359578325
d7a18d42-a6c8-4406-7c98-08dc7a6854e0,Holcim (Australia) Pty Ltd,48.60795101973276,3.906271359578325
d7aaada6-d2b8-414e-5fc3-08de1ce13427,Gunlake Concrete NSW Pty Ltd,57.54269915470429,3.9804163101824934
d7adfdea-5af4-4c44-fe8b-08deba12c90a,Holcim (New Zealand) Ltd,48.30487042195436,3.733092136052101
d7b4dd36-e552-4ae8-6516-08dd60fd554a,Holcim (Australia) Pty Ltd,46.53952757208456,3.947131504171436
d7c6bef3-ba15-4de6-c8cf-08dc77c8811e,Advanced Readymix,60.22740936857926,3.961986788531007
d7dbcbe7-7cce-4bc4-7c9e-08dc7a6854e0,Holcim (Australia) Pty Ltd,50.193742329596375,3.8034660342801625
d80dd349-6af9-4bae-65e9-08dd7b9ded23,Holcim (Australia) Pty Ltd,52.35696851859512,4.102186819314772
d832660e-840d-498e-65b4-08dd7b9ded23,Holcim (Australia) Pty Ltd,57.52802713771563,4.156146267611975
d83de452-4dd4-49da-9941-08dc8a1e4132,Hymix,59.07387094483911,3.867303653287483
d8a1eb90-080b-4a15-11c2-08dd3384faff,Holcim (Australia) Pty Ltd,74.54942842565397,4.162288305720246
d8c0ff7c-9912-4976-9952-08dc8a1e4132,Heidelberg Materials Australia Pty Ltd,30.08251773309098,3.867303653287483
d8cbf034-8bc1-4f32-8e2b-08dd9b623e06,Holcim (Australia) Pty Ltd,35.50793585129414,3.906271359578325
d8ceb222-6ac3-4a33-4790-08dd189cf347,Barro Group Pty Ltd,30.443522387236445,3.8833580489871924
d8cf7c16-5a04-4ae6-7c74-08dc7a6854e0,Holcim (Australia) Pty Ltd,52.033777354900096,4.101806462027886
d90f2e4a-47f3-443f-470b-08dd7b9e2093,Holcim (Australia) Pty Ltd,52.05532343247977,3.9631546245028684
d9454a0e-1ddd-43a1-8d67-08dd9b623e06,Holcim (Australia) Pty Ltd,42.33804244404914,4.102186819314772
d9627709-bef2-40a8-11c0-08dd3384faff,Holcim (Australia) Pty Ltd,53.26190377694122,3.906271359578325
d975d757-1406-4fab-4d34-08dd8df06d8e,Gunlake Concrete NSW Pty Ltd,65.54431597236587,4.02071171690477
d993334f-a594-413b-8d78-08dd9b623e06,Holcim (Australia) Pty Ltd,56.81269736207062,4.393952250150502
d99dcd9c-c90a-4208-65f5-08dd7b9ded23,Holcim (Australia) Pty Ltd,48.95268826100746,3.910197991636593
da3435da-78b3-481f-baff-08dd60f80706,Holcim (Australia) Pty Ltd,34.777092899791775,3.8070123090515446
da675838-275d-40e1-8d5c-08dd9b623e06,Holcim (Australia) Pty Ltd,37.71425419545223,3.910197991636593
da762419-0184-413a-bbb7-08dd77b6949d,Aurora Construction Materials Pty Ltd,34.049568044236686,3.976710157247898
daa3944a-8900-456c-653c-08dd60fd554a,Holcim (Australia) Pty Ltd,33.508459851900874,3.8382254311591106
dad5d9c8-a446-4cbd-ac6f-08dd77b6196f,Aurora Construction Materials Pty Ltd,47.88128352569671,4.465809430768974
db665e78-fe6a-4620-d152-08de264fe7c1,Hazell Bros Concrete Pty Ltd,71.37683457668565,4.939612706355547
db675f93-0436-4e1e-52f2-08dcfd218296,Piave Premix Concrete Pty Ltd,38.136557316013736,4.192542262712916
dbad7fc9-400a-43a7-c8a5-08dc77c8811e,Advanced Readymix,65.41745439126298,3.9959320910875133
dbe48002-1770-48c9-ca56-08de852fe431,Heidelberg Materials Australia Pty Ltd,46.101848452274574,4.082205476404386
dc48ca0c-cf79-4421-8d7a-08dd9b623e06,Holcim (Australia) Pty Ltd,51.29690150167541,4.393952250150502
dc927652-8761-4747-c8e7-08dc77c8811e,Hazell Bros Concrete Pty Ltd,72.80305023511079,4.500974876105044
dca15eb6-74f2-4624-478f-08dd189cf347,Barro Group Pty Ltd,46.62518400350253,4.145070669869016
dcf88814-4dcf-4c1c-801e-08dd09159811,"The Concrete Products and Aggregate Co., Ltd.",57.37412658357514,4.442067801822328
dd52e662-e91b-47b2-65db-08dd7b9ded23,Holcim (Australia) Pty Ltd,26.45858326783326,3.6118153579822874
dd706083-3f35-4958-5a61-08dd3b2eda46,Heidelberg Materials Australia Pty Ltd,47.14968829616428,3.871741988327595
dd8446f1-8419-475f-5a6a-08dd3b2eda46,Heidelberg Materials Australia Pty Ltd,45.96809061196083,3.871741988327595
dd906fa0-9779-4b47-8ee4-08dd9b623e06,Holcim (Australia) Pty Ltd,51.49512541540837,4.096044781206501
ddaa1b47-9053-420d-8de4-08dd9b623e06,Holcim (Australia) Pty Ltd,30.198982335663757,3.8034660342801625
de0f6aaa-1707-4bed-11bc-08dd3384faff,Holcim (Australia) Pty Ltd,70.32639722003888,4.488909929713596
de1073f8-07e9-46bb-3803-08dd60f74b45,Holcim (Australia) Pty Ltd,47.98742398543829,4.463353594791292
de149247-6ab3-47c2-6535-08dd60fd554a,Holcim (Australia) Pty Ltd,35.33556723065679,3.947131504171436
de184f16-c426-42bb-6519-08dd60fd554a,Holcim (Australia) Pty Ltd,37.74872791957969,3.947131504171436
de334411-8438-48c6-471b-08dd7b9e2093,Holcim (Australia) Pty Ltd,32.405300679821835,3.85424855149054
de40ceb4-c7a6-4d29-e373-08de8531c102,Heidelberg Materials Australia Pty Ltd,49.34199114748906,3.7331632847017415
de96013b-24da-4093-e83d-08dcdd059e16,Advanced Readymix,57.12642979770818,4.287992354002838
dea8d556-b86b-4c66-9980-08dc8a1e4132,Heidelberg Materials Australia Pty Ltd,42.73826478031033,4.403810700490091
deafefef-8b92-40f2-3788-08dd60f74b45,Holcim (Australia) Pty Ltd,50.193742329596375,4.359398176361655
dedf61d5-0cb1-4199-c877-08dc77c8811e,Advanced Readymix,102.31244727087194,4.567873272563055
df2a62c1-7e15-405e-c7be-08dcb7f24298,Allied Concrete Limited,79.16070216089163,4.589268894939169
df649257-cc58-418b-9982-08dc8a1e4132,Heidelberg Materials Australia Pty Ltd,30.852869217998688,4.098252384476607
df8f29ad-b1da-4fcd-996a-08dc8a1e4132,Heidelberg Materials Australia Pty Ltd,63.69541151059666,4.304932247354108
dfbbf97d-eafb-4d0c-ca61-08de852fe431,Heidelberg Materials Australia Pty Ltd,45.06637225970229,3.9028540830472336
dfd13502-113b-4a30-7c81-08dc7a6854e0,Holcim (Australia) Pty Ltd,68.25797377239068,4.488909929713596
e019147d-f722-4d69-37f4-08dd60f74b45,Holcim (Australia) Pty Ltd,46.88426481335926,4.571731323879454
e01d745b-a05b-4670-ca0c-08de852fe431,Heidelberg Materials Australia Pty Ltd,50.23698452388168,3.8459490047819473
e0204447-a740-4d62-c909-08dc77c8811e,Hazell Bros Concrete Pty Ltd,54.30826404114783,3.992837194176337
e020e68a-0e34-418b-8d58-08dd9b623e06,Holcim (Australia) Pty Ltd,49.11816213681931,4.393952250150502
e0224d4b-4dae-4543-049e-08dd7ba37ded,Holcim (Australia) Pty Ltd,23.01784041741845,3.712093520927859
e02c5dd7-aa77-4e2e-b3ac-08dd77b24f44,Aurora Construction Materials Pty Ltd,68.1200788758808,4.465809430768974
e052a2a1-b5ee-4e9b-8e37-08dd9b623e06,Holcim (Australia) Pty Ltd,34.36765113015475,3.6638526654043995
e0597d88-ddfa-4153-4a11-08dd9750a705,Piave Premix Concrete Pty Ltd,44.12636688316165,4.036863061924252
e05a4aa1-e88b-4ad3-37e9-08dd60f74b45,Holcim (Australia) Pty Ltd,58.74322591320895,4.463353594791292
e0665e11-b9b9-4e7c-9b30-08dc5e0dad96,Gunlake Concrete NSW Pty Ltd,57.82812366414319,3.9747453360442164
e0844925-e83d-464d-470c-08dd7b9e2093,Holcim (Australia) Pty Ltd,59.70849018877811,3.85424855149054
e08c95b5-8315-44cc-c8c5-08dc77c8811e,Advanced Readymix,59.784216550145466,4.500301645212687
e096c33f-59d2-4585-5971-08dd3b2eda46,Heidelberg Materials Australia Pty Ltd,42.7692817628165,3.7519129545543124
e09ec2eb-1df6-41ca-7a1b-08dcb1ce14e2,Gunlake Concrete NSW Pty Ltd,71.1594504543637,4.193972344269991
e0a3712d-bbf7-4179-c1aa-08dd33850764,Holcim (Australia) Pty Ltd,45.24676291730443,4.1618772628397815
e107c005-cb7a-4e81-997c-08dc8a1e4132,Heidelberg Materials Australia Pty Ltd,45.82588349218093,4.088648179319895
e12f08b6-4c45-41b0-46c5-08dd7b9e2093,Holcim (Australia) Pty Ltd,49.98689998483156,3.910197991636593
e160f2c4-97a4-444d-6500-08dd60fd554a,Holcim (Australia) Pty Ltd,36.62833188543692,4.144049779338812
e16f23cc-7fb2-49db-13c3-08dda8a18414,Piave Premix Concrete Pty Ltd,42.05794343551344,3.88552306029309
e1756750-4d82-4955-8db2-08dd9b623e06,Holcim (Australia) Pty Ltd,54.46848412140267,4.4892902870004825
e205a16e-16fe-4dd3-ca4e-08de852fe431,Heidelberg Materials Australia Pty Ltd,67.31822514625478,3.871741988327595
e23205b4-608f-4a6f-8def-08dd9b623e06,Holcim (Australia) Pty Ltd,45.24676291730443,4.096044781206501
e27b3fdb-d1e7-4a7c-4780-08dd189cf347,Barro Group Pty Ltd,52.56652739282119,3.989942065267981
e29842a6-dd29-46c7-4537-08dc6fc9d4ca,Western Suburbs Concrete,52.08166411561107,4.5036947911532454
e2c4121d-9401-42b7-22c2-08dcc15f556a,Allied Concrete Limited,43.04585507844082,4.364981823113152
e2cff650-47c8-4613-0ccc-08dd3b33b6a4,Heidelberg Materials Australia Pty Ltd,45.70372967405145,3.853777759419473
e2e18eac-af67-40d7-8d62-08dd9b623e06,Holcim (Australia) Pty Ltd,47.94002261476303,4.102186819314772
e311368a-4bd9-47a4-8e22-08dd9b623e06,Holcim (Australia) Pty Ltd,49.12505688164481,4.096044781206501
e32b0d55-631b-4a54-ca5d-08de852fe431,Heidelberg Materials Australia Pty Ltd,35.506295776066814,3.7331632847017415
e3523412-e963-46a9-b3ad-08dd77b24f44,Aurora Construction Materials Pty Ltd,64.7951097298639,4.168699957649801
e380255f-3994-41c4-5a2e-08dd3b2eda46,Heidelberg Materials Australia Pty Ltd,42.72907172073147,3.9089325441968583
e390a478-22cd-44f2-8e51-08dd9b623e06,Holcim (Australia) Pty Ltd,53.00335084598519,4.096044781206501
e41aa2e5-2177-44ff-66ad-08dcb1ce0e85,Gunlake Concrete NSW Pty Ltd,67.01246569864449,3.9958592148624916
e433a1fa-4eb5-4ad3-e376-08de8531c102,Heidelberg Materials Australia Pty Ltd,48.371239183737536,3.878793476558268
e4414741-7308-4dde-8e28-08dd9b623e06,Holcim (Australia) Pty Ltd,47.57373929590866,4.488909929713596
e441c88c-e251-437f-8dd8-08dd9b623e06,Holcim (Australia) Pty Ltd,44.12636688316165,3.906271359578325
e49ac730-8489-494e-8d9b-08dd9b623e06,Holcim (Australia) Pty Ltd,43.023207711082605,3.80739266633843
e50b1744-4553-4f83-03c8-08dd189d02b2,Barro Group Pty Ltd,49.3112563604021,3.8833580489871924
e56e3589-2896-4ced-e83b-08dcdd059e16,Advanced Readymix,38.82295932790028,4.200452127874415
e56eb286-febf-42f3-ca4b-08de852fe431,Heidelberg Materials Australia Pty Ltd,65.42021234979558,3.871741988327595
e5707eb9-492a-4eaa-bb9e-08dd77b6949d,Aurora Construction Materials Pty Ltd,66.91610991602201,3.976710157247898
e5751679-f07a-4c1e-38ad-08dd09087a22,"The Concrete Products and Aggregate Co., Ltd.",65.95972549722602,4.370573703449627
e584ddb8-34e3-4c6c-b3a7-08dd77b24f44,Aurora Construction Materials Pty Ltd,44.88293154207863,4.168699957649801
e5a3ce1e-cbf6-43eb-3729-08dd60f74b45,Holcim (Australia) Pty Ltd,34.777092899791775,3.8070123090515446
e5bd751b-6161-4ee2-65f7-08dd7b9ded23,Holcim (Australia) Pty Ltd,40.954784263434405,3.80739266633843
e62b3219-d225-410d-11ca-08dd3384faff,Holcim (Australia) Pty Ltd,92.00175126518567,4.1618772628397815
e6532cae-b61a-4692-52fc-08dcfd218296,Piave Premix Concrete Pty Ltd,42.87669438354087,4.225047029157942
e6636760-381f-4b14-65d8-08dd7b9ded23,Holcim (Australia) Pty Ltd,42.01485128035412,4.096044781206501
e6778235-4026-43e9-b3a9-08dd77b24f44,Aurora Construction Materials Pty Ltd,81.56490023304238,4.5588026822150525
e681f50b-c507-49a0-0a7d-08dd7b9f5e30,Holcim (Australia) Pty Ltd,59.01901570622871,4.3913564868136135
e6837ac0-9a75-4793-6533-08dd60fd554a,Holcim (Australia) Pty Ltd,33.95661826555799,3.947131504171436
e69ad365-9a7f-4689-6524-08dd60fd554a,Holcim (Australia) Pty Ltd,34.19793433445028,3.8382254311591106
e6ad40fc-f8bf-4d2f-46af-08dd7b9e2093,Holcim (Australia) Pty Ltd,48.814793364497575,4.3913564868136135
e6c8bd56-df01-4a24-6c27-08dd9b648d8a,Holcim (Australia) Pty Ltd,49.12505688164481,3.906271359578325
e6e3c497-53dc-4e60-b829-08de1ce0f3e6,Gunlake Concrete NSW Pty Ltd,43.69361546629159,3.8784214034873696
e6e5564b-ac73-49d2-8dbe-08dd9b623e06,Holcim (Australia) Pty Ltd,45.22952605524069,4.3913564868136135
e6f9aa7b-64d0-4d90-8da0-08dd9b623e06,Holcim (Australia) Pty Ltd,61.30807098829272,4.393952250150502
e70cf825-18a0-488e-37c9-08dd60f74b45,Holcim (Australia) Pty Ltd,67.29270949682152,4.463353594791292
e70fddc7-214c-430d-c8a9-08dc77c8811e,Advanced Readymix,71.77093865056054,3.961986788531007
e72b33b7-3064-4d55-ca07-08de852fe431,Heidelberg Materials Australia Pty Ltd,68.35176591665987,3.980660630007189
e73b81e7-265c-46e0-c8a4-08dc77c8811e,Advanced Readymix,46.43523593816793,4.193028582450176
e73fdf12-8773-4c9b-ac70-08dd77b6196f,Aurora Construction Materials Pty Ltd,47.88128352569671,4.465809430768974
e7495b5b-3572-4778-4696-08dd7b9e2093,Holcim (Australia) Pty Ltd,57.31256636191895,4.156146267611975
e757fd1e-ae88-4c9d-8dc0-08dd9b623e06,Holcim (Australia) Pty Ltd,43.57478729712213,4.3913564868136135
e773fc6d-19e5-4b0f-02dd-08dd33837503,Holcim (Australia) Pty Ltd,74.98034997724734,4.162288305720246
e77eb217-f023-4de3-0203-08dd60fb3cd6,Holcim (Australia) Pty Ltd,42.44577283194749,4.03902135014923
e7a1820a-f80a-4444-5311-08dcfd218296,Piave Premix Concrete Pty Ltd,28.32149028318308,3.7418966948272345
e7cd16b2-0bdd-434b-9974-08dc8a1e4132,Heidelberg Materials Australia Pty Ltd,47.41561740904776,4.088648179319895
e7d6c2e5-b6c3-4cba-ca54-08de852fe431,Heidelberg Materials Australia Pty Ltd,51.0904409037899,4.27436447491194
e7e0656f-9ad8-4ef2-3818-08dd60f74b45,Holcim (Australia) Pty Ltd,47.74610791654601,3.9455590495617767
e7e1a4e6-8e00-4bbc-ad9f-08dd4969b448,ADBRI,25.97689140067733,3.918170567936977
e7f55676-252a-4d65-5307-08dcfd218296,Piave Premix Concrete Pty Ltd,47.18590989947462,4.192542262712916
e7fa7fe5-d98c-4912-bbba-08dd77b6949d,Aurora Construction Materials Pty Ltd,68.92139689253851,4.168699957649801
e7fbfe00-8855-4f06-2cbb-08dd9821d576,Neilsen's Concrete Pty Ltd,36.82932776358954,4.259566223755726
e8169238-ed09-4cce-8e77-08ddbd0c67ed,Gunlake Concrete NSW Pty Ltd,42.589441281701234,3.7434377158640353
e8457db2-8736-4d88-8d72-08dd9b623e06,Holcim (Australia) Pty Ltd,62.05270342944608,4.4892902870004825
e8631f3d-1428-4bb5-997b-08dc8a1e4132,Heidelberg Materials Australia Pty Ltd,65.42863656533392,3.8619912449641225
e87c4777-ed82-4452-3789-08dd60f74b45,Holcim (Australia) Pty Ltd,60.67375446434727,4.272397415734901
e8c830a5-34cd-4233-46b5-08dd7b9e2093,Holcim (Australia) Pty Ltd,44.81584136571105,3.8034660342801625
e8deaab7-529d-4f50-8e63-08dd9b623e06,Holcim (Australia) Pty Ltd,39.64478274659055,4.096044781206501
e8f21bbd-53cc-4db8-37fc-08dd60f74b45,Holcim (Australia) Pty Ltd,55.15795860395207,4.571731323879454
e9427ec2-b765-4e5b-11c6-08dd3384faff,Holcim (Australia) Pty Ltd,49.98689998483156,4.1618772628397815
e98b781e-f7dc-45fa-9963-08dc8a1e4132,Heidelberg Materials Australia Pty Ltd,52.26961909720315,3.8619912449641225
e9906315-581a-4d37-4712-08dd7b9e2093,Holcim (Australia) Pty Ltd,33.094775162371235,3.85424855149054
e9947472-0e69-455c-ca62-08de852fe431,Heidelberg Materials Australia Pty Ltd,42.22186996411079,3.8459490047819473
e9a302eb-67cc-4f50-8db1-08dd9b623e06,Holcim (Australia) Pty Ltd,38.82271701739703,3.6677792974626677
e9b629fd-f769-443f-7c8e-08dc7a6854e0,Holcim (Australia) Pty Ltd,54.511576276562,4.096044781206501
e9ec0132-633b-466f-c8a3-08dc77c8811e,Advanced Readymix,44.88326335167335,4.193028582450176
ea3f2148-845f-4e8c-65e7-08dd7b9ded23,Holcim (Australia) Pty Ltd,60.12217487830775,4.393952250150502
ea484bc0-2fb6-4e37-992b-08dc8a1e4132,Heidelberg Materials Australia Pty Ltd,43.282701384634095,3.759877444883947
eaaaeb49-5858-46f6-3728-08dd60f74b45,Holcim (Australia) Pty Ltd,42.08552241481542,3.8070123090515446
eadb4d81-6a16-472a-ca5f-08de852fe431,Heidelberg Materials Australia Pty Ltd,48.14905695876818,3.7331632847017415
eb0942a1-a43f-440f-02d4-08dd33837503,Holcim (Australia) Pty Ltd,69.63692273748948,4.488909929713596
eb8938c3-6898-4ade-380d-08dd60f74b45,Holcim (Australia) Pty Ltd,38.61057102276645,3.9455590495617767
ebc150bf-0934-4347-6c23-08dd9b648d8a,Holcim (Australia) Pty Ltd,33.09477516237124,3.906271359578325
ebeeb0b4-6186-4024-37af-08dd60f74b45,Holcim (Australia) Pty Ltd,42.44577283194749,4.03902135014923
ec05181f-da3b-4514-5a66-08dd3b2eda46,Heidelberg Materials Australia Pty Ltd,47.025397131863286,4.118279754727331
ec0f1a5e-9936-4f4a-02dc-08dd33837503,Holcim (Australia) Pty Ltd,53.21881162178188,4.162288305720246
ec4ee5a5-fba5-4372-37b2-08dd60f74b45,Holcim (Australia) Pty Ltd,45.22952605524069,4.463353594791292
ecca7bb4-8af8-4fbd-ac65-08dd77b6196f,Aurora Construction Materials Pty Ltd,42.7918724747997,4.465809430768974
ecedd0bc-de3c-4c16-8d83-08dd9b623e06,Holcim (Australia) Pty Ltd,49.98689998483156,4.102186819314772
ecfa7777-b23f-4099-9931-08dc8a1e4132,Heidelberg Materials Australia Pty Ltd,55.799029304909055,3.8773417559144754
ed11293b-2904-4602-995a-08dc8a1e4132,Heidelberg Materials Australia Pty Ltd,35.72837135787862,3.8619912449641225
ed206c5e-1759-40ef-6c37-08dd7b9e477e,Holcim (Australia) Pty Ltd,60.54447799886926,4.156146267611975
ed3e1bf4-9dc3-406a-8df8-08dd9b623e06,Holcim (Australia) Pty Ltd,34.30135550683269,3.906271359578325
ed3f83e2-1a9e-4caf-c632-08ddbcffd29b,Gunlake Concrete NSW Pty Ltd,58.44057591803527,4.03078043985195
ed5810ba-0b7d-4892-8e0f-08dd9b623e06,Holcim (Australia) Pty Ltd,35.85267309256884,3.8034660342801625
ed604643-7e1d-453c-c900-08dc77c8811e,Hazell Bros Concrete Pty Ltd,66.91460686165006,3.997428038429782
ed6156bf-720f-488a-38b1-08dd09087a22,"The Concrete Products and Aggregate Co., Ltd.",68.35647012704061,4.115680582441056
ed78fcd0-47d1-47d6-7c71-08dc7a6854e0,Holcim (Australia) Pty Ltd,59.15691060273858,4.393571892863616
edd51137-7dbe-46f6-8dcf-08dd9b623e06,Holcim (Australia) Pty Ltd,36.54214757511824,3.906271359578325
ee0bc4bb-c0e3-42b5-5eaa-08dcd6c527c2,Daracrete Pty Ltd,53.6536506420261,3.7935216591987295
ee0e7bc5-9932-4bae-7c8c-08dc7a6854e0,Holcim (Australia) Pty Ltd,54.29611550076532,4.096044781206501
ee18d099-f126-4a09-bb9f-08dd77b6949d,Aurora Construction Materials Pty Ltd,56.6029592244791,4.5588026822150525
ee756426-b257-4ae3-5972-08dd3b2eda46,Heidelberg Materials Australia Pty Ltd,52.673561097946056,4.40284555932037
eebcbf71-b0e9-42e2-bba2-08dd77b6949d,Aurora Construction Materials Pty Ltd,47.23209365821371,4.465809430768974
eedf3a55-5fa0-4c5e-8e78-08ddbd0c67ed,Gunlake Concrete NSW Pty Ltd,37.71850135826472,3.8149938671623143
ef0985cb-08d0-4d06-6c53-08dd7b9e477e,Holcim (Australia) Pty Ltd,37.74872791957969,3.906271359578325
ef34049d-9103-4f91-37cd-08dd60f74b45,Holcim (Australia) Pty Ltd,62.914546532632826,4.144049779338812
ef3881db-71a0-4663-8e12-08dd9b623e06,Holcim (Australia) Pty Ltd,38.4382024021291,3.906271359578325
ef5d570d-a8e5-419e-9b29-08dc5e0dad96,Gunlake Concrete NSW Pty Ltd,123.90255406420134,4.548843475196459
ef8f81e0-05d5-4b4c-7c9d-08dc7a6854e0,Holcim (Australia) Pty Ltd,44.67794646920117,3.8034660342801625
efa5ee30-7033-47cb-ac0e-08dd09113687,"The Concrete Products and Aggregate Co., Ltd.",81.25949258617939,4.47986429332786
efd37bdf-26a0-413d-478c-08dd189cf347,Barro Group Pty Ltd,279.7592975633972,4.810046032494684
efed17eb-8f4b-4f1e-6545-08dd60fd554a,Holcim (Australia) Pty Ltd,43.78162964188695,3.910197991636593
f01646f2-835d-40f5-5a0b-08dd3b2eda46,Heidelberg Materials Australia Pty Ltd,45.06521570653144,4.098537580862271
f02c2c98-064f-405d-8e38-08dd9b623e06,Holcim (Australia) Pty Ltd,32.49148499014051,3.6118153579822874
f07a3ccb-b40e-4118-bb94-08dd77b6949d,Aurora Construction Materials Pty Ltd,46.0470290544547,4.5588026822150525
f0d3d0ae-cf84-435b-26fa-08de8531b889,Heidelberg Materials Australia Pty Ltd,43.96321295549428,3.747341568046188
f149a16c-8f8a-424b-c8db-08dc77c8811e,Hazell Bros Concrete Pty Ltd,56.341748369392846,4.55061950420236
f1508427-09ea-4579-8ee0-08dd9b623e06,Holcim (Australia) Pty Ltd,67.22376204856658,4.488909929713596
f1538779-d11d-4017-478b-08dd189cf347,Barro Group Pty Ltd,30.049950702574492,3.7240062234740514
f1941379-ea03-476c-65b5-08dd7b9ded23,Holcim (Australia) Pty Ltd,60.54447799886926,4.156146267611975
f1987522-fa07-4afd-8d7b-08dd9b623e06,Holcim (Australia) Pty Ltd,58.2192253064714,4.393952250150502
f1a279e0-92d6-40e9-530b-08dcfd218296,Piave Premix Concrete Pty Ltd,40.93754740137067,4.1899772534552
f22234be-eb81-463d-8e5a-08dd9b623e06,Holcim (Australia) Pty Ltd,40.291165073980615,4.064238179438268
f2315252-9fe0-48da-653e-08dd60fd554a,Holcim (Australia) Pty Ltd,42.74741791806285,3.8382254311591106
f2497c94-ad8c-4ef0-11bf-08dd3384faff,Holcim (Australia) Pty Ltd,55.80434093134213,4.096044781206501
f2521bc5-4cba-4392-37ed-08dd60f74b45,Holcim (Australia) Pty Ltd,34.90464567906342,4.144049779338812
f2594c4a-6ab9-44a1-8d6b-08dd9b623e06,Holcim (Australia) Pty Ltd,41.97175912519478,4.102186819314772
f27faab3-5221-4b02-7c8f-08dc7a6854e0,Holcim (Australia) Pty Ltd,54.29611550076532,4.096044781206501
f28a6752-773a-46e9-8da4-08dd9b623e06,Holcim (Australia) Pty Ltd,43.9539982625243,4.102186819314772
f2bcdf27-4409-4763-370f-08dd60f74b45,Holcim (Australia) Pty Ltd,56.91611853445304,4.487272645565508
f3010b82-4fd0-4fab-8e32-08dd9b623e06,Holcim (Australia) Pty Ltd,50.50400584674361,3.906271359578325
f379f287-c4d0-4de4-8eeb-08dd9b623e06,Holcim (Australia) Pty Ltd,48.09084515782071,3.906271359578325
f37a821d-f36d-43c8-b3b2-08dd77b24f44,Aurora Construction Materials Pty Ltd,57.68368117320978,3.976710157247898
f37b3d02-73bf-4951-c1a9-08dd33850764,Holcim (Australia) Pty Ltd,45.24676291730443,4.162288305720246
f3c4711d-f500-479d-5a5d-08dd3b2eda46,Heidelberg Materials Australia Pty Ltd,47.11817520520657,4.118279754727331
f3d8a533-8bf8-4e18-6523-08dd60fd554a,Holcim (Australia) Pty Ltd,36.26635778209848,3.8382254311591106
f3e05701-5dfd-4ebe-3814-08dd60f74b45,Holcim (Australia) Pty Ltd,36.02504171320619,3.947131504171436
f3e13293-f555-4636-8d9e-08dd9b623e06,Holcim (Australia) Pty Ltd,42.74741791806285,3.80739266633843
f44356de-baf9-486a-c8f9-08dc77c8811e,Hazell Bros Concrete Pty Ltd,41.06612060287649,3.9545790590130085
f48cd853-d4b6-4f14-5e69-08de5a62211a,Laterlite S.p.A.,88.79439203358761,4.694920670470002
f4ab834a-460b-4d96-c1a5-08dd33850764,Holcim (Australia) Pty Ltd,55.15795860395207,4.096044781206501
f4d1181c-66d5-42f6-8d55-08dd9b623e06,Holcim (Australia) Pty Ltd,56.91611853445304,4.4892902870004825
f53f00af-99b2-4bc3-ca10-08de852fe431,Heidelberg Materials Australia Pty Ltd,42.21636134782512,3.734095335380887
f548f045-65b3-42fe-11bd-08dd3384faff,Holcim (Australia) Pty Ltd,61.22533405038679,4.3913564868136135
f5b8bfc6-1cf4-4e2b-371a-08dd60f74b45,Holcim (Australia) Pty Ltd,46.582619727243895,4.101806462027886
f5e0b747-4fda-4977-8e59-08dd9b623e06,Holcim (Australia) Pty Ltd,48.53900357147781,4.357182770311653
f6393f37-2814-453e-9984-08dc8a1e4132,Heidelberg Materials Australia Pty Ltd,28.90480466252413,3.8769078584441936
f656491a-1063-407b-6c36-08dd7b9e477e,Holcim (Australia) Pty Ltd,47.83229222686468,4.156146267611975
f69d0d54-af29-4f45-46ae-08dd7b9e2093,Holcim (Australia) Pty Ltd,48.26321377845806,3.906271359578325
f6baa871-c954-4fbc-04a9-08dd7ba37ded,Holcim (Australia) Pty Ltd,26.942541318084277,3.712093520927859
f6e9b252-63d0-43bf-8dad-08dd9b623e06,Holcim (Australia) Pty Ltd,65.12086487679092,4.4892902870004825
f76945e4-3a2c-4256-c8f3-08dc77c8811e,Hazell Bros Concrete Pty Ltd,53.47078179511576,3.9951175140699937
f7f6934d-ae8f-4328-5a0d-08dd3b2eda46,Heidelberg Materials Australia Pty Ltd,50.11725637490882,3.853777759419473
f807ce29-8d90-4875-c8dc-08dc77c8811e,Hazell Bros Concrete Pty Ltd,49.28632772101104,4.45864110302766
f8183f8f-e953-4fe0-8d7d-08dd9b623e06,Holcim (Australia) Pty Ltd,52.67585046677422,4.393952250150502
f871b346-635c-43f4-7c76-08dc7a6854e0,Holcim (Australia) Pty Ltd,49.79729450213047,3.9098176343497077
f8802b2f-62a5-4d79-c869-08dc77c8811e,Advanced Readymix,46.69389677188046,3.888476164686979
f8961eb5-8511-4579-8e1b-08dd9b623e06,Holcim (Australia) Pty Ltd,90.66589445524622,4.488909929713596
f8d6f9e1-f690-47d2-c1ab-08dd33850764,Holcim (Australia) Pty Ltd,45.031302141507744,4.162288305720246
f8e567eb-e214-4ee3-4723-08dd7b9e2093,Holcim (Australia) Pty Ltd,52.262165777244576,3.9093873327149105
f9010420-b1b8-4d6f-6541-08dd60fd554a,Holcim (Australia) Pty Ltd,69.63692273748948,4.571731323879454
f91051b6-fc66-462b-23c7-08de365afc10,Heidelberg Materials Australia Pty Ltd,37.05706931792509,4.0946994805754855
f93866fa-d07e-433f-7c85-08dc7a6854e0,Holcim (Australia) Pty Ltd,60.12217487830775,4.3913564868136135
f93b21a7-743e-4535-8d96-08dd9b623e06,Holcim (Australia) Pty Ltd,43.9539982625243,3.910197991636593
f9beb7f6-2dd4-44b4-9935-08dc8a1e4132,Heidelberg Materials Australia Pty Ltd,46.86428747989062,4.088648179319895
fa323827-890c-4b4c-8d6d-08dd9b623e06,Holcim (Australia) Pty Ltd,41.73044305630248,3.910197991636593
fa459774-77c4-4351-8e08-08dd9b623e06,Holcim (Australia) Pty Ltd,36.19741033384354,4.096044781206501
fa4d1ed6-4077-4de8-8dc1-08dd9b623e06,Holcim (Australia) Pty Ltd,39.43794040182572,4.3913564868136135
fa8c9c15-6b4e-4d36-992f-08dc8a1e4132,Heidelberg Materials Australia Pty Ltd,46.36660719535433,3.8837412512167595
faa807e4-f337-4e92-8e74-08dd9b623e06,Holcim (Australia) Pty Ltd,40.72208662557399,4.096044781206501
fad91dd5-d9e3-429d-7c7b-08dc7a6854e0,Holcim (Australia) Pty Ltd,53.1326273114632,4.101806462027886
fb2365ad-d6b3-4e23-02d7-08dd33837503,Holcim (Australia) Pty Ltd,53.86519394917194,4.096044781206501
fb3f588f-d686-44c4-04a8-08dd7ba37ded,Holcim (Australia) Pty Ltd,25.88181134493135,3.712093520927859
fb9172e6-6791-4b8f-8d8d-08dd9b623e06,Holcim (Australia) Pty Ltd,43.9539982625243,3.910197991636593
fba220dd-6100-4f0c-4545-08dc6fc9d4ca,Western Suburbs Concrete,64.62589804051352,4.600296577680064
fbc22f90-519e-4ba7-8dd6-08dd9b623e06,Holcim (Australia) Pty Ltd,32.23293205918449,3.906271359578325
fbe33284-940f-48b8-5312-08dcfd218296,Piave Premix Concrete Pty Ltd,30.12473123754305,3.7418966948272345
fbf22b6b-d0ad-4ea9-38b4-08dd09087a22,"The Concrete Products and Aggregate Co., Ltd.",92.50449307537794,4.5212917051712544
fc31550e-edc6-4694-6539-08dd60fd554a,Holcim (Australia) Pty Ltd,40.67899447041465,3.947131504171436
fc40e8a0-9715-4513-8e78-08dd9b623e06,Holcim (Australia) Pty Ltd,38.136557316013736,4.096044781206501
fc4b0fb9-8021-418b-8da1-08dd9b623e06,Holcim (Australia) Pty Ltd,46.97044912367793,4.102186819314772
fc59a2be-d7ea-45b3-470f-08dd7b9e2093,Holcim (Australia) Pty Ltd,37.40399067830499,3.9631546245028684
fc87a63a-613c-4d7a-c8fb-08dc77c8811e,Hazell Bros Concrete Pty Ltd,65.93152828913801,4.09610043976633
fc88cf8d-b623-469e-993d-08dc8a1e4132,Hymix,36.098075466128186,3.867303653287483
fcb93048-704e-4a47-0b16-08de21a44932,ADBRI,34.33863821006643,3.852566691854105
fce05cf3-3bff-4663-994f-08dc8a1e4132,Heidelberg Materials Australia Pty Ltd,44.27202698811552,4.403769109535163
fd435c0e-a14b-4a45-9953-08dc8a1e4132,Heidelberg Materials Australia Pty Ltd,29.990923942061528,3.7513919271497445
fd678efe-ae4e-4704-ae21-08ddeba0cac3,HOLCIM AZERBAIJAN OJSC,100.81652256540656,4.585092572979402
fd70a2dd-b09b-43e5-8d77-08dd9b623e06,Holcim (Australia) Pty Ltd,57.9985934720556,4.393952250150502
fd7d2ccf-7086-46b2-801f-08dd09159811,"The Concrete Products and Aggregate Co., Ltd.",50.03614816215652,4.1381458831651505
fd89aca4-573c-4228-4713-08dd7b9e2093,Holcim (Australia) Pty Ltd,49.78005764006674,3.85424855149054
fdb3b82b-9651-486e-4538-08dc6fc9d4ca,Western Suburbs Concrete,42.923860901970514,4.18830252289255
fdb62a4c-d2aa-4bda-bbbb-08dd77b6949d,Aurora Construction Materials Pty Ltd,66.2156262496725,3.976710157247898
fdc4212c-81cd-4e98-5a29-08dd3b2eda46,Heidelberg Materials Australia Pty Ltd,45.11349258990526,4.303975106789875
fdc93869-8cba-48cd-6c2f-08dd9b648d8a,Holcim (Australia) Pty Ltd,33.094775162371235,3.8034660342801625
fde8aee3-f7ac-4c1e-7c8b-08dc7a6854e0,Holcim (Australia) Pty Ltd,58.74322591320895,4.3913564868136135
fdfd0bb5-07ac-4557-9983-08dc8a1e4132,Heidelberg Materials Australia Pty Ltd,30.22711042429677,4.098252384476607
fe31e25d-4a7b-41dc-ca58-08de852fe431,Heidelberg Materials Australia Pty Ltd,88.4248025598863,4.341052608532185
fe4f3cce-7e35-496a-4721-08dd7b9e2093,Holcim (Australia) Pty Ltd,65.67244446283043,3.9592279924446006
fe784472-bbdf-4776-8dbb-08dd9b623e06,Holcim (Australia) Pty Ltd,45.78110564128021,4.3913564868136135
fe7e78ca-740e-4f7e-7c75-08dc7a6854e0,Holcim (Australia) Pty Ltd,50.69792054496063,4.101806462027886
fef6f3b7-55a8-4d0b-1ddf-08dda8a8481c,Piave Premix Concrete Pty Ltd,30.681614473448334,3.684371130341983
ff42c9c5-6b32-4d39-ca5e-08de852fe431,Heidelberg Materials Australia Pty Ltd,48.65777470463616,3.7331632847017415
ffaef56e-23d3-4728-11c3-08dd3384faff,Holcim (Australia) Pty Ltd,44.81584136571105,4.162288305720246
ffd1097c-7be2-4360-bbb0-08dd77b6949d,Aurora Construction Materials Pty Ltd,55.14055799169873,3.976710157247898
