variant,fitted_on,uuid,owner,geo,year,strength_psi,gwp_a1a3,gwp_per_ksi,y_external_top_decile,proba
no_adaptation,full_us_sample,0053a523-ddb7-4656-a478-8055e84313a2,Heidelberg Materials Beton Danmark A/S,DK,2025,2320.608,110.934520739994,47.80407580254571,0,0.1019496061249688
no_adaptation,full_us_sample,00b7a5e0-9d7c-49eb-8beb-dd77ff12608f,A/S Ikast Betonvarefabrik,DK,2025,3625.95,174.196103067033,48.04150720970586,0,0.0045610518582415195
no_adaptation,full_us_sample,00f66c0c-af18-4b38-9369-0852faadf93c,Heidelberg Materials Beton Danmark A/S,DK,2024,3625.95,187.77959057556495,51.7876944181704,0,0.0037744821321653035
no_adaptation,full_us_sample,01145859-af70-4f30-96ab-f4a8f3e92f9d,Trønderbetong AS,NO,2023,4351.14,178.682479404929,41.06567000945247,0,0.007311593361037444
no_adaptation,full_us_sample,01ed916b-7f87-4e91-bc15-549e6430a59d,Heidelberg Materials Beton Danmark A/S,DK,2024,5801.52,364.02385630130505,62.74628998974494,1,0.0003622155968287049
no_adaptation,full_us_sample,0375f9de-f1e4-4bba-88ef-b43f7add35e5,Vadsø Transportservice as,NO,2024,5076.33,239.946767226184,47.26776376362135,0,0.0005322848376283657
no_adaptation,full_us_sample,03fee8e9-6033-441e-9300-7e9a73ed5ead,Heidelberg Materials Lietuva Betonas UAB  -  Concrete,LT,2025,5076.33,305.27741036344503,60.13742415553068,0,0.0007566992521121246
no_adaptation,full_us_sample,04377811-b78b-4b3e-b4e8-d108636ac797,,SE,2020,6526.710000000001,385.0,58.98837239589317,0,0.00042087017768898457
no_adaptation,full_us_sample,048103a7-40be-41cb-80c2-760bf98c00c3,Nordnes Betong og anlegg AS,NO,2023,6526.710000000001,284.63733422902794,43.61115082928886,0,0.0002464793685635129
no_adaptation,full_us_sample,07c8d947-86a7-46a8-b858-8739531e2f7c,Heidelberg Materials Beton Danmark A/S,DK,2025,5076.33,265.247981193394,52.25191845159674,0,0.0006433238568581039
no_adaptation,full_us_sample,0db1875a-3563-4756-a930-7a315229ae5f,Aurland Energibygg AS,NO,2023,4351.14,230.969206335572,53.0824580076881,0,0.006236280041548433
no_adaptation,full_us_sample,0e2199f5-b3a0-4305-adb5-e28a8e7f07da,Vestfold Betong AS ,NO,2017,4351.14,218.52,50.221321308898354,0,0.0070448189897916545
no_adaptation,full_us_sample,0e2e8489-92cb-4efc-9c0c-d0c9a85411e4,Blanderiet AS,NO,2025,5076.33,208.58711144601705,41.09014020877623,0,0.0005081884945135351
no_adaptation,full_us_sample,117c2917-69a6-4c63-8ed7-7867ec851ef4,Heidelberg Materials Beton Danmark A/S,DK,2025,2900.76,164.38539807085905,56.6697686367914,0,0.021921542980574867
no_adaptation,full_us_sample,13848bf1-420a-4c17-a1a1-323d7bd7d4ee,Heidelberg Materials Beton Danmark A/S,DK,2024,5076.33,228.883727456774,45.08842558635353,0,0.0005066654920486726
no_adaptation,full_us_sample,17420ee0-629c-46c0-860d-2281f57d1620,Hjelmeset Betong AS,NO,2023,4351.14,228.717112365346,52.56487089943003,0,0.006435605174354963
no_adaptation,full_us_sample,176384c9-a597-4f62-9115-7916953dbd26,Betong og Sand AS,NO,2019,4351.14,219.42568348741,50.42946986017687,0,0.005779379318995281
no_adaptation,full_us_sample,18188887-32dc-4f74-9ec4-f712933e2712,Gammelrand Beton A/S,DK,2025,5076.33,247.044402432825,48.66594615259942,0,0.0007997044056482705
no_adaptation,full_us_sample,184b0d0e-1197-4c85-b5f1-1ec2203152e5,A/S Ikast Betonvarefabrik,DK,2024,2900.76,125.829552388394,43.378132761205336,0,0.04699861696565531
no_adaptation,full_us_sample,195cf726-3fa0-41a7-957a-f15f66f51809, Betongservice AS,NO,2024,6526.710000000001,250.789,38.42502577868481,0,0.001239045058376955
no_adaptation,full_us_sample,19a240b1-73d0-45e9-af13-d220da5c1cc8,Heidelberg Materials Beton Danmark A/S,DK,2024,5801.52,388.16015297831706,66.90663015525536,1,0.0003542180387239236
no_adaptation,full_us_sample,1a6c6e84-e653-47d8-878f-56c2119d73c7,Egersund Betongindustri AS,NO,2024,4351.14,173.705229118286,39.92177432081846,0,0.006843031831685775
no_adaptation,full_us_sample,1dfed1a5-ec4e-4e59-ae9e-7cd26a8c58f8,A/S Ikast Betonvarefabrik,DK,2024,3625.95,221.906621583635,61.19958123626497,0,0.004411750829581379
no_adaptation,full_us_sample,1e38d3d2-84de-478b-88d9-4de6d7809a48,Egersund Betongindustri AS,NO,2024,5076.33,194.75348595128503,38.36501684312979,0,0.0009478718805722921
no_adaptation,full_us_sample,234b9546-19b5-47fd-9f45-dd744227acb5,Heidelberg Materials Beton Danmark A/S,DK,2025,5076.33,207.856085857864,40.94613349759847,0,0.0005233113610903792
no_adaptation,full_us_sample,239d9a9f-27d7-42ca-91d0-ad82712cdc16,FC Beton,DK,2024,3625.95,167.689981144872,46.24718519143176,0,0.004222068897534757
no_adaptation,full_us_sample,241d07eb-c749-442e-8fc9-b32ca596e238,Heidelberg Materials Beton Danmark A/S,DK,2025,5801.52,241.13725374418505,41.56449581216389,0,0.00033996431204447316
no_adaptation,full_us_sample,25ba3a4a-3ce7-48f6-8111-bc6bd180ba96,Berg Betong AS,NO,2025,6526.710000000001,197.674757646776,30.287044720353126,0,0.00045930565069983
no_adaptation,full_us_sample,25e178b2-43ad-4af4-a36b-5d8fb11a1eb1,A/S Ikast Betonvarefabrik,DK,2024,4351.14,228.475023416346,52.50923284848247,0,0.0038865441500010815
no_adaptation,full_us_sample,26a1ba43-be02-4cb9-97a9-7cf15f9ff2da,,SE,2020,4351.14,251.0,57.6860317066332,0,0.011124441228190066
no_adaptation,full_us_sample,26dc06d2-e3ca-49e3-aefb-5f99b7012747,FC Beton,DK,2024,2320.608,128.373919120059,55.31908841133833,0,0.08582591615627552
no_adaptation,full_us_sample,270826d5-d940-42e8-b7bf-86d90ad252a4,SCHWENK Zement GmbH & Co. KG,DE,2025,4351.14,139.0,31.945651024788905,0,0.008524404945710688
no_adaptation,full_us_sample,272c19f5-d605-46ae-8170-9e7493276764,Mathias Øen transport,NO,2025,5076.33,235.558893739164,46.403384677348406,0,0.0009059567152964944
no_adaptation,full_us_sample,27ae796a-250d-4aff-aca6-028e8e065649,Unicon A/S,DK,2023,2900.76,122.129818228979,42.10269661363884,0,0.03325354115688088
no_adaptation,full_us_sample,282e2d7d-5880-430d-9f01-fc0361c2fd34,Opshaug Sandtak AS,NO,2020,4351.14,237.619890106098,54.61095025811581,0,0.004884577470306178
no_adaptation,full_us_sample,2835ca0e-3d80-457a-8fe1-341c4828853a,Unicon A/S,DK,2023,4351.14,151.934634158556,34.918351089267645,0,0.0026237796711429473
no_adaptation,full_us_sample,29c49da0-ae9b-4c48-b03a-d79a3c986023,Unicon A/S,DK,2023,3625.95,173.840467447503,47.94342653580523,0,0.0021563967952084586
no_adaptation,full_us_sample,2ad69921-5452-4a1f-8893-aef31e783e3b,Rissa Betong AS,NO,2021,4351.14,247.272251607502,56.82930257530256,0,0.004157704623599998
no_adaptation,full_us_sample,2c369410-0ae3-4872-83dd-51ada5a33c09,Heidelberg Materials Beton Danmark A/S,DK,2025,3625.95,117.272493328793,32.34255666205904,0,0.009033255132552825
no_adaptation,full_us_sample,2fd6f2b1-1066-49fc-820e-4633360bf1fc,Heidelberg Materials Beton Danmark A/S,DK,2024,4351.14,277.4887218038,63.773797626323216,1,0.004511162581593187
no_adaptation,full_us_sample,2ff36156-e80c-413a-896e-e6bd1ddc8fdc,,SE,2020,4351.14,262.0,60.21410480931434,0,0.011124441228190066
no_adaptation,full_us_sample,305476d0-bdb0-46cf-83eb-e7cf71f3170b,Velde Betong AS,NO,2015,6526.710000000001,252.8687,38.74367024120881,0,0.0004295956047964561
no_adaptation,full_us_sample,30620709-31a6-4912-83ba-104c8f78529e,Skagen Cement Støberi A/S,DK,2026,2320.608,110.56666778657602,47.64556003710063,0,0.2107065628831209
no_adaptation,full_us_sample,337b9f19-fa35-4e89-86de-261625321f4b,Egersund Betongindustri AS,NO,2024,5076.33,189.206032961986,37.27220904905434,0,0.0009478718805722921
no_adaptation,full_us_sample,33f98a40-f306-4c55-b31b-2c0ee125e80d,Velde Betong AS,NO,2015,5076.33,242.7527,47.82051206284856,0,0.0009202073771151818
no_adaptation,full_us_sample,34148c32-97e8-48dc-9074-8a79735ef8f1,Wewers Beton A/S,DK,2025,4351.14,203.569033963054,46.78521811825269,0,0.005663217146722404
no_adaptation,full_us_sample,34eddde7-8ea7-4ba7-b98c-25e5c00e2771,Wewers Beton A/S,DK,2025,5076.33,304.58742553962,60.001502175709625,0,0.0008648842517935218
no_adaptation,full_us_sample,3500d4a3-c8e6-4578-bb87-a49c79f3d1ad,Unicon A/S,DK,2023,5076.33,242.973872289881,47.86408139145426,0,0.000850623490442643
no_adaptation,full_us_sample,36a733f2-6e50-4237-bf29-b896e8de99a2,Velde Betong AS,NO,2015,4351.14,209.5267,48.15443768759452,0,0.006487641743395933
no_adaptation,full_us_sample,37284b20-6995-4b72-bd23-dcaf99469e9c,Gammelrand Beton A/S,DK,2025,5801.52,312.243402307828,53.82096455891352,0,0.0004089887540460645
no_adaptation,full_us_sample,3c53747b-a740-4510-a620-f97071117760,A/S Ikast Betonvarefabrik,DK,2024,4351.14,241.482568229592,55.49868959159944,0,0.0038064627350626874
no_adaptation,full_us_sample,3f99b39b-2f57-4a5f-ac74-1d6612ab7cf2,Unicon A/S,DK,2026,5076.33,249.641568783821,49.17756898858447,0,0.0008007395588117763
no_adaptation,full_us_sample,410e5883-cd68-418a-a2b5-0b1ced4f6711,Unicon A/S,DK,2024,5076.33,300.520723558295,59.20039153449343,0,0.0007889883643386616
no_adaptation,full_us_sample,43371547-46c1-45e9-8cf0-b3aef90b9318,Unicon A/S,DK,2023,3625.95,200.65179082176,55.33771585977743,0,0.006801984671984904
no_adaptation,full_us_sample,43920a45-edbc-49cb-8dc3-07d9356a277a,Wewers Beton A/S,DK,2025,3625.95,213.358908806976,58.84220929879782,0,0.006013418437127372
no_adaptation,full_us_sample,43ed11b1-6776-4a50-b21c-d72a0049029a,Heidelberg Materials UK,GB,2024,4641.216,265.72,57.25223734469588,0,0.003515179374270993
no_adaptation,full_us_sample,44ddc697-6419-438d-81a1-372d91b63337,Heidelberg Materials Beton Danmark A/S,DK,2024,3625.95,166.44217211556898,45.90305219751209,0,0.004111985104434216
no_adaptation,full_us_sample,4573bc72-1961-454f-a410-fdaf9a667463,Storegga Betong AS,NO,2024,4351.14,530.119737275541,121.83467718242598,1,0.020027589441801493
no_adaptation,full_us_sample,45a21c71-e0e0-4b68-89cb-68097162c565,Heidelberg Materials Beton Danmark A/S,DK,2025,3625.95,203.57472288424103,56.14383068829989,0,0.009068447492540637
no_adaptation,full_us_sample,46b191a0-1044-4321-bb54-f67da662c057,Sylteosen Betong AS,NO,2025,4351.14,194.290348047808,44.6527457282018,0,0.00841743081412837
no_adaptation,full_us_sample,48323856-8105-4327-a2fa-d284fcd7b7b4,Heidelberg Materials UK,GB,2025,2320.608,104.85,45.18212468456542,0,0.16111870078931975
no_adaptation,full_us_sample,4895e95e-976e-44b9-a405-36ab28061749,Velde Betong AS,NO,2020,4351.14,198.721088614297,45.67103991466535,0,0.007097719077494741
no_adaptation,full_us_sample,48b6af7b-3ac1-4be8-91c8-0c31d641cbda,Namdal Betong & Plast AS,NO,2024,6526.710000000001,255.07481556908203,39.08168366130592,0,0.0004929735890126539
no_adaptation,full_us_sample,48d84b4a-6132-49da-ae43-20a2ce918e41,Vestfold Betong AS,NO,2025,5076.33,113.87073818028598,22.431705224106,0,0.0009059567152964944
no_adaptation,full_us_sample,49ad7154-c30a-4da6-b156-63d286178b7f,Storegga Betong AS,NO,2025,5076.33,204.895050708894,40.36283116127084,0,0.0010442634161388143
no_adaptation,full_us_sample,4a47cd4a-401f-475b-a8c2-0e7198359759,Sylteosen Betong AS,NO,2022,6526.710000000001,294.38158609806,45.10413149934039,0,0.00030385648950847355
no_adaptation,full_us_sample,4ba63a77-d5ae-4673-95ab-00faf24bbe3e,Heidelberg Materials UK,GB,2024,4061.064,145.4,35.80342491524389,0,0.017535515809318475
no_adaptation,full_us_sample,4bdf70d8-809c-40cd-992a-39200e3b56ad,SCHWENK Transportbeton GmbH & Co.KG,DE,2026,4351.14,209.53639391261257,48.15666558938866,0,0.0031334343652023185
no_adaptation,full_us_sample,4bf69ab3-6c56-46e4-84fd-ddbb253e2fc1,Heidelberg Materials Beton Danmark A/S,DK,2024,4351.14,293.914130353237,67.54876431308507,1,0.003982887070288332
no_adaptation,full_us_sample,4d15d11e-ee2a-4185-9bfc-e4c1536806e7,Per A. Øren Entreprenør AS,NO,2025,5076.33,334.566670361198,65.90719483587515,1,0.0007763436621752061
no_adaptation,full_us_sample,4d5308bb-52fe-4d89-84c2-609ec4ad6375,A/S Ikast Betonvarefabrik,DK,2025,2320.608,115.359371066304,49.71083917072768,0,0.1849406865627376
no_adaptation,full_us_sample,4e1d7a52-bc9d-4cb7-be17-59bf8f33dbfc,Heidelberg Materials Beton Danmark A/S,DK,2025,4351.14,224.524482324884,51.6013004235405,0,0.003982887070288332
no_adaptation,full_us_sample,4f98e7dd-a08a-4a6f-8682-2157dec26ae2,Unicon A/S,DK,2024,4351.14,218.85785814273095,50.29896949827654,0,0.005483347059985922
no_adaptation,full_us_sample,4ff3b52a-1e15-4c16-9d07-0803537a3185,Heidelberg Materials Beton Danmark A/S,DK,2025,2320.608,145.555263960408,62.72290018840236,1,0.081400105939187
no_adaptation,full_us_sample,50349d8f-77c0-4747-b219-39fc5ba4bd07,A/S Ikast Betonvarefabrik,DK,2024,5801.52,438.330814782148,75.55447792684468,1,0.00032684208132491884
no_adaptation,full_us_sample,50953002-d72f-4a78-aa5e-3fdbbebf2140,Unicon A/S,DK,2023,5076.33,168.628471106182,33.21857938829469,0,0.0009675934654853387
no_adaptation,full_us_sample,51d2799c-e8f2-45e9-b32a-8cf6a33744de,Unicon A/S,DK,2024,5076.33,240.19199656892,47.31607215624675,0,0.0007537687380498579
no_adaptation,full_us_sample,527bc893-14d4-4e27-b9ad-7d2c168ff741,OK Ferdigbetong AS,NO,2024,6526.710000000001,283.637070099069,43.4578938085297,0,0.0003096628914001867
no_adaptation,full_us_sample,532592ff-eb8a-4bb2-8e47-1b55e967e859,Heidelberg Materials Beton Danmark A/S,DK,2025,5076.33,205.022843708308,40.38800545045496,0,0.000501061376409293
no_adaptation,full_us_sample,54178621-cddf-4029-ac35-d7c63968095e,Wewers Beton A/S,DK,2025,3625.95,158.419782953955,43.690559151106605,0,0.006005210698949213
no_adaptation,full_us_sample,54f3596b-c01a-4e8f-bab7-d015b9653f40,Rjukan Betong AS,NO,2025,5076.33,214.410109612412,42.23722839382231,0,0.0009478718805722921
no_adaptation,full_us_sample,5552e83b-09ad-4d6d-8cdc-bee9592af143,Heidelberg Materials Beton Danmark A/S,DK,2025,4351.14,217.874801650925,50.07303870960829,0,0.004511162581593187
no_adaptation,full_us_sample,5739d50f-1a92-404b-a316-f558bc9989fe,Syltemoa Sandtak AS,NO,2020,4351.14,226.502964101656,52.05600465663159,0,0.005599369362261984
no_adaptation,full_us_sample,58476c51-01e2-4866-bd27-d665341f09fe,Unicon A/S,DK,2023,5076.33,259.698976854104,51.15880505288348,0,0.0007443694770292166
no_adaptation,full_us_sample,5c1cc1dc-d457-442a-b2ad-44683d58c03d,Blanderiet AS,NO,2025,5076.33,226.206037008007,44.56094009018464,0,0.0005081884945135351
no_adaptation,full_us_sample,5d15ecb4-6b4b-48ee-ba8d-4d4aab1f636d,Wewers Beton A/S,DK,2025,4351.14,217.061613551915,49.88614789501487,0,0.005823203539068578
no_adaptation,full_us_sample,5e9a50a0-69a0-4fbd-93ac-3b18695dc685,Lister Ferdigbetong AS,NO,2025,6526.710000000001,210.813262007254,32.30008105266727,0,0.00045930565069983
no_adaptation,full_us_sample,5edace34-732e-46be-b147-de20c7919147,Heidelberg Materials Beton Danmark A/S,DK,2025,5076.33,201.41665424876,39.677612418570114,0,0.000501061376409293
no_adaptation,full_us_sample,614ceba8-0873-409a-96e0-9299f6242972,Wewers Beton A/S,DK,2025,2320.608,146.66914499424698,63.202895531794674,1,0.12371736405378381
no_adaptation,full_us_sample,62005f1c-5394-4459-a726-d4840d4eb409,A/S Ikast Betonvarefabrik,DK,2025,2900.76,166.650714406674,57.45070754101477,0,0.018653745200805753
no_adaptation,full_us_sample,62243852-dae2-4f10-b96b-92ce2f042e34,Unicon A/S,DK,2023,5801.52,298.483369543422,51.44916669138812,0,0.00035568941057760334
no_adaptation,full_us_sample,62ce8e03-0606-4157-a641-bb7fd29a0d29,Heidelberg Materials Beton Danmark A/S,DK,2025,2320.608,123.998687229632,53.4337066965347,0,0.1019496061249688
no_adaptation,full_us_sample,6332e6b3-0527-45e7-a6d0-84a12656f084,Heidelberg Materials Benelux SA  -  RMC,BE,2025,6526.710000000001,236.306527644184,36.20607130455987,0,0.0003158140854861647
no_adaptation,full_us_sample,6380fce1-ea13-4ee7-8e3b-58ed1925a03b,,DK,2023,4351.14,219.113964989478,50.35782921015596,0,0.00551645311962986
no_adaptation,full_us_sample,66252e2d-e8f2-4b9c-8df1-bb14a6eefd9d,Unicon A/S,DK,2023,2320.608,110.250142968384,47.50916267132752,0,0.09359054876092571
no_adaptation,full_us_sample,66f1f25b-30e6-4a78-8021-0826384688cd,Gammelrand Beton A/S,DK,2025,5076.33,282.18835998908304,55.58904956712488,0,0.0007434743680911695
no_adaptation,full_us_sample,676cd3b4-fb40-4318-80f0-7df77f83ca55,Fosen Betong  AS,NO,2021,4351.14,243.520797475742,55.96712527653489,0,0.007097719077494741
no_adaptation,full_us_sample,6827bfae-b7dd-4dd7-b9ba-4f2f1f660aba,AS Uthaug Sementstøperi,NO,2019,5076.33,269.13910262795093,53.018441005204735,0,0.0008726407410382637
no_adaptation,full_us_sample,6adc4542-fad3-4ee9-86e2-e84a7cf3160d,Sola Betong AS,NO,2025,4351.14,194.922347677685,44.79799493412876,0,0.004145867879893467
no_adaptation,full_us_sample,6b0c3450-cbf9-4873-a67f-be3dd0402e10,NOBI AS,NO,2021,4351.14,195.732679127735,44.98422921986767,0,0.006869916997126645
no_adaptation,full_us_sample,6c7ca93f-42af-461c-8a9b-fefffc736221,Stjern Betong AS,NO,2021,4351.14,238.471064555307,54.80657127909169,0,0.006862516102289457
no_adaptation,full_us_sample,6c93a43d-2bcd-48a5-906e-36d6ccab1cb8,Sylteosen Betong AS,NO,2020,5076.33,282.448495956457,55.64029445612422,0,0.0010037834828818938
no_adaptation,full_us_sample,6d4c86c4-9cf6-43ae-a5a4-5796640c0aee,FC Beton,DK,2024,4351.14,240.36852967783705,55.24265587359566,0,0.004145867879893467
no_adaptation,full_us_sample,6e35bfe4-5f4f-4a32-bf8c-532aced3b54e,Blanderiet AS,NO,2025,6526.710000000001,219.560384305078,33.64028496824249,0,0.00041080088794346323
no_adaptation,full_us_sample,6e589de6-0245-42de-a361-5a3900c24558,Trønderbetong AS,NO,2017,5076.33,197.961532901643,38.99697870344186,0,0.0009826290478603754
no_adaptation,full_us_sample,6fc996e2-f735-4902-a6b2-b1dd23bfd6b0,Unicon A/S,DK,2023,1740.456,101.436945197539,58.28182108455427,0,0.9146550776522474
no_adaptation,full_us_sample,701821fe-06a4-49a4-9dab-c8f52f3a3403,Heidelberg Materials Beton Danmark A/S,DK,2025,5076.33,248.336480019662,48.920476017056025,0,0.0006045160260045049
no_adaptation,full_us_sample,711f934b-4001-45f7-a8e8-7a47b669f2c3,Wewers Beton A/S,DK,2025,2900.76,131.993943837162,45.50322806339097,0,0.03504560383172114
no_adaptation,full_us_sample,71a77881-f678-4378-a858-a555077ae000,Betong Vest AS,NO,2021,4351.14,242.337944171314,55.69527621986744,0,0.005238954098702458
no_adaptation,full_us_sample,72131ede-f474-48a5-b0de-c6ccbe39a118,Lister Ferdigbetong AS,NO,2025,5076.33,201.95703087559696,39.78406267433303,0,0.0009478718805722921
no_adaptation,full_us_sample,728c656a-8e79-4b77-82f8-a6d655c82834,A/S Ikast Betonvarefabrik,DK,2025,4351.14,232.950775165567,53.537871722253705,0,0.013089505294510126
no_adaptation,full_us_sample,7606db54-62ed-4932-82e2-8003776ee494,Aurland Energibygg AS,NO,2020,4351.14,230.114638813934,52.88605717442647,0,0.007246165328929315
no_adaptation,full_us_sample,76136927-4295-4a40-bd12-6371ad370794,Unicon A/S,DK,2023,5076.33,185.57765913280696,36.55744585809177,0,0.0009675934654853387
no_adaptation,full_us_sample,765d9ed5-608f-42ff-992e-67ac8bed2f5c,Heidelberg Materials Lietuva Betonas UAB  -  Concrete,LT,2025,3625.95,219.757555888309,60.60689085296515,0,0.003639368766206148
no_adaptation,full_us_sample,78d9f536-6cd4-4d66-8e6f-4fd11128eb91,Unicon A/S,DK,2024,5076.33,178.79696306207,35.22169816817859,0,0.0008890743057462058
no_adaptation,full_us_sample,791c5085-c392-4891-870f-cec8aa80f16f,Heidelberg Materials Beton Danmark A/S,DK,2025,3625.95,200.16861176584305,55.2044600079546,0,0.004069340058737447
no_adaptation,full_us_sample,79533c56-843a-47a1-b388-f29a40598a4d,Egersund Betongindustri AS,NO,2024,6526.710000000001,212.81311581875,32.60649175752408,0,0.00045930565069983
no_adaptation,full_us_sample,7dd6d534-7499-4c78-8ded-8b447ea59c44,OK Ferdigbetong AS,NO,2025,6526.710000000001,267.00784919311,40.91002192423288,0,0.0003096628914001867
no_adaptation,full_us_sample,7fea73c1-b728-4239-861f-20ad73d0d2ef,Heidelberg Materials Beton Danmark A/S,DK,2025,3625.95,191.632930541656,52.85040624985341,0,0.004069340058737447
no_adaptation,full_us_sample,801c7ee9-e148-4e9a-9572-87e4ad643adf,FC Beton,DK,2025,2900.76,178.266340464638,61.4550464239158,0,0.02639807481830976
no_adaptation,full_us_sample,80e06109-8a0c-49f7-9dfc-8604b1b65dfc,Wewers Beton A/S,DK,2025,2320.608,176.69262544977397,76.14066031392375,1,0.12290131486493572
no_adaptation,full_us_sample,8114f7b5-8e82-42a3-8234-1b368bfa2317,Skagen Cement Støberi A/S',DK,2024,5076.33,270.075767175429,53.202957092117536,0,0.0007351926172008792
no_adaptation,full_us_sample,81f2aae7-c19a-4afa-b110-52c2bfc7cce2,Heidelberg Materials Beton Danmark A/S,DK,2025,5801.52,298.117064968134,51.38602727701257,0,0.0003542180387239236
no_adaptation,full_us_sample,83bd1d95-7d69-4ea9-8465-975d963cccd4,Heidelberg Materials UK,GB,2024,4061.064,256.64,63.19526114338508,1,0.015996504099980813
no_adaptation,full_us_sample,8489b3e1-6c3b-463b-9c87-3fb4f8f12bdc,Lister Ferdigbetong AS,NO,2025,6526.710000000001,215.65840953554496,33.042437849321466,0,0.00045930565069983
no_adaptation,full_us_sample,8665cfc8-498c-4c7e-981b-3c48dbc970b4,Unicon A/S,DK,2024,5076.33,249.54429741125296,49.15840723736499,0,0.0007532664871623922
no_adaptation,full_us_sample,877948e8-be5f-47b5-9f96-a367f71a8567,A/S Ikast Betonvarefabrik,DK,2025,5076.33,354.559495317676,69.84563559060898,1,0.0017827420143476222
no_adaptation,full_us_sample,883609ad-3073-42f9-885e-7e2b3cc3a778,Heidelberg Materials Beton Danmark A/S,DK,2025,2320.608,153.522793164927,66.15628023557922,1,0.08748333883230887
no_adaptation,full_us_sample,88c99068-5c60-4927-92cc-cf2a51c09927,SCHWENK Transportbeton GmbH & Co.KG,DE,2026,4351.14,208.45741882627487,47.908690326276535,0,0.0031334343652023185
no_adaptation,full_us_sample,88e3d38c-7b44-48ec-b60c-2cc246edd063,A/S Ikast Betonvarefabrik,DK,2025,3625.95,174.978382678587,48.25725194185992,0,0.01518402675844689
no_adaptation,full_us_sample,891e3bdd-20e0-42e1-8195-f1d8299fac95,Betong Øst AS,NO,2023,5076.33,197.060803463604,38.81954157109645,0,0.0010533687728498846
no_adaptation,full_us_sample,8b203886-2666-49f8-91fa-e0798c5f5cf5,Heidelberg Materials Lietuva Betonas UAB  -  Concrete,LT,2025,4351.14,269.432965447487,61.9223848112189,1,0.0031237899122536373
no_adaptation,full_us_sample,8d9f2a5a-422f-4e81-8761-6a511f3ca62b,Velde Betong AS,NO,2015,6526.710000000001,251.8467,38.587082925394256,0,0.0004295956047964561
no_adaptation,full_us_sample,8dc53a17-4cf1-4ac7-bceb-2817873a69af,Heidelberg Materials Beton Danmark A/S,DK,2025,3625.95,136.678250079525,37.69446629973523,0,0.009033255132552825
no_adaptation,full_us_sample,8de2f53c-caa0-4d95-b2c3-70b23aca345f,A/S Ikast Betonvarefabrik,DK,2025,5801.52,358.687383367656,61.82644951110329,0,0.00036029230245439363
no_adaptation,full_us_sample,8e3d43a9-c997-45d1-a9b8-8c58b654e38f,Ribe Betong AS,NO,2023,4351.14,192.659225237358,44.27787320963196,0,0.005645823397920719
no_adaptation,full_us_sample,8fa2d7a3-c147-4f45-996f-ba377c247d3c,Røyrvik Bygg og Betong AS,NO,2025,4351.14,219.468246507507,50.43925189892924,0,0.005490610681379935
no_adaptation,full_us_sample,8fbc0adf-74c7-4ccb-aa76-20335fc4ce79,Unicon A/S,DK,2026,5076.33,243.161618513452,47.90106602869633,0,0.0007694312757291082
no_adaptation,full_us_sample,90024685-ee87-45e8-90eb-9f59b3d3b1f8,,SE,2020,4351.14,256.0,58.83515584421554,0,0.011771103743572459
no_adaptation,full_us_sample,928f459b-2451-49e8-8e0e-098d9ed81f13,Heidelberg Materials Beton Danmark A/S,DK,2025,2900.76,130.010599705848,44.81949547906341,0,0.019865191373750323
no_adaptation,full_us_sample,935bb964-aa73-40ec-9ef4-04efbd379738,Unicon A/S,DK,2024,5076.33,260.006380468383,51.21936132370886,0,0.0007687495875192281
no_adaptation,full_us_sample,94026df0-62c0-4eee-b8b2-b88802487d18,BM Vallá,IS,2020,3625.95,203.663674018748,56.168362503274444,0,0.010451712730475722
no_adaptation,full_us_sample,941ac5c8-10b7-479b-ab4d-7d109d8ef9a3,Heidelberg Materials Beton Danmark A/S,DK,2024,2900.76,197.05065049242,67.93069764214205,1,0.01960646900752149
no_adaptation,full_us_sample,95180f1b-85c5-4b95-bae0-cf4a596df1d8,Unicon A/S,DK,2026,4351.14,163.325984124243,37.53636613031137,0,0.0024671736360649694
no_adaptation,full_us_sample,9543d827-5ec7-4d9c-9f01-f35e78a5ba28,Swerock AB,SE,2020,4351.14,246.32,56.61045151385614,0,0.004300605470184556
no_adaptation,full_us_sample,95efe7ba-fc86-414b-95dc-6cb91357fb4a,Midt-Norsk Betong Verdal AS,NO,2024,5076.33,274.339502784752,54.04288192153624,0,0.0009661778368219051
no_adaptation,full_us_sample,9682367f-eb5d-4cc6-8571-8a50de161582,Unicon A/S,DK,2026,4351.14,200.16151604706,46.00208590095009,0,0.0021287662489533564
no_adaptation,full_us_sample,96ef298e-2d82-4e3f-9d14-bba2605c8f37,Heidelberg Materials Beton Danmark A/S,DK,2025,3625.95,175.827088957915,48.49131647097036,0,0.004488340277105801
no_adaptation,full_us_sample,96f38a5d-507b-4047-a69a-6d4e4248f295,Trønderbetong AS,NO,2023,6526.710000000001,214.64433578873695,32.88706496668872,0,0.0005753825990582304
no_adaptation,full_us_sample,97e10fed-5df3-4130-9ff3-c245a5996837,Unicon A/S,DK,2024,2900.76,140.7972981263,48.53807213499221,0,0.029498339437824993
no_adaptation,full_us_sample,9836fab0-ba54-4ca8-b4a8-de79308f34c0,Unicon A/S,DK,2024,4351.14,172.773131305999,39.70755510188111,0,0.002595470989351921
no_adaptation,full_us_sample,9972a41f-9737-4a15-9567-64350fa09967,Vesterålsbetong AS,NO,2024,4351.14,215.376988624778,49.498979261705664,0,0.005075212741232913
no_adaptation,full_us_sample,99d45706-f7fc-4cb7-ac15-5d480c431885,Nordland Betong,NO,2023,4351.14,197.914082318841,45.48556983200747,0,0.019238472650428367
no_adaptation,full_us_sample,9bbdabf7-3284-415c-9799-621a88d876c3,Heidelberg Materials Beton Danmark A/S,DK,2025,3625.95,184.018347496356,50.750381967858345,0,0.004465144664419433
no_adaptation,full_us_sample,9c4bc948-37d0-4fe3-b815-3e6add45a556,Heidelberg Materials Beton Danmark A/S,DK,2025,5801.52,288.956014666026,49.806949672848845,0,0.0003622155968287049
no_adaptation,full_us_sample,9f71ac96-1ede-45f3-9ef4-3749eb41c7f0,Unicon A/S,DK,2024,5076.33,226.235679884505,44.56677952073743,0,0.0007687495875192281
no_adaptation,full_us_sample,9fc3ee6a-e584-4185-b1ec-0bca59aeda94,Sunnfjord Betong AS,,2025,5076.33,320.15375930789,63.067956438586535,1,0.0009478718805722921
no_adaptation,full_us_sample,9fcbaeba-d5f4-4def-80e8-2d73c6060f40,Unicon A/S,DK,2025,2320.608,102.14265342013,44.01547069566683,0,0.08455511183590002
no_adaptation,full_us_sample,9fd17334-163b-4494-bb83-0e4fdb5afc94,Nordfjord Betong AS,NO,2022,6526.710000000001,346.62685032394296,53.10897072551759,0,0.00025793228592180793
no_adaptation,full_us_sample,a129c80d-4a75-4301-be97-7793a0747685,Heidelberg Materials UK,GB,2024,4641.216,148.22,31.93559618858506,0,0.0038722415220713595
no_adaptation,full_us_sample,a26a3968-7cbb-4756-8a66-e69fa65d879e,Lister Ferdigbetong AS,NO,2025,4351.14,181.904548582954,41.80618150253818,0,0.006843031831685775
no_adaptation,full_us_sample,a2995b2d-7fd3-460b-95ae-5c6f45c0b07d,Sola Betong AS,NO,2020,4351.14,215.925395405551,49.62501675550568,0,0.005779379318995281
no_adaptation,full_us_sample,a3aad49f-1828-4095-bc93-828274b8083d,A/S Ikast Betonvarefabrik,DK,2025,5076.33,356.190124448918,70.16685764103556,1,0.0006651450030413007
no_adaptation,full_us_sample,a82043eb-29a1-4e28-83b9-2b402714eeea,BM Vallá,IS,2020,4351.14,309.114163421495,71.04210929124207,1,0.00716121997350984
no_adaptation,full_us_sample,a83d00d1-3bd9-4fb8-84b9-50f446d9c829,Unicon A/S,DK,2024,5076.33,230.887226225334,45.48310023685104,0,0.0008000301548066846
no_adaptation,full_us_sample,a8922da4-1189-4544-937a-bdf1d6a2f3a1,Heidelberg Materials Benelux SA  -  RMC,BE,2025,6526.710000000001,216.346503617364,33.14786525176758,0,0.00031281194974355965
no_adaptation,full_us_sample,a8ecbacc-3e47-4617-b339-734814b11063,Gammelrand Beton A/S,DK,2025,4351.14,166.719637815343,38.31631200451904,0,0.005015811408216391
no_adaptation,full_us_sample,aa60b78c-7b8a-418e-a143-543cd78d2ed0,Unicon A/S,DK,2024,5801.52,302.69786383297,52.17561325876149,0,0.00035880774257306103
no_adaptation,full_us_sample,ad27ee3f-8686-4469-a86f-32393f0081c1,Unicon A/S,DK,2024,3625.95,154.01441110822998,42.47560256159902,0,0.002976915562269496
no_adaptation,full_us_sample,ad8f14d3-c0b9-4f0c-a39e-e15065b785f3,Ferdigbetong AS,,2019,4351.14,222.865619464073,51.22005255268114,0,0.00729557791530127
no_adaptation,full_us_sample,aeba2c78-c83e-420b-b7ca-84cd9c824128,Velde Betong AS,NO,2017,6526.710000000001,203.4106,31.165870706680696,0,0.0004295956047964561
no_adaptation,full_us_sample,b1ecbd74-fcff-42c4-af71-0737dc5c7c40,Norsk Spennbetong AS,,2024,6526.710000000001,188.881153711028,28.93971904849885,0,0.00045930565069983
no_adaptation,full_us_sample,b240a5c2-be46-4fcd-b241-ab7121f7820f,Unicon A/S,DK,2026,5801.52,281.32987195823,48.49244197352245,0,0.00036511984822454406
no_adaptation,full_us_sample,b3602564-ee7d-4133-ae10-b89c17246fc2,Egersund Betongindustri AS,NO,2025,5076.33,276.66375236514,54.50074214346586,0,0.0008195250394488857
no_adaptation,full_us_sample,b3967f7d-a6ad-43e0-a467-afadc03bff5e,Berg Betong AS,NO,2025,5076.33,191.279096408581,37.68058743394953,0,0.0009478718805722921
no_adaptation,full_us_sample,b3b1a564-0c9a-4b7e-9785-7b485cc0e0f3,Betongindustri AB,,2021,4061.064,145.35000000000002,35.791112870912656,0,0.00928144447311451
no_adaptation,full_us_sample,b44cd475-5278-4b55-85bf-5c7ae0bd2b22,Trønderbetong AS,NO,2023,5076.33,204.32239402187705,40.25002196899671,0,0.0010128542993882643
no_adaptation,full_us_sample,b5f33f6f-907c-4f69-89b3-abae49787101,A/S Ikast Betonvarefabrik,DK,2025,5801.52,371.404530056017,64.01848654421893,1,0.00030541704928538306
no_adaptation,full_us_sample,b69d43ee-fdf1-4924-a22b-3451bdf1da60,Namdal Betong & Plast AS,NO,2020,4351.14,246.311162428009,56.60842042039764,0,0.018279077296618394
no_adaptation,full_us_sample,b6e353ab-3ef0-4040-9026-4cb31f23ae59,Heidelberg Materials UK,GB,2024,4061.064,185.84,45.76140637035024,0,0.01909566380365117
no_adaptation,full_us_sample,b85b206d-9373-411b-896e-6d8ee713e715,Åkra Sementstøperi AS,NO,2021,5076.33,248.85015823120895,49.02166687965696,0,0.0009826290478603754
no_adaptation,full_us_sample,b892a682-2d41-4ce6-b73e-d17850b0d590,Unicon A/S,DK,2024,2900.76,139.162996602446,47.97466753624775,0,0.03672954989595363
no_adaptation,full_us_sample,b92d3322-6b84-45c7-bc88-fc5bd637e5f6,A/S Ikast Betonvarefabrik,DK,2024,4351.14,261.212804355686,60.03318770613816,0,0.004731958298427005
no_adaptation,full_us_sample,b957fe55-f761-4e2e-885c-c9143549c455,Gammelrand Beton A/S,DK,2025,5801.52,262.431909246301,45.23502620801118,0,0.00040773968235245954
no_adaptation,full_us_sample,bb04f8c8-73e5-4ea9-a97e-547d1d03f988,Unicon A/S,DK,2026,3625.95,135.374859235641,37.33500440867662,0,0.0028132719066569197
no_adaptation,full_us_sample,bc86105a-98ce-4288-93af-ef0ba8d6bfe9,A/S Ikast Betonvarefabrik,DK,2025,4351.14,247.18527447051,56.8093130697955,0,0.005273141507086094
no_adaptation,full_us_sample,bce946f1-1542-444f-8565-9bf95230f14e,Unicon A/S,DK,2024,4351.14,210.272059945705,48.32573990855385,0,0.0025215549450064052
no_adaptation,full_us_sample,bd0d4ca2-a31c-4dd7-8ec7-e177f72e9920,Gammelrand Beton A/S,DK,2025,2320.608,98.412903593727,42.40824111341812,0,0.1132772362285988
no_adaptation,full_us_sample,be008f1a-df1f-4934-9d45-25b502f7114c,Heidelberg Materials Beton Danmark A/S,DK,2024,2900.76,160.82159367064398,55.44119253941863,0,0.020360947782939138
no_adaptation,full_us_sample,be7a01e5-f678-4a8f-969c-7d160fd92de7,Heidelberg Materials UK,GB,2024,4641.216,160.77,34.639628924833495,0,0.0036411969419181105
no_adaptation,full_us_sample,bff9d813-d3fd-46ec-83e0-1de4be260328,Heidelberg Materials Beton Danmark A/S,DK,2025,3625.95,189.60063226387496,52.28991912846977,0,0.008758462517970415
no_adaptation,full_us_sample,c1d846fe-7ab7-4b4a-b426-02e70d32199b,Unicon A/S,DK,2023,5076.33,255.780786172185,50.38695005489892,0,0.0008180911444206662
no_adaptation,full_us_sample,c1f9ef1e-a43a-48d3-895c-c228432652cf,Heidelberg Materials Beton Danmark A/S,DK,2025,5801.52,283.415515172382,48.85194141748749,0,0.00035854889706613734
no_adaptation,full_us_sample,c2553da2-cd59-43f3-a1ba-d83ee64f6dca,Egersund Betongindustri AS,NO,2024,6526.710000000001,248.256337099272,38.03697990247337,0,0.00045930565069983
no_adaptation,full_us_sample,c359916f-399d-413b-ae63-fb1ce5b93caa,Heidelberg Materials UK,GB,2024,4061.064,135.49,33.36317772879226,0,0.018483615585852795
no_adaptation,full_us_sample,c5ca8d8d-03df-4bf5-9cf6-9d76812dd558,Trønderbetong AS,NO,2023,6526.710000000001,208.97976030684495,32.0191582446355,0,0.00047287087633936063
no_adaptation,full_us_sample,c696678f-9f82-45f5-85bc-0882e9e0ae3b,Unicon A/S,DK,2024,4351.14,175.070662579772,40.23558483058969,0,0.002595470989351921
no_adaptation,full_us_sample,c9ef0f5c-a8a9-4d53-b1b6-fbd9d08edb3e,Leonhard Nilsen & Sønner AS,NO,2024,5076.33,320.176061424981,63.07234979305542,1,0.0010804431021349855
no_adaptation,full_us_sample,ca060b11-a8c3-49e8-88aa-45d8722d6b72,Heidelberg Materials Beton Danmark A/S,DK,2025,1740.456,131.592377237933,75.6079885029745,1,0.8816220402790425
no_adaptation,full_us_sample,caa2251d-7738-49ce-9b23-445b1e3dbcf8,NorBetong AS,NO,2019,4351.14,225.748460937525,51.88260109707456,0,0.0084973937268404
no_adaptation,full_us_sample,cc37584a-7821-4700-8e0d-98dcf967f0e9,Heidelberg Materials Beton Danmark A/S,DK,2025,5076.33,256.489548738999,50.52657111318591,0,0.0006285292994276343
no_adaptation,full_us_sample,cd1f0b21-4e1e-4425-9a4f-c77f72cf054d,Hokksund Betong AS,NO,2021,4351.14,188.728969233607,43.374602801474325,0,0.006306734132712724
no_adaptation,full_us_sample,ce417ca5-64e5-4526-97b5-99620e6d1225,AS Vågsøy Ferdigbetong,NO,2023,5076.33,338.265241043734,66.63578629516482,1,0.0010662249119834245
no_adaptation,full_us_sample,d13258bc-45dd-4b36-8ee4-b12cdda7bc21,Ryfoss Betong AS,NO,2024,5076.33,292.211900365948,57.56361394273974,0,0.0007763436621752061
no_adaptation,full_us_sample,d2098c67-752f-4be9-885c-9d2db6a55abd,Heidelberg Materials Beton Danmark A/S,DK,2024,4351.14,218.073722588324,50.11875567973542,0,0.003982887070288332
no_adaptation,full_us_sample,d2b75821-d34b-4202-b9cd-39924c5082cc,Dyrøy Betong Ålesund as,NO,2019,5076.33,244.247254715096,48.11492844537215,0,0.0010401569316242259
no_adaptation,full_us_sample,d320f189-9a4b-4cac-aaf7-605738e139a3,Midt-Norsk Betong Verdal AS,NO,2020,4351.14,235.101016072587,54.03205046782843,0,0.003641782959756348
no_adaptation,full_us_sample,d4204255-c3e7-487f-874f-91a84efe6fb5,Lofot Entreprenør AS,NO,2024,6526.710000000001,208.496456556723,31.94510811062893,0,0.000304063308023612
no_adaptation,full_us_sample,d4f66366-1679-4ea2-ba18-23481c58107b,Stjern Betong AS,NO,2020,6526.710000000001,268.700922841735,41.16942883041148,0,0.00027842339036296046
no_adaptation,full_us_sample,d6916f28-cfdc-4810-80b4-b78a109a747c,Gammelrand Beton A/S,DK,2025,5076.33,276.093786878525,54.388463098050174,0,0.0007434743680911695
no_adaptation,full_us_sample,d6b014eb-d9a2-467c-bbd8-79917e44a1de,Unicon A/S,DK,2024,3625.95,172.74671506958202,47.641780793883534,0,0.0019995113372297726
no_adaptation,full_us_sample,d6ec8db5-2cee-4672-af48-9f3c74213737,Unicon AS,NO,2018,4351.14,221.31,50.8625325776693,0,0.006487641743395933
no_adaptation,full_us_sample,d84bfef9-8a04-46df-af7a-364e7461ac87,Gammelrand Beton A/S,DK,2025,4351.14,185.087389081792,42.53767727119605,0,0.005015811408216391
no_adaptation,full_us_sample,d9691bd2-a022-40e8-ac03-14fad2410c00,Skagen Cement Støberi A/S,DK,2023,2900.76,176.62793073423902,60.89022557338043,0,0.03694717842830879
no_adaptation,full_us_sample,d9c4fd91-2127-4f27-b495-d83f00ebce75,Åkra Sementstøperi AS,NO,2021,4351.14,221.310042488477,50.8625423425762,0,0.013870362670196024
no_adaptation,full_us_sample,da97da44-2c34-4236-902e-1de3b47ba33e,Ølen Betong AS,NO,2024,4351.14,182.09139932986,41.84912444321718,0,0.005322157069466131
no_adaptation,full_us_sample,dbb7ec62-5b47-4bf8-be69-0e3ac006880a,Heidelberg Materials Beton Danmark A/S,DK,2024,4351.14,206.449846220853,47.447300298508665,0,0.003973502693576854
no_adaptation,full_us_sample,dcfbf5c0-d3b9-4a3b-8b4f-6c743f2115ce,FC Beton,DK,2024,5076.33,259.20279162662,51.06106018060687,0,0.0011103984381069616
no_adaptation,full_us_sample,de137fa3-4ed7-4a7d-8698-54d16911a344,Unicon A/S,DK,2026,4351.14,209.795914711514,48.21630991223312,0,0.0025928174723981825
no_adaptation,full_us_sample,de5889d2-8360-45f2-b529-c02799b01140,Wewers Beton A/S,DK,2025,5076.33,305.060055772595,60.09460688580037,0,0.0008642819222569115
no_adaptation,full_us_sample,df2b5d3c-805c-4a47-940f-7f3d0ba047dd,Wewers Beton A/S,DK,2025,4351.14,241.29296009853,55.4551129355824,0,0.003815235909319824
no_adaptation,full_us_sample,e2ad9ff8-0657-4627-bd17-52ecb8f88cb5,Bjerka Sandindustri AS,NO,2024,5076.33,263.60895364758704,51.92904197473117,0,0.002294502760139458
no_adaptation,full_us_sample,e3655593-5082-4b57-98d1-0760a1ded3e6,Heidelberg Materials Beton Danmark A/S,DK,2025,5076.33,257.860847240702,50.79670692029518,0,0.0006359677223552846
no_adaptation,full_us_sample,e5ce2678-986c-4378-82aa-9204579f56eb,Heidelberg Materials Beton Danmark A/S,DK,2025,5076.33,207.44853567006103,40.86584908192751,0,0.0007800402680918771
no_adaptation,full_us_sample,e5f09815-7b8d-424f-a557-f62e881e0e5e,Heidelberg Materials Beton Danmark A/S,DK,2025,3625.95,154.30696944668605,42.55628716520802,0,0.008538498043642345
no_adaptation,full_us_sample,e69bd8d6-3d5a-4c9a-9bc9-ac147817877e,Heidelberg Materials Lietuva Betonas UAB  -  Concrete,LT,2025,4351.14,288.019055698099,66.1939297972713,1,0.0031237899122536373
no_adaptation,full_us_sample,e8130098-5033-4d41-bf6d-ce0061cb04c5,FC Beton,DK,2024,2900.76,141.264442531149,48.699114208396765,0,0.02639807481830976
no_adaptation,full_us_sample,e953e990-f02d-4cb2-9d09-270e15d30279,Nordland Betong,NO,2018,4351.14,254.91517188123905,58.58583540893628,0,0.0062043251712968735
no_adaptation,full_us_sample,e99caf1a-0f84-4ada-b9c9-e49b19473d2a,Heidelberg Materials Beton Danmark A/S,DK,2025,2900.76,157.806742540822,54.401861078069885,0,0.022129535420095853
no_adaptation,full_us_sample,e9f5efd7-2c10-4eb5-a242-fe1ee66b7b91,Heidelberg Materials UK,GB,2024,2320.608,172.24,74.22192804644301,1,0.11848584392317409
no_adaptation,full_us_sample,eb1aa483-9bec-4ce9-8e08-267ccea4638d,Solid Betong AS,NO,2023,4351.14,218.946155149672,50.31926234266698,0,0.006647539814500373
no_adaptation,full_us_sample,eb34ccb2-88cf-40bf-86b4-e5ea631cf36f,NorBetong AS,NO,2024,4351.14,212.145531823976,48.75631025983443,0,0.006843031831685775
no_adaptation,full_us_sample,ebb7c42f-67e9-4d89-926f-77c36f50023f,Heidelberg Materials Beton Danmark A/S,DK,2025,2320.608,128.643706281395,55.4353455135012,0,0.08183989900690294
no_adaptation,full_us_sample,edcfadd4-f465-40e0-9cc6-e415506805c5,Heidelberg Materials Beton Danmark A/S,DK,2025,5076.33,263.930304061376,51.99234566337807,0,0.0006359677223552846
no_adaptation,full_us_sample,ede6eb6c-2b0a-4dfe-bc75-a7f6ffe627eb,Heidelberg Materials Beton Danmark A/S,DK,2025,5076.33,248.886869723844,49.028898776053566,0,0.0007862151686245651
no_adaptation,full_us_sample,ef6f7c13-471b-4a31-81f0-f04abe1ddb24,Ulstein Betong AS,NO,2020,5076.33,273.484509806094,53.87445453823807,0,0.0010054922195420453
no_adaptation,full_us_sample,f09ad0a4-fe0d-486e-99a8-f09eba667142,Helgeland Ferdigbetong AS,NO,2025,6526.710000000001,191.415626919905,29.328042293882365,0,0.0005347083015610449
no_adaptation,full_us_sample,f0c7faa6-21b6-46d3-8442-a58b9827b4ef,Ulstein Betong AS,NO,2020,6526.710000000001,289.758030639348,44.3957262754662,0,0.0002935165759375933
no_adaptation,full_us_sample,f0da776f-824d-4890-b10a-4ef44fec3bea,Unicon A/S,DK,2024,5801.52,270.620785122533,46.64653144736776,0,0.0004004676960876757
no_adaptation,full_us_sample,f129fd3e-6e1b-4b23-abbf-f3ea6a591628,Blanderiet AS,NO,2025,4351.14,201.088628108592,46.21515927058012,0,0.003051912020631927
no_adaptation,full_us_sample,f15215cc-3486-40cd-bfed-2e6b9ee46ddc,Heidelberg Materials Beton Danmark A/S,DK,2025,5076.33,222.733810050981,43.87693669461619,0,0.0006195200113908795
no_adaptation,full_us_sample,f1563672-caf1-4a9c-9683-ede87467a2a8,Unicon A/S,DK,2024,5076.33,179.44667717080102,35.349687110727835,0,0.0008890743057462058
no_adaptation,full_us_sample,f1a37b19-fbf1-4bc5-b930-9e652ce617da,Heidelberg Materials Beton Danmark A/S,DK,2025,5076.33,254.177485688577,50.07111154881125,0,0.0005938774060650062
no_adaptation,full_us_sample,f2d7fc6d-bcaa-4c4c-ab91-e433d5765b06,A/S Ikast Betonvarefabrik,DK,2025,3625.95,227.953457021452,62.86723673008507,1,0.003786596042732338
no_adaptation,full_us_sample,f4de0171-f625-4953-859f-e7495a407b5e,Wewers Beton A/S,DK,2025,2900.76,201.51294679689695,69.46901735989775,1,0.035750898748292924
no_adaptation,full_us_sample,f5adba57-2c55-4072-ae19-04913f5c9fe2,Blanderiet AS,NO,2020,4351.14,184.64739063131,42.43655470320652,0,0.010347397936694216
no_adaptation,full_us_sample,f837ce51-9ca1-427f-bb34-4115c14ff5f2,Berg Betong AS,NO,2021,4351.14,240.270371254181,55.22009663080963,0,0.005019687669390542
no_adaptation,full_us_sample,f8ab73a0-c276-4399-8bad-6ba345cb8f19,Skagen Cement Støberi A/S,DK,2024,6526.710000000001,341.042853804357,52.25341003420665,0,0.0003745353735681711
no_adaptation,full_us_sample,f9348f15-ad9b-4897-88dd-0585b291b8c7,Sandnes & Jærbetong,NO,2021,4351.14,182.194519442798,41.87282400538663,0,0.007097719077494741
no_adaptation,full_us_sample,fa097616-c491-4121-9915-6d7871c8500c,Unicon A/S,DK,2024,4351.14,197.58592417369,45.41015094290002,0,0.0021287662489533564
no_adaptation,full_us_sample,fa7dd645-2349-4a8d-b251-17a0e2fafc51,Heidelberg Materials Beton Danmark A/S,DK,2025,4351.14,154.747220202218,35.56475319162748,0,0.004511162581593187
no_adaptation,full_us_sample,ff424d09-5d82-4da6-96b5-2f7effe00951,Åkra Sementstøperi AS,NO,2021,3625.95,197.555621084338,54.48382384873977,0,0.028441705339014394
no_adaptation,temporal_training_partition,0053a523-ddb7-4656-a478-8055e84313a2,Heidelberg Materials Beton Danmark A/S,DK,2025,2320.608,110.934520739994,47.80407580254571,0,0.06098009936794484
no_adaptation,temporal_training_partition,00b7a5e0-9d7c-49eb-8beb-dd77ff12608f,A/S Ikast Betonvarefabrik,DK,2025,3625.95,174.196103067033,48.04150720970586,0,0.004198269900353021
no_adaptation,temporal_training_partition,00f66c0c-af18-4b38-9369-0852faadf93c,Heidelberg Materials Beton Danmark A/S,DK,2024,3625.95,187.77959057556495,51.7876944181704,0,0.003945064850679336
no_adaptation,temporal_training_partition,01145859-af70-4f30-96ab-f4a8f3e92f9d,Trønderbetong AS,NO,2023,4351.14,178.682479404929,41.06567000945247,0,0.0020118281896014142
no_adaptation,temporal_training_partition,01ed916b-7f87-4e91-bc15-549e6430a59d,Heidelberg Materials Beton Danmark A/S,DK,2024,5801.52,364.02385630130505,62.74628998974494,1,0.00025533661192028706
no_adaptation,temporal_training_partition,0375f9de-f1e4-4bba-88ef-b43f7add35e5,Vadsø Transportservice as,NO,2024,5076.33,239.946767226184,47.26776376362135,0,0.0004023735222701003
no_adaptation,temporal_training_partition,03fee8e9-6033-441e-9300-7e9a73ed5ead,Heidelberg Materials Lietuva Betonas UAB  -  Concrete,LT,2025,5076.33,305.27741036344503,60.13742415553068,0,0.0006190204029434862
no_adaptation,temporal_training_partition,04377811-b78b-4b3e-b4e8-d108636ac797,,SE,2020,6526.710000000001,385.0,58.98837239589317,0,0.0004178736235414315
no_adaptation,temporal_training_partition,048103a7-40be-41cb-80c2-760bf98c00c3,Nordnes Betong og anlegg AS,NO,2023,6526.710000000001,284.63733422902794,43.61115082928886,0,0.00026398902834686783
no_adaptation,temporal_training_partition,07c8d947-86a7-46a8-b858-8739531e2f7c,Heidelberg Materials Beton Danmark A/S,DK,2025,5076.33,265.247981193394,52.25191845159674,0,0.00039529793420086106
no_adaptation,temporal_training_partition,0db1875a-3563-4756-a930-7a315229ae5f,Aurland Energibygg AS,NO,2023,4351.14,230.969206335572,53.0824580076881,0,0.0014748805204898969
no_adaptation,temporal_training_partition,0e2199f5-b3a0-4305-adb5-e28a8e7f07da,Vestfold Betong AS ,NO,2017,4351.14,218.52,50.221321308898354,0,0.0019007776575622557
no_adaptation,temporal_training_partition,0e2e8489-92cb-4efc-9c0c-d0c9a85411e4,Blanderiet AS,NO,2025,5076.33,208.58711144601705,41.09014020877623,0,0.00035633436841763004
no_adaptation,temporal_training_partition,117c2917-69a6-4c63-8ed7-7867ec851ef4,Heidelberg Materials Beton Danmark A/S,DK,2025,2900.76,164.38539807085905,56.6697686367914,0,0.022006160363271566
no_adaptation,temporal_training_partition,13848bf1-420a-4c17-a1a1-323d7bd7d4ee,Heidelberg Materials Beton Danmark A/S,DK,2024,5076.33,228.883727456774,45.08842558635353,0,0.00044500239060794747
no_adaptation,temporal_training_partition,17420ee0-629c-46c0-860d-2281f57d1620,Hjelmeset Betong AS,NO,2023,4351.14,228.717112365346,52.56487089943003,0,0.001655111704907574
no_adaptation,temporal_training_partition,176384c9-a597-4f62-9115-7916953dbd26,Betong og Sand AS,NO,2019,4351.14,219.42568348741,50.42946986017687,0,0.0023552553564768802
no_adaptation,temporal_training_partition,18188887-32dc-4f74-9ec4-f712933e2712,Gammelrand Beton A/S,DK,2025,5076.33,247.044402432825,48.66594615259942,0,0.0005427731518683442
no_adaptation,temporal_training_partition,184b0d0e-1197-4c85-b5f1-1ec2203152e5,A/S Ikast Betonvarefabrik,DK,2024,2900.76,125.829552388394,43.378132761205336,0,0.02703026104811447
no_adaptation,temporal_training_partition,195cf726-3fa0-41a7-957a-f15f66f51809, Betongservice AS,NO,2024,6526.710000000001,250.789,38.42502577868481,0,0.0004404123955644126
no_adaptation,temporal_training_partition,19a240b1-73d0-45e9-af13-d220da5c1cc8,Heidelberg Materials Beton Danmark A/S,DK,2024,5801.52,388.16015297831706,66.90663015525536,1,0.00025842912969027053
no_adaptation,temporal_training_partition,1a6c6e84-e653-47d8-878f-56c2119d73c7,Egersund Betongindustri AS,NO,2024,4351.14,173.705229118286,39.92177432081846,0,0.0020118281896014142
no_adaptation,temporal_training_partition,1dfed1a5-ec4e-4e59-ae9e-7cd26a8c58f8,A/S Ikast Betonvarefabrik,DK,2024,3625.95,221.906621583635,61.19958123626497,0,0.003425622502447205
no_adaptation,temporal_training_partition,1e38d3d2-84de-478b-88d9-4de6d7809a48,Egersund Betongindustri AS,NO,2024,5076.33,194.75348595128503,38.36501684312979,0,0.0006704062737414361
no_adaptation,temporal_training_partition,234b9546-19b5-47fd-9f45-dd744227acb5,Heidelberg Materials Beton Danmark A/S,DK,2025,5076.33,207.856085857864,40.94613349759847,0,0.0004400563582983506
no_adaptation,temporal_training_partition,239d9a9f-27d7-42ca-91d0-ad82712cdc16,FC Beton,DK,2024,3625.95,167.689981144872,46.24718519143176,0,0.0042724323702577945
no_adaptation,temporal_training_partition,241d07eb-c749-442e-8fc9-b32ca596e238,Heidelberg Materials Beton Danmark A/S,DK,2025,5801.52,241.13725374418505,41.56449581216389,0,0.0002482136841626238
no_adaptation,temporal_training_partition,25ba3a4a-3ce7-48f6-8111-bc6bd180ba96,Berg Betong AS,NO,2025,6526.710000000001,197.674757646776,30.287044720353126,0,0.00039684235558545616
no_adaptation,temporal_training_partition,25e178b2-43ad-4af4-a36b-5d8fb11a1eb1,A/S Ikast Betonvarefabrik,DK,2024,4351.14,228.475023416346,52.50923284848247,0,0.0012652788425899588
no_adaptation,temporal_training_partition,26a1ba43-be02-4cb9-97a9-7cf15f9ff2da,,SE,2020,4351.14,251.0,57.6860317066332,0,0.001158447877401767
no_adaptation,temporal_training_partition,26dc06d2-e3ca-49e3-aefb-5f99b7012747,FC Beton,DK,2024,2320.608,128.373919120059,55.31908841133833,0,0.03521478382105582
no_adaptation,temporal_training_partition,270826d5-d940-42e8-b7bf-86d90ad252a4,SCHWENK Zement GmbH & Co. KG,DE,2025,4351.14,139.0,31.945651024788905,0,0.001119207106757723
no_adaptation,temporal_training_partition,272c19f5-d605-46ae-8170-9e7493276764,Mathias Øen transport,NO,2025,5076.33,235.558893739164,46.403384677348406,0,0.0005973391177972285
no_adaptation,temporal_training_partition,27ae796a-250d-4aff-aca6-028e8e065649,Unicon A/S,DK,2023,2900.76,122.129818228979,42.10269661363884,0,0.027047304152635624
no_adaptation,temporal_training_partition,282e2d7d-5880-430d-9f01-fc0361c2fd34,Opshaug Sandtak AS,NO,2020,4351.14,237.619890106098,54.61095025811581,0,0.0015610107840216517
no_adaptation,temporal_training_partition,2835ca0e-3d80-457a-8fe1-341c4828853a,Unicon A/S,DK,2023,4351.14,151.934634158556,34.918351089267645,0,0.0014529773745030757
no_adaptation,temporal_training_partition,29c49da0-ae9b-4c48-b03a-d79a3c986023,Unicon A/S,DK,2023,3625.95,173.840467447503,47.94342653580523,0,0.003055090311847114
no_adaptation,temporal_training_partition,2ad69921-5452-4a1f-8893-aef31e783e3b,Rissa Betong AS,NO,2021,4351.14,247.272251607502,56.82930257530256,0,0.0010036692534710614
no_adaptation,temporal_training_partition,2c369410-0ae3-4872-83dd-51ada5a33c09,Heidelberg Materials Beton Danmark A/S,DK,2025,3625.95,117.272493328793,32.34255666205904,0,0.007815665851132187
no_adaptation,temporal_training_partition,2fd6f2b1-1066-49fc-820e-4633360bf1fc,Heidelberg Materials Beton Danmark A/S,DK,2024,4351.14,277.4887218038,63.773797626323216,1,0.0012266246783661163
no_adaptation,temporal_training_partition,2ff36156-e80c-413a-896e-e6bd1ddc8fdc,,SE,2020,4351.14,262.0,60.21410480931434,0,0.001158447877401767
no_adaptation,temporal_training_partition,305476d0-bdb0-46cf-83eb-e7cf71f3170b,Velde Betong AS,NO,2015,6526.710000000001,252.8687,38.74367024120881,0,0.00040183496096264995
no_adaptation,temporal_training_partition,30620709-31a6-4912-83ba-104c8f78529e,Skagen Cement Støberi A/S,DK,2026,2320.608,110.56666778657602,47.64556003710063,0,0.08763097487203535
no_adaptation,temporal_training_partition,337b9f19-fa35-4e89-86de-261625321f4b,Egersund Betongindustri AS,NO,2024,5076.33,189.206032961986,37.27220904905434,0,0.0006704062737414361
no_adaptation,temporal_training_partition,33f98a40-f306-4c55-b31b-2c0ee125e80d,Velde Betong AS,NO,2015,5076.33,242.7527,47.82051206284856,0,0.00067883820243312
no_adaptation,temporal_training_partition,34148c32-97e8-48dc-9074-8a79735ef8f1,Wewers Beton A/S,DK,2025,4351.14,203.569033963054,46.78521811825269,0,0.001671553386382109
no_adaptation,temporal_training_partition,34eddde7-8ea7-4ba7-b98c-25e5c00e2771,Wewers Beton A/S,DK,2025,5076.33,304.58742553962,60.001502175709625,0,0.0006190293210050153
no_adaptation,temporal_training_partition,3500d4a3-c8e6-4578-bb87-a49c79f3d1ad,Unicon A/S,DK,2023,5076.33,242.973872289881,47.86408139145426,0,0.0005418976820168312
no_adaptation,temporal_training_partition,36a733f2-6e50-4237-bf29-b896e8de99a2,Velde Betong AS,NO,2015,4351.14,209.5267,48.15443768759452,0,0.0020370972479238237
no_adaptation,temporal_training_partition,37284b20-6995-4b72-bd23-dcaf99469e9c,Gammelrand Beton A/S,DK,2025,5801.52,312.243402307828,53.82096455891352,0,0.00037868629974482573
no_adaptation,temporal_training_partition,3c53747b-a740-4510-a620-f97071117760,A/S Ikast Betonvarefabrik,DK,2024,4351.14,241.482568229592,55.49868959159944,0,0.0013943447338238388
no_adaptation,temporal_training_partition,3f99b39b-2f57-4a5f-ac74-1d6612ab7cf2,Unicon A/S,DK,2026,5076.33,249.641568783821,49.17756898858447,0,0.0005478984763863597
no_adaptation,temporal_training_partition,410e5883-cd68-418a-a2b5-0b1ced4f6711,Unicon A/S,DK,2024,5076.33,300.520723558295,59.20039153449343,0,0.0005531798908131436
no_adaptation,temporal_training_partition,43371547-46c1-45e9-8cf0-b3aef90b9318,Unicon A/S,DK,2023,3625.95,200.65179082176,55.33771585977743,0,0.005885236065482915
no_adaptation,temporal_training_partition,43920a45-edbc-49cb-8dc3-07d9356a277a,Wewers Beton A/S,DK,2025,3625.95,213.358908806976,58.84220929879782,0,0.00685376493305556
no_adaptation,temporal_training_partition,43ed11b1-6776-4a50-b21c-d72a0049029a,Heidelberg Materials UK,GB,2024,4641.216,265.72,57.25223734469588,0,0.0008531193408717458
no_adaptation,temporal_training_partition,44ddc697-6419-438d-81a1-372d91b63337,Heidelberg Materials Beton Danmark A/S,DK,2024,3625.95,166.44217211556898,45.90305219751209,0,0.0038227640345570952
no_adaptation,temporal_training_partition,4573bc72-1961-454f-a410-fdaf9a667463,Storegga Betong AS,NO,2024,4351.14,530.119737275541,121.83467718242598,1,0.0029211799903463022
no_adaptation,temporal_training_partition,45a21c71-e0e0-4b68-89cb-68097162c565,Heidelberg Materials Beton Danmark A/S,DK,2025,3625.95,203.57472288424103,56.14383068829989,0,0.00914195328115851
no_adaptation,temporal_training_partition,46b191a0-1044-4321-bb54-f67da662c057,Sylteosen Betong AS,NO,2025,4351.14,194.290348047808,44.6527457282018,0,0.0018229014504748053
no_adaptation,temporal_training_partition,48323856-8105-4327-a2fa-d284fcd7b7b4,Heidelberg Materials UK,GB,2025,2320.608,104.85,45.18212468456542,0,0.049092417498854714
no_adaptation,temporal_training_partition,4895e95e-976e-44b9-a405-36ab28061749,Velde Betong AS,NO,2020,4351.14,198.721088614297,45.67103991466535,0,0.0020370972479238237
no_adaptation,temporal_training_partition,48b6af7b-3ac1-4be8-91c8-0c31d641cbda,Namdal Betong & Plast AS,NO,2024,6526.710000000001,255.07481556908203,39.08168366130592,0,0.0003099411525950462
no_adaptation,temporal_training_partition,48d84b4a-6132-49da-ae43-20a2ce918e41,Vestfold Betong AS,NO,2025,5076.33,113.87073818028598,22.431705224106,0,0.0005973391177972285
no_adaptation,temporal_training_partition,49ad7154-c30a-4da6-b156-63d286178b7f,Storegga Betong AS,NO,2025,5076.33,204.895050708894,40.36283116127084,0,0.0007766447067284443
no_adaptation,temporal_training_partition,4a47cd4a-401f-475b-a8c2-0e7198359759,Sylteosen Betong AS,NO,2022,6526.710000000001,294.38158609806,45.10413149934039,0,0.0002769418006367664
no_adaptation,temporal_training_partition,4ba63a77-d5ae-4673-95ab-00faf24bbe3e,Heidelberg Materials UK,GB,2024,4061.064,145.4,35.80342491524389,0,0.0029828509810872522
no_adaptation,temporal_training_partition,4bdf70d8-809c-40cd-992a-39200e3b56ad,SCHWENK Transportbeton GmbH & Co.KG,DE,2026,4351.14,209.53639391261257,48.15666558938866,0,0.0010407694145738845
no_adaptation,temporal_training_partition,4bf69ab3-6c56-46e4-84fd-ddbb253e2fc1,Heidelberg Materials Beton Danmark A/S,DK,2024,4351.14,293.914130353237,67.54876431308507,1,0.0011990678507752632
no_adaptation,temporal_training_partition,4d15d11e-ee2a-4185-9bfc-e4c1536806e7,Per A. Øren Entreprenør AS,NO,2025,5076.33,334.566670361198,65.90719483587515,1,0.0006704062737414361
no_adaptation,temporal_training_partition,4d5308bb-52fe-4d89-84c2-609ec4ad6375,A/S Ikast Betonvarefabrik,DK,2025,2320.608,115.359371066304,49.71083917072768,0,0.06947771754245706
no_adaptation,temporal_training_partition,4e1d7a52-bc9d-4cb7-be17-59bf8f33dbfc,Heidelberg Materials Beton Danmark A/S,DK,2025,4351.14,224.524482324884,51.6013004235405,0,0.0011990678507752632
no_adaptation,temporal_training_partition,4f98e7dd-a08a-4a6f-8682-2157dec26ae2,Unicon A/S,DK,2024,4351.14,218.85785814273095,50.29896949827654,0,0.0016389415401519456
no_adaptation,temporal_training_partition,4ff3b52a-1e15-4c16-9d07-0803537a3185,Heidelberg Materials Beton Danmark A/S,DK,2025,2320.608,145.555263960408,62.72290018840236,1,0.051033025793170955
no_adaptation,temporal_training_partition,50349d8f-77c0-4747-b219-39fc5ba4bd07,A/S Ikast Betonvarefabrik,DK,2024,5801.52,438.330814782148,75.55447792684468,1,0.00032367592834033364
no_adaptation,temporal_training_partition,50953002-d72f-4a78-aa5e-3fdbbebf2140,Unicon A/S,DK,2023,5076.33,168.628471106182,33.21857938829469,0,0.0005486365354095836
no_adaptation,temporal_training_partition,51d2799c-e8f2-45e9-b32a-8cf6a33744de,Unicon A/S,DK,2024,5076.33,240.19199656892,47.31607215624675,0,0.000603332191389547
no_adaptation,temporal_training_partition,527bc893-14d4-4e27-b9ad-7d2c168ff741,OK Ferdigbetong AS,NO,2024,6526.710000000001,283.637070099069,43.4578938085297,0,0.0002567701137384013
no_adaptation,temporal_training_partition,532592ff-eb8a-4bb2-8e47-1b55e967e859,Heidelberg Materials Beton Danmark A/S,DK,2025,5076.33,205.022843708308,40.38800545045496,0,0.0004400563582983506
no_adaptation,temporal_training_partition,54178621-cddf-4029-ac35-d7c63968095e,Wewers Beton A/S,DK,2025,3625.95,158.419782953955,43.690559151106605,0,0.00685376493305556
no_adaptation,temporal_training_partition,54f3596b-c01a-4e8f-bab7-d015b9653f40,Rjukan Betong AS,NO,2025,5076.33,214.410109612412,42.23722839382231,0,0.0006704062737414361
no_adaptation,temporal_training_partition,5552e83b-09ad-4d6d-8cdc-bee9592af143,Heidelberg Materials Beton Danmark A/S,DK,2025,4351.14,217.874801650925,50.07303870960829,0,0.0012266246783661163
no_adaptation,temporal_training_partition,5739d50f-1a92-404b-a316-f558bc9989fe,Syltemoa Sandtak AS,NO,2020,4351.14,226.502964101656,52.05600465663159,0,0.0021447647378241537
no_adaptation,temporal_training_partition,58476c51-01e2-4866-bd27-d665341f09fe,Unicon A/S,DK,2023,5076.33,259.698976854104,51.15880505288348,0,0.0004942697713444355
no_adaptation,temporal_training_partition,5c1cc1dc-d457-442a-b2ad-44683d58c03d,Blanderiet AS,NO,2025,5076.33,226.206037008007,44.56094009018464,0,0.00035633436841763004
no_adaptation,temporal_training_partition,5d15ecb4-6b4b-48ee-ba8d-4d4aab1f636d,Wewers Beton A/S,DK,2025,4351.14,217.061613551915,49.88614789501487,0,0.001671553386382109
no_adaptation,temporal_training_partition,5e9a50a0-69a0-4fbd-93ac-3b18695dc685,Lister Ferdigbetong AS,NO,2025,6526.710000000001,210.813262007254,32.30008105266727,0,0.00039684235558545616
no_adaptation,temporal_training_partition,5edace34-732e-46be-b147-de20c7919147,Heidelberg Materials Beton Danmark A/S,DK,2025,5076.33,201.41665424876,39.677612418570114,0,0.00047621722182763723
no_adaptation,temporal_training_partition,614ceba8-0873-409a-96e0-9299f6242972,Wewers Beton A/S,DK,2025,2320.608,146.66914499424698,63.202895531794674,1,0.07618784252833777
no_adaptation,temporal_training_partition,62005f1c-5394-4459-a726-d4840d4eb409,A/S Ikast Betonvarefabrik,DK,2025,2900.76,166.650714406674,57.45070754101477,0,0.02302307153686977
no_adaptation,temporal_training_partition,62243852-dae2-4f10-b96b-92ce2f042e34,Unicon A/S,DK,2023,5801.52,298.483369543422,51.44916669138812,0,0.0002727609181417413
no_adaptation,temporal_training_partition,62ce8e03-0606-4157-a641-bb7fd29a0d29,Heidelberg Materials Beton Danmark A/S,DK,2025,2320.608,123.998687229632,53.4337066965347,0,0.06098009936794484
no_adaptation,temporal_training_partition,6332e6b3-0527-45e7-a6d0-84a12656f084,Heidelberg Materials Benelux SA  -  RMC,BE,2025,6526.710000000001,236.306527644184,36.20607130455987,0,0.00020920897401720327
no_adaptation,temporal_training_partition,6380fce1-ea13-4ee7-8e3b-58ed1925a03b,,DK,2023,4351.14,219.113964989478,50.35782921015596,0,0.0020823076233149216
no_adaptation,temporal_training_partition,66252e2d-e8f2-4b9c-8df1-bb14a6eefd9d,Unicon A/S,DK,2023,2320.608,110.250142968384,47.50916267132752,0,0.05598692468572612
no_adaptation,temporal_training_partition,66f1f25b-30e6-4a78-8021-0826384688cd,Gammelrand Beton A/S,DK,2025,5076.33,282.18835998908304,55.58904956712488,0,0.0006051230212676102
no_adaptation,temporal_training_partition,676cd3b4-fb40-4318-80f0-7df77f83ca55,Fosen Betong  AS,NO,2021,4351.14,243.520797475742,55.96712527653489,0,0.0020370972479238237
no_adaptation,temporal_training_partition,6827bfae-b7dd-4dd7-b9ba-4f2f1f660aba,AS Uthaug Sementstøperi,NO,2019,5076.33,269.13910262795093,53.018441005204735,0,0.0006495577662699347
no_adaptation,temporal_training_partition,6adc4542-fad3-4ee9-86e2-e84a7cf3160d,Sola Betong AS,NO,2025,4351.14,194.922347677685,44.79799493412876,0,0.0012509642546864469
no_adaptation,temporal_training_partition,6b0c3450-cbf9-4873-a67f-be3dd0402e10,NOBI AS,NO,2021,4351.14,195.732679127735,44.98422921986767,0,0.001907200543422676
no_adaptation,temporal_training_partition,6c7ca93f-42af-461c-8a9b-fefffc736221,Stjern Betong AS,NO,2021,4351.14,238.471064555307,54.80657127909169,0,0.0016036896570531456
no_adaptation,temporal_training_partition,6c93a43d-2bcd-48a5-906e-36d6ccab1cb8,Sylteosen Betong AS,NO,2020,5076.33,282.448495956457,55.64029445612422,0,0.0007045764580072897
no_adaptation,temporal_training_partition,6d4c86c4-9cf6-43ae-a5a4-5796640c0aee,FC Beton,DK,2024,4351.14,240.36852967783705,55.24265587359566,0,0.0012509642546864469
no_adaptation,temporal_training_partition,6e35bfe4-5f4f-4a32-bf8c-532aced3b54e,Blanderiet AS,NO,2025,6526.710000000001,219.560384305078,33.64028496824249,0,0.00037757224896102406
no_adaptation,temporal_training_partition,6e589de6-0245-42de-a361-5a3900c24558,Trønderbetong AS,NO,2017,5076.33,197.961532901643,38.99697870344186,0,0.00067883820243312
no_adaptation,temporal_training_partition,6fc996e2-f735-4902-a6b2-b1dd23bfd6b0,Unicon A/S,DK,2023,1740.456,101.436945197539,58.28182108455427,0,0.8447926441559818
no_adaptation,temporal_training_partition,701821fe-06a4-49a4-9dab-c8f52f3a3403,Heidelberg Materials Beton Danmark A/S,DK,2025,5076.33,248.336480019662,48.920476017056025,0,0.00043301624741594634
no_adaptation,temporal_training_partition,711f934b-4001-45f7-a8e8-7a47b669f2c3,Wewers Beton A/S,DK,2025,2900.76,131.993943837162,45.50322806339097,0,0.03504874378606985
no_adaptation,temporal_training_partition,71a77881-f678-4378-a858-a555077ae000,Betong Vest AS,NO,2021,4351.14,242.337944171314,55.69527621986744,0,0.0019975787162186567
no_adaptation,temporal_training_partition,72131ede-f474-48a5-b0de-c6ccbe39a118,Lister Ferdigbetong AS,NO,2025,5076.33,201.95703087559696,39.78406267433303,0,0.0006704062737414361
no_adaptation,temporal_training_partition,728c656a-8e79-4b77-82f8-a6d655c82834,A/S Ikast Betonvarefabrik,DK,2025,4351.14,232.950775165567,53.537871722253705,0,0.0015644001968403726
no_adaptation,temporal_training_partition,7606db54-62ed-4932-82e2-8003776ee494,Aurland Energibygg AS,NO,2020,4351.14,230.114638813934,52.88605717442647,0,0.001892108677752524
no_adaptation,temporal_training_partition,76136927-4295-4a40-bd12-6371ad370794,Unicon A/S,DK,2023,5076.33,185.57765913280696,36.55744585809177,0,0.0005486365354095836
no_adaptation,temporal_training_partition,765d9ed5-608f-42ff-992e-67ac8bed2f5c,Heidelberg Materials Lietuva Betonas UAB  -  Concrete,LT,2025,3625.95,219.757555888309,60.60689085296515,0,0.00403190246014321
no_adaptation,temporal_training_partition,78d9f536-6cd4-4d66-8e6f-4fd11128eb91,Unicon A/S,DK,2024,5076.33,178.79696306207,35.22169816817859,0,0.0005500745601228769
no_adaptation,temporal_training_partition,791c5085-c392-4891-870f-cec8aa80f16f,Heidelberg Materials Beton Danmark A/S,DK,2025,3625.95,200.16861176584305,55.2044600079546,0,0.003750171079646608
no_adaptation,temporal_training_partition,79533c56-843a-47a1-b388-f29a40598a4d,Egersund Betongindustri AS,NO,2024,6526.710000000001,212.81311581875,32.60649175752408,0,0.00039684235558545616
no_adaptation,temporal_training_partition,7dd6d534-7499-4c78-8ded-8b447ea59c44,OK Ferdigbetong AS,NO,2025,6526.710000000001,267.00784919311,40.91002192423288,0,0.0002567701137384013
no_adaptation,temporal_training_partition,7fea73c1-b728-4239-861f-20ad73d0d2ef,Heidelberg Materials Beton Danmark A/S,DK,2025,3625.95,191.632930541656,52.85040624985341,0,0.003750171079646608
no_adaptation,temporal_training_partition,801c7ee9-e148-4e9a-9572-87e4ad643adf,FC Beton,DK,2025,2900.76,178.266340464638,61.4550464239158,0,0.018657670504011264
no_adaptation,temporal_training_partition,80e06109-8a0c-49f7-9dfc-8604b1b65dfc,Wewers Beton A/S,DK,2025,2320.608,176.69262544977397,76.14066031392375,1,0.07618784252833777
no_adaptation,temporal_training_partition,8114f7b5-8e82-42a3-8234-1b368bfa2317,Skagen Cement Støberi A/S',DK,2024,5076.33,270.075767175429,53.202957092117536,0,0.0007014585752755695
no_adaptation,temporal_training_partition,81f2aae7-c19a-4afa-b110-52c2bfc7cce2,Heidelberg Materials Beton Danmark A/S,DK,2025,5801.52,298.117064968134,51.38602727701257,0,0.00025842912969027053
no_adaptation,temporal_training_partition,83bd1d95-7d69-4ea9-8465-975d963cccd4,Heidelberg Materials UK,GB,2024,4061.064,256.64,63.19526114338508,1,0.0026107361706887594
no_adaptation,temporal_training_partition,8489b3e1-6c3b-463b-9c87-3fb4f8f12bdc,Lister Ferdigbetong AS,NO,2025,6526.710000000001,215.65840953554496,33.042437849321466,0,0.00039684235558545616
no_adaptation,temporal_training_partition,8665cfc8-498c-4c7e-981b-3c48dbc970b4,Unicon A/S,DK,2024,5076.33,249.54429741125296,49.15840723736499,0,0.0005260786597628144
no_adaptation,temporal_training_partition,877948e8-be5f-47b5-9f96-a367f71a8567,A/S Ikast Betonvarefabrik,DK,2025,5076.33,354.559495317676,69.84563559060898,1,0.0005090423227928214
no_adaptation,temporal_training_partition,883609ad-3073-42f9-885e-7e2b3cc3a778,Heidelberg Materials Beton Danmark A/S,DK,2025,2320.608,153.522793164927,66.15628023557922,1,0.0504326343522634
no_adaptation,temporal_training_partition,88c99068-5c60-4927-92cc-cf2a51c09927,SCHWENK Transportbeton GmbH & Co.KG,DE,2026,4351.14,208.45741882627487,47.908690326276535,0,0.0010407694145738845
no_adaptation,temporal_training_partition,88e3d38c-7b44-48ec-b60c-2cc246edd063,A/S Ikast Betonvarefabrik,DK,2025,3625.95,174.978382678587,48.25725194185992,0,0.00344238386562669
no_adaptation,temporal_training_partition,891e3bdd-20e0-42e1-8195-f1d8299fac95,Betong Øst AS,NO,2023,5076.33,197.060803463604,38.81954157109645,0,0.0006079663715827095
no_adaptation,temporal_training_partition,8b203886-2666-49f8-91fa-e0798c5f5cf5,Heidelberg Materials Lietuva Betonas UAB  -  Concrete,LT,2025,4351.14,269.432965447487,61.9223848112189,1,0.0013952394974474887
no_adaptation,temporal_training_partition,8d9f2a5a-422f-4e81-8761-6a511f3ca62b,Velde Betong AS,NO,2015,6526.710000000001,251.8467,38.587082925394256,0,0.00040183496096264995
no_adaptation,temporal_training_partition,8dc53a17-4cf1-4ac7-bceb-2817873a69af,Heidelberg Materials Beton Danmark A/S,DK,2025,3625.95,136.678250079525,37.69446629973523,0,0.007815665851132187
no_adaptation,temporal_training_partition,8de2f53c-caa0-4d95-b2c3-70b23aca345f,A/S Ikast Betonvarefabrik,DK,2025,5801.52,358.687383367656,61.82644951110329,0,0.0003197125286666445
no_adaptation,temporal_training_partition,8e3d43a9-c997-45d1-a9b8-8c58b654e38f,Ribe Betong AS,NO,2023,4351.14,192.659225237358,44.27787320963196,0,0.0020118281896014142
no_adaptation,temporal_training_partition,8fa2d7a3-c147-4f45-996f-ba377c247d3c,Røyrvik Bygg og Betong AS,NO,2025,4351.14,219.468246507507,50.43925189892924,0,0.0019122967889863007
no_adaptation,temporal_training_partition,8fbc0adf-74c7-4ccb-aa76-20335fc4ce79,Unicon A/S,DK,2026,5076.33,243.161618513452,47.90106602869633,0,0.0005538731469104558
no_adaptation,temporal_training_partition,90024685-ee87-45e8-90eb-9f59b3d3b1f8,,SE,2020,4351.14,256.0,58.83515584421554,0,0.0011921327528463571
no_adaptation,temporal_training_partition,928f459b-2451-49e8-8e0e-098d9ed81f13,Heidelberg Materials Beton Danmark A/S,DK,2025,2900.76,130.010599705848,44.81949547906341,0,0.022716355959966576
no_adaptation,temporal_training_partition,935bb964-aa73-40ec-9ef4-04efbd379738,Unicon A/S,DK,2024,5076.33,260.006380468383,51.21936132370886,0,0.0005478069515229977
no_adaptation,temporal_training_partition,94026df0-62c0-4eee-b8b2-b88802487d18,BM Vallá,IS,2020,3625.95,203.663674018748,56.168362503274444,0,0.010999460531558486
no_adaptation,temporal_training_partition,941ac5c8-10b7-479b-ab4d-7d109d8ef9a3,Heidelberg Materials Beton Danmark A/S,DK,2024,2900.76,197.05065049242,67.93069764214205,1,0.020882509008494803
no_adaptation,temporal_training_partition,95180f1b-85c5-4b95-bae0-cf4a596df1d8,Unicon A/S,DK,2026,4351.14,163.325984124243,37.53636613031137,0,0.0014529773745030757
no_adaptation,temporal_training_partition,9543d827-5ec7-4d9c-9f01-f35e78a5ba28,Swerock AB,SE,2020,4351.14,246.32,56.61045151385614,0,0.0012666888039928536
no_adaptation,temporal_training_partition,95efe7ba-fc86-414b-95dc-6cb91357fb4a,Midt-Norsk Betong Verdal AS,NO,2024,5076.33,274.339502784752,54.04288192153624,0,0.0005973391177972285
no_adaptation,temporal_training_partition,9682367f-eb5d-4cc6-8571-8a50de161582,Unicon A/S,DK,2026,4351.14,200.16151604706,46.00208590095009,0,0.0013362074610234192
no_adaptation,temporal_training_partition,96ef298e-2d82-4e3f-9d14-bba2605c8f37,Heidelberg Materials Beton Danmark A/S,DK,2025,3625.95,175.827088957915,48.49131647097036,0,0.0035807593688831833
no_adaptation,temporal_training_partition,96f38a5d-507b-4047-a69a-6d4e4248f295,Trønderbetong AS,NO,2023,6526.710000000001,214.64433578873695,32.88706496668872,0,0.0005849625416515606
no_adaptation,temporal_training_partition,97e10fed-5df3-4130-9ff3-c245a5996837,Unicon A/S,DK,2024,2900.76,140.7972981263,48.53807213499221,0,0.024550407675919327
no_adaptation,temporal_training_partition,9836fab0-ba54-4ca8-b4a8-de79308f34c0,Unicon A/S,DK,2024,4351.14,172.773131305999,39.70755510188111,0,0.0013932159195832307
no_adaptation,temporal_training_partition,9972a41f-9737-4a15-9567-64350fa09967,Vesterålsbetong AS,NO,2024,4351.14,215.376988624778,49.498979261705664,0,0.0017928225948999755
no_adaptation,temporal_training_partition,99d45706-f7fc-4cb7-ac15-5d480c431885,Nordland Betong,NO,2023,4351.14,197.914082318841,45.48556983200747,0,0.004680774088464067
no_adaptation,temporal_training_partition,9bbdabf7-3284-415c-9799-621a88d876c3,Heidelberg Materials Beton Danmark A/S,DK,2025,3625.95,184.018347496356,50.750381967858345,0,0.0038002883342654705
no_adaptation,temporal_training_partition,9c4bc948-37d0-4fe3-b815-3e6add45a556,Heidelberg Materials Beton Danmark A/S,DK,2025,5801.52,288.956014666026,49.806949672848845,0,0.00025533661192028706
no_adaptation,temporal_training_partition,9f71ac96-1ede-45f3-9ef4-3749eb41c7f0,Unicon A/S,DK,2024,5076.33,226.235679884505,44.56677952073743,0,0.0005478069515229977
no_adaptation,temporal_training_partition,9fc3ee6a-e584-4185-b1ec-0bca59aeda94,Sunnfjord Betong AS,,2025,5076.33,320.15375930789,63.067956438586535,1,0.0006704062737414361
no_adaptation,temporal_training_partition,9fcbaeba-d5f4-4def-80e8-2d73c6060f40,Unicon A/S,DK,2025,2320.608,102.14265342013,44.01547069566683,0,0.04826008059796351
no_adaptation,temporal_training_partition,9fd17334-163b-4494-bb83-0e4fdb5afc94,Nordfjord Betong AS,NO,2022,6526.710000000001,346.62685032394296,53.10897072551759,0,0.0002849196385189341
no_adaptation,temporal_training_partition,a129c80d-4a75-4301-be97-7793a0747685,Heidelberg Materials UK,GB,2024,4641.216,148.22,31.93559618858506,0,0.0010977669430321348
no_adaptation,temporal_training_partition,a26a3968-7cbb-4756-8a66-e69fa65d879e,Lister Ferdigbetong AS,NO,2025,4351.14,181.904548582954,41.80618150253818,0,0.0020118281896014142
no_adaptation,temporal_training_partition,a2995b2d-7fd3-460b-95ae-5c6f45c0b07d,Sola Betong AS,NO,2020,4351.14,215.925395405551,49.62501675550568,0,0.0020897415480582537
no_adaptation,temporal_training_partition,a3aad49f-1828-4095-bc93-828274b8083d,A/S Ikast Betonvarefabrik,DK,2025,5076.33,356.190124448918,70.16685764103556,1,0.00045903861042334945
no_adaptation,temporal_training_partition,a82043eb-29a1-4e28-83b9-2b402714eeea,BM Vallá,IS,2020,4351.14,309.114163421495,71.04210929124207,1,0.0018938131995309697
no_adaptation,temporal_training_partition,a83d00d1-3bd9-4fb8-84b9-50f446d9c829,Unicon A/S,DK,2024,5076.33,230.887226225334,45.48310023685104,0,0.0005428856410583526
no_adaptation,temporal_training_partition,a8922da4-1189-4544-937a-bdf1d6a2f3a1,Heidelberg Materials Benelux SA  -  RMC,BE,2025,6526.710000000001,216.346503617364,33.14786525176758,0,0.00020634795727913946
no_adaptation,temporal_training_partition,a8ecbacc-3e47-4617-b339-734814b11063,Gammelrand Beton A/S,DK,2025,4351.14,166.719637815343,38.31631200451904,0,0.0016103569138179246
no_adaptation,temporal_training_partition,aa60b78c-7b8a-418e-a143-543cd78d2ed0,Unicon A/S,DK,2024,5801.52,302.69786383297,52.17561325876149,0,0.000273258335499145
no_adaptation,temporal_training_partition,ad27ee3f-8686-4469-a86f-32393f0081c1,Unicon A/S,DK,2024,3625.95,154.01441110822998,42.47560256159902,0,0.003369578809126245
no_adaptation,temporal_training_partition,ad8f14d3-c0b9-4f0c-a39e-e15065b785f3,Ferdigbetong AS,,2019,4351.14,222.865619464073,51.22005255268114,0,0.002450827895126675
no_adaptation,temporal_training_partition,aeba2c78-c83e-420b-b7ca-84cd9c824128,Velde Betong AS,NO,2017,6526.710000000001,203.4106,31.165870706680696,0,0.00040183496096264995
no_adaptation,temporal_training_partition,b1ecbd74-fcff-42c4-af71-0737dc5c7c40,Norsk Spennbetong AS,,2024,6526.710000000001,188.881153711028,28.93971904849885,0,0.00039684235558545616
no_adaptation,temporal_training_partition,b240a5c2-be46-4fcd-b241-ab7121f7820f,Unicon A/S,DK,2026,5801.52,281.32987195823,48.49244197352245,0,0.00028595901447962173
no_adaptation,temporal_training_partition,b3602564-ee7d-4133-ae10-b89c17246fc2,Egersund Betongindustri AS,NO,2025,5076.33,276.66375236514,54.50074214346586,0,0.0006413320709175137
no_adaptation,temporal_training_partition,b3967f7d-a6ad-43e0-a467-afadc03bff5e,Berg Betong AS,NO,2025,5076.33,191.279096408581,37.68058743394953,0,0.0006704062737414361
no_adaptation,temporal_training_partition,b3b1a564-0c9a-4b7e-9785-7b485cc0e0f3,Betongindustri AB,,2021,4061.064,145.35000000000002,35.791112870912656,0,0.007630111246851915
no_adaptation,temporal_training_partition,b44cd475-5278-4b55-85bf-5c7ae0bd2b22,Trønderbetong AS,NO,2023,5076.33,204.32239402187705,40.25002196899671,0,0.0006704062737414361
no_adaptation,temporal_training_partition,b5f33f6f-907c-4f69-89b3-abae49787101,A/S Ikast Betonvarefabrik,DK,2025,5801.52,371.404530056017,64.01848654421893,1,0.0002858922557886428
no_adaptation,temporal_training_partition,b69d43ee-fdf1-4924-a22b-3451bdf1da60,Namdal Betong & Plast AS,NO,2020,4351.14,246.311162428009,56.60842042039764,0,0.0023290366024359896
no_adaptation,temporal_training_partition,b6e353ab-3ef0-4040-9026-4cb31f23ae59,Heidelberg Materials UK,GB,2024,4061.064,185.84,45.76140637035024,0,0.0029828509810872522
no_adaptation,temporal_training_partition,b85b206d-9373-411b-896e-6d8ee713e715,Åkra Sementstøperi AS,NO,2021,5076.33,248.85015823120895,49.02166687965696,0,0.0006911770059291576
no_adaptation,temporal_training_partition,b892a682-2d41-4ce6-b73e-d17850b0d590,Unicon A/S,DK,2024,2900.76,139.162996602446,47.97466753624775,0,0.02264355627363798
no_adaptation,temporal_training_partition,b92d3322-6b84-45c7-bc88-fc5bd637e5f6,A/S Ikast Betonvarefabrik,DK,2024,4351.14,261.212804355686,60.03318770613816,0,0.0016280371662605255
no_adaptation,temporal_training_partition,b957fe55-f761-4e2e-885c-c9143549c455,Gammelrand Beton A/S,DK,2025,5801.52,262.431909246301,45.23502620801118,0,0.00033794983968642265
no_adaptation,temporal_training_partition,bb04f8c8-73e5-4ea9-a97e-547d1d03f988,Unicon A/S,DK,2026,3625.95,135.374859235641,37.33500440867662,0,0.003237022749561765
no_adaptation,temporal_training_partition,bc86105a-98ce-4288-93af-ef0ba8d6bfe9,A/S Ikast Betonvarefabrik,DK,2025,4351.14,247.18527447051,56.8093130697955,0,0.0014447836798321826
no_adaptation,temporal_training_partition,bce946f1-1542-444f-8565-9bf95230f14e,Unicon A/S,DK,2024,4351.14,210.272059945705,48.32573990855385,0,0.0014184948958462925
no_adaptation,temporal_training_partition,bd0d4ca2-a31c-4dd7-8ec7-e177f72e9920,Gammelrand Beton A/S,DK,2025,2320.608,98.412903593727,42.40824111341812,0,0.06198895152164566
no_adaptation,temporal_training_partition,be008f1a-df1f-4934-9d45-25b502f7114c,Heidelberg Materials Beton Danmark A/S,DK,2024,2900.76,160.82159367064398,55.44119253941863,0,0.0222929065700894
no_adaptation,temporal_training_partition,be7a01e5-f678-4a8f-969c-7d160fd92de7,Heidelberg Materials UK,GB,2024,4641.216,160.77,34.639628924833495,0,0.0010453038915511548
no_adaptation,temporal_training_partition,bff9d813-d3fd-46ec-83e0-1de4be260328,Heidelberg Materials Beton Danmark A/S,DK,2025,3625.95,189.60063226387496,52.28991912846977,0,0.009096196139842014
no_adaptation,temporal_training_partition,c1d846fe-7ab7-4b4a-b426-02e70d32199b,Unicon A/S,DK,2023,5076.33,255.780786172185,50.38695005489892,0,0.0005538731469104558
no_adaptation,temporal_training_partition,c1f9ef1e-a43a-48d3-895c-c228432652cf,Heidelberg Materials Beton Danmark A/S,DK,2025,5801.52,283.415515172382,48.85194141748749,0,0.00024040102284336897
no_adaptation,temporal_training_partition,c2553da2-cd59-43f3-a1ba-d83ee64f6dca,Egersund Betongindustri AS,NO,2024,6526.710000000001,248.256337099272,38.03697990247337,0,0.00039684235558545616
no_adaptation,temporal_training_partition,c359916f-399d-413b-ae63-fb1ce5b93caa,Heidelberg Materials UK,GB,2024,4061.064,135.49,33.36317772879226,0,0.002925508333932556
no_adaptation,temporal_training_partition,c5ca8d8d-03df-4bf5-9cf6-9d76812dd558,Trønderbetong AS,NO,2023,6526.710000000001,208.97976030684495,32.0191582446355,0,0.00039684235558545616
no_adaptation,temporal_training_partition,c696678f-9f82-45f5-85bc-0882e9e0ae3b,Unicon A/S,DK,2024,4351.14,175.070662579772,40.23558483058969,0,0.0013932159195832307
no_adaptation,temporal_training_partition,c9ef0f5c-a8a9-4d53-b1b6-fbd9d08edb3e,Leonhard Nilsen & Sønner AS,NO,2024,5076.33,320.176061424981,63.07234979305542,1,0.0007766447067284443
no_adaptation,temporal_training_partition,ca060b11-a8c3-49e8-88aa-45d8722d6b72,Heidelberg Materials Beton Danmark A/S,DK,2025,1740.456,131.592377237933,75.6079885029745,1,0.8038524831114797
no_adaptation,temporal_training_partition,caa2251d-7738-49ce-9b23-445b1e3dbcf8,NorBetong AS,NO,2019,4351.14,225.748460937525,51.88260109707456,0,0.0020631129087164504
no_adaptation,temporal_training_partition,cc37584a-7821-4700-8e0d-98dcf967f0e9,Heidelberg Materials Beton Danmark A/S,DK,2025,5076.33,256.489548738999,50.52657111318591,0,0.00047726664768467933
no_adaptation,temporal_training_partition,cd1f0b21-4e1e-4425-9a4f-c77f72cf054d,Hokksund Betong AS,NO,2021,4351.14,188.728969233607,43.374602801474325,0,0.0012128839179697869
no_adaptation,temporal_training_partition,ce417ca5-64e5-4526-97b5-99620e6d1225,AS Vågsøy Ferdigbetong,NO,2023,5076.33,338.265241043734,66.63578629516482,1,0.0005523128103338935
no_adaptation,temporal_training_partition,d13258bc-45dd-4b36-8ee4-b12cdda7bc21,Ryfoss Betong AS,NO,2024,5076.33,292.211900365948,57.56361394273974,0,0.0006704062737414361
no_adaptation,temporal_training_partition,d2098c67-752f-4be9-885c-9d2db6a55abd,Heidelberg Materials Beton Danmark A/S,DK,2024,4351.14,218.073722588324,50.11875567973542,0,0.0011990678507752632
no_adaptation,temporal_training_partition,d2b75821-d34b-4202-b9cd-39924c5082cc,Dyrøy Betong Ålesund as,NO,2019,5076.33,244.247254715096,48.11492844537215,0,0.0007451869184597053
no_adaptation,temporal_training_partition,d320f189-9a4b-4cac-aaf7-605738e139a3,Midt-Norsk Betong Verdal AS,NO,2020,4351.14,235.101016072587,54.03205046782843,0,0.0012120832686106347
no_adaptation,temporal_training_partition,d4204255-c3e7-487f-874f-91a84efe6fb5,Lofot Entreprenør AS,NO,2024,6526.710000000001,208.496456556723,31.94510811062893,0,0.0002649588572382289
no_adaptation,temporal_training_partition,d4f66366-1679-4ea2-ba18-23481c58107b,Stjern Betong AS,NO,2020,6526.710000000001,268.700922841735,41.16942883041148,0,0.00022751907060536452
no_adaptation,temporal_training_partition,d6916f28-cfdc-4810-80b4-b78a109a747c,Gammelrand Beton A/S,DK,2025,5076.33,276.093786878525,54.388463098050174,0,0.0006854432163440608
no_adaptation,temporal_training_partition,d6b014eb-d9a2-467c-bbd8-79917e44a1de,Unicon A/S,DK,2024,3625.95,172.74671506958202,47.641780793883534,0,0.003055090311847114
no_adaptation,temporal_training_partition,d6ec8db5-2cee-4672-af48-9f3c74213737,Unicon AS,NO,2018,4351.14,221.31,50.8625325776693,0,0.0020370972479238237
no_adaptation,temporal_training_partition,d84bfef9-8a04-46df-af7a-364e7461ac87,Gammelrand Beton A/S,DK,2025,4351.14,185.087389081792,42.53767727119605,0,0.0016103569138179246
no_adaptation,temporal_training_partition,d9691bd2-a022-40e8-ac03-14fad2410c00,Skagen Cement Støberi A/S,DK,2023,2900.76,176.62793073423902,60.89022557338043,0,0.044879772768190766
no_adaptation,temporal_training_partition,d9c4fd91-2127-4f27-b495-d83f00ebce75,Åkra Sementstøperi AS,NO,2021,4351.14,221.310042488477,50.8625423425762,0,0.002646319227731463
no_adaptation,temporal_training_partition,da97da44-2c34-4236-902e-1de3b47ba33e,Ølen Betong AS,NO,2024,4351.14,182.09139932986,41.84912444321718,0,0.0015016667283849028
no_adaptation,temporal_training_partition,dbb7ec62-5b47-4bf8-be69-0e3ac006880a,Heidelberg Materials Beton Danmark A/S,DK,2024,4351.14,206.449846220853,47.447300298508665,0,0.0012206927780394978
no_adaptation,temporal_training_partition,dcfbf5c0-d3b9-4a3b-8b4f-6c743f2115ce,FC Beton,DK,2024,5076.33,259.20279162662,51.06106018060687,0,0.0008014519148001896
no_adaptation,temporal_training_partition,de137fa3-4ed7-4a7d-8698-54d16911a344,Unicon A/S,DK,2026,4351.14,209.795914711514,48.21630991223312,0,0.001399068320569318
no_adaptation,temporal_training_partition,de5889d2-8360-45f2-b529-c02799b01140,Wewers Beton A/S,DK,2025,5076.33,305.060055772595,60.09460688580037,0,0.0006090943449467634
no_adaptation,temporal_training_partition,df2b5d3c-805c-4a47-940f-7f3d0ba047dd,Wewers Beton A/S,DK,2025,4351.14,241.29296009853,55.4551129355824,0,0.0012177385360286478
no_adaptation,temporal_training_partition,e2ad9ff8-0657-4627-bd17-52ecb8f88cb5,Bjerka Sandindustri AS,NO,2024,5076.33,263.60895364758704,51.92904197473117,0,0.0008803834297152808
no_adaptation,temporal_training_partition,e3655593-5082-4b57-98d1-0760a1ded3e6,Heidelberg Materials Beton Danmark A/S,DK,2025,5076.33,257.860847240702,50.79670692029518,0,0.00039529793420086106
no_adaptation,temporal_training_partition,e5ce2678-986c-4378-82aa-9204579f56eb,Heidelberg Materials Beton Danmark A/S,DK,2025,5076.33,207.44853567006103,40.86584908192751,0,0.000478825779928956
no_adaptation,temporal_training_partition,e5f09815-7b8d-424f-a557-f62e881e0e5e,Heidelberg Materials Beton Danmark A/S,DK,2025,3625.95,154.30696944668605,42.55628716520802,0,0.009045876108686584
no_adaptation,temporal_training_partition,e69bd8d6-3d5a-4c9a-9bc9-ac147817877e,Heidelberg Materials Lietuva Betonas UAB  -  Concrete,LT,2025,4351.14,288.019055698099,66.1939297972713,1,0.0013952394974474887
no_adaptation,temporal_training_partition,e8130098-5033-4d41-bf6d-ce0061cb04c5,FC Beton,DK,2024,2900.76,141.264442531149,48.699114208396765,0,0.018657670504011264
no_adaptation,temporal_training_partition,e953e990-f02d-4cb2-9d09-270e15d30279,Nordland Betong,NO,2018,4351.14,254.91517188123905,58.58583540893628,0,0.0046230714073548325
no_adaptation,temporal_training_partition,e99caf1a-0f84-4ada-b9c9-e49b19473d2a,Heidelberg Materials Beton Danmark A/S,DK,2025,2900.76,157.806742540822,54.401861078069885,0,0.022006160363271566
no_adaptation,temporal_training_partition,e9f5efd7-2c10-4eb5-a242-fe1ee66b7b91,Heidelberg Materials UK,GB,2024,2320.608,172.24,74.22192804644301,1,0.039845957230335384
no_adaptation,temporal_training_partition,eb1aa483-9bec-4ce9-8e08-267ccea4638d,Solid Betong AS,NO,2023,4351.14,218.946155149672,50.31926234266698,0,0.0019148786449827814
no_adaptation,temporal_training_partition,eb34ccb2-88cf-40bf-86b4-e5ea631cf36f,NorBetong AS,NO,2024,4351.14,212.145531823976,48.75631025983443,0,0.0020118281896014142
no_adaptation,temporal_training_partition,ebb7c42f-67e9-4d89-926f-77c36f50023f,Heidelberg Materials Beton Danmark A/S,DK,2025,2320.608,128.643706281395,55.4353455135012,0,0.0500051596690787
no_adaptation,temporal_training_partition,edcfadd4-f465-40e0-9cc6-e415506805c5,Heidelberg Materials Beton Danmark A/S,DK,2025,5076.33,263.930304061376,51.99234566337807,0,0.00039529793420086106
no_adaptation,temporal_training_partition,ede6eb6c-2b0a-4dfe-bc75-a7f6ffe627eb,Heidelberg Materials Beton Danmark A/S,DK,2025,5076.33,248.886869723844,49.028898776053566,0,0.0005067234016035775
no_adaptation,temporal_training_partition,ef6f7c13-471b-4a31-81f0-f04abe1ddb24,Ulstein Betong AS,NO,2020,5076.33,273.484509806094,53.87445453823807,0,0.0007053577045482613
no_adaptation,temporal_training_partition,f09ad0a4-fe0d-486e-99a8-f09eba667142,Helgeland Ferdigbetong AS,NO,2025,6526.710000000001,191.415626919905,29.328042293882365,0,0.00035590017634016917
no_adaptation,temporal_training_partition,f0c7faa6-21b6-46d3-8442-a58b9827b4ef,Ulstein Betong AS,NO,2020,6526.710000000001,289.758030639348,44.3957262754662,0,0.0002842402374499569
no_adaptation,temporal_training_partition,f0da776f-824d-4890-b10a-4ef44fec3bea,Unicon A/S,DK,2024,5801.52,270.620785122533,46.64653144736776,0,0.0002990083267175741
no_adaptation,temporal_training_partition,f129fd3e-6e1b-4b23-abbf-f3ea6a591628,Blanderiet AS,NO,2025,4351.14,201.088628108592,46.21515927058012,0,0.0016326001958432551
no_adaptation,temporal_training_partition,f15215cc-3486-40cd-bfed-2e6b9ee46ddc,Heidelberg Materials Beton Danmark A/S,DK,2025,5076.33,222.733810050981,43.87693669461619,0,0.00039999511074378496
no_adaptation,temporal_training_partition,f1563672-caf1-4a9c-9683-ede87467a2a8,Unicon A/S,DK,2024,5076.33,179.44667717080102,35.349687110727835,0,0.0005500745601228769
no_adaptation,temporal_training_partition,f1a37b19-fbf1-4bc5-b930-9e652ce617da,Heidelberg Materials Beton Danmark A/S,DK,2025,5076.33,254.177485688577,50.07111154881125,0,0.0004132977018707402
no_adaptation,temporal_training_partition,f2d7fc6d-bcaa-4c4c-ab91-e433d5765b06,A/S Ikast Betonvarefabrik,DK,2025,3625.95,227.953457021452,62.86723673008507,1,0.004210506998657771
no_adaptation,temporal_training_partition,f4de0171-f625-4953-859f-e7495a407b5e,Wewers Beton A/S,DK,2025,2900.76,201.51294679689695,69.46901735989775,1,0.034194414920617304
no_adaptation,temporal_training_partition,f5adba57-2c55-4072-ae19-04913f5c9fe2,Blanderiet AS,NO,2020,4351.14,184.64739063131,42.43655470320652,0,0.0018524904265562025
no_adaptation,temporal_training_partition,f837ce51-9ca1-427f-bb34-4115c14ff5f2,Berg Betong AS,NO,2021,4351.14,240.270371254181,55.22009663080963,0,0.0018153458925856127
no_adaptation,temporal_training_partition,f8ab73a0-c276-4399-8bad-6ba345cb8f19,Skagen Cement Støberi A/S,DK,2024,6526.710000000001,341.042853804357,52.25341003420665,0,0.0004152288155837359
no_adaptation,temporal_training_partition,f9348f15-ad9b-4897-88dd-0585b291b8c7,Sandnes & Jærbetong,NO,2021,4351.14,182.194519442798,41.87282400538663,0,0.0020370972479238237
no_adaptation,temporal_training_partition,fa097616-c491-4121-9915-6d7871c8500c,Unicon A/S,DK,2024,4351.14,197.58592417369,45.41015094290002,0,0.0013362074610234192
no_adaptation,temporal_training_partition,fa7dd645-2349-4a8d-b251-17a0e2fafc51,Heidelberg Materials Beton Danmark A/S,DK,2025,4351.14,154.747220202218,35.56475319162748,0,0.0012688442499124077
no_adaptation,temporal_training_partition,ff424d09-5d82-4da6-96b5-2f7effe00951,Åkra Sementstøperi AS,NO,2021,3625.95,197.555621084338,54.48382384873977,0,0.025802937328008466
vocabulary_bridge,full_us_sample,0053a523-ddb7-4656-a478-8055e84313a2,Heidelberg Materials Beton Danmark A/S,DK,2025,2320.608,110.934520739994,47.80407580254571,0,0.08445675080642558
vocabulary_bridge,full_us_sample,00b7a5e0-9d7c-49eb-8beb-dd77ff12608f,A/S Ikast Betonvarefabrik,DK,2025,3625.95,174.196103067033,48.04150720970586,0,0.001991491997203562
vocabulary_bridge,full_us_sample,00f66c0c-af18-4b38-9369-0852faadf93c,Heidelberg Materials Beton Danmark A/S,DK,2024,3625.95,187.77959057556495,51.7876944181704,0,0.005811454942348112
vocabulary_bridge,full_us_sample,01145859-af70-4f30-96ab-f4a8f3e92f9d,Trønderbetong AS,NO,2023,4351.14,178.682479404929,41.06567000945247,0,0.007311593361037444
vocabulary_bridge,full_us_sample,01ed916b-7f87-4e91-bc15-549e6430a59d,Heidelberg Materials Beton Danmark A/S,DK,2024,5801.52,364.02385630130505,62.74628998974494,1,0.00035962221043168866
vocabulary_bridge,full_us_sample,0375f9de-f1e4-4bba-88ef-b43f7add35e5,Vadsø Transportservice as,NO,2024,5076.33,239.946767226184,47.26776376362135,0,0.0005322848376283657
vocabulary_bridge,full_us_sample,03fee8e9-6033-441e-9300-7e9a73ed5ead,Heidelberg Materials Lietuva Betonas UAB  -  Concrete,LT,2025,5076.33,305.27741036344503,60.13742415553068,0,0.0006766535435554127
vocabulary_bridge,full_us_sample,04377811-b78b-4b3e-b4e8-d108636ac797,,SE,2020,6526.710000000001,385.0,58.98837239589317,0,0.0004379686719179135
vocabulary_bridge,full_us_sample,048103a7-40be-41cb-80c2-760bf98c00c3,Nordnes Betong og anlegg AS,NO,2023,6526.710000000001,284.63733422902794,43.61115082928886,0,0.0002464793685635129
vocabulary_bridge,full_us_sample,07c8d947-86a7-46a8-b858-8739531e2f7c,Heidelberg Materials Beton Danmark A/S,DK,2025,5076.33,265.247981193394,52.25191845159674,0,0.0007548279423533213
vocabulary_bridge,full_us_sample,0db1875a-3563-4756-a930-7a315229ae5f,Aurland Energibygg AS,NO,2023,4351.14,230.969206335572,53.0824580076881,0,0.006236280041548433
vocabulary_bridge,full_us_sample,0e2199f5-b3a0-4305-adb5-e28a8e7f07da,Vestfold Betong AS ,NO,2017,4351.14,218.52,50.221321308898354,0,0.005951034281190188
vocabulary_bridge,full_us_sample,0e2e8489-92cb-4efc-9c0c-d0c9a85411e4,Blanderiet AS,NO,2025,5076.33,208.58711144601705,41.09014020877623,0,0.0005081884945135351
vocabulary_bridge,full_us_sample,117c2917-69a6-4c63-8ed7-7867ec851ef4,Heidelberg Materials Beton Danmark A/S,DK,2025,2900.76,164.38539807085905,56.6697686367914,0,0.03495059294530781
vocabulary_bridge,full_us_sample,13848bf1-420a-4c17-a1a1-323d7bd7d4ee,Heidelberg Materials Beton Danmark A/S,DK,2024,5076.33,228.883727456774,45.08842558635353,0,0.0008226090436917222
vocabulary_bridge,full_us_sample,17420ee0-629c-46c0-860d-2281f57d1620,Hjelmeset Betong AS,NO,2023,4351.14,228.717112365346,52.56487089943003,0,0.006435605174354963
vocabulary_bridge,full_us_sample,176384c9-a597-4f62-9115-7916953dbd26,Betong og Sand AS,NO,2019,4351.14,219.42568348741,50.42946986017687,0,0.006005110469527667
vocabulary_bridge,full_us_sample,18188887-32dc-4f74-9ec4-f712933e2712,Gammelrand Beton A/S,DK,2025,5076.33,247.044402432825,48.66594615259942,0,0.0006863337849743352
vocabulary_bridge,full_us_sample,184b0d0e-1197-4c85-b5f1-1ec2203152e5,A/S Ikast Betonvarefabrik,DK,2024,2900.76,125.829552388394,43.378132761205336,0,0.03536168454186695
vocabulary_bridge,full_us_sample,195cf726-3fa0-41a7-957a-f15f66f51809, Betongservice AS,NO,2024,6526.710000000001,250.789,38.42502577868481,0,0.001239045058376955
vocabulary_bridge,full_us_sample,19a240b1-73d0-45e9-af13-d220da5c1cc8,Heidelberg Materials Beton Danmark A/S,DK,2024,5801.52,388.16015297831706,66.90663015525536,1,0.00038535049936886697
vocabulary_bridge,full_us_sample,1a6c6e84-e653-47d8-878f-56c2119d73c7,Egersund Betongindustri AS,NO,2024,4351.14,173.705229118286,39.92177432081846,0,0.006843031831685775
vocabulary_bridge,full_us_sample,1dfed1a5-ec4e-4e59-ae9e-7cd26a8c58f8,A/S Ikast Betonvarefabrik,DK,2024,3625.95,221.906621583635,61.19958123626497,0,0.001878144157774496
vocabulary_bridge,full_us_sample,1e38d3d2-84de-478b-88d9-4de6d7809a48,Egersund Betongindustri AS,NO,2024,5076.33,194.75348595128503,38.36501684312979,0,0.0009478718805722921
vocabulary_bridge,full_us_sample,234b9546-19b5-47fd-9f45-dd744227acb5,Heidelberg Materials Beton Danmark A/S,DK,2025,5076.33,207.856085857864,40.94613349759847,0,0.0007668687897441736
vocabulary_bridge,full_us_sample,239d9a9f-27d7-42ca-91d0-ad82712cdc16,FC Beton,DK,2024,3625.95,167.689981144872,46.24718519143176,0,0.004222068897534757
vocabulary_bridge,full_us_sample,241d07eb-c749-442e-8fc9-b32ca596e238,Heidelberg Materials Beton Danmark A/S,DK,2025,5801.52,241.13725374418505,41.56449581216389,0,0.00045058198257241625
vocabulary_bridge,full_us_sample,25ba3a4a-3ce7-48f6-8111-bc6bd180ba96,Berg Betong AS,NO,2025,6526.710000000001,197.674757646776,30.287044720353126,0,0.00045930565069983
vocabulary_bridge,full_us_sample,25e178b2-43ad-4af4-a36b-5d8fb11a1eb1,A/S Ikast Betonvarefabrik,DK,2024,4351.14,228.475023416346,52.50923284848247,0,0.0021713431215122543
vocabulary_bridge,full_us_sample,26a1ba43-be02-4cb9-97a9-7cf15f9ff2da,,SE,2020,4351.14,251.0,57.6860317066332,0,0.012069924181092064
vocabulary_bridge,full_us_sample,26dc06d2-e3ca-49e3-aefb-5f99b7012747,FC Beton,DK,2024,2320.608,128.373919120059,55.31908841133833,0,0.08582591615627552
vocabulary_bridge,full_us_sample,270826d5-d940-42e8-b7bf-86d90ad252a4,SCHWENK Zement GmbH & Co. KG,DE,2025,4351.14,139.0,31.945651024788905,0,0.008429351778951061
vocabulary_bridge,full_us_sample,272c19f5-d605-46ae-8170-9e7493276764,Mathias Øen transport,NO,2025,5076.33,235.558893739164,46.403384677348406,0,0.0009059567152964944
vocabulary_bridge,full_us_sample,27ae796a-250d-4aff-aca6-028e8e065649,Unicon A/S,DK,2023,2900.76,122.129818228979,42.10269661363884,0,0.02782938931815328
vocabulary_bridge,full_us_sample,282e2d7d-5880-430d-9f01-fc0361c2fd34,Opshaug Sandtak AS,NO,2020,4351.14,237.619890106098,54.61095025811581,0,0.004884577470306178
vocabulary_bridge,full_us_sample,2835ca0e-3d80-457a-8fe1-341c4828853a,Unicon A/S,DK,2023,4351.14,151.934634158556,34.918351089267645,0,0.002236105128648349
vocabulary_bridge,full_us_sample,29c49da0-ae9b-4c48-b03a-d79a3c986023,Unicon A/S,DK,2023,3625.95,173.840467447503,47.94342653580523,0,0.0024413562091511595
vocabulary_bridge,full_us_sample,2ad69921-5452-4a1f-8893-aef31e783e3b,Rissa Betong AS,NO,2021,4351.14,247.272251607502,56.82930257530256,0,0.004157704623599998
vocabulary_bridge,full_us_sample,2c369410-0ae3-4872-83dd-51ada5a33c09,Heidelberg Materials Beton Danmark A/S,DK,2025,3625.95,117.272493328793,32.34255666205904,0,0.0037230588813860093
vocabulary_bridge,full_us_sample,2fd6f2b1-1066-49fc-820e-4633360bf1fc,Heidelberg Materials Beton Danmark A/S,DK,2024,4351.14,277.4887218038,63.773797626323216,1,0.005620504428458143
vocabulary_bridge,full_us_sample,2ff36156-e80c-413a-896e-e6bd1ddc8fdc,,SE,2020,4351.14,262.0,60.21410480931434,0,0.012069924181092064
vocabulary_bridge,full_us_sample,305476d0-bdb0-46cf-83eb-e7cf71f3170b,Velde Betong AS,NO,2015,6526.710000000001,252.8687,38.74367024120881,0,0.0004295956047964561
vocabulary_bridge,full_us_sample,30620709-31a6-4912-83ba-104c8f78529e,Skagen Cement Støberi A/S,DK,2026,2320.608,110.56666778657602,47.64556003710063,0,0.2107065628831209
vocabulary_bridge,full_us_sample,337b9f19-fa35-4e89-86de-261625321f4b,Egersund Betongindustri AS,NO,2024,5076.33,189.206032961986,37.27220904905434,0,0.0009478718805722921
vocabulary_bridge,full_us_sample,33f98a40-f306-4c55-b31b-2c0ee125e80d,Velde Betong AS,NO,2015,5076.33,242.7527,47.82051206284856,0,0.0009202073771151818
vocabulary_bridge,full_us_sample,34148c32-97e8-48dc-9074-8a79735ef8f1,Wewers Beton A/S,DK,2025,4351.14,203.569033963054,46.78521811825269,0,0.00314642861016784
vocabulary_bridge,full_us_sample,34eddde7-8ea7-4ba7-b98c-25e5c00e2771,Wewers Beton A/S,DK,2025,5076.33,304.58742553962,60.001502175709625,0,0.0008774880029871203
vocabulary_bridge,full_us_sample,3500d4a3-c8e6-4578-bb87-a49c79f3d1ad,Unicon A/S,DK,2023,5076.33,242.973872289881,47.86408139145426,0,0.00095654238260342
vocabulary_bridge,full_us_sample,36a733f2-6e50-4237-bf29-b896e8de99a2,Velde Betong AS,NO,2015,4351.14,209.5267,48.15443768759452,0,0.006487641743395933
vocabulary_bridge,full_us_sample,37284b20-6995-4b72-bd23-dcaf99469e9c,Gammelrand Beton A/S,DK,2025,5801.52,312.243402307828,53.82096455891352,0,0.00036953077809829675
vocabulary_bridge,full_us_sample,3c53747b-a740-4510-a620-f97071117760,A/S Ikast Betonvarefabrik,DK,2024,4351.14,241.482568229592,55.49868959159944,0,0.002322895056855209
vocabulary_bridge,full_us_sample,3f99b39b-2f57-4a5f-ac74-1d6612ab7cf2,Unicon A/S,DK,2026,5076.33,249.641568783821,49.17756898858447,0,0.0008702264727644605
vocabulary_bridge,full_us_sample,410e5883-cd68-418a-a2b5-0b1ced4f6711,Unicon A/S,DK,2024,5076.33,300.520723558295,59.20039153449343,0,0.0008181564998258506
vocabulary_bridge,full_us_sample,43371547-46c1-45e9-8cf0-b3aef90b9318,Unicon A/S,DK,2023,3625.95,200.65179082176,55.33771585977743,0,0.006294266884557073
vocabulary_bridge,full_us_sample,43920a45-edbc-49cb-8dc3-07d9356a277a,Wewers Beton A/S,DK,2025,3625.95,213.358908806976,58.84220929879782,0,0.00631886138321322
vocabulary_bridge,full_us_sample,43ed11b1-6776-4a50-b21c-d72a0049029a,Heidelberg Materials UK,GB,2024,4641.216,265.72,57.25223734469588,0,0.003964113117693086
vocabulary_bridge,full_us_sample,44ddc697-6419-438d-81a1-372d91b63337,Heidelberg Materials Beton Danmark A/S,DK,2024,3625.95,166.44217211556898,45.90305219751209,0,0.005811454942348112
vocabulary_bridge,full_us_sample,4573bc72-1961-454f-a410-fdaf9a667463,Storegga Betong AS,NO,2024,4351.14,530.119737275541,121.83467718242598,1,0.020027589441801493
vocabulary_bridge,full_us_sample,45a21c71-e0e0-4b68-89cb-68097162c565,Heidelberg Materials Beton Danmark A/S,DK,2025,3625.95,203.57472288424103,56.14383068829989,0,0.01041125194955119
vocabulary_bridge,full_us_sample,46b191a0-1044-4321-bb54-f67da662c057,Sylteosen Betong AS,NO,2025,4351.14,194.290348047808,44.6527457282018,0,0.002400345256564716
vocabulary_bridge,full_us_sample,48323856-8105-4327-a2fa-d284fcd7b7b4,Heidelberg Materials UK,GB,2025,2320.608,104.85,45.18212468456542,0,0.10702805303476104
vocabulary_bridge,full_us_sample,4895e95e-976e-44b9-a405-36ab28061749,Velde Betong AS,NO,2020,4351.14,198.721088614297,45.67103991466535,0,0.007097719077494741
vocabulary_bridge,full_us_sample,48b6af7b-3ac1-4be8-91c8-0c31d641cbda,Namdal Betong & Plast AS,NO,2024,6526.710000000001,255.07481556908203,39.08168366130592,0,0.0004929735890126539
vocabulary_bridge,full_us_sample,48d84b4a-6132-49da-ae43-20a2ce918e41,Vestfold Betong AS,NO,2025,5076.33,113.87073818028598,22.431705224106,0,0.0009059567152964944
vocabulary_bridge,full_us_sample,49ad7154-c30a-4da6-b156-63d286178b7f,Storegga Betong AS,NO,2025,5076.33,204.895050708894,40.36283116127084,0,0.0010442634161388143
vocabulary_bridge,full_us_sample,4a47cd4a-401f-475b-a8c2-0e7198359759,Sylteosen Betong AS,NO,2022,6526.710000000001,294.38158609806,45.10413149934039,0,0.00030385648950847355
vocabulary_bridge,full_us_sample,4ba63a77-d5ae-4673-95ab-00faf24bbe3e,Heidelberg Materials UK,GB,2024,4061.064,145.4,35.80342491524389,0,0.007115806931270349
vocabulary_bridge,full_us_sample,4bdf70d8-809c-40cd-992a-39200e3b56ad,SCHWENK Transportbeton GmbH & Co.KG,DE,2026,4351.14,209.53639391261257,48.15666558938866,0,0.0034876972277230692
vocabulary_bridge,full_us_sample,4bf69ab3-6c56-46e4-84fd-ddbb253e2fc1,Heidelberg Materials Beton Danmark A/S,DK,2024,4351.14,293.914130353237,67.54876431308507,1,0.005620504428458143
vocabulary_bridge,full_us_sample,4d15d11e-ee2a-4185-9bfc-e4c1536806e7,Per A. Øren Entreprenør AS,NO,2025,5076.33,334.566670361198,65.90719483587515,1,0.0009052460018359874
vocabulary_bridge,full_us_sample,4d5308bb-52fe-4d89-84c2-609ec4ad6375,A/S Ikast Betonvarefabrik,DK,2025,2320.608,115.359371066304,49.71083917072768,0,0.1376193332304007
vocabulary_bridge,full_us_sample,4e1d7a52-bc9d-4cb7-be17-59bf8f33dbfc,Heidelberg Materials Beton Danmark A/S,DK,2025,4351.14,224.524482324884,51.6013004235405,0,0.005620504428458143
vocabulary_bridge,full_us_sample,4f98e7dd-a08a-4a6f-8682-2157dec26ae2,Unicon A/S,DK,2024,4351.14,218.85785814273095,50.29896949827654,0,0.005718407655610226
vocabulary_bridge,full_us_sample,4ff3b52a-1e15-4c16-9d07-0803537a3185,Heidelberg Materials Beton Danmark A/S,DK,2025,2320.608,145.555263960408,62.72290018840236,1,0.11694907327036508
vocabulary_bridge,full_us_sample,50349d8f-77c0-4747-b219-39fc5ba4bd07,A/S Ikast Betonvarefabrik,DK,2024,5801.52,438.330814782148,75.55447792684468,1,0.0003330691601358398
vocabulary_bridge,full_us_sample,50953002-d72f-4a78-aa5e-3fdbbebf2140,Unicon A/S,DK,2023,5076.33,168.628471106182,33.21857938829469,0,0.0009070449080428928
vocabulary_bridge,full_us_sample,51d2799c-e8f2-45e9-b32a-8cf6a33744de,Unicon A/S,DK,2024,5076.33,240.19199656892,47.31607215624675,0,0.0008141317056425103
vocabulary_bridge,full_us_sample,527bc893-14d4-4e27-b9ad-7d2c168ff741,OK Ferdigbetong AS,NO,2024,6526.710000000001,283.637070099069,43.4578938085297,0,0.0003096628914001867
vocabulary_bridge,full_us_sample,532592ff-eb8a-4bb2-8e47-1b55e967e859,Heidelberg Materials Beton Danmark A/S,DK,2025,5076.33,205.022843708308,40.38800545045496,0,0.0007777318712929955
vocabulary_bridge,full_us_sample,54178621-cddf-4029-ac35-d7c63968095e,Wewers Beton A/S,DK,2025,3625.95,158.419782953955,43.690559151106605,0,0.0030023822124179596
vocabulary_bridge,full_us_sample,54f3596b-c01a-4e8f-bab7-d015b9653f40,Rjukan Betong AS,NO,2025,5076.33,214.410109612412,42.23722839382231,0,0.0009478718805722921
vocabulary_bridge,full_us_sample,5552e83b-09ad-4d6d-8cdc-bee9592af143,Heidelberg Materials Beton Danmark A/S,DK,2025,4351.14,217.874801650925,50.07303870960829,0,0.005620504428458143
vocabulary_bridge,full_us_sample,5739d50f-1a92-404b-a316-f558bc9989fe,Syltemoa Sandtak AS,NO,2020,4351.14,226.502964101656,52.05600465663159,0,0.005599369362261984
vocabulary_bridge,full_us_sample,58476c51-01e2-4866-bd27-d665341f09fe,Unicon A/S,DK,2023,5076.33,259.698976854104,51.15880505288348,0,0.0005112422762363393
vocabulary_bridge,full_us_sample,5c1cc1dc-d457-442a-b2ad-44683d58c03d,Blanderiet AS,NO,2025,5076.33,226.206037008007,44.56094009018464,0,0.0004987816697193382
vocabulary_bridge,full_us_sample,5d15ecb4-6b4b-48ee-ba8d-4d4aab1f636d,Wewers Beton A/S,DK,2025,4351.14,217.061613551915,49.88614789501487,0,0.003281243680159067
vocabulary_bridge,full_us_sample,5e9a50a0-69a0-4fbd-93ac-3b18695dc685,Lister Ferdigbetong AS,NO,2025,6526.710000000001,210.813262007254,32.30008105266727,0,0.00045930565069983
vocabulary_bridge,full_us_sample,5edace34-732e-46be-b147-de20c7919147,Heidelberg Materials Beton Danmark A/S,DK,2025,5076.33,201.41665424876,39.677612418570114,0,0.0007777318712929955
vocabulary_bridge,full_us_sample,614ceba8-0873-409a-96e0-9299f6242972,Wewers Beton A/S,DK,2025,2320.608,146.66914499424698,63.202895531794674,1,0.07723339875053911
vocabulary_bridge,full_us_sample,62005f1c-5394-4459-a726-d4840d4eb409,A/S Ikast Betonvarefabrik,DK,2025,2900.76,166.650714406674,57.45070754101477,0,0.012830527296663157
vocabulary_bridge,full_us_sample,62243852-dae2-4f10-b96b-92ce2f042e34,Unicon A/S,DK,2023,5801.52,298.483369543422,51.44916669138812,0,0.0003688907624262581
vocabulary_bridge,full_us_sample,62ce8e03-0606-4157-a641-bb7fd29a0d29,Heidelberg Materials Beton Danmark A/S,DK,2025,2320.608,123.998687229632,53.4337066965347,0,0.08445675080642558
vocabulary_bridge,full_us_sample,6332e6b3-0527-45e7-a6d0-84a12656f084,Heidelberg Materials Benelux SA  -  RMC,BE,2025,6526.710000000001,236.306527644184,36.20607130455987,0,0.0003158140854861647
vocabulary_bridge,full_us_sample,6380fce1-ea13-4ee7-8e3b-58ed1925a03b,,DK,2023,4351.14,219.113964989478,50.35782921015596,0,0.006112464387719668
vocabulary_bridge,full_us_sample,66252e2d-e8f2-4b9c-8df1-bb14a6eefd9d,Unicon A/S,DK,2023,2320.608,110.250142968384,47.50916267132752,0,0.081760112038359
vocabulary_bridge,full_us_sample,66f1f25b-30e6-4a78-8021-0826384688cd,Gammelrand Beton A/S,DK,2025,5076.33,282.18835998908304,55.58904956712488,0,0.0007714868009255437
vocabulary_bridge,full_us_sample,676cd3b4-fb40-4318-80f0-7df77f83ca55,Fosen Betong  AS,NO,2021,4351.14,243.520797475742,55.96712527653489,0,0.007097719077494741
vocabulary_bridge,full_us_sample,6827bfae-b7dd-4dd7-b9ba-4f2f1f660aba,AS Uthaug Sementstøperi,NO,2019,5076.33,269.13910262795093,53.018441005204735,0,0.0008726407410382637
vocabulary_bridge,full_us_sample,6adc4542-fad3-4ee9-86e2-e84a7cf3160d,Sola Betong AS,NO,2025,4351.14,194.922347677685,44.79799493412876,0,0.004145867879893467
vocabulary_bridge,full_us_sample,6b0c3450-cbf9-4873-a67f-be3dd0402e10,NOBI AS,NO,2021,4351.14,195.732679127735,44.98422921986767,0,0.006869916997126645
vocabulary_bridge,full_us_sample,6c7ca93f-42af-461c-8a9b-fefffc736221,Stjern Betong AS,NO,2021,4351.14,238.471064555307,54.80657127909169,0,0.006862516102289457
vocabulary_bridge,full_us_sample,6c93a43d-2bcd-48a5-906e-36d6ccab1cb8,Sylteosen Betong AS,NO,2020,5076.33,282.448495956457,55.64029445612422,0,0.0010037834828818938
vocabulary_bridge,full_us_sample,6d4c86c4-9cf6-43ae-a5a4-5796640c0aee,FC Beton,DK,2024,4351.14,240.36852967783705,55.24265587359566,0,0.00466059971957452
vocabulary_bridge,full_us_sample,6e35bfe4-5f4f-4a32-bf8c-532aced3b54e,Blanderiet AS,NO,2025,6526.710000000001,219.560384305078,33.64028496824249,0,0.00041009266827340767
vocabulary_bridge,full_us_sample,6e589de6-0245-42de-a361-5a3900c24558,Trønderbetong AS,NO,2017,5076.33,197.961532901643,38.99697870344186,0,0.0009826290478603754
vocabulary_bridge,full_us_sample,6fc996e2-f735-4902-a6b2-b1dd23bfd6b0,Unicon A/S,DK,2023,1740.456,101.436945197539,58.28182108455427,0,0.8748561374196387
vocabulary_bridge,full_us_sample,701821fe-06a4-49a4-9dab-c8f52f3a3403,Heidelberg Materials Beton Danmark A/S,DK,2025,5076.33,248.336480019662,48.920476017056025,0,0.0008226090436917222
vocabulary_bridge,full_us_sample,711f934b-4001-45f7-a8e8-7a47b669f2c3,Wewers Beton A/S,DK,2025,2900.76,131.993943837162,45.50322806339097,0,0.02528902791817485
vocabulary_bridge,full_us_sample,71a77881-f678-4378-a858-a555077ae000,Betong Vest AS,NO,2021,4351.14,242.337944171314,55.69527621986744,0,0.005238954098702458
vocabulary_bridge,full_us_sample,72131ede-f474-48a5-b0de-c6ccbe39a118,Lister Ferdigbetong AS,NO,2025,5076.33,201.95703087559696,39.78406267433303,0,0.0009478718805722921
vocabulary_bridge,full_us_sample,728c656a-8e79-4b77-82f8-a6d655c82834,A/S Ikast Betonvarefabrik,DK,2025,4351.14,232.950775165567,53.537871722253705,0,0.01325158450884342
vocabulary_bridge,full_us_sample,7606db54-62ed-4932-82e2-8003776ee494,Aurland Energibygg AS,NO,2020,4351.14,230.114638813934,52.88605717442647,0,0.007246165328929315
vocabulary_bridge,full_us_sample,76136927-4295-4a40-bd12-6371ad370794,Unicon A/S,DK,2023,5076.33,185.57765913280696,36.55744585809177,0,0.0008633898956114544
vocabulary_bridge,full_us_sample,765d9ed5-608f-42ff-992e-67ac8bed2f5c,Heidelberg Materials Lietuva Betonas UAB  -  Concrete,LT,2025,3625.95,219.757555888309,60.60689085296515,0,0.003639368766206148
vocabulary_bridge,full_us_sample,78d9f536-6cd4-4d66-8e6f-4fd11128eb91,Unicon A/S,DK,2024,5076.33,178.79696306207,35.22169816817859,0,0.0008403583725346177
vocabulary_bridge,full_us_sample,791c5085-c392-4891-870f-cec8aa80f16f,Heidelberg Materials Beton Danmark A/S,DK,2025,3625.95,200.16861176584305,55.2044600079546,0,0.005811454942348112
vocabulary_bridge,full_us_sample,79533c56-843a-47a1-b388-f29a40598a4d,Egersund Betongindustri AS,NO,2024,6526.710000000001,212.81311581875,32.60649175752408,0,0.00045930565069983
vocabulary_bridge,full_us_sample,7dd6d534-7499-4c78-8ded-8b447ea59c44,OK Ferdigbetong AS,NO,2025,6526.710000000001,267.00784919311,40.91002192423288,0,0.0003096628914001867
vocabulary_bridge,full_us_sample,7fea73c1-b728-4239-861f-20ad73d0d2ef,Heidelberg Materials Beton Danmark A/S,DK,2025,3625.95,191.632930541656,52.85040624985341,0,0.005811454942348112
vocabulary_bridge,full_us_sample,801c7ee9-e148-4e9a-9572-87e4ad643adf,FC Beton,DK,2025,2900.76,178.266340464638,61.4550464239158,0,0.02639807481830976
vocabulary_bridge,full_us_sample,80e06109-8a0c-49f7-9dfc-8604b1b65dfc,Wewers Beton A/S,DK,2025,2320.608,176.69262544977397,76.14066031392375,1,0.1201504066559704
vocabulary_bridge,full_us_sample,8114f7b5-8e82-42a3-8234-1b368bfa2317,Skagen Cement Støberi A/S',DK,2024,5076.33,270.075767175429,53.202957092117536,0,0.0008079254432311052
vocabulary_bridge,full_us_sample,81f2aae7-c19a-4afa-b110-52c2bfc7cce2,Heidelberg Materials Beton Danmark A/S,DK,2025,5801.52,298.117064968134,51.38602727701257,0,0.00038535049936886697
vocabulary_bridge,full_us_sample,83bd1d95-7d69-4ea9-8465-975d963cccd4,Heidelberg Materials UK,GB,2024,4061.064,256.64,63.19526114338508,1,0.015282452235920728
vocabulary_bridge,full_us_sample,8489b3e1-6c3b-463b-9c87-3fb4f8f12bdc,Lister Ferdigbetong AS,NO,2025,6526.710000000001,215.65840953554496,33.042437849321466,0,0.00045930565069983
vocabulary_bridge,full_us_sample,8665cfc8-498c-4c7e-981b-3c48dbc970b4,Unicon A/S,DK,2024,5076.33,249.54429741125296,49.15840723736499,0,0.0005321783401950639
vocabulary_bridge,full_us_sample,877948e8-be5f-47b5-9f96-a367f71a8567,A/S Ikast Betonvarefabrik,DK,2025,5076.33,354.559495317676,69.84563559060898,1,0.001924942619410836
vocabulary_bridge,full_us_sample,883609ad-3073-42f9-885e-7e2b3cc3a778,Heidelberg Materials Beton Danmark A/S,DK,2025,2320.608,153.522793164927,66.15628023557922,1,0.11694907327036508
vocabulary_bridge,full_us_sample,88c99068-5c60-4927-92cc-cf2a51c09927,SCHWENK Transportbeton GmbH & Co.KG,DE,2026,4351.14,208.45741882627487,47.908690326276535,0,0.0034876972277230692
vocabulary_bridge,full_us_sample,88e3d38c-7b44-48ec-b60c-2cc246edd063,A/S Ikast Betonvarefabrik,DK,2025,3625.95,174.978382678587,48.25725194185992,0,0.007015985783384283
vocabulary_bridge,full_us_sample,891e3bdd-20e0-42e1-8195-f1d8299fac95,Betong Øst AS,NO,2023,5076.33,197.060803463604,38.81954157109645,0,0.0010533687728498846
vocabulary_bridge,full_us_sample,8b203886-2666-49f8-91fa-e0798c5f5cf5,Heidelberg Materials Lietuva Betonas UAB  -  Concrete,LT,2025,4351.14,269.432965447487,61.9223848112189,1,0.003797196275415921
vocabulary_bridge,full_us_sample,8d9f2a5a-422f-4e81-8761-6a511f3ca62b,Velde Betong AS,NO,2015,6526.710000000001,251.8467,38.587082925394256,0,0.0004295956047964561
vocabulary_bridge,full_us_sample,8dc53a17-4cf1-4ac7-bceb-2817873a69af,Heidelberg Materials Beton Danmark A/S,DK,2025,3625.95,136.678250079525,37.69446629973523,0,0.0037230588813860093
vocabulary_bridge,full_us_sample,8de2f53c-caa0-4d95-b2c3-70b23aca345f,A/S Ikast Betonvarefabrik,DK,2025,5801.52,358.687383367656,61.82644951110329,0,0.0003179044156097927
vocabulary_bridge,full_us_sample,8e3d43a9-c997-45d1-a9b8-8c58b654e38f,Ribe Betong AS,NO,2023,4351.14,192.659225237358,44.27787320963196,0,0.005645823397920719
vocabulary_bridge,full_us_sample,8fa2d7a3-c147-4f45-996f-ba377c247d3c,Røyrvik Bygg og Betong AS,NO,2025,4351.14,219.468246507507,50.43925189892924,0,0.005490610681379935
vocabulary_bridge,full_us_sample,8fbc0adf-74c7-4ccb-aa76-20335fc4ce79,Unicon A/S,DK,2026,5076.33,243.161618513452,47.90106602869633,0,0.0008644824337691977
vocabulary_bridge,full_us_sample,90024685-ee87-45e8-90eb-9f59b3d3b1f8,,SE,2020,4351.14,256.0,58.83515584421554,0,0.0068893451998098
vocabulary_bridge,full_us_sample,928f459b-2451-49e8-8e0e-098d9ed81f13,Heidelberg Materials Beton Danmark A/S,DK,2025,2900.76,130.010599705848,44.81949547906341,0,0.022940555347540897
vocabulary_bridge,full_us_sample,935bb964-aa73-40ec-9ef4-04efbd379738,Unicon A/S,DK,2024,5076.33,260.006380468383,51.21936132370886,0,0.0007974395558649544
vocabulary_bridge,full_us_sample,94026df0-62c0-4eee-b8b2-b88802487d18,BM Vallá,IS,2020,3625.95,203.663674018748,56.168362503274444,0,0.010451712730475722
vocabulary_bridge,full_us_sample,941ac5c8-10b7-479b-ab4d-7d109d8ef9a3,Heidelberg Materials Beton Danmark A/S,DK,2024,2900.76,197.05065049242,67.93069764214205,1,0.03495059294530781
vocabulary_bridge,full_us_sample,95180f1b-85c5-4b95-bae0-cf4a596df1d8,Unicon A/S,DK,2026,4351.14,163.325984124243,37.53636613031137,0,0.0021525045409149937
vocabulary_bridge,full_us_sample,9543d827-5ec7-4d9c-9f01-f35e78a5ba28,Swerock AB,SE,2020,4351.14,246.32,56.61045151385614,0,0.004300605470184556
vocabulary_bridge,full_us_sample,95efe7ba-fc86-414b-95dc-6cb91357fb4a,Midt-Norsk Betong Verdal AS,NO,2024,5076.33,274.339502784752,54.04288192153624,0,0.0009661778368219051
vocabulary_bridge,full_us_sample,9682367f-eb5d-4cc6-8571-8a50de161582,Unicon A/S,DK,2026,4351.14,200.16151604706,46.00208590095009,0,0.002251037424778114
vocabulary_bridge,full_us_sample,96ef298e-2d82-4e3f-9d14-bba2605c8f37,Heidelberg Materials Beton Danmark A/S,DK,2025,3625.95,175.827088957915,48.49131647097036,0,0.005811454942348112
vocabulary_bridge,full_us_sample,96f38a5d-507b-4047-a69a-6d4e4248f295,Trønderbetong AS,NO,2023,6526.710000000001,214.64433578873695,32.88706496668872,0,0.0005632238392621402
vocabulary_bridge,full_us_sample,97e10fed-5df3-4130-9ff3-c245a5996837,Unicon A/S,DK,2024,2900.76,140.7972981263,48.53807213499221,0,0.02216189488020304
vocabulary_bridge,full_us_sample,9836fab0-ba54-4ca8-b4a8-de79308f34c0,Unicon A/S,DK,2024,4351.14,172.773131305999,39.70755510188111,0,0.0021904841102896354
vocabulary_bridge,full_us_sample,9972a41f-9737-4a15-9567-64350fa09967,Vesterålsbetong AS,NO,2024,4351.14,215.376988624778,49.498979261705664,0,0.005075212741232913
vocabulary_bridge,full_us_sample,99d45706-f7fc-4cb7-ac15-5d480c431885,Nordland Betong,NO,2023,4351.14,197.914082318841,45.48556983200747,0,0.019238472650428367
vocabulary_bridge,full_us_sample,9bbdabf7-3284-415c-9799-621a88d876c3,Heidelberg Materials Beton Danmark A/S,DK,2025,3625.95,184.018347496356,50.750381967858345,0,0.005811454942348112
vocabulary_bridge,full_us_sample,9c4bc948-37d0-4fe3-b815-3e6add45a556,Heidelberg Materials Beton Danmark A/S,DK,2025,5801.52,288.956014666026,49.806949672848845,0,0.00035962221043168866
vocabulary_bridge,full_us_sample,9f71ac96-1ede-45f3-9ef4-3749eb41c7f0,Unicon A/S,DK,2024,5076.33,226.235679884505,44.56677952073743,0,0.0008362035800230643
vocabulary_bridge,full_us_sample,9fc3ee6a-e584-4185-b1ec-0bca59aeda94,Sunnfjord Betong AS,,2025,5076.33,320.15375930789,63.067956438586535,1,0.0011052228749356024
vocabulary_bridge,full_us_sample,9fcbaeba-d5f4-4def-80e8-2d73c6060f40,Unicon A/S,DK,2025,2320.608,102.14265342013,44.01547069566683,0,0.08022651961324283
vocabulary_bridge,full_us_sample,9fd17334-163b-4494-bb83-0e4fdb5afc94,Nordfjord Betong AS,NO,2022,6526.710000000001,346.62685032394296,53.10897072551759,0,0.0002739438519082191
vocabulary_bridge,full_us_sample,a129c80d-4a75-4301-be97-7793a0747685,Heidelberg Materials UK,GB,2024,4641.216,148.22,31.93559618858506,0,0.003751415218405477
vocabulary_bridge,full_us_sample,a26a3968-7cbb-4756-8a66-e69fa65d879e,Lister Ferdigbetong AS,NO,2025,4351.14,181.904548582954,41.80618150253818,0,0.006843031831685775
vocabulary_bridge,full_us_sample,a2995b2d-7fd3-460b-95ae-5c6f45c0b07d,Sola Betong AS,NO,2020,4351.14,215.925395405551,49.62501675550568,0,0.005779379318995281
vocabulary_bridge,full_us_sample,a3aad49f-1828-4095-bc93-828274b8083d,A/S Ikast Betonvarefabrik,DK,2025,5076.33,356.190124448918,70.16685764103556,1,0.0006129589502169731
vocabulary_bridge,full_us_sample,a82043eb-29a1-4e28-83b9-2b402714eeea,BM Vallá,IS,2020,4351.14,309.114163421495,71.04210929124207,1,0.00716121997350984
vocabulary_bridge,full_us_sample,a83d00d1-3bd9-4fb8-84b9-50f446d9c829,Unicon A/S,DK,2024,5076.33,230.887226225334,45.48310023685104,0,0.0008298865538793431
vocabulary_bridge,full_us_sample,a8922da4-1189-4544-937a-bdf1d6a2f3a1,Heidelberg Materials Benelux SA  -  RMC,BE,2025,6526.710000000001,216.346503617364,33.14786525176758,0,0.00031281194974355965
vocabulary_bridge,full_us_sample,a8ecbacc-3e47-4617-b339-734814b11063,Gammelrand Beton A/S,DK,2025,4351.14,166.719637815343,38.31631200451904,0,0.0029016153646996604
vocabulary_bridge,full_us_sample,aa60b78c-7b8a-418e-a143-543cd78d2ed0,Unicon A/S,DK,2024,5801.52,302.69786383297,52.17561325876149,0,0.000357486436694043
vocabulary_bridge,full_us_sample,ad27ee3f-8686-4469-a86f-32393f0081c1,Unicon A/S,DK,2024,3625.95,154.01441110822998,42.47560256159902,0,0.001964206520913104
vocabulary_bridge,full_us_sample,ad8f14d3-c0b9-4f0c-a39e-e15065b785f3,Ferdigbetong AS,,2019,4351.14,222.865619464073,51.22005255268114,0,0.00729557791530127
vocabulary_bridge,full_us_sample,aeba2c78-c83e-420b-b7ca-84cd9c824128,Velde Betong AS,NO,2017,6526.710000000001,203.4106,31.165870706680696,0,0.0004295956047964561
vocabulary_bridge,full_us_sample,b1ecbd74-fcff-42c4-af71-0737dc5c7c40,Norsk Spennbetong AS,,2024,6526.710000000001,188.881153711028,28.93971904849885,0,0.00045930565069983
vocabulary_bridge,full_us_sample,b240a5c2-be46-4fcd-b241-ab7121f7820f,Unicon A/S,DK,2026,5801.52,281.32987195823,48.49244197352245,0,0.000249287887006701
vocabulary_bridge,full_us_sample,b3602564-ee7d-4133-ae10-b89c17246fc2,Egersund Betongindustri AS,NO,2025,5076.33,276.66375236514,54.50074214346586,0,0.0009749676720786206
vocabulary_bridge,full_us_sample,b3967f7d-a6ad-43e0-a467-afadc03bff5e,Berg Betong AS,NO,2025,5076.33,191.279096408581,37.68058743394953,0,0.0009478718805722921
vocabulary_bridge,full_us_sample,b3b1a564-0c9a-4b7e-9785-7b485cc0e0f3,Betongindustri AB,,2021,4061.064,145.35000000000002,35.791112870912656,0,0.00928144447311451
vocabulary_bridge,full_us_sample,b44cd475-5278-4b55-85bf-5c7ae0bd2b22,Trønderbetong AS,NO,2023,5076.33,204.32239402187705,40.25002196899671,0,0.0010128542993882643
vocabulary_bridge,full_us_sample,b5f33f6f-907c-4f69-89b3-abae49787101,A/S Ikast Betonvarefabrik,DK,2025,5801.52,371.404530056017,64.01848654421893,1,0.000331727047636685
vocabulary_bridge,full_us_sample,b69d43ee-fdf1-4924-a22b-3451bdf1da60,Namdal Betong & Plast AS,NO,2020,4351.14,246.311162428009,56.60842042039764,0,0.018279077296618394
vocabulary_bridge,full_us_sample,b6e353ab-3ef0-4040-9026-4cb31f23ae59,Heidelberg Materials UK,GB,2024,4061.064,185.84,45.76140637035024,0,0.007839680023039265
vocabulary_bridge,full_us_sample,b85b206d-9373-411b-896e-6d8ee713e715,Åkra Sementstøperi AS,NO,2021,5076.33,248.85015823120895,49.02166687965696,0,0.0009826290478603754
vocabulary_bridge,full_us_sample,b892a682-2d41-4ce6-b73e-d17850b0d590,Unicon A/S,DK,2024,2900.76,139.162996602446,47.97466753624775,0,0.026289323853174628
vocabulary_bridge,full_us_sample,b92d3322-6b84-45c7-bc88-fc5bd637e5f6,A/S Ikast Betonvarefabrik,DK,2024,4351.14,261.212804355686,60.03318770613816,0,0.0049965740266932415
vocabulary_bridge,full_us_sample,b957fe55-f761-4e2e-885c-c9143549c455,Gammelrand Beton A/S,DK,2025,5801.52,262.431909246301,45.23502620801118,0,0.00041287523985468163
vocabulary_bridge,full_us_sample,bb04f8c8-73e5-4ea9-a97e-547d1d03f988,Unicon A/S,DK,2026,3625.95,135.374859235641,37.33500440867662,0,0.002199845680901199
vocabulary_bridge,full_us_sample,bc86105a-98ce-4288-93af-ef0ba8d6bfe9,A/S Ikast Betonvarefabrik,DK,2025,4351.14,247.18527447051,56.8093130697955,0,0.004448449238134585
vocabulary_bridge,full_us_sample,bce946f1-1542-444f-8565-9bf95230f14e,Unicon A/S,DK,2024,4351.14,210.272059945705,48.32573990855385,0,0.0026858403746628148
vocabulary_bridge,full_us_sample,bd0d4ca2-a31c-4dd7-8ec7-e177f72e9920,Gammelrand Beton A/S,DK,2025,2320.608,98.412903593727,42.40824111341812,0,0.07918383734878304
vocabulary_bridge,full_us_sample,be008f1a-df1f-4934-9d45-25b502f7114c,Heidelberg Materials Beton Danmark A/S,DK,2024,2900.76,160.82159367064398,55.44119253941863,0,0.03495059294530781
vocabulary_bridge,full_us_sample,be7a01e5-f678-4a8f-969c-7d160fd92de7,Heidelberg Materials UK,GB,2024,4641.216,160.77,34.639628924833495,0,0.0035099785909830862
vocabulary_bridge,full_us_sample,bff9d813-d3fd-46ec-83e0-1de4be260328,Heidelberg Materials Beton Danmark A/S,DK,2025,3625.95,189.60063226387496,52.28991912846977,0,0.0037660769580701746
vocabulary_bridge,full_us_sample,c1d846fe-7ab7-4b4a-b426-02e70d32199b,Unicon A/S,DK,2023,5076.33,255.780786172185,50.38695005489892,0,0.0008890824617587876
vocabulary_bridge,full_us_sample,c1f9ef1e-a43a-48d3-895c-c228432652cf,Heidelberg Materials Beton Danmark A/S,DK,2025,5801.52,283.415515172382,48.85194141748749,0,0.0003620748095883189
vocabulary_bridge,full_us_sample,c2553da2-cd59-43f3-a1ba-d83ee64f6dca,Egersund Betongindustri AS,NO,2024,6526.710000000001,248.256337099272,38.03697990247337,0,0.0009865585605597774
vocabulary_bridge,full_us_sample,c359916f-399d-413b-ae63-fb1ce5b93caa,Heidelberg Materials UK,GB,2024,4061.064,135.49,33.36317772879226,0,0.007365561134310668
vocabulary_bridge,full_us_sample,c5ca8d8d-03df-4bf5-9cf6-9d76812dd558,Trønderbetong AS,NO,2023,6526.710000000001,208.97976030684495,32.0191582446355,0,0.00047287087633936063
vocabulary_bridge,full_us_sample,c696678f-9f82-45f5-85bc-0882e9e0ae3b,Unicon A/S,DK,2024,4351.14,175.070662579772,40.23558483058969,0,0.0021525045409149937
vocabulary_bridge,full_us_sample,c9ef0f5c-a8a9-4d53-b1b6-fbd9d08edb3e,Leonhard Nilsen & Sønner AS,NO,2024,5076.33,320.176061424981,63.07234979305542,1,0.0010804431021349855
vocabulary_bridge,full_us_sample,ca060b11-a8c3-49e8-88aa-45d8722d6b72,Heidelberg Materials Beton Danmark A/S,DK,2025,1740.456,131.592377237933,75.6079885029745,1,0.9122018433049629
vocabulary_bridge,full_us_sample,caa2251d-7738-49ce-9b23-445b1e3dbcf8,NorBetong AS,NO,2019,4351.14,225.748460937525,51.88260109707456,0,0.0084973937268404
vocabulary_bridge,full_us_sample,cc37584a-7821-4700-8e0d-98dcf967f0e9,Heidelberg Materials Beton Danmark A/S,DK,2025,5076.33,256.489548738999,50.52657111318591,0,0.0009585811898015716
vocabulary_bridge,full_us_sample,cd1f0b21-4e1e-4425-9a4f-c77f72cf054d,Hokksund Betong AS,NO,2021,4351.14,188.728969233607,43.374602801474325,0,0.006777909079252036
vocabulary_bridge,full_us_sample,ce417ca5-64e5-4526-97b5-99620e6d1225,AS Vågsøy Ferdigbetong,NO,2023,5076.33,338.265241043734,66.63578629516482,1,0.0010662249119834245
vocabulary_bridge,full_us_sample,d13258bc-45dd-4b36-8ee4-b12cdda7bc21,Ryfoss Betong AS,NO,2024,5076.33,292.211900365948,57.56361394273974,0,0.0008356826704555124
vocabulary_bridge,full_us_sample,d2098c67-752f-4be9-885c-9d2db6a55abd,Heidelberg Materials Beton Danmark A/S,DK,2024,4351.14,218.073722588324,50.11875567973542,0,0.005620504428458143
vocabulary_bridge,full_us_sample,d2b75821-d34b-4202-b9cd-39924c5082cc,Dyrøy Betong Ålesund as,NO,2019,5076.33,244.247254715096,48.11492844537215,0,0.0010401569316242259
vocabulary_bridge,full_us_sample,d320f189-9a4b-4cac-aaf7-605738e139a3,Midt-Norsk Betong Verdal AS,NO,2020,4351.14,235.101016072587,54.03205046782843,0,0.003641782959756348
vocabulary_bridge,full_us_sample,d4204255-c3e7-487f-874f-91a84efe6fb5,Lofot Entreprenør AS,NO,2024,6526.710000000001,208.496456556723,31.94510811062893,0,0.000304063308023612
vocabulary_bridge,full_us_sample,d4f66366-1679-4ea2-ba18-23481c58107b,Stjern Betong AS,NO,2020,6526.710000000001,268.700922841735,41.16942883041148,0,0.00027842339036296046
vocabulary_bridge,full_us_sample,d6916f28-cfdc-4810-80b4-b78a109a747c,Gammelrand Beton A/S,DK,2025,5076.33,276.093786878525,54.388463098050174,0,0.0008142775715715455
vocabulary_bridge,full_us_sample,d6b014eb-d9a2-467c-bbd8-79917e44a1de,Unicon A/S,DK,2024,3625.95,172.74671506958202,47.641780793883534,0,0.002192660740939646
vocabulary_bridge,full_us_sample,d6ec8db5-2cee-4672-af48-9f3c74213737,Unicon AS,NO,2018,4351.14,221.31,50.8625325776693,0,0.006487641743395933
vocabulary_bridge,full_us_sample,d84bfef9-8a04-46df-af7a-364e7461ac87,Gammelrand Beton A/S,DK,2025,4351.14,185.087389081792,42.53767727119605,0,0.0029628312600580003
vocabulary_bridge,full_us_sample,d9691bd2-a022-40e8-ac03-14fad2410c00,Skagen Cement Støberi A/S,DK,2023,2900.76,176.62793073423902,60.89022557338043,0,0.03694717842830879
vocabulary_bridge,full_us_sample,d9c4fd91-2127-4f27-b495-d83f00ebce75,Åkra Sementstøperi AS,NO,2021,4351.14,221.310042488477,50.8625423425762,0,0.013870362670196024
vocabulary_bridge,full_us_sample,da97da44-2c34-4236-902e-1de3b47ba33e,Ølen Betong AS,NO,2024,4351.14,182.09139932986,41.84912444321718,0,0.001543168200572477
vocabulary_bridge,full_us_sample,dbb7ec62-5b47-4bf8-be69-0e3ac006880a,Heidelberg Materials Beton Danmark A/S,DK,2024,4351.14,206.449846220853,47.447300298508665,0,0.005620504428458143
vocabulary_bridge,full_us_sample,dcfbf5c0-d3b9-4a3b-8b4f-6c743f2115ce,FC Beton,DK,2024,5076.33,259.20279162662,51.06106018060687,0,0.0012136014682137615
vocabulary_bridge,full_us_sample,de137fa3-4ed7-4a7d-8698-54d16911a344,Unicon A/S,DK,2026,4351.14,209.795914711514,48.21630991223312,0,0.0027416693939172326
vocabulary_bridge,full_us_sample,de5889d2-8360-45f2-b529-c02799b01140,Wewers Beton A/S,DK,2025,5076.33,305.060055772595,60.09460688580037,0,0.0010131654626329915
vocabulary_bridge,full_us_sample,df2b5d3c-805c-4a47-940f-7f3d0ba047dd,Wewers Beton A/S,DK,2025,4351.14,241.29296009853,55.4551129355824,0,0.00411101167316589
vocabulary_bridge,full_us_sample,e2ad9ff8-0657-4627-bd17-52ecb8f88cb5,Bjerka Sandindustri AS,NO,2024,5076.33,263.60895364758704,51.92904197473117,0,0.002487843412579637
vocabulary_bridge,full_us_sample,e3655593-5082-4b57-98d1-0760a1ded3e6,Heidelberg Materials Beton Danmark A/S,DK,2025,5076.33,257.860847240702,50.79670692029518,0,0.0007473209479401129
vocabulary_bridge,full_us_sample,e5ce2678-986c-4378-82aa-9204579f56eb,Heidelberg Materials Beton Danmark A/S,DK,2025,5076.33,207.44853567006103,40.86584908192751,0,0.0006586843419963829
vocabulary_bridge,full_us_sample,e5f09815-7b8d-424f-a557-f62e881e0e5e,Heidelberg Materials Beton Danmark A/S,DK,2025,3625.95,154.30696944668605,42.55628716520802,0,0.0036710294438999833
vocabulary_bridge,full_us_sample,e69bd8d6-3d5a-4c9a-9bc9-ac147817877e,Heidelberg Materials Lietuva Betonas UAB  -  Concrete,LT,2025,4351.14,288.019055698099,66.1939297972713,1,0.003797196275415921
vocabulary_bridge,full_us_sample,e8130098-5033-4d41-bf6d-ce0061cb04c5,FC Beton,DK,2024,2900.76,141.264442531149,48.699114208396765,0,0.02639807481830976
vocabulary_bridge,full_us_sample,e953e990-f02d-4cb2-9d09-270e15d30279,Nordland Betong,NO,2018,4351.14,254.91517188123905,58.58583540893628,0,0.0062043251712968735
vocabulary_bridge,full_us_sample,e99caf1a-0f84-4ada-b9c9-e49b19473d2a,Heidelberg Materials Beton Danmark A/S,DK,2025,2900.76,157.806742540822,54.401861078069885,0,0.03495059294530781
vocabulary_bridge,full_us_sample,e9f5efd7-2c10-4eb5-a242-fe1ee66b7b91,Heidelberg Materials UK,GB,2024,2320.608,172.24,74.22192804644301,1,0.10139614010437624
vocabulary_bridge,full_us_sample,eb1aa483-9bec-4ce9-8e08-267ccea4638d,Solid Betong AS,NO,2023,4351.14,218.946155149672,50.31926234266698,0,0.006647539814500373
vocabulary_bridge,full_us_sample,eb34ccb2-88cf-40bf-86b4-e5ea631cf36f,NorBetong AS,NO,2024,4351.14,212.145531823976,48.75631025983443,0,0.006843031831685775
vocabulary_bridge,full_us_sample,ebb7c42f-67e9-4d89-926f-77c36f50023f,Heidelberg Materials Beton Danmark A/S,DK,2025,2320.608,128.643706281395,55.4353455135012,0,0.07290415856125698
vocabulary_bridge,full_us_sample,edcfadd4-f465-40e0-9cc6-e415506805c5,Heidelberg Materials Beton Danmark A/S,DK,2025,5076.33,263.930304061376,51.99234566337807,0,0.0007324159349009101
vocabulary_bridge,full_us_sample,ede6eb6c-2b0a-4dfe-bc75-a7f6ffe627eb,Heidelberg Materials Beton Danmark A/S,DK,2025,5076.33,248.886869723844,49.028898776053566,0,0.0006757913995793864
vocabulary_bridge,full_us_sample,ef6f7c13-471b-4a31-81f0-f04abe1ddb24,Ulstein Betong AS,NO,2020,5076.33,273.484509806094,53.87445453823807,0,0.0010054922195420453
vocabulary_bridge,full_us_sample,f09ad0a4-fe0d-486e-99a8-f09eba667142,Helgeland Ferdigbetong AS,NO,2025,6526.710000000001,191.415626919905,29.328042293882365,0,0.0003344614427326853
vocabulary_bridge,full_us_sample,f0c7faa6-21b6-46d3-8442-a58b9827b4ef,Ulstein Betong AS,NO,2020,6526.710000000001,289.758030639348,44.3957262754662,0,0.0002935165759375933
vocabulary_bridge,full_us_sample,f0da776f-824d-4890-b10a-4ef44fec3bea,Unicon A/S,DK,2024,5801.52,270.620785122533,46.64653144736776,0,0.0002580509952993046
vocabulary_bridge,full_us_sample,f129fd3e-6e1b-4b23-abbf-f3ea6a591628,Blanderiet AS,NO,2025,4351.14,201.088628108592,46.21515927058012,0,0.003051912020631927
vocabulary_bridge,full_us_sample,f15215cc-3486-40cd-bfed-2e6b9ee46ddc,Heidelberg Materials Beton Danmark A/S,DK,2025,5076.33,222.733810050981,43.87693669461619,0,0.0008226090436917222
vocabulary_bridge,full_us_sample,f1563672-caf1-4a9c-9683-ede87467a2a8,Unicon A/S,DK,2024,5076.33,179.44667717080102,35.349687110727835,0,0.0008120378575753301
vocabulary_bridge,full_us_sample,f1a37b19-fbf1-4bc5-b930-9e652ce617da,Heidelberg Materials Beton Danmark A/S,DK,2025,5076.33,254.177485688577,50.07111154881125,0,0.0005985129640261854
vocabulary_bridge,full_us_sample,f2d7fc6d-bcaa-4c4c-ab91-e433d5765b06,A/S Ikast Betonvarefabrik,DK,2025,3625.95,227.953457021452,62.86723673008507,1,0.0037515485978466432
vocabulary_bridge,full_us_sample,f4de0171-f625-4953-859f-e7495a407b5e,Wewers Beton A/S,DK,2025,2900.76,201.51294679689695,69.46901735989775,1,0.042053278816989656
vocabulary_bridge,full_us_sample,f5adba57-2c55-4072-ae19-04913f5c9fe2,Blanderiet AS,NO,2020,4351.14,184.64739063131,42.43655470320652,0,0.010347397936694216
vocabulary_bridge,full_us_sample,f837ce51-9ca1-427f-bb34-4115c14ff5f2,Berg Betong AS,NO,2021,4351.14,240.270371254181,55.22009663080963,0,0.005019687669390542
vocabulary_bridge,full_us_sample,f8ab73a0-c276-4399-8bad-6ba345cb8f19,Skagen Cement Støberi A/S,DK,2024,6526.710000000001,341.042853804357,52.25341003420665,0,0.0003730688762398024
vocabulary_bridge,full_us_sample,f9348f15-ad9b-4897-88dd-0585b291b8c7,Sandnes & Jærbetong,NO,2021,4351.14,182.194519442798,41.87282400538663,0,0.007097719077494741
vocabulary_bridge,full_us_sample,fa097616-c491-4121-9915-6d7871c8500c,Unicon A/S,DK,2024,4351.14,197.58592417369,45.41015094290002,0,0.002251037424778114
vocabulary_bridge,full_us_sample,fa7dd645-2349-4a8d-b251-17a0e2fafc51,Heidelberg Materials Beton Danmark A/S,DK,2025,4351.14,154.747220202218,35.56475319162748,0,0.0030576495105121195
vocabulary_bridge,full_us_sample,ff424d09-5d82-4da6-96b5-2f7effe00951,Åkra Sementstøperi AS,NO,2021,3625.95,197.555621084338,54.48382384873977,0,0.028441705339014394
vocabulary_bridge,temporal_training_partition,0053a523-ddb7-4656-a478-8055e84313a2,Heidelberg Materials Beton Danmark A/S,DK,2025,2320.608,110.934520739994,47.80407580254571,0,0.039175610545390094
vocabulary_bridge,temporal_training_partition,00b7a5e0-9d7c-49eb-8beb-dd77ff12608f,A/S Ikast Betonvarefabrik,DK,2025,3625.95,174.196103067033,48.04150720970586,0,0.0025789211718577855
vocabulary_bridge,temporal_training_partition,00f66c0c-af18-4b38-9369-0852faadf93c,Heidelberg Materials Beton Danmark A/S,DK,2024,3625.95,187.77959057556495,51.7876944181704,0,0.007430136136228603
vocabulary_bridge,temporal_training_partition,01145859-af70-4f30-96ab-f4a8f3e92f9d,Trønderbetong AS,NO,2023,4351.14,178.682479404929,41.06567000945247,0,0.0020118281896014142
vocabulary_bridge,temporal_training_partition,01ed916b-7f87-4e91-bc15-549e6430a59d,Heidelberg Materials Beton Danmark A/S,DK,2024,5801.52,364.02385630130505,62.74628998974494,1,0.00029066689001617016
vocabulary_bridge,temporal_training_partition,0375f9de-f1e4-4bba-88ef-b43f7add35e5,Vadsø Transportservice as,NO,2024,5076.33,239.946767226184,47.26776376362135,0,0.0004023735222701003
vocabulary_bridge,temporal_training_partition,03fee8e9-6033-441e-9300-7e9a73ed5ead,Heidelberg Materials Lietuva Betonas UAB  -  Concrete,LT,2025,5076.33,305.27741036344503,60.13742415553068,0,0.0005945332711880532
vocabulary_bridge,temporal_training_partition,04377811-b78b-4b3e-b4e8-d108636ac797,,SE,2020,6526.710000000001,385.0,58.98837239589317,0,0.00034600404482867025
vocabulary_bridge,temporal_training_partition,048103a7-40be-41cb-80c2-760bf98c00c3,Nordnes Betong og anlegg AS,NO,2023,6526.710000000001,284.63733422902794,43.61115082928886,0,0.00026398902834686783
vocabulary_bridge,temporal_training_partition,07c8d947-86a7-46a8-b858-8739531e2f7c,Heidelberg Materials Beton Danmark A/S,DK,2025,5076.33,265.247981193394,52.25191845159674,0,0.0004381263261830503
vocabulary_bridge,temporal_training_partition,0db1875a-3563-4756-a930-7a315229ae5f,Aurland Energibygg AS,NO,2023,4351.14,230.969206335572,53.0824580076881,0,0.0014748805204898969
vocabulary_bridge,temporal_training_partition,0e2199f5-b3a0-4305-adb5-e28a8e7f07da,Vestfold Betong AS ,NO,2017,4351.14,218.52,50.221321308898354,0,0.0019017118741600824
vocabulary_bridge,temporal_training_partition,0e2e8489-92cb-4efc-9c0c-d0c9a85411e4,Blanderiet AS,NO,2025,5076.33,208.58711144601705,41.09014020877623,0,0.00035633436841763004
vocabulary_bridge,temporal_training_partition,117c2917-69a6-4c63-8ed7-7867ec851ef4,Heidelberg Materials Beton Danmark A/S,DK,2025,2900.76,164.38539807085905,56.6697686367914,0,0.03616762421930511
vocabulary_bridge,temporal_training_partition,13848bf1-420a-4c17-a1a1-323d7bd7d4ee,Heidelberg Materials Beton Danmark A/S,DK,2024,5076.33,228.883727456774,45.08842558635353,0,0.0006230960727910253
vocabulary_bridge,temporal_training_partition,17420ee0-629c-46c0-860d-2281f57d1620,Hjelmeset Betong AS,NO,2023,4351.14,228.717112365346,52.56487089943003,0,0.001655111704907574
vocabulary_bridge,temporal_training_partition,176384c9-a597-4f62-9115-7916953dbd26,Betong og Sand AS,NO,2019,4351.14,219.42568348741,50.42946986017687,0,0.002311992313352455
vocabulary_bridge,temporal_training_partition,18188887-32dc-4f74-9ec4-f712933e2712,Gammelrand Beton A/S,DK,2025,5076.33,247.044402432825,48.66594615259942,0,0.0004993695452998974
vocabulary_bridge,temporal_training_partition,184b0d0e-1197-4c85-b5f1-1ec2203152e5,A/S Ikast Betonvarefabrik,DK,2024,2900.76,125.829552388394,43.378132761205336,0,0.01895489790414782
vocabulary_bridge,temporal_training_partition,195cf726-3fa0-41a7-957a-f15f66f51809, Betongservice AS,NO,2024,6526.710000000001,250.789,38.42502577868481,0,0.0004404123955644126
vocabulary_bridge,temporal_training_partition,19a240b1-73d0-45e9-af13-d220da5c1cc8,Heidelberg Materials Beton Danmark A/S,DK,2024,5801.52,388.16015297831706,66.90663015525536,1,0.0002904805305163834
vocabulary_bridge,temporal_training_partition,1a6c6e84-e653-47d8-878f-56c2119d73c7,Egersund Betongindustri AS,NO,2024,4351.14,173.705229118286,39.92177432081846,0,0.0020118281896014142
vocabulary_bridge,temporal_training_partition,1dfed1a5-ec4e-4e59-ae9e-7cd26a8c58f8,A/S Ikast Betonvarefabrik,DK,2024,3625.95,221.906621583635,61.19958123626497,0,0.002047348023590916
vocabulary_bridge,temporal_training_partition,1e38d3d2-84de-478b-88d9-4de6d7809a48,Egersund Betongindustri AS,NO,2024,5076.33,194.75348595128503,38.36501684312979,0,0.0006704062737414361
vocabulary_bridge,temporal_training_partition,234b9546-19b5-47fd-9f45-dd744227acb5,Heidelberg Materials Beton Danmark A/S,DK,2025,5076.33,207.856085857864,40.94613349759847,0,0.0004553946447580794
vocabulary_bridge,temporal_training_partition,239d9a9f-27d7-42ca-91d0-ad82712cdc16,FC Beton,DK,2024,3625.95,167.689981144872,46.24718519143176,0,0.0042724323702577945
vocabulary_bridge,temporal_training_partition,241d07eb-c749-442e-8fc9-b32ca596e238,Heidelberg Materials Beton Danmark A/S,DK,2025,5801.52,241.13725374418505,41.56449581216389,0,0.0002624609174144154
vocabulary_bridge,temporal_training_partition,25ba3a4a-3ce7-48f6-8111-bc6bd180ba96,Berg Betong AS,NO,2025,6526.710000000001,197.674757646776,30.287044720353126,0,0.00039684235558545616
vocabulary_bridge,temporal_training_partition,25e178b2-43ad-4af4-a36b-5d8fb11a1eb1,A/S Ikast Betonvarefabrik,DK,2024,4351.14,228.475023416346,52.50923284848247,0,0.0009189300837583193
vocabulary_bridge,temporal_training_partition,26a1ba43-be02-4cb9-97a9-7cf15f9ff2da,,SE,2020,4351.14,251.0,57.6860317066332,0,0.0009948583322604233
vocabulary_bridge,temporal_training_partition,26dc06d2-e3ca-49e3-aefb-5f99b7012747,FC Beton,DK,2024,2320.608,128.373919120059,55.31908841133833,0,0.03521478382105582
vocabulary_bridge,temporal_training_partition,270826d5-d940-42e8-b7bf-86d90ad252a4,SCHWENK Zement GmbH & Co. KG,DE,2025,4351.14,139.0,31.945651024788905,0,0.0011221555608043586
vocabulary_bridge,temporal_training_partition,272c19f5-d605-46ae-8170-9e7493276764,Mathias Øen transport,NO,2025,5076.33,235.558893739164,46.403384677348406,0,0.0005973391177972285
vocabulary_bridge,temporal_training_partition,27ae796a-250d-4aff-aca6-028e8e065649,Unicon A/S,DK,2023,2900.76,122.129818228979,42.10269661363884,0,0.01774002805661171
vocabulary_bridge,temporal_training_partition,282e2d7d-5880-430d-9f01-fc0361c2fd34,Opshaug Sandtak AS,NO,2020,4351.14,237.619890106098,54.61095025811581,0,0.0015610107840216517
vocabulary_bridge,temporal_training_partition,2835ca0e-3d80-457a-8fe1-341c4828853a,Unicon A/S,DK,2023,4351.14,151.934634158556,34.918351089267645,0,0.0010800588958912315
vocabulary_bridge,temporal_training_partition,29c49da0-ae9b-4c48-b03a-d79a3c986023,Unicon A/S,DK,2023,3625.95,173.840467447503,47.94342653580523,0,0.001773939899516378
vocabulary_bridge,temporal_training_partition,2ad69921-5452-4a1f-8893-aef31e783e3b,Rissa Betong AS,NO,2021,4351.14,247.272251607502,56.82930257530256,0,0.0010036692534710614
vocabulary_bridge,temporal_training_partition,2c369410-0ae3-4872-83dd-51ada5a33c09,Heidelberg Materials Beton Danmark A/S,DK,2025,3625.95,117.272493328793,32.34255666205904,0,0.005043033568262457
vocabulary_bridge,temporal_training_partition,2fd6f2b1-1066-49fc-820e-4633360bf1fc,Heidelberg Materials Beton Danmark A/S,DK,2024,4351.14,277.4887218038,63.773797626323216,1,0.0016892951620325759
vocabulary_bridge,temporal_training_partition,2ff36156-e80c-413a-896e-e6bd1ddc8fdc,,SE,2020,4351.14,262.0,60.21410480931434,0,0.0009948583322604233
vocabulary_bridge,temporal_training_partition,305476d0-bdb0-46cf-83eb-e7cf71f3170b,Velde Betong AS,NO,2015,6526.710000000001,252.8687,38.74367024120881,0,0.00040183496096264995
vocabulary_bridge,temporal_training_partition,30620709-31a6-4912-83ba-104c8f78529e,Skagen Cement Støberi A/S,DK,2026,2320.608,110.56666778657602,47.64556003710063,0,0.08763097487203535
vocabulary_bridge,temporal_training_partition,337b9f19-fa35-4e89-86de-261625321f4b,Egersund Betongindustri AS,NO,2024,5076.33,189.206032961986,37.27220904905434,0,0.0006704062737414361
vocabulary_bridge,temporal_training_partition,33f98a40-f306-4c55-b31b-2c0ee125e80d,Velde Betong AS,NO,2015,5076.33,242.7527,47.82051206284856,0,0.00067883820243312
vocabulary_bridge,temporal_training_partition,34148c32-97e8-48dc-9074-8a79735ef8f1,Wewers Beton A/S,DK,2025,4351.14,203.569033963054,46.78521811825269,0,0.0013044338670184122
vocabulary_bridge,temporal_training_partition,34eddde7-8ea7-4ba7-b98c-25e5c00e2771,Wewers Beton A/S,DK,2025,5076.33,304.58742553962,60.001502175709625,0,0.0005490080286647964
vocabulary_bridge,temporal_training_partition,3500d4a3-c8e6-4578-bb87-a49c79f3d1ad,Unicon A/S,DK,2023,5076.33,242.973872289881,47.86408139145426,0,0.0004620141393370865
vocabulary_bridge,temporal_training_partition,36a733f2-6e50-4237-bf29-b896e8de99a2,Velde Betong AS,NO,2015,4351.14,209.5267,48.15443768759452,0,0.0020370972479238237
vocabulary_bridge,temporal_training_partition,37284b20-6995-4b72-bd23-dcaf99469e9c,Gammelrand Beton A/S,DK,2025,5801.52,312.243402307828,53.82096455891352,0,0.00025946978397664333
vocabulary_bridge,temporal_training_partition,3c53747b-a740-4510-a620-f97071117760,A/S Ikast Betonvarefabrik,DK,2024,4351.14,241.482568229592,55.49868959159944,0,0.0010680712166275966
vocabulary_bridge,temporal_training_partition,3f99b39b-2f57-4a5f-ac74-1d6612ab7cf2,Unicon A/S,DK,2026,5076.33,249.641568783821,49.17756898858447,0,0.00047903565952772475
vocabulary_bridge,temporal_training_partition,410e5883-cd68-418a-a2b5-0b1ced4f6711,Unicon A/S,DK,2024,5076.33,300.520723558295,59.20039153449343,0,0.0004864872920739309
vocabulary_bridge,temporal_training_partition,43371547-46c1-45e9-8cf0-b3aef90b9318,Unicon A/S,DK,2023,3625.95,200.65179082176,55.33771585977743,0,0.0034893951984458146
vocabulary_bridge,temporal_training_partition,43920a45-edbc-49cb-8dc3-07d9356a277a,Wewers Beton A/S,DK,2025,3625.95,213.358908806976,58.84220929879782,0,0.003950403484251807
vocabulary_bridge,temporal_training_partition,43ed11b1-6776-4a50-b21c-d72a0049029a,Heidelberg Materials UK,GB,2024,4641.216,265.72,57.25223734469588,0,0.0007710152612239185
vocabulary_bridge,temporal_training_partition,44ddc697-6419-438d-81a1-372d91b63337,Heidelberg Materials Beton Danmark A/S,DK,2024,3625.95,166.44217211556898,45.90305219751209,0,0.007430136136228603
vocabulary_bridge,temporal_training_partition,4573bc72-1961-454f-a410-fdaf9a667463,Storegga Betong AS,NO,2024,4351.14,530.119737275541,121.83467718242598,1,0.0027700392118077313
vocabulary_bridge,temporal_training_partition,45a21c71-e0e0-4b68-89cb-68097162c565,Heidelberg Materials Beton Danmark A/S,DK,2025,3625.95,203.57472288424103,56.14383068829989,0,0.0060295504715330225
vocabulary_bridge,temporal_training_partition,46b191a0-1044-4321-bb54-f67da662c057,Sylteosen Betong AS,NO,2025,4351.14,194.290348047808,44.6527457282018,0,0.0007448636126971377
vocabulary_bridge,temporal_training_partition,48323856-8105-4327-a2fa-d284fcd7b7b4,Heidelberg Materials UK,GB,2025,2320.608,104.85,45.18212468456542,0,0.029591796620763028
vocabulary_bridge,temporal_training_partition,4895e95e-976e-44b9-a405-36ab28061749,Velde Betong AS,NO,2020,4351.14,198.721088614297,45.67103991466535,0,0.0020370972479238237
vocabulary_bridge,temporal_training_partition,48b6af7b-3ac1-4be8-91c8-0c31d641cbda,Namdal Betong & Plast AS,NO,2024,6526.710000000001,255.07481556908203,39.08168366130592,0,0.0003099411525950462
vocabulary_bridge,temporal_training_partition,48d84b4a-6132-49da-ae43-20a2ce918e41,Vestfold Betong AS,NO,2025,5076.33,113.87073818028598,22.431705224106,0,0.0005973391177972285
vocabulary_bridge,temporal_training_partition,49ad7154-c30a-4da6-b156-63d286178b7f,Storegga Betong AS,NO,2025,5076.33,204.895050708894,40.36283116127084,0,0.0007490562027468944
vocabulary_bridge,temporal_training_partition,4a47cd4a-401f-475b-a8c2-0e7198359759,Sylteosen Betong AS,NO,2022,6526.710000000001,294.38158609806,45.10413149934039,0,0.0002769418006367664
vocabulary_bridge,temporal_training_partition,4ba63a77-d5ae-4673-95ab-00faf24bbe3e,Heidelberg Materials UK,GB,2024,4061.064,145.4,35.80342491524389,0,0.0020780127759926137
vocabulary_bridge,temporal_training_partition,4bdf70d8-809c-40cd-992a-39200e3b56ad,SCHWENK Transportbeton GmbH & Co.KG,DE,2026,4351.14,209.53639391261257,48.15666558938866,0,0.0010552056480041458
vocabulary_bridge,temporal_training_partition,4bf69ab3-6c56-46e4-84fd-ddbb253e2fc1,Heidelberg Materials Beton Danmark A/S,DK,2024,4351.14,293.914130353237,67.54876431308507,1,0.0016892951620325759
vocabulary_bridge,temporal_training_partition,4d15d11e-ee2a-4185-9bfc-e4c1536806e7,Per A. Øren Entreprenør AS,NO,2025,5076.33,334.566670361198,65.90719483587515,1,0.0007359488776185554
vocabulary_bridge,temporal_training_partition,4d5308bb-52fe-4d89-84c2-609ec4ad6375,A/S Ikast Betonvarefabrik,DK,2025,2320.608,115.359371066304,49.71083917072768,0,0.04637861829382738
vocabulary_bridge,temporal_training_partition,4e1d7a52-bc9d-4cb7-be17-59bf8f33dbfc,Heidelberg Materials Beton Danmark A/S,DK,2025,4351.14,224.524482324884,51.6013004235405,0,0.0016892951620325759
vocabulary_bridge,temporal_training_partition,4f98e7dd-a08a-4a6f-8682-2157dec26ae2,Unicon A/S,DK,2024,4351.14,218.85785814273095,50.29896949827654,0,0.0013154821824884417
vocabulary_bridge,temporal_training_partition,4ff3b52a-1e15-4c16-9d07-0803537a3185,Heidelberg Materials Beton Danmark A/S,DK,2025,2320.608,145.555263960408,62.72290018840236,1,0.07061047542768208
vocabulary_bridge,temporal_training_partition,50349d8f-77c0-4747-b219-39fc5ba4bd07,A/S Ikast Betonvarefabrik,DK,2024,5801.52,438.330814782148,75.55447792684468,1,0.00026963162461768157
vocabulary_bridge,temporal_training_partition,50953002-d72f-4a78-aa5e-3fdbbebf2140,Unicon A/S,DK,2023,5076.33,168.628471106182,33.21857938829469,0,0.0005249271964687447
vocabulary_bridge,temporal_training_partition,51d2799c-e8f2-45e9-b32a-8cf6a33744de,Unicon A/S,DK,2024,5076.33,240.19199656892,47.31607215624675,0,0.0005224694225084563
vocabulary_bridge,temporal_training_partition,527bc893-14d4-4e27-b9ad-7d2c168ff741,OK Ferdigbetong AS,NO,2024,6526.710000000001,283.637070099069,43.4578938085297,0,0.0002567701137384013
vocabulary_bridge,temporal_training_partition,532592ff-eb8a-4bb2-8e47-1b55e967e859,Heidelberg Materials Beton Danmark A/S,DK,2025,5076.33,205.022843708308,40.38800545045496,0,0.0004925581375184765
vocabulary_bridge,temporal_training_partition,54178621-cddf-4029-ac35-d7c63968095e,Wewers Beton A/S,DK,2025,3625.95,158.419782953955,43.690559151106605,0,0.002633549143587922
vocabulary_bridge,temporal_training_partition,54f3596b-c01a-4e8f-bab7-d015b9653f40,Rjukan Betong AS,NO,2025,5076.33,214.410109612412,42.23722839382231,0,0.0006704062737414361
vocabulary_bridge,temporal_training_partition,5552e83b-09ad-4d6d-8cdc-bee9592af143,Heidelberg Materials Beton Danmark A/S,DK,2025,4351.14,217.874801650925,50.07303870960829,0,0.0016892951620325759
vocabulary_bridge,temporal_training_partition,5739d50f-1a92-404b-a316-f558bc9989fe,Syltemoa Sandtak AS,NO,2020,4351.14,226.502964101656,52.05600465663159,0,0.0021447647378241537
vocabulary_bridge,temporal_training_partition,58476c51-01e2-4866-bd27-d665341f09fe,Unicon A/S,DK,2023,5076.33,259.698976854104,51.15880505288348,0,0.00021711851167974459
vocabulary_bridge,temporal_training_partition,5c1cc1dc-d457-442a-b2ad-44683d58c03d,Blanderiet AS,NO,2025,5076.33,226.206037008007,44.56094009018464,0,0.00035633436841763004
vocabulary_bridge,temporal_training_partition,5d15ecb4-6b4b-48ee-ba8d-4d4aab1f636d,Wewers Beton A/S,DK,2025,4351.14,217.061613551915,49.88614789501487,0,0.0012697353801293786
vocabulary_bridge,temporal_training_partition,5e9a50a0-69a0-4fbd-93ac-3b18695dc685,Lister Ferdigbetong AS,NO,2025,6526.710000000001,210.813262007254,32.30008105266727,0,0.00039684235558545616
vocabulary_bridge,temporal_training_partition,5edace34-732e-46be-b147-de20c7919147,Heidelberg Materials Beton Danmark A/S,DK,2025,5076.33,201.41665424876,39.677612418570114,0,0.0004925581375184765
vocabulary_bridge,temporal_training_partition,614ceba8-0873-409a-96e0-9299f6242972,Wewers Beton A/S,DK,2025,2320.608,146.66914499424698,63.202895531794674,1,0.028017260933419778
vocabulary_bridge,temporal_training_partition,62005f1c-5394-4459-a726-d4840d4eb409,A/S Ikast Betonvarefabrik,DK,2025,2900.76,166.650714406674,57.45070754101477,0,0.01719973566340319
vocabulary_bridge,temporal_training_partition,62243852-dae2-4f10-b96b-92ce2f042e34,Unicon A/S,DK,2023,5801.52,298.483369543422,51.44916669138812,0,0.00022889423262137604
vocabulary_bridge,temporal_training_partition,62ce8e03-0606-4157-a641-bb7fd29a0d29,Heidelberg Materials Beton Danmark A/S,DK,2025,2320.608,123.998687229632,53.4337066965347,0,0.039175610545390094
vocabulary_bridge,temporal_training_partition,6332e6b3-0527-45e7-a6d0-84a12656f084,Heidelberg Materials Benelux SA  -  RMC,BE,2025,6526.710000000001,236.306527644184,36.20607130455987,0,0.00020920897401720327
vocabulary_bridge,temporal_training_partition,6380fce1-ea13-4ee7-8e3b-58ed1925a03b,,DK,2023,4351.14,219.113964989478,50.35782921015596,0,0.0015925863333149674
vocabulary_bridge,temporal_training_partition,66252e2d-e8f2-4b9c-8df1-bb14a6eefd9d,Unicon A/S,DK,2023,2320.608,110.250142968384,47.50916267132752,0,0.032205880085391
vocabulary_bridge,temporal_training_partition,66f1f25b-30e6-4a78-8021-0826384688cd,Gammelrand Beton A/S,DK,2025,5076.33,282.18835998908304,55.58904956712488,0,0.0004941273912305144
vocabulary_bridge,temporal_training_partition,676cd3b4-fb40-4318-80f0-7df77f83ca55,Fosen Betong  AS,NO,2021,4351.14,243.520797475742,55.96712527653489,0,0.0020370972479238237
vocabulary_bridge,temporal_training_partition,6827bfae-b7dd-4dd7-b9ba-4f2f1f660aba,AS Uthaug Sementstøperi,NO,2019,5076.33,269.13910262795093,53.018441005204735,0,0.0006495577662699347
vocabulary_bridge,temporal_training_partition,6adc4542-fad3-4ee9-86e2-e84a7cf3160d,Sola Betong AS,NO,2025,4351.14,194.922347677685,44.79799493412876,0,0.0012509642546864469
vocabulary_bridge,temporal_training_partition,6b0c3450-cbf9-4873-a67f-be3dd0402e10,NOBI AS,NO,2021,4351.14,195.732679127735,44.98422921986767,0,0.001907200543422676
vocabulary_bridge,temporal_training_partition,6c7ca93f-42af-461c-8a9b-fefffc736221,Stjern Betong AS,NO,2021,4351.14,238.471064555307,54.80657127909169,0,0.0016036896570531456
vocabulary_bridge,temporal_training_partition,6c93a43d-2bcd-48a5-906e-36d6ccab1cb8,Sylteosen Betong AS,NO,2020,5076.33,282.448495956457,55.64029445612422,0,0.0007045764580072897
vocabulary_bridge,temporal_training_partition,6d4c86c4-9cf6-43ae-a5a4-5796640c0aee,FC Beton,DK,2024,4351.14,240.36852967783705,55.24265587359566,0,0.0012355822449046032
vocabulary_bridge,temporal_training_partition,6e35bfe4-5f4f-4a32-bf8c-532aced3b54e,Blanderiet AS,NO,2025,6526.710000000001,219.560384305078,33.64028496824249,0,0.00037757224896102406
vocabulary_bridge,temporal_training_partition,6e589de6-0245-42de-a361-5a3900c24558,Trønderbetong AS,NO,2017,5076.33,197.961532901643,38.99697870344186,0,0.00067883820243312
vocabulary_bridge,temporal_training_partition,6fc996e2-f735-4902-a6b2-b1dd23bfd6b0,Unicon A/S,DK,2023,1740.456,101.436945197539,58.28182108455427,0,0.6911674925222674
vocabulary_bridge,temporal_training_partition,701821fe-06a4-49a4-9dab-c8f52f3a3403,Heidelberg Materials Beton Danmark A/S,DK,2025,5076.33,248.336480019662,48.920476017056025,0,0.0006230960727910253
vocabulary_bridge,temporal_training_partition,711f934b-4001-45f7-a8e8-7a47b669f2c3,Wewers Beton A/S,DK,2025,2900.76,131.993943837162,45.50322806339097,0,0.021451215516917466
vocabulary_bridge,temporal_training_partition,71a77881-f678-4378-a858-a555077ae000,Betong Vest AS,NO,2021,4351.14,242.337944171314,55.69527621986744,0,0.0019975787162186567
vocabulary_bridge,temporal_training_partition,72131ede-f474-48a5-b0de-c6ccbe39a118,Lister Ferdigbetong AS,NO,2025,5076.33,201.95703087559696,39.78406267433303,0,0.0006704062737414361
vocabulary_bridge,temporal_training_partition,728c656a-8e79-4b77-82f8-a6d655c82834,A/S Ikast Betonvarefabrik,DK,2025,4351.14,232.950775165567,53.537871722253705,0,0.0011883180048334184
vocabulary_bridge,temporal_training_partition,7606db54-62ed-4932-82e2-8003776ee494,Aurland Energibygg AS,NO,2020,4351.14,230.114638813934,52.88605717442647,0,0.001892108677752524
vocabulary_bridge,temporal_training_partition,76136927-4295-4a40-bd12-6371ad370794,Unicon A/S,DK,2023,5076.33,185.57765913280696,36.55744585809177,0,0.00048374311445780854
vocabulary_bridge,temporal_training_partition,765d9ed5-608f-42ff-992e-67ac8bed2f5c,Heidelberg Materials Lietuva Betonas UAB  -  Concrete,LT,2025,3625.95,219.757555888309,60.60689085296515,0,0.00403190246014321
vocabulary_bridge,temporal_training_partition,78d9f536-6cd4-4d66-8e6f-4fd11128eb91,Unicon A/S,DK,2024,5076.33,178.79696306207,35.22169816817859,0,0.000446274483465254
vocabulary_bridge,temporal_training_partition,791c5085-c392-4891-870f-cec8aa80f16f,Heidelberg Materials Beton Danmark A/S,DK,2025,3625.95,200.16861176584305,55.2044600079546,0,0.007430136136228603
vocabulary_bridge,temporal_training_partition,79533c56-843a-47a1-b388-f29a40598a4d,Egersund Betongindustri AS,NO,2024,6526.710000000001,212.81311581875,32.60649175752408,0,0.00039684235558545616
vocabulary_bridge,temporal_training_partition,7dd6d534-7499-4c78-8ded-8b447ea59c44,OK Ferdigbetong AS,NO,2025,6526.710000000001,267.00784919311,40.91002192423288,0,0.0002567701137384013
vocabulary_bridge,temporal_training_partition,7fea73c1-b728-4239-861f-20ad73d0d2ef,Heidelberg Materials Beton Danmark A/S,DK,2025,3625.95,191.632930541656,52.85040624985341,0,0.007430136136228603
vocabulary_bridge,temporal_training_partition,801c7ee9-e148-4e9a-9572-87e4ad643adf,FC Beton,DK,2025,2900.76,178.266340464638,61.4550464239158,0,0.018657670504011264
vocabulary_bridge,temporal_training_partition,80e06109-8a0c-49f7-9dfc-8604b1b65dfc,Wewers Beton A/S,DK,2025,2320.608,176.69262544977397,76.14066031392375,1,0.07387350836474213
vocabulary_bridge,temporal_training_partition,8114f7b5-8e82-42a3-8234-1b368bfa2317,Skagen Cement Støberi A/S',DK,2024,5076.33,270.075767175429,53.202957092117536,0,0.0005643821690494444
vocabulary_bridge,temporal_training_partition,81f2aae7-c19a-4afa-b110-52c2bfc7cce2,Heidelberg Materials Beton Danmark A/S,DK,2025,5801.52,298.117064968134,51.38602727701257,0,0.0002904805305163834
vocabulary_bridge,temporal_training_partition,83bd1d95-7d69-4ea9-8465-975d963cccd4,Heidelberg Materials UK,GB,2024,4061.064,256.64,63.19526114338508,1,0.0022232996801642025
vocabulary_bridge,temporal_training_partition,8489b3e1-6c3b-463b-9c87-3fb4f8f12bdc,Lister Ferdigbetong AS,NO,2025,6526.710000000001,215.65840953554496,33.042437849321466,0,0.00039684235558545616
vocabulary_bridge,temporal_training_partition,8665cfc8-498c-4c7e-981b-3c48dbc970b4,Unicon A/S,DK,2024,5076.33,249.54429741125296,49.15840723736499,0,0.00026389644323267215
vocabulary_bridge,temporal_training_partition,877948e8-be5f-47b5-9f96-a367f71a8567,A/S Ikast Betonvarefabrik,DK,2025,5076.33,354.559495317676,69.84563559060898,1,0.000480039490261049
vocabulary_bridge,temporal_training_partition,883609ad-3073-42f9-885e-7e2b3cc3a778,Heidelberg Materials Beton Danmark A/S,DK,2025,2320.608,153.522793164927,66.15628023557922,1,0.07061047542768208
vocabulary_bridge,temporal_training_partition,88c99068-5c60-4927-92cc-cf2a51c09927,SCHWENK Transportbeton GmbH & Co.KG,DE,2026,4351.14,208.45741882627487,47.908690326276535,0,0.0010552056480041458
vocabulary_bridge,temporal_training_partition,88e3d38c-7b44-48ec-b60c-2cc246edd063,A/S Ikast Betonvarefabrik,DK,2025,3625.95,174.978382678587,48.25725194185992,0,0.00191608455847881
vocabulary_bridge,temporal_training_partition,891e3bdd-20e0-42e1-8195-f1d8299fac95,Betong Øst AS,NO,2023,5076.33,197.060803463604,38.81954157109645,0,0.0006079663715827095
vocabulary_bridge,temporal_training_partition,8b203886-2666-49f8-91fa-e0798c5f5cf5,Heidelberg Materials Lietuva Betonas UAB  -  Concrete,LT,2025,4351.14,269.432965447487,61.9223848112189,1,0.001328279479774414
vocabulary_bridge,temporal_training_partition,8d9f2a5a-422f-4e81-8761-6a511f3ca62b,Velde Betong AS,NO,2015,6526.710000000001,251.8467,38.587082925394256,0,0.00040183496096264995
vocabulary_bridge,temporal_training_partition,8dc53a17-4cf1-4ac7-bceb-2817873a69af,Heidelberg Materials Beton Danmark A/S,DK,2025,3625.95,136.678250079525,37.69446629973523,0,0.005043033568262457
vocabulary_bridge,temporal_training_partition,8de2f53c-caa0-4d95-b2c3-70b23aca345f,A/S Ikast Betonvarefabrik,DK,2025,5801.52,358.687383367656,61.82644951110329,0,0.00023902077669647593
vocabulary_bridge,temporal_training_partition,8e3d43a9-c997-45d1-a9b8-8c58b654e38f,Ribe Betong AS,NO,2023,4351.14,192.659225237358,44.27787320963196,0,0.0020118281896014142
vocabulary_bridge,temporal_training_partition,8fa2d7a3-c147-4f45-996f-ba377c247d3c,Røyrvik Bygg og Betong AS,NO,2025,4351.14,219.468246507507,50.43925189892924,0,0.0019122967889863007
vocabulary_bridge,temporal_training_partition,8fbc0adf-74c7-4ccb-aa76-20335fc4ce79,Unicon A/S,DK,2026,5076.33,243.161618513452,47.90106602869633,0,0.0004928438764711706
vocabulary_bridge,temporal_training_partition,90024685-ee87-45e8-90eb-9f59b3d3b1f8,,SE,2020,4351.14,256.0,58.83515584421554,0,0.001089656558981487
vocabulary_bridge,temporal_training_partition,928f459b-2451-49e8-8e0e-098d9ed81f13,Heidelberg Materials Beton Danmark A/S,DK,2025,2900.76,130.010599705848,44.81949547906341,0,0.01992698910677648
vocabulary_bridge,temporal_training_partition,935bb964-aa73-40ec-9ef4-04efbd379738,Unicon A/S,DK,2024,5076.33,260.006380468383,51.21936132370886,0,0.00047706073614583745
vocabulary_bridge,temporal_training_partition,94026df0-62c0-4eee-b8b2-b88802487d18,BM Vallá,IS,2020,3625.95,203.663674018748,56.168362503274444,0,0.010999460531558486
vocabulary_bridge,temporal_training_partition,941ac5c8-10b7-479b-ab4d-7d109d8ef9a3,Heidelberg Materials Beton Danmark A/S,DK,2024,2900.76,197.05065049242,67.93069764214205,1,0.03616762421930511
vocabulary_bridge,temporal_training_partition,95180f1b-85c5-4b95-bae0-cf4a596df1d8,Unicon A/S,DK,2026,4351.14,163.325984124243,37.53636613031137,0,0.001060482556348573
vocabulary_bridge,temporal_training_partition,9543d827-5ec7-4d9c-9f01-f35e78a5ba28,Swerock AB,SE,2020,4351.14,246.32,56.61045151385614,0,0.0012666888039928536
vocabulary_bridge,temporal_training_partition,95efe7ba-fc86-414b-95dc-6cb91357fb4a,Midt-Norsk Betong Verdal AS,NO,2024,5076.33,274.339502784752,54.04288192153624,0,0.0005973391177972285
vocabulary_bridge,temporal_training_partition,9682367f-eb5d-4cc6-8571-8a50de161582,Unicon A/S,DK,2026,4351.14,200.16151604706,46.00208590095009,0,0.0010949460100323756
vocabulary_bridge,temporal_training_partition,96ef298e-2d82-4e3f-9d14-bba2605c8f37,Heidelberg Materials Beton Danmark A/S,DK,2025,3625.95,175.827088957915,48.49131647097036,0,0.007430136136228603
vocabulary_bridge,temporal_training_partition,96f38a5d-507b-4047-a69a-6d4e4248f295,Trønderbetong AS,NO,2023,6526.710000000001,214.64433578873695,32.88706496668872,0,0.0005849625416515606
vocabulary_bridge,temporal_training_partition,97e10fed-5df3-4130-9ff3-c245a5996837,Unicon A/S,DK,2024,2900.76,140.7972981263,48.53807213499221,0,0.01814165571118368
vocabulary_bridge,temporal_training_partition,9836fab0-ba54-4ca8-b4a8-de79308f34c0,Unicon A/S,DK,2024,4351.14,172.773131305999,39.70755510188111,0,0.0010881867742388266
vocabulary_bridge,temporal_training_partition,9972a41f-9737-4a15-9567-64350fa09967,Vesterålsbetong AS,NO,2024,4351.14,215.376988624778,49.498979261705664,0,0.0017928225948999755
vocabulary_bridge,temporal_training_partition,99d45706-f7fc-4cb7-ac15-5d480c431885,Nordland Betong,NO,2023,4351.14,197.914082318841,45.48556983200747,0,0.004680774088464067
vocabulary_bridge,temporal_training_partition,9bbdabf7-3284-415c-9799-621a88d876c3,Heidelberg Materials Beton Danmark A/S,DK,2025,3625.95,184.018347496356,50.750381967858345,0,0.007430136136228603
vocabulary_bridge,temporal_training_partition,9c4bc948-37d0-4fe3-b815-3e6add45a556,Heidelberg Materials Beton Danmark A/S,DK,2025,5801.52,288.956014666026,49.806949672848845,0,0.00029066689001617016
vocabulary_bridge,temporal_training_partition,9f71ac96-1ede-45f3-9ef4-3749eb41c7f0,Unicon A/S,DK,2024,5076.33,226.235679884505,44.56677952073743,0,0.0004963277849553443
vocabulary_bridge,temporal_training_partition,9fc3ee6a-e584-4185-b1ec-0bca59aeda94,Sunnfjord Betong AS,,2025,5076.33,320.15375930789,63.067956438586535,1,0.0007359488776185554
vocabulary_bridge,temporal_training_partition,9fcbaeba-d5f4-4def-80e8-2d73c6060f40,Unicon A/S,DK,2025,2320.608,102.14265342013,44.01547069566683,0,0.031944636839295576
vocabulary_bridge,temporal_training_partition,9fd17334-163b-4494-bb83-0e4fdb5afc94,Nordfjord Betong AS,NO,2022,6526.710000000001,346.62685032394296,53.10897072551759,0,0.00024859824089834163
vocabulary_bridge,temporal_training_partition,a129c80d-4a75-4301-be97-7793a0747685,Heidelberg Materials UK,GB,2024,4641.216,148.22,31.93559618858506,0,0.0009576051578746417
vocabulary_bridge,temporal_training_partition,a26a3968-7cbb-4756-8a66-e69fa65d879e,Lister Ferdigbetong AS,NO,2025,4351.14,181.904548582954,41.80618150253818,0,0.0020118281896014142
vocabulary_bridge,temporal_training_partition,a2995b2d-7fd3-460b-95ae-5c6f45c0b07d,Sola Betong AS,NO,2020,4351.14,215.925395405551,49.62501675550568,0,0.0020897415480582537
vocabulary_bridge,temporal_training_partition,a3aad49f-1828-4095-bc93-828274b8083d,A/S Ikast Betonvarefabrik,DK,2025,5076.33,356.190124448918,70.16685764103556,1,0.00042931575053876253
vocabulary_bridge,temporal_training_partition,a82043eb-29a1-4e28-83b9-2b402714eeea,BM Vallá,IS,2020,4351.14,309.114163421495,71.04210929124207,1,0.001439603064796773
vocabulary_bridge,temporal_training_partition,a83d00d1-3bd9-4fb8-84b9-50f446d9c829,Unicon A/S,DK,2024,5076.33,230.887226225334,45.48310023685104,0,0.0004620141393370865
vocabulary_bridge,temporal_training_partition,a8922da4-1189-4544-937a-bdf1d6a2f3a1,Heidelberg Materials Benelux SA  -  RMC,BE,2025,6526.710000000001,216.346503617364,33.14786525176758,0,0.00020634795727913946
vocabulary_bridge,temporal_training_partition,a8ecbacc-3e47-4617-b339-734814b11063,Gammelrand Beton A/S,DK,2025,4351.14,166.719637815343,38.31631200451904,0,0.0011875479969958315
vocabulary_bridge,temporal_training_partition,aa60b78c-7b8a-418e-a143-543cd78d2ed0,Unicon A/S,DK,2024,5801.52,302.69786383297,52.17561325876149,0,0.00022889423262137604
vocabulary_bridge,temporal_training_partition,ad27ee3f-8686-4469-a86f-32393f0081c1,Unicon A/S,DK,2024,3625.95,154.01441110822998,42.47560256159902,0,0.001969817987028999
vocabulary_bridge,temporal_training_partition,ad8f14d3-c0b9-4f0c-a39e-e15065b785f3,Ferdigbetong AS,,2019,4351.14,222.865619464073,51.22005255268114,0,0.002450827895126675
vocabulary_bridge,temporal_training_partition,aeba2c78-c83e-420b-b7ca-84cd9c824128,Velde Betong AS,NO,2017,6526.710000000001,203.4106,31.165870706680696,0,0.00040183496096264995
vocabulary_bridge,temporal_training_partition,b1ecbd74-fcff-42c4-af71-0737dc5c7c40,Norsk Spennbetong AS,,2024,6526.710000000001,188.881153711028,28.93971904849885,0,0.00039684235558545616
vocabulary_bridge,temporal_training_partition,b240a5c2-be46-4fcd-b241-ab7121f7820f,Unicon A/S,DK,2026,5801.52,281.32987195823,48.49244197352245,0,0.00013997501756445965
vocabulary_bridge,temporal_training_partition,b3602564-ee7d-4133-ae10-b89c17246fc2,Egersund Betongindustri AS,NO,2025,5076.33,276.66375236514,54.50074214346586,0,0.0007040342233752331
vocabulary_bridge,temporal_training_partition,b3967f7d-a6ad-43e0-a467-afadc03bff5e,Berg Betong AS,NO,2025,5076.33,191.279096408581,37.68058743394953,0,0.0006704062737414361
vocabulary_bridge,temporal_training_partition,b3b1a564-0c9a-4b7e-9785-7b485cc0e0f3,Betongindustri AB,,2021,4061.064,145.35000000000002,35.791112870912656,0,0.007630111246851915
vocabulary_bridge,temporal_training_partition,b44cd475-5278-4b55-85bf-5c7ae0bd2b22,Trønderbetong AS,NO,2023,5076.33,204.32239402187705,40.25002196899671,0,0.0006704062737414361
vocabulary_bridge,temporal_training_partition,b5f33f6f-907c-4f69-89b3-abae49787101,A/S Ikast Betonvarefabrik,DK,2025,5801.52,371.404530056017,64.01848654421893,1,0.00026070130341386083
vocabulary_bridge,temporal_training_partition,b69d43ee-fdf1-4924-a22b-3451bdf1da60,Namdal Betong & Plast AS,NO,2020,4351.14,246.311162428009,56.60842042039764,0,0.0023290366024359896
vocabulary_bridge,temporal_training_partition,b6e353ab-3ef0-4040-9026-4cb31f23ae59,Heidelberg Materials UK,GB,2024,4061.064,185.84,45.76140637035024,0,0.0020832481175131873
vocabulary_bridge,temporal_training_partition,b85b206d-9373-411b-896e-6d8ee713e715,Åkra Sementstøperi AS,NO,2021,5076.33,248.85015823120895,49.02166687965696,0,0.0006911770059291576
vocabulary_bridge,temporal_training_partition,b892a682-2d41-4ce6-b73e-d17850b0d590,Unicon A/S,DK,2024,2900.76,139.162996602446,47.97466753624775,0,0.01860272197836232
vocabulary_bridge,temporal_training_partition,b92d3322-6b84-45c7-bc88-fc5bd637e5f6,A/S Ikast Betonvarefabrik,DK,2024,4351.14,261.212804355686,60.03318770613816,0,0.0013468216433901513
vocabulary_bridge,temporal_training_partition,b957fe55-f761-4e2e-885c-c9143549c455,Gammelrand Beton A/S,DK,2025,5801.52,262.431909246301,45.23502620801118,0,0.0003007395548018429
vocabulary_bridge,temporal_training_partition,bb04f8c8-73e5-4ea9-a97e-547d1d03f988,Unicon A/S,DK,2026,3625.95,135.374859235641,37.33500440867662,0,0.0017647960535347644
vocabulary_bridge,temporal_training_partition,bc86105a-98ce-4288-93af-ef0ba8d6bfe9,A/S Ikast Betonvarefabrik,DK,2025,4351.14,247.18527447051,56.8093130697955,0,0.0014153149397391786
vocabulary_bridge,temporal_training_partition,bce946f1-1542-444f-8565-9bf95230f14e,Unicon A/S,DK,2024,4351.14,210.272059945705,48.32573990855385,0,0.0011480511906021345
vocabulary_bridge,temporal_training_partition,bd0d4ca2-a31c-4dd7-8ec7-e177f72e9920,Gammelrand Beton A/S,DK,2025,2320.608,98.412903593727,42.40824111341812,0,0.04453484693123059
vocabulary_bridge,temporal_training_partition,be008f1a-df1f-4934-9d45-25b502f7114c,Heidelberg Materials Beton Danmark A/S,DK,2024,2900.76,160.82159367064398,55.44119253941863,0,0.03616762421930511
vocabulary_bridge,temporal_training_partition,be7a01e5-f678-4a8f-969c-7d160fd92de7,Heidelberg Materials UK,GB,2024,4641.216,160.77,34.639628924833495,0,0.0010099778299099383
vocabulary_bridge,temporal_training_partition,bff9d813-d3fd-46ec-83e0-1de4be260328,Heidelberg Materials Beton Danmark A/S,DK,2025,3625.95,189.60063226387496,52.28991912846977,0,0.004152847116364586
vocabulary_bridge,temporal_training_partition,c1d846fe-7ab7-4b4a-b426-02e70d32199b,Unicon A/S,DK,2023,5076.33,255.780786172185,50.38695005489892,0,0.0004786921198856766
vocabulary_bridge,temporal_training_partition,c1f9ef1e-a43a-48d3-895c-c228432652cf,Heidelberg Materials Beton Danmark A/S,DK,2025,5801.52,283.415515172382,48.85194141748749,0,0.00030341029826922605
vocabulary_bridge,temporal_training_partition,c2553da2-cd59-43f3-a1ba-d83ee64f6dca,Egersund Betongindustri AS,NO,2024,6526.710000000001,248.256337099272,38.03697990247337,0,0.0007391190328927515
vocabulary_bridge,temporal_training_partition,c359916f-399d-413b-ae63-fb1ce5b93caa,Heidelberg Materials UK,GB,2024,4061.064,135.49,33.36317772879226,0,0.002054040707762979
vocabulary_bridge,temporal_training_partition,c5ca8d8d-03df-4bf5-9cf6-9d76812dd558,Trønderbetong AS,NO,2023,6526.710000000001,208.97976030684495,32.0191582446355,0,0.00039684235558545616
vocabulary_bridge,temporal_training_partition,c696678f-9f82-45f5-85bc-0882e9e0ae3b,Unicon A/S,DK,2024,4351.14,175.070662579772,40.23558483058969,0,0.0010995285893748
vocabulary_bridge,temporal_training_partition,c9ef0f5c-a8a9-4d53-b1b6-fbd9d08edb3e,Leonhard Nilsen & Sønner AS,NO,2024,5076.33,320.176061424981,63.07234979305542,1,0.0007766447067284443
vocabulary_bridge,temporal_training_partition,ca060b11-a8c3-49e8-88aa-45d8722d6b72,Heidelberg Materials Beton Danmark A/S,DK,2025,1740.456,131.592377237933,75.6079885029745,1,0.8380780707843432
vocabulary_bridge,temporal_training_partition,caa2251d-7738-49ce-9b23-445b1e3dbcf8,NorBetong AS,NO,2019,4351.14,225.748460937525,51.88260109707456,0,0.0020631129087164504
vocabulary_bridge,temporal_training_partition,cc37584a-7821-4700-8e0d-98dcf967f0e9,Heidelberg Materials Beton Danmark A/S,DK,2025,5076.33,256.489548738999,50.52657111318591,0,0.0005348066053868664
vocabulary_bridge,temporal_training_partition,cd1f0b21-4e1e-4425-9a4f-c77f72cf054d,Hokksund Betong AS,NO,2021,4351.14,188.728969233607,43.374602801474325,0,0.001311284593924224
vocabulary_bridge,temporal_training_partition,ce417ca5-64e5-4526-97b5-99620e6d1225,AS Vågsøy Ferdigbetong,NO,2023,5076.33,338.265241043734,66.63578629516482,1,0.0005523128103338935
vocabulary_bridge,temporal_training_partition,d13258bc-45dd-4b36-8ee4-b12cdda7bc21,Ryfoss Betong AS,NO,2024,5076.33,292.211900365948,57.56361394273974,0,0.0006893817467361741
vocabulary_bridge,temporal_training_partition,d2098c67-752f-4be9-885c-9d2db6a55abd,Heidelberg Materials Beton Danmark A/S,DK,2024,4351.14,218.073722588324,50.11875567973542,0,0.0016892951620325759
vocabulary_bridge,temporal_training_partition,d2b75821-d34b-4202-b9cd-39924c5082cc,Dyrøy Betong Ålesund as,NO,2019,5076.33,244.247254715096,48.11492844537215,0,0.0007451869184597053
vocabulary_bridge,temporal_training_partition,d320f189-9a4b-4cac-aaf7-605738e139a3,Midt-Norsk Betong Verdal AS,NO,2020,4351.14,235.101016072587,54.03205046782843,0,0.0012120832686106347
vocabulary_bridge,temporal_training_partition,d4204255-c3e7-487f-874f-91a84efe6fb5,Lofot Entreprenør AS,NO,2024,6526.710000000001,208.496456556723,31.94510811062893,0,0.0002649588572382289
vocabulary_bridge,temporal_training_partition,d4f66366-1679-4ea2-ba18-23481c58107b,Stjern Betong AS,NO,2020,6526.710000000001,268.700922841735,41.16942883041148,0,0.00022751907060536452
vocabulary_bridge,temporal_training_partition,d6916f28-cfdc-4810-80b4-b78a109a747c,Gammelrand Beton A/S,DK,2025,5076.33,276.093786878525,54.388463098050174,0,0.0005076079264415751
vocabulary_bridge,temporal_training_partition,d6b014eb-d9a2-467c-bbd8-79917e44a1de,Unicon A/S,DK,2024,3625.95,172.74671506958202,47.641780793883534,0,0.0018662176711325333
vocabulary_bridge,temporal_training_partition,d6ec8db5-2cee-4672-af48-9f3c74213737,Unicon AS,NO,2018,4351.14,221.31,50.8625325776693,0,0.0020370972479238237
vocabulary_bridge,temporal_training_partition,d84bfef9-8a04-46df-af7a-364e7461ac87,Gammelrand Beton A/S,DK,2025,4351.14,185.087389081792,42.53767727119605,0,0.0011942565621913008
vocabulary_bridge,temporal_training_partition,d9691bd2-a022-40e8-ac03-14fad2410c00,Skagen Cement Støberi A/S,DK,2023,2900.76,176.62793073423902,60.89022557338043,0,0.04632348989339751
vocabulary_bridge,temporal_training_partition,d9c4fd91-2127-4f27-b495-d83f00ebce75,Åkra Sementstøperi AS,NO,2021,4351.14,221.310042488477,50.8625423425762,0,0.002646319227731463
vocabulary_bridge,temporal_training_partition,da97da44-2c34-4236-902e-1de3b47ba33e,Ølen Betong AS,NO,2024,4351.14,182.09139932986,41.84912444321718,0,0.0005326481395022541
vocabulary_bridge,temporal_training_partition,dbb7ec62-5b47-4bf8-be69-0e3ac006880a,Heidelberg Materials Beton Danmark A/S,DK,2024,4351.14,206.449846220853,47.447300298508665,0,0.0016892951620325759
vocabulary_bridge,temporal_training_partition,dcfbf5c0-d3b9-4a3b-8b4f-6c743f2115ce,FC Beton,DK,2024,5076.33,259.20279162662,51.06106018060687,0,0.0006502502231891167
vocabulary_bridge,temporal_training_partition,de137fa3-4ed7-4a7d-8698-54d16911a344,Unicon A/S,DK,2026,4351.14,209.795914711514,48.21630991223312,0,0.0011256657857870959
vocabulary_bridge,temporal_training_partition,de5889d2-8360-45f2-b529-c02799b01140,Wewers Beton A/S,DK,2025,5076.33,305.060055772595,60.09460688580037,0,0.0005282407195249145
vocabulary_bridge,temporal_training_partition,df2b5d3c-805c-4a47-940f-7f3d0ba047dd,Wewers Beton A/S,DK,2025,4351.14,241.29296009853,55.4551129355824,0,0.0009320176399683804
vocabulary_bridge,temporal_training_partition,e2ad9ff8-0657-4627-bd17-52ecb8f88cb5,Bjerka Sandindustri AS,NO,2024,5076.33,263.60895364758704,51.92904197473117,0,0.0006789372031918076
vocabulary_bridge,temporal_training_partition,e3655593-5082-4b57-98d1-0760a1ded3e6,Heidelberg Materials Beton Danmark A/S,DK,2025,5076.33,257.860847240702,50.79670692029518,0,0.00044079960795726615
vocabulary_bridge,temporal_training_partition,e5ce2678-986c-4378-82aa-9204579f56eb,Heidelberg Materials Beton Danmark A/S,DK,2025,5076.33,207.44853567006103,40.86584908192751,0,0.0003998106253007912
vocabulary_bridge,temporal_training_partition,e5f09815-7b8d-424f-a557-f62e881e0e5e,Heidelberg Materials Beton Danmark A/S,DK,2025,3625.95,154.30696944668605,42.55628716520802,0,0.004180485470062734
vocabulary_bridge,temporal_training_partition,e69bd8d6-3d5a-4c9a-9bc9-ac147817877e,Heidelberg Materials Lietuva Betonas UAB  -  Concrete,LT,2025,4351.14,288.019055698099,66.1939297972713,1,0.001328279479774414
vocabulary_bridge,temporal_training_partition,e8130098-5033-4d41-bf6d-ce0061cb04c5,FC Beton,DK,2024,2900.76,141.264442531149,48.699114208396765,0,0.018657670504011264
vocabulary_bridge,temporal_training_partition,e953e990-f02d-4cb2-9d09-270e15d30279,Nordland Betong,NO,2018,4351.14,254.91517188123905,58.58583540893628,0,0.0046230714073548325
vocabulary_bridge,temporal_training_partition,e99caf1a-0f84-4ada-b9c9-e49b19473d2a,Heidelberg Materials Beton Danmark A/S,DK,2025,2900.76,157.806742540822,54.401861078069885,0,0.03616762421930511
vocabulary_bridge,temporal_training_partition,e9f5efd7-2c10-4eb5-a242-fe1ee66b7b91,Heidelberg Materials UK,GB,2024,2320.608,172.24,74.22192804644301,1,0.03643475643544966
vocabulary_bridge,temporal_training_partition,eb1aa483-9bec-4ce9-8e08-267ccea4638d,Solid Betong AS,NO,2023,4351.14,218.946155149672,50.31926234266698,0,0.0019148786449827814
vocabulary_bridge,temporal_training_partition,eb34ccb2-88cf-40bf-86b4-e5ea631cf36f,NorBetong AS,NO,2024,4351.14,212.145531823976,48.75631025983443,0,0.0020118281896014142
vocabulary_bridge,temporal_training_partition,ebb7c42f-67e9-4d89-926f-77c36f50023f,Heidelberg Materials Beton Danmark A/S,DK,2025,2320.608,128.643706281395,55.4353455135012,0,0.03331474878926056
vocabulary_bridge,temporal_training_partition,edcfadd4-f465-40e0-9cc6-e415506805c5,Heidelberg Materials Beton Danmark A/S,DK,2025,5076.33,263.930304061376,51.99234566337807,0,0.0004531238326358845
vocabulary_bridge,temporal_training_partition,ede6eb6c-2b0a-4dfe-bc75-a7f6ffe627eb,Heidelberg Materials Beton Danmark A/S,DK,2025,5076.33,248.886869723844,49.028898776053566,0,0.0004179534786997958
vocabulary_bridge,temporal_training_partition,ef6f7c13-471b-4a31-81f0-f04abe1ddb24,Ulstein Betong AS,NO,2020,5076.33,273.484509806094,53.87445453823807,0,0.0007053577045482613
vocabulary_bridge,temporal_training_partition,f09ad0a4-fe0d-486e-99a8-f09eba667142,Helgeland Ferdigbetong AS,NO,2025,6526.710000000001,191.415626919905,29.328042293882365,0,0.0001643756060804959
vocabulary_bridge,temporal_training_partition,f0c7faa6-21b6-46d3-8442-a58b9827b4ef,Ulstein Betong AS,NO,2020,6526.710000000001,289.758030639348,44.3957262754662,0,0.0002842402374499569
vocabulary_bridge,temporal_training_partition,f0da776f-824d-4890-b10a-4ef44fec3bea,Unicon A/S,DK,2024,5801.52,270.620785122533,46.64653144736776,0,0.00013701611398704043
vocabulary_bridge,temporal_training_partition,f129fd3e-6e1b-4b23-abbf-f3ea6a591628,Blanderiet AS,NO,2025,4351.14,201.088628108592,46.21515927058012,0,0.0016326001958432551
vocabulary_bridge,temporal_training_partition,f15215cc-3486-40cd-bfed-2e6b9ee46ddc,Heidelberg Materials Beton Danmark A/S,DK,2025,5076.33,222.733810050981,43.87693669461619,0,0.0006230960727910253
vocabulary_bridge,temporal_training_partition,f1563672-caf1-4a9c-9683-ede87467a2a8,Unicon A/S,DK,2024,5076.33,179.44667717080102,35.349687110727835,0,0.0005015647716197553
vocabulary_bridge,temporal_training_partition,f1a37b19-fbf1-4bc5-b930-9e652ce617da,Heidelberg Materials Beton Danmark A/S,DK,2025,5076.33,254.177485688577,50.07111154881125,0,0.00045285502823507216
vocabulary_bridge,temporal_training_partition,f2d7fc6d-bcaa-4c4c-ab91-e433d5765b06,A/S Ikast Betonvarefabrik,DK,2025,3625.95,227.953457021452,62.86723673008507,1,0.0038635044067077875
vocabulary_bridge,temporal_training_partition,f4de0171-f625-4953-859f-e7495a407b5e,Wewers Beton A/S,DK,2025,2900.76,201.51294679689695,69.46901735989775,1,0.03281244360216598
vocabulary_bridge,temporal_training_partition,f5adba57-2c55-4072-ae19-04913f5c9fe2,Blanderiet AS,NO,2020,4351.14,184.64739063131,42.43655470320652,0,0.0020737386578924483
vocabulary_bridge,temporal_training_partition,f837ce51-9ca1-427f-bb34-4115c14ff5f2,Berg Betong AS,NO,2021,4351.14,240.270371254181,55.22009663080963,0,0.0018153458925856127
vocabulary_bridge,temporal_training_partition,f8ab73a0-c276-4399-8bad-6ba345cb8f19,Skagen Cement Støberi A/S,DK,2024,6526.710000000001,341.042853804357,52.25341003420665,0,0.0004148058025497323
vocabulary_bridge,temporal_training_partition,f9348f15-ad9b-4897-88dd-0585b291b8c7,Sandnes & Jærbetong,NO,2021,4351.14,182.194519442798,41.87282400538663,0,0.0020370972479238237
vocabulary_bridge,temporal_training_partition,fa097616-c491-4121-9915-6d7871c8500c,Unicon A/S,DK,2024,4351.14,197.58592417369,45.41015094290002,0,0.0011094040111247919
vocabulary_bridge,temporal_training_partition,fa7dd645-2349-4a8d-b251-17a0e2fafc51,Heidelberg Materials Beton Danmark A/S,DK,2025,4351.14,154.747220202218,35.56475319162748,0,0.0011973504728572395
vocabulary_bridge,temporal_training_partition,ff424d09-5d82-4da6-96b5-2f7effe00951,Åkra Sementstøperi AS,NO,2021,3625.95,197.555621084338,54.48382384873977,0,0.025802937328008466
