row_index,y_true,domain_lgbm_probability,base_positive_rate,Company,Plant,Plant Location - State,U.S. Region of Plant,application_family,strength_psi,strength_bin_500,curing_days,curing_family,gwp_per_ksi,reference_group_type,reference_group_n,reference_p25_gwp_per_ksi,reference_p10_gwp_per_ksi,absolute_reduction_to_p25,relative_reduction_to_p25,absolute_reduction_to_p10,relative_reduction_to_p10,has_comparable_alternative_group,has_10pct_reduction_opportunity,has_20pct_reduction_opportunity
14230,1,0.9999592861605112,0.08432859071554678,CEMEX,Santa Clara Plant,CA,Pacific Southwest Region,other_or_unspecified,100.0,0,28.0,standard_28,1360.0,national_spec_group,10.0,473.625,267.1333333333333,886.375,0.6517463235294118,1092.8666666666668,0.8035784313725491,True,True,True
15734,1,0.9999455663998138,0.08432859071554678,CEMEX,Walnut Plant,CA,Pacific Southwest Region,other_or_unspecified,78.63,0,28.0,standard_28,1056.848531095002,national_spec_group,10.0,473.625,267.1333333333333,583.223531095002,0.5518515794223827,789.7151977616687,0.7472359326113117,True,True,True
33720,1,0.9999385225990464,0.08432859071554678,Knife River Corporation,Linnton Plant,OR,Pacific Northwest Region,filler,300.0,500,28.0,standard_28,366.6666666666667,strict_group,19.0,261.5,240.8,105.16666666666669,0.28681818181818186,125.86666666666667,0.3432727272727273,True,True,True
7470,1,0.999929166125619,0.08432859071554678,CEMEX,Downtown Miami Plant,FL,Southeastern Region,filler,150.0,0,28.0,standard_28,1253.3333333333335,strict_group,12.0,700.1666666666666,581.5666666666667,553.1666666666669,0.4413563829787235,671.7666666666668,0.5359840425531915,True,True,True
33464,1,0.9999230656589808,0.08432859071554678,Knife River Corporation,Boise (Idaho) Plant,ID,Pacific Northwest Region,other_or_unspecified,300.0,500,28.0,standard_28,304.6666666666667,strict_group,6.0,170.55,159.4,134.11666666666667,0.44020787746170675,145.26666666666668,0.47680525164113785,True,True,True
33462,1,0.9999157839328564,0.08432859071554678,Knife River Corporation,Boise (Idaho) Plant,ID,Pacific Northwest Region,filler,250.0,0,28.0,standard_28,328.4,strict_group,40.0,589.5000000000001,437.05000000000007,0.0,0.0,0.0,0.0,True,False,False
9297,1,0.9999151825151888,0.08432859071554678,CEMEX,Lawrenceville Plant,GA,Southeastern Region,paving,350.0,500,28.0,standard_28,1200.0,regional_strength_group,6.0,374.2307692307692,295.83333333333337,825.7692307692307,0.6881410256410256,904.1666666666666,0.7534722222222222,True,True,True
33555,1,0.9999148454911522,0.08432859071554678,Knife River Corporation,Coffee Lake Plant,OR,Pacific Northwest Region,filler,300.0,500,28.0,standard_28,423.33333333333337,strict_group,19.0,261.5,240.8,161.83333333333337,0.3822834645669292,182.53333333333336,0.43118110236220475,True,True,True
5393,1,0.9999128911365276,0.08432859071554678,CEMEX,Athens Plant,AL,Southeastern Region,filler,200.0,0,28.0,standard_28,550.0,strict_group,12.0,700.1666666666666,581.5666666666667,0.0,0.0,0.0,0.0,True,False,False
42876,1,0.9999089045069826,0.08432859071554678,Silver Strike Concrete,Silver Strike Sparks Plant,NV,Pacific Southwest Region,filler,200.0,0,28.0,standard_28,1380.0,national_spec_group,101.0,570.0,476.0,810.0,0.5869565217391305,904.0,0.6550724637681159,True,True,True
33849,1,0.9999057527554271,0.08432859071554678,Knife River Corporation,Redmond (Oregon) Plant,OR,Pacific Northwest Region,filler,100.0,0,28.0,standard_28,1260.0,strict_group,40.0,589.5000000000001,437.05000000000007,670.4999999999999,0.532142857142857,822.9499999999999,0.6531349206349206,True,True,True
33463,1,0.9999038421436296,0.08432859071554678,Knife River Corporation,Boise (Idaho) Plant,ID,Pacific Northwest Region,other_or_unspecified,300.0,500,28.0,standard_28,308.00000000000006,strict_group,6.0,170.55,159.4,137.45000000000005,0.4462662337662338,148.60000000000005,0.48246753246753254,True,True,True
21613,1,0.9999017051245956,0.08432859071554678,Central Pre-Mix (CPM),Crestline Plant ,WA,Pacific Northwest Region,filler,200.0,0,28.0,standard_28,650.0,strict_group,40.0,589.5000000000001,437.05000000000007,60.499999999999886,0.0930769230769229,212.94999999999993,0.32761538461538453,True,False,False
33920,1,0.9999001172648178,0.08432859071554678,Knife River Corporation,Tumalo (Oregon) Plant,OR,Pacific Northwest Region,filler,100.0,0,28.0,standard_28,1340.0,strict_group,40.0,589.5000000000001,437.05000000000007,750.4999999999999,0.5600746268656716,902.9499999999999,0.6738432835820894,True,True,True
21649,1,0.9998981462359482,0.08432859071554678,Central Pre-Mix (CPM),Crestline Plant ,WA,Pacific Northwest Region,filler,150.0,0,28.0,standard_28,444.6666666666667,strict_group,40.0,589.5000000000001,437.05000000000007,0.0,0.0,7.616666666666617,0.017128935532233772,True,False,False
15159,1,0.9998973236886832,0.08432859071554678,CEMEX,Sweetwater Plant,FL,Southeastern Region,filler,150.0,0,28.0,standard_28,1260.0,strict_group,12.0,700.1666666666666,581.5666666666667,559.8333333333334,0.4443121693121693,678.4333333333333,0.5384391534391534,True,True,True
2727,1,0.9998961420972176,0.08432859071554678,Cadman / Heidelberg Materials,Foster Road Plant,OR,Pacific Northwest Region,filler,150.0,0,28.0,standard_28,806.6666666666667,strict_group,40.0,589.5000000000001,437.05000000000007,217.16666666666663,0.26921487603305777,369.6166666666667,0.45820247933884295,True,True,True
44015,1,0.9998948532185152,0.08432859071554678,Stoneway Concrete,Seattle Plant,WA,Pacific Northwest Region,filler,100.0,0,28.0,standard_28,492.0,strict_group,40.0,589.5000000000001,437.05000000000007,0.0,0.0,54.94999999999993,0.11168699186991857,True,False,False
3289,1,0.999894433399386,0.08432859071554678,Cadman / Heidelberg Materials,Orchards Plant,WA,Pacific Northwest Region,filler,150.0,0,28.0,standard_28,840.0,strict_group,40.0,589.5000000000001,437.05000000000007,250.4999999999999,0.2982142857142856,402.94999999999993,0.4797023809523809,True,True,True
30706,1,0.9998941196266156,0.08432859071554678,Flatiron,Flatiron Wet Batch Plant,CO,Rocky Mountains Region,filler,100.0,0,28.0,standard_28,990.9999999999999,strict_group,28.0,694.25,407.90000000000003,296.7499999999999,0.2994450050454086,583.0999999999999,0.5883955600403632,True,True,True
424,1,0.9998938973508212,0.08432859071554678,American Rock Products (ARP),Hermiston Plant,OR,Pacific Northwest Region,filler,50.0,0,28.0,standard_28,1248.0,strict_group,40.0,589.5000000000001,437.05000000000007,658.4999999999999,0.5276442307692307,810.9499999999999,0.6497996794871794,True,True,True
8206,1,0.9998936573730404,0.08432859071554678,CEMEX,Grand Parkway Plant,TX,South Central Region,filler,150.0,0,28.0,standard_28,530.0,strict_group,5.0,553.3333333333334,539.3333333333334,0.0,0.0,0.0,0.0,True,False,False
46383,1,0.9998926081152166,0.08432859071554678,United Companies,Steamboat Plant,CO,Rocky Mountains Region,filler,60.0,0,28.0,standard_28,1016.6666666666667,strict_group,28.0,694.25,407.90000000000003,322.41666666666674,0.31713114754098365,608.7666666666667,0.5987868852459016,True,True,True
10463,1,0.9998900253609492,0.08432859071554678,CEMEX,Mosielee Plant,TX,South Central Region,filler,150.0,0,28.0,standard_28,553.3333333333334,strict_group,5.0,553.3333333333334,539.3333333333334,0.0,0.0,14.0,0.025301204819277105,True,False,False
33626,1,0.9998835681081324,0.08432859071554678,Knife River Corporation,Eugene (Oregon) Plant,OR,Pacific Northwest Region,filler,250.0,0,28.0,standard_28,556.0,strict_group,40.0,589.5000000000001,437.05000000000007,0.0,0.0,118.94999999999993,0.21393884892086318,True,False,False
423,1,0.999882081373578,0.08432859071554678,American Rock Products (ARP),Hermiston Plant,OR,Pacific Northwest Region,filler,100.0,0,28.0,standard_28,1360.0,strict_group,40.0,589.5000000000001,437.05000000000007,770.4999999999999,0.5665441176470587,922.9499999999999,0.6786397058823529,True,True,True
44154,1,0.9998808375733088,0.08432859071554678,Tec-Crete Transit Mix Corp.,Jamaica Plant,NY,Eastern Region,filler,250.0,0,28.0,standard_28,796.0,strict_group,10.0,528.25,489.2666666666667,267.75,0.33636934673366836,306.7333333333333,0.3853433835845896,True,True,True
7066,1,0.999880484829068,0.08432859071554678,CEMEX,Dallas Plant,GA,Southeastern Region,filler,150.0,0,28.0,standard_28,640.6666666666666,strict_group,12.0,700.1666666666666,581.5666666666667,0.0,0.0,59.09999999999991,0.09224765868886563,True,False,False
46352,1,0.9998803424619298,0.08432859071554678,United Companies,River Road Plant,CO,Rocky Mountains Region,filler,60.0,0,28.0,standard_28,1121.6666666666667,strict_group,28.0,694.25,407.90000000000003,427.41666666666674,0.3810549777117385,713.7666666666667,0.6363447251114412,True,True,True
337,1,0.9998786648820426,0.08432859071554678,American Rock Products (ARP),Boardman Plant,OR,Pacific Northwest Region,filler,100.0,0,28.0,standard_28,630.0,strict_group,40.0,589.5000000000001,437.05000000000007,40.499999999999886,0.0642857142857141,192.94999999999993,0.30626984126984114,True,False,False
12056,1,0.999876575454202,0.08432859071554678,CEMEX,Pembroke Pines Plant,FL,Southeastern Region,filler,150.0,0,28.0,standard_28,1253.3333333333335,strict_group,12.0,700.1666666666666,581.5666666666667,553.1666666666669,0.4413563829787235,671.7666666666668,0.5359840425531915,True,True,True
339,1,0.999875069054314,0.08432859071554678,American Rock Products (ARP),Boardman Plant,OR,Pacific Northwest Region,filler,100.0,0,28.0,standard_28,1140.0,strict_group,40.0,589.5000000000001,437.05000000000007,550.4999999999999,0.48289473684210515,702.9499999999999,0.6166228070175438,True,True,True
777,1,0.99987368556482,0.08432859071554678,Amrize,Broomfield Plant,CO,Rocky Mountains Region,paving,50.0,0,28.0,standard_28,724.0,regional_strength_group,30.0,727.5833333333333,453.30000000000007,0.0,0.0,270.69999999999993,0.3738950276243093,True,False,False
33465,1,0.9998733781978888,0.08432859071554678,Knife River Corporation,Boise (Idaho) Plant,ID,Pacific Northwest Region,filler,300.0,500,28.0,standard_28,213.66666666666666,strict_group,19.0,261.5,240.8,0.0,0.0,0.0,0.0,True,False,False
8190,1,0.9998679280297238,0.08432859071554678,CEMEX,Globe Plant,AZ,Pacific Southwest Region,filler,50.0,0,28.0,standard_28,1445.9999999999998,national_spec_group,101.0,570.0,476.0,875.9999999999998,0.6058091286307054,969.9999999999998,0.6708160442600276,True,True,True
40930,1,0.9998676151559784,0.08432859071554678,Peak Ready Mix,Clear Creek Plant,CO,Rocky Mountains Region,filler,100.0,0,28.0,standard_28,1360.0,strict_group,28.0,694.25,407.90000000000003,665.75,0.4895220588235294,952.0999999999999,0.7000735294117646,True,True,True
33625,1,0.9998624655118143,0.08432859071554678,Knife River Corporation,Eugene (Oregon) Plant,OR,Pacific Northwest Region,filler,300.0,500,28.0,standard_28,400.0,strict_group,19.0,261.5,240.8,138.5,0.34625,159.2,0.39799999999999996,True,True,True
30828,1,0.9998613447930206,0.08432859071554678,Four Winds Concrete Inc.,Windgap Plant,PA,Eastern Region,filler,150.0,0,28.0,standard_28,538.0,strict_group,10.0,528.25,489.2666666666667,9.75,0.01812267657992565,48.73333333333329,0.09058240396530351,True,False,False
33866,1,0.9998607933648356,0.08432859071554678,Knife River Corporation,Redmond (Oregon) Plant,OR,Pacific Northwest Region,filler,300.0,500,28.0,standard_28,570.0,strict_group,19.0,261.5,240.8,308.5,0.5412280701754386,329.2,0.5775438596491228,True,True,True
33939,1,0.99985521187576,0.08432859071554678,Knife River Corporation,Tumalo (Oregon) Plant,OR,Pacific Northwest Region,filler,300.0,500,28.0,standard_28,580.0,strict_group,19.0,261.5,240.8,318.5,0.5491379310344827,339.2,0.5848275862068966,True,True,True
10044,1,0.999850493827242,0.08432859071554678,CEMEX,Milton Plant,FL,Southeastern Region,filler,100.0,0,28.0,standard_28,1010.0,strict_group,12.0,700.1666666666666,581.5666666666667,309.83333333333337,0.3067656765676568,428.4333333333333,0.42419141914191416,True,True,True
46323,1,0.9998495540237644,0.08432859071554678,United Companies,Rifle Plant,CO,Rocky Mountains Region,filler,60.0,0,28.0,standard_28,895.0000000000001,strict_group,28.0,694.25,407.90000000000003,200.7500000000001,0.22430167597765374,487.1000000000001,0.5442458100558659,True,True,True
33936,1,0.9998434300417912,0.08432859071554678,Knife River Corporation,Tumalo (Oregon) Plant,OR,Pacific Northwest Region,filler,150.0,0,28.0,standard_28,1273.3333333333335,strict_group,40.0,589.5000000000001,437.05000000000007,683.8333333333334,0.5370418848167539,836.2833333333334,0.6567670157068063,True,True,True
21771,1,0.9998402941724952,0.08432859071554678,Central Pre-Mix (CPM),Sullivan Plant ,WA,Pacific Northwest Region,filler,100.0,0,28.0,standard_28,677.9999999999999,strict_group,40.0,589.5000000000001,437.05000000000007,88.49999999999977,0.1305309734513271,240.94999999999982,0.3553834808259585,True,True,False
33461,1,0.9998393935629484,0.08432859071554678,Knife River Corporation,Boise (Idaho) Plant,ID,Pacific Northwest Region,filler,300.0,500,28.0,standard_28,360.0,strict_group,19.0,261.5,240.8,98.5,0.27361111111111114,119.19999999999999,0.3311111111111111,True,True,True
21781,1,0.9998359773217534,0.08432859071554678,Central Pre-Mix (CPM),Sullivan Plant ,WA,Pacific Northwest Region,filler,100.0,0,28.0,standard_28,1280.0,strict_group,40.0,589.5000000000001,437.05000000000007,690.4999999999999,0.5394531249999999,842.9499999999999,0.6585546874999999,True,True,True
4513,1,0.9998352643407344,0.08432859071554678,"Callanan Industries, Inc.",Latham Plant,NY,Eastern Region,filler,150.0,0,28.0,standard_28,488.6666666666667,strict_group,10.0,528.25,489.2666666666667,0.0,0.0,0.0,0.0,True,False,False
46293,1,0.99983395089948,0.08432859071554678,United Companies,Powers Plant,CO,Rocky Mountains Region,filler,60.0,0,28.0,standard_28,1035.0,strict_group,28.0,694.25,407.90000000000003,340.75,0.3292270531400966,627.0999999999999,0.6058937198067632,True,True,True
46441,1,0.9998333915877666,0.08432859071554678,United Companies,Woody Creek Plant,CO,Rocky Mountains Region,filler,60.0,0,28.0,standard_28,1170.0,strict_group,28.0,694.25,407.90000000000003,475.75,0.4066239316239316,762.0999999999999,0.6513675213675213,True,True,True
21782,1,0.9998307082110494,0.08432859071554678,Central Pre-Mix (CPM),Sullivan Plant ,WA,Pacific Northwest Region,filler,200.0,0,28.0,standard_28,471.0,strict_group,40.0,589.5000000000001,437.05000000000007,0.0,0.0,33.94999999999993,0.07208067940552003,True,False,False
21682,1,0.999826072111869,0.08432859071554678,Central Pre-Mix (CPM),Sullivan Plant ,WA,Pacific Northwest Region,other_or_unspecified,150.0,0,28.0,standard_28,235.33333333333331,strict_group,6.0,328.625,253.0,0.0,0.0,0.0,0.0,True,False,False
46141,1,0.9998229504074216,0.08432859071554678,United Companies,Delta Plant,CO,Rocky Mountains Region,filler,60.0,0,28.0,standard_28,996.6666666666666,strict_group,28.0,694.25,407.90000000000003,302.41666666666663,0.3034280936454849,588.7666666666667,0.5907357859531772,True,True,True
6158,1,0.9998225741074622,0.08432859071554678,CEMEX,Card Sound Mine Plant,FL,Southeastern Region,filler,150.0,0,28.0,standard_28,1220.0,strict_group,12.0,700.1666666666666,581.5666666666667,519.8333333333334,0.4260928961748634,638.4333333333333,0.5233060109289617,True,True,True
21772,1,0.999819229917712,0.08432859071554678,Central Pre-Mix (CPM),Sullivan Plant ,WA,Pacific Northwest Region,filler,100.0,0,28.0,standard_28,640.9999999999999,strict_group,40.0,589.5000000000001,437.05000000000007,51.49999999999977,0.0803432137285488,203.94999999999982,0.31817472698907934,True,False,False
33496,1,0.9998145803149268,0.08432859071554678,Knife River Corporation,Boise (Idaho) Plant,ID,Pacific Northwest Region,other_or_unspecified,300.0,500,28.0,standard_28,1016.6666666666667,strict_group,6.0,170.55,159.4,846.1166666666668,0.8322459016393443,857.2666666666668,0.8432131147540984,True,True,True
2886,1,0.999813907228812,0.08432859071554678,Cadman / Heidelberg Materials,Foster Road Plant,OR,Pacific Northwest Region,other_or_unspecified,300.0,500,90.0,long,523.3333333333334,regional_strength_group,28.0,255.16666666666666,202.30666666666667,268.16666666666674,0.5124203821656051,321.0266666666667,0.6134267515923567,True,True,True
30783,1,0.9998113890255548,0.08432859071554678,Four Winds Concrete Inc.,Bethlehem Plant,PA,Eastern Region,filler,150.0,0,28.0,standard_28,680.0,strict_group,10.0,528.25,489.2666666666667,151.75,0.22316176470588237,190.7333333333333,0.2804901960784313,True,True,True
46478,1,0.9998099000502384,0.08432859071554678,US Concrete Mix / Smyrna Ready Mix,BRONX Plant,NY,Eastern Region,filler,400.0,500,28.0,standard_28,740.0,national_spec_group,26.0,258.75,239.0,481.25,0.6503378378378378,501.0,0.677027027027027,True,True,True
30784,1,0.9998069751972586,0.08432859071554678,Four Winds Concrete Inc.,Bethlehem Plant,PA,Eastern Region,filler,118.0,0,28.0,standard_28,822.0338983050848,strict_group,10.0,528.25,489.2666666666667,293.7838983050848,0.35738659793814437,332.7672316384181,0.40480962199312714,True,True,True
46353,1,0.9998067627244382,0.08432859071554678,United Companies,River Road Plant,CO,Rocky Mountains Region,filler,100.0,0,28.0,standard_28,862.0,strict_group,28.0,694.25,407.90000000000003,167.75,0.19460556844547564,454.09999999999997,0.526798143851508,True,True,False
46324,1,0.9998054206470974,0.08432859071554678,United Companies,Rifle Plant,CO,Rocky Mountains Region,filler,100.0,0,28.0,standard_28,476.0,strict_group,28.0,694.25,407.90000000000003,0.0,0.0,68.09999999999997,0.14306722689075624,True,False,False
44166,1,0.9998037052536172,0.08432859071554678,Tec-Crete Transit Mix Corp.,Long Island City Plant,NY,Eastern Region,filler,250.0,0,28.0,standard_28,780.0,strict_group,10.0,528.25,489.2666666666667,251.75,0.3227564102564103,290.7333333333333,0.37273504273504265,True,True,True
4551,1,0.9998003507030157,0.08432859071554678,"Callanan Industries, Inc.",Port of Albany Plant,NY,Eastern Region,filler,150.0,0,28.0,standard_28,489.33333333333337,strict_group,10.0,528.25,489.2666666666667,0.0,0.0,0.06666666666666288,0.00013623978201634103,True,False,False
33863,1,0.9997970719376404,0.08432859071554678,Knife River Corporation,Redmond (Oregon) Plant,OR,Pacific Northwest Region,filler,150.0,0,28.0,standard_28,1260.0,strict_group,40.0,589.5000000000001,437.05000000000007,670.4999999999999,0.532142857142857,822.9499999999999,0.6531349206349206,True,True,True
7674,1,0.9997943721828548,0.08432859071554678,CEMEX,Englewood Plant,TX,South Central Region,filler,150.0,0,28.0,standard_28,680.0,strict_group,5.0,553.3333333333334,539.3333333333334,126.66666666666663,0.18627450980392152,140.66666666666663,0.20686274509803915,True,True,False
40998,1,0.9997902700671464,0.08432859071554678,Pete Lien & Sons,Colorado Springs Ready Mix Plant 3 Plant,CO,Rocky Mountains Region,filler,200.0,0,28.0,standard_28,248.99999999999997,strict_group,28.0,694.25,407.90000000000003,0.0,0.0,0.0,0.0,True,False,False
3455,1,0.9997875199951072,0.08432859071554678,Cadman / Heidelberg Materials,Orchards Plant,WA,Pacific Northwest Region,other_or_unspecified,300.0,500,90.0,long,550.0,regional_strength_group,28.0,255.16666666666666,202.30666666666667,294.83333333333337,0.5360606060606061,347.6933333333333,0.6321696969696969,True,True,True
8265,1,0.99977860000852,0.08432859071554678,CEMEX,Grissom Plant,TX,South Central Region,filler,150.0,0,28.0,standard_28,826.6666666666667,strict_group,5.0,553.3333333333334,539.3333333333334,273.33333333333337,0.3306451612903226,287.33333333333337,0.34758064516129034,True,True,True
30510,1,0.9997779594552636,0.08432859071554678,"Ernst Enterprises, Inc.",Columbus Plant,OH,Great Lakes Region,other_or_unspecified,150.0,0,28.0,standard_28,464.0,national_spec_group,10.0,473.625,267.1333333333333,0.0,0.0,196.86666666666667,0.4242816091954023,True,False,False
46113,1,0.9997762238658708,0.08432859071554678,United Companies,Crested Butte Plant,CO,Rocky Mountains Region,filler,100.0,0,28.0,standard_28,1430.0,strict_group,28.0,694.25,407.90000000000003,735.75,0.5145104895104895,1022.0999999999999,0.7147552447552447,True,True,True
40969,0,0.9997710399578644,0.08432859071554678,Pete Lien & Sons,Colorado Springs Ready Mix Plant 2 Plant,CO,Rocky Mountains Region,filler,200.0,0,28.0,standard_28,88.49999999999999,strict_group,28.0,694.25,407.90000000000003,0.0,0.0,0.0,0.0,True,False,False
30829,1,0.9997667242169144,0.08432859071554678,Four Winds Concrete Inc.,Windgap Plant,PA,Eastern Region,filler,118.0,0,28.0,standard_28,642.3728813559322,strict_group,10.0,528.25,489.2666666666667,114.12288135593224,0.17765831134564647,153.10621468926553,0.23834476693051887,True,True,False
2889,1,0.9997664586141216,0.08432859071554678,Cadman / Heidelberg Materials,Foster Road Plant,OR,Pacific Northwest Region,filler,100.0,0,28.0,standard_28,689.0,strict_group,40.0,589.5000000000001,437.05000000000007,99.49999999999989,0.14441219158200275,251.94999999999993,0.3656748911465892,True,True,False
4000,1,0.9997650219052364,0.08432859071554678,Cadman / Heidelberg Materials,Port of Portland Plant,OR,Pacific Northwest Region,other_or_unspecified,300.0,500,90.0,long,520.0,regional_strength_group,28.0,255.16666666666666,202.30666666666667,264.83333333333337,0.5092948717948719,317.6933333333333,0.610948717948718,True,True,True
422,1,0.9997633487957928,0.08432859071554678,American Rock Products (ARP),Hermiston Plant,OR,Pacific Northwest Region,filler,200.0,0,28.0,standard_28,675.0,strict_group,40.0,589.5000000000001,437.05000000000007,85.49999999999989,0.1266666666666665,237.94999999999993,0.3525185185185184,True,True,False
21780,1,0.999757213637496,0.08432859071554678,Central Pre-Mix (CPM),Sullivan Plant ,WA,Pacific Northwest Region,filler,65.0,0,28.0,standard_28,707.6923076923076,strict_group,40.0,589.5000000000001,437.05000000000007,118.19230769230751,0.16701086956521716,270.64230769230755,0.3824293478260868,True,True,False
22033,1,0.9997547353203026,0.08432859071554678,Clayton Concrete,North Arlington NJ Plant,NJ,Eastern Region,other_or_unspecified,700.0,500,28.0,standard_28,395.7142857142857,strict_group,5.0,417.14285714285717,404.2857142857143,0.0,0.0,0.0,0.0,True,False,False
14746,1,0.9997545405379382,0.08432859071554678,CEMEX,Sierra Vista Plant,AZ,Pacific Southwest Region,filler,50.0,0,28.0,standard_28,1281.9999999999998,national_spec_group,101.0,570.0,476.0,711.9999999999998,0.5553822152886114,805.9999999999998,0.6287051482059282,True,True,True
46172,1,0.9997492072945624,0.08432859071554678,United Companies,Gunnison Plant,CO,Rocky Mountains Region,filler,60.0,0,28.0,standard_28,1183.3333333333335,strict_group,28.0,694.25,407.90000000000003,489.0833333333335,0.4133098591549296,775.4333333333334,0.6552957746478872,True,True,True
46386,1,0.9997473630846176,0.08432859071554678,United Companies,Steamboat Plant,CO,Rocky Mountains Region,filler,100.0,0,28.0,standard_28,519.0,strict_group,28.0,694.25,407.90000000000003,0.0,0.0,111.09999999999997,0.21406551059730244,True,False,False
46385,1,0.999741955998615,0.08432859071554678,United Companies,Steamboat Plant,CO,Rocky Mountains Region,filler,60.0,0,28.0,standard_28,1343.3333333333333,strict_group,28.0,694.25,407.90000000000003,649.0833333333333,0.4831885856079404,935.4333333333332,0.6963523573200991,True,True,True
338,1,0.9997381618411276,0.08432859071554678,American Rock Products (ARP),Boardman Plant,OR,Pacific Northwest Region,filler,200.0,0,28.0,standard_28,570.0,strict_group,40.0,589.5000000000001,437.05000000000007,0.0,0.0,132.94999999999993,0.2332456140350876,True,False,False
3836,1,0.9997298730879496,0.08432859071554678,Cadman / Heidelberg Materials,Port of Portland Plant,OR,Pacific Northwest Region,filler,150.0,0,28.0,standard_28,753.3333333333334,strict_group,40.0,589.5000000000001,437.05000000000007,163.83333333333326,0.21747787610619457,316.2833333333333,0.41984513274336277,True,True,True
46201,1,0.9997274699199524,0.08432859071554678,United Companies,Gypsum Plant,CO,Rocky Mountains Region,filler,60.0,0,28.0,standard_28,1076.6666666666665,strict_group,28.0,694.25,407.90000000000003,382.4166666666665,0.3551857585139318,668.7666666666664,0.6211455108359132,True,True,True
43815,1,0.9997253406689346,0.08432859071554678,Smyrna Ready Mix,TN Mobile Plant,TN,Southeastern Region,paving,100.0,0,28.0,standard_28,1220.0,regional_strength_group,13.0,720.0,588.1333333333333,500.0,0.4098360655737705,631.8666666666667,0.5179234972677595,True,True,True
8202,1,0.999724906143836,0.08432859071554678,CEMEX,Grand Parkway Plant,TX,South Central Region,filler,50.0,0,28.0,standard_28,1445.9999999999998,strict_group,5.0,553.3333333333334,539.3333333333334,892.6666666666664,0.6173351775011525,906.6666666666664,0.6270170585523281,True,True,True
46261,1,0.999723513054066,0.08432859071554678,United Companies,Montrose Plant,CO,Rocky Mountains Region,filler,60.0,0,28.0,standard_28,1335.0,strict_group,28.0,694.25,407.90000000000003,640.75,0.4799625468164794,927.0999999999999,0.6944569288389513,True,True,True
3458,1,0.9997064848756028,0.08432859071554678,Cadman / Heidelberg Materials,Orchards Plant,WA,Pacific Northwest Region,filler,100.0,0,28.0,standard_28,767.9999999999999,strict_group,40.0,589.5000000000001,437.05000000000007,178.49999999999977,0.23242187499999975,330.9499999999998,0.4309244791666665,True,True,True
10336,1,0.9997039505700432,0.08432859071554678,CEMEX,Monroeville Plant,AL,Southeastern Region,filler,100.0,0,28.0,standard_28,837.0,strict_group,12.0,700.1666666666666,581.5666666666667,136.83333333333337,0.1634806849860614,255.43333333333328,0.3051772202309836,True,True,False
46171,1,0.9997004487460442,0.08432859071554678,United Companies,Gunnison Plant,CO,Rocky Mountains Region,filler,65.0,0,28.0,standard_28,983.076923076923,strict_group,28.0,694.25,407.90000000000003,288.826923076923,0.29379890453834107,575.176923076923,0.5850782472613458,True,True,True
40970,1,0.9996946994950796,0.08432859071554678,Pete Lien & Sons,Colorado Springs Ready Mix Plant 2 Plant,CO,Rocky Mountains Region,filler,200.0,0,28.0,standard_28,233.5,strict_group,28.0,694.25,407.90000000000003,0.0,0.0,0.0,0.0,True,False,False
15210,1,0.9996929156860304,0.08432859071554678,CEMEX,Thomasville Plant,AL,Southeastern Region,filler,150.0,0,28.0,standard_28,900.0,strict_group,12.0,700.1666666666666,581.5666666666667,199.83333333333337,0.2220370370370371,318.4333333333333,0.35381481481481475,True,True,True
5515,1,0.9996920925129296,0.08432859071554678,CEMEX,Auburn (Portable) Plant,AL,Southeastern Region,filler,300.0,500,28.0,standard_28,251.66666666666669,national_spec_group,26.0,258.75,239.0,0.0,0.0,12.666666666666686,0.05033112582781464,True,False,False
778,1,0.999691552240364,0.08432859071554678,Amrize,Broomfield Plant,CO,Rocky Mountains Region,paving,50.0,0,28.0,standard_28,1038.0,regional_strength_group,30.0,727.5833333333333,453.30000000000007,310.41666666666674,0.2990526653821452,584.6999999999999,0.5632947976878612,True,True,True
40707,1,0.9996906442201716,0.08432859071554678,New Enterprise Stone & Lime,"Gateway, NY Plant",NY,Eastern Region,filler,300.0,500,56.0,extended_56,566.6666666666667,regional_strength_group,13.0,395.7142857142857,295.33333333333337,170.95238095238102,0.30168067226890766,271.33333333333337,0.4788235294117647,True,True,True
40670,1,0.9996906442201716,0.08432859071554678,New Enterprise Stone & Lime,"Barton Road, NY Plant",NY,Eastern Region,filler,300.0,500,56.0,extended_56,553.3333333333334,regional_strength_group,13.0,395.7142857142857,295.33333333333337,157.61904761904765,0.28485370051635117,258.0,0.4662650602409638,True,True,True
3941,1,0.999687410020965,0.08432859071554678,Cadman / Heidelberg Materials,Port of Portland Plant,OR,Pacific Northwest Region,filler,100.0,0,28.0,standard_28,837.0,strict_group,40.0,589.5000000000001,437.05000000000007,247.4999999999999,0.29569892473118264,399.94999999999993,0.47783751493428905,True,True,True
3389,1,0.999683972886291,0.08432859071554678,Cadman / Heidelberg Materials,Orchards Plant,WA,Pacific Northwest Region,filler,300.0,500,28.0,standard_28,433.33333333333337,strict_group,19.0,261.5,240.8,171.83333333333337,0.3965384615384616,192.53333333333336,0.44430769230769235,True,True,True
3942,1,0.9996779567282396,0.08432859071554678,Cadman / Heidelberg Materials,Port of Portland Plant,OR,Pacific Northwest Region,filler,100.0,0,28.0,standard_28,1000.0,strict_group,40.0,589.5000000000001,437.05000000000007,410.4999999999999,0.41049999999999986,562.9499999999999,0.56295,True,True,True
31106,1,0.9996773096322978,0.08432859071554678,Graniterock,Monterey-Seaside Plant,CA,Pacific Southwest Region,other_or_unspecified,650.0,500,28.0,standard_28,561.5384615384615,national_spec_group,19.0,324.0,174.4,237.53846153846155,0.423013698630137,387.13846153846157,0.6894246575342466,True,True,True
31107,1,0.9996773096322978,0.08432859071554678,Graniterock,Monterey-Seaside Plant,CA,Pacific Southwest Region,other_or_unspecified,650.0,500,28.0,standard_28,561.5384615384615,national_spec_group,19.0,324.0,174.4,237.53846153846155,0.423013698630137,387.13846153846157,0.6894246575342466,True,True,True
45091,1,0.9996749007887944,0.08432859071554678,Titan Virginia Ready-Mix,Centreville RM Plant,VA,Eastern Region,filler,200.0,0,28.0,standard_28,525.0,strict_group,10.0,528.25,489.2666666666667,0.0,0.0,35.73333333333329,0.06806349206349198,True,False,False
3935,1,0.999673891199875,0.08432859071554678,Cadman / Heidelberg Materials,Port of Portland Plant,OR,Pacific Northwest Region,filler,300.0,500,28.0,standard_28,396.6666666666667,strict_group,19.0,261.5,240.8,135.16666666666669,0.3407563025210084,155.86666666666667,0.39294117647058824,True,True,True
2829,1,0.9996677257875034,0.08432859071554678,Cadman / Heidelberg Materials,Foster Road Plant,OR,Pacific Northwest Region,filler,100.0,0,28.0,standard_28,919.0,strict_group,40.0,589.5000000000001,437.05000000000007,329.4999999999999,0.35854189336235026,481.94999999999993,0.5244287268770402,True,True,True
2823,1,0.9996677257875034,0.08432859071554678,Cadman / Heidelberg Materials,Foster Road Plant,OR,Pacific Northwest Region,filler,300.0,500,28.0,standard_28,423.33333333333337,strict_group,19.0,261.5,240.8,161.83333333333337,0.3822834645669292,182.53333333333336,0.43118110236220475,True,True,True
46412,1,0.999664531841847,0.08432859071554678,United Companies,Telluride Plant,CO,Rocky Mountains Region,filler,100.0,0,28.0,standard_28,1120.0,strict_group,28.0,694.25,407.90000000000003,425.75,0.3801339285714286,712.0999999999999,0.6358035714285714,True,True,True
3395,1,0.999662181955406,0.08432859071554678,Cadman / Heidelberg Materials,Orchards Plant,WA,Pacific Northwest Region,filler,100.0,0,28.0,standard_28,954.0,strict_group,40.0,589.5000000000001,437.05000000000007,364.4999999999999,0.38207547169811307,516.9499999999999,0.5418763102725366,True,True,True
22032,1,0.9996475260661114,0.08432859071554678,Clayton Concrete,North Arlington NJ Plant,NJ,Eastern Region,other_or_unspecified,700.0,500,28.0,standard_28,417.14285714285717,strict_group,5.0,417.14285714285717,404.2857142857143,0.0,0.0,12.85714285714289,0.030821917808219253,True,False,False
41099,1,0.9996266196764352,0.08432859071554678,Pete Lien & Sons,Rapid City Ready Mix,SD,North Central Region,filler,200.0,0,28.0,standard_28,457.5,national_spec_group,101.0,570.0,476.0,0.0,0.0,0.0,0.0,True,False,False
40706,1,0.999626600904862,0.08432859071554678,New Enterprise Stone & Lime,"Gateway, NY Plant",NY,Eastern Region,filler,150.0,0,56.0,extended_56,986.6666666666667,regional_strength_group,12.0,534.75,492.90000000000003,451.91666666666674,0.4580236486486487,493.7666666666667,0.5004391891891892,True,True,True
40669,1,0.999626600904862,0.08432859071554678,New Enterprise Stone & Lime,"Barton Road, NY Plant",NY,Eastern Region,filler,150.0,0,56.0,extended_56,966.6666666666667,regional_strength_group,12.0,534.75,492.90000000000003,431.91666666666674,0.44681034482758625,473.7666666666667,0.49010344827586205,True,True,True
42877,1,0.9996117028846672,0.08432859071554678,Silver Strike Concrete,Silver Strike Sparks Plant,NV,Pacific Southwest Region,filler,500.0,500,28.0,standard_28,484.0,national_spec_group,26.0,258.75,239.0,225.25,0.46539256198347106,245.0,0.506198347107438,True,True,True
4003,1,0.9996023063577858,0.08432859071554678,Cadman / Heidelberg Materials,Port of Portland Plant,OR,Pacific Northwest Region,filler,100.0,0,28.0,standard_28,692.0,strict_group,40.0,589.5000000000001,437.05000000000007,102.49999999999989,0.14812138728323682,254.94999999999993,0.36842485549132936,True,True,False
3846,1,0.9995974120195666,0.08432859071554678,Cadman / Heidelberg Materials,Port of Portland Plant,OR,Pacific Northwest Region,other_or_unspecified,150.0,0,28.0,standard_28,1060.0,strict_group,6.0,328.625,253.0,731.375,0.6899764150943396,807.0,0.7613207547169811,True,True,True
33624,1,0.9995972136622516,0.08432859071554678,Knife River Corporation,Eugene (Oregon) Plant,OR,Pacific Northwest Region,filler,200.0,0,28.0,standard_28,955.0,strict_group,40.0,589.5000000000001,437.05000000000007,365.4999999999999,0.3827225130890051,517.9499999999999,0.5423560209424083,True,True,True
2561,1,0.999586445308346,0.08432859071554678,Cadman / Heidelberg Materials,Foster Road Plant,OR,Pacific Northwest Region,filler,200.0,0,28.0,standard_28,321.0,strict_group,40.0,589.5000000000001,437.05000000000007,0.0,0.0,0.0,0.0,True,False,False
41037,1,0.9995789974257776,0.08432859071554678,Pete Lien & Sons,Fort Pierre Ready Mix (Red's Transit Mix) Plant,SD,North Central Region,filler,200.0,0,28.0,standard_28,650.0,national_spec_group,101.0,570.0,476.0,80.0,0.12307692307692308,174.0,0.2676923076923077,True,True,False
3947,1,0.9995782494531804,0.08432859071554678,Cadman / Heidelberg Materials,Port of Portland Plant,OR,Pacific Northwest Region,filler,150.0,0,28.0,standard_28,637.3333333333334,strict_group,40.0,589.5000000000001,437.05000000000007,47.83333333333326,0.07505230125523,200.2833333333333,0.31425209205020915,True,False,False
41128,1,0.9995754510908492,0.08432859071554678,Pete Lien & Sons,Spearfish Ready Mix Plant,SD,North Central Region,filler,200.0,0,28.0,standard_28,540.0,national_spec_group,101.0,570.0,476.0,0.0,0.0,64.0,0.11851851851851852,True,False,False
41069,1,0.9995707325994052,0.08432859071554678,Pete Lien & Sons,Gillette Ready Mix (CCC),WY,Rocky Mountains Region,filler,200.0,0,28.0,standard_28,530.0,strict_group,28.0,694.25,407.90000000000003,0.0,0.0,122.09999999999997,0.23037735849056598,True,False,False
3300,1,0.9995624098811028,0.08432859071554678,Cadman / Heidelberg Materials,Orchards Plant,WA,Pacific Northwest Region,other_or_unspecified,150.0,0,28.0,standard_28,1120.0,strict_group,6.0,328.625,253.0,791.375,0.7065848214285714,867.0,0.7741071428571429,True,True,True
2737,1,0.9995615591070164,0.08432859071554678,Cadman / Heidelberg Materials,Foster Road Plant,OR,Pacific Northwest Region,other_or_unspecified,150.0,0,28.0,standard_28,1053.3333333333335,strict_group,6.0,328.625,253.0,724.7083333333335,0.6880142405063292,800.3333333333335,0.7598101265822785,True,True,True
3125,1,0.9995571838679174,0.08432859071554678,Cadman / Heidelberg Materials,Orchards Plant,WA,Pacific Northwest Region,filler,200.0,0,28.0,standard_28,368.5,strict_group,40.0,589.5000000000001,437.05000000000007,0.0,0.0,0.0,0.0,True,False,False
3802,1,0.9995552557270948,0.08432859071554678,Cadman / Heidelberg Materials,Port of Portland Plant,OR,Pacific Northwest Region,filler,300.0,500,28.0,standard_28,252.66666666666666,strict_group,19.0,261.5,240.8,0.0,0.0,11.866666666666646,0.04696569920844319,True,False,False
34725,1,0.99955137242866,0.08432859071554678,Milpitas Materials Co,Milpitas Plant,CA,Pacific Southwest Region,filler,300.0,500,28.0,standard_28,282.33333333333337,national_spec_group,26.0,258.75,239.0,23.58333333333337,0.08353010625737911,43.33333333333337,0.15348288075560815,True,False,False
31108,1,0.9995442430281198,0.08432859071554678,Graniterock,Monterey-Seaside Plant,CA,Pacific Southwest Region,other_or_unspecified,650.0,500,28.0,standard_28,515.3846153846154,national_spec_group,19.0,324.0,174.4,191.38461538461536,0.3713432835820895,340.9846153846154,0.6616119402985075,True,True,True
43771,1,0.9995360060609828,0.08432859071554678,Smyrna Ready Mix,SCGA Mobile Plant,SC,Southeastern Region,filler,100.0,0,28.0,standard_28,575.0,strict_group,12.0,700.1666666666666,581.5666666666667,0.0,0.0,0.0,0.0,True,False,False
2835,1,0.9995340022993874,0.08432859071554678,Cadman / Heidelberg Materials,Foster Road Plant,OR,Pacific Northwest Region,filler,150.0,0,28.0,standard_28,596.0000000000001,strict_group,40.0,589.5000000000001,437.05000000000007,6.5,0.010906040268456374,158.95000000000005,0.26669463087248324,True,False,False
3948,1,0.9995309604902738,0.08432859071554678,Cadman / Heidelberg Materials,Port of Portland Plant,OR,Pacific Northwest Region,filler,150.0,0,28.0,standard_28,568.6666666666666,strict_group,40.0,589.5000000000001,437.05000000000007,0.0,0.0,131.61666666666656,0.2314478311840561,True,False,False
3672,1,0.9995302843846467,0.08432859071554678,Cadman / Heidelberg Materials,Port of Portland Plant,OR,Pacific Northwest Region,filler,200.0,0,28.0,standard_28,326.49999999999994,strict_group,40.0,589.5000000000001,437.05000000000007,0.0,0.0,0.0,0.0,True,False,False
33460,0,0.9995293945170056,0.08432859071554678,Knife River Corporation,Boise (Idaho) Plant,ID,Pacific Northwest Region,filler,800.0,1000,28.0,standard_28,99.875,national_spec_group,15.0,102.4375,81.18499999999999,0.0,0.0,18.690000000000012,0.18713391739674606,True,False,False
2694,1,0.9995283164831696,0.08432859071554678,Cadman / Heidelberg Materials,Foster Road Plant,OR,Pacific Northwest Region,filler,300.0,500,28.0,standard_28,267.0,strict_group,19.0,261.5,240.8,5.5,0.020599250936329586,26.19999999999999,0.09812734082397,True,False,False
46173,1,0.9995276971676004,0.08432859071554678,United Companies,Gunnison Plant,CO,Rocky Mountains Region,filler,100.0,0,28.0,standard_28,905.0,strict_group,28.0,694.25,407.90000000000003,210.75,0.23287292817679558,497.09999999999997,0.5492817679558011,True,True,True
43531,1,0.9995272302415364,0.08432859071554678,Smyrna Ready Mix,Quivas Plant,CO,Rocky Mountains Region,filler,100.0,0,28.0,standard_28,815.9999999999999,strict_group,28.0,694.25,407.90000000000003,121.74999999999989,0.1492034313725489,408.09999999999985,0.5001225490196077,True,True,False
43530,1,0.9995272302415364,0.08432859071554678,Smyrna Ready Mix,Quivas Plant,CO,Rocky Mountains Region,filler,100.0,0,28.0,standard_28,815.9999999999999,strict_group,28.0,694.25,407.90000000000003,121.74999999999989,0.1492034313725489,408.09999999999985,0.5001225490196077,True,True,False
3401,1,0.9995262284139336,0.08432859071554678,Cadman / Heidelberg Materials,Orchards Plant,WA,Pacific Northwest Region,filler,150.0,0,28.0,standard_28,634.0,strict_group,40.0,589.5000000000001,437.05000000000007,44.499999999999886,0.07018927444794935,196.94999999999993,0.31064668769716075,True,False,False
3257,1,0.9995204477910732,0.08432859071554678,Cadman / Heidelberg Materials,Orchards Plant,WA,Pacific Northwest Region,filler,300.0,500,28.0,standard_28,289.0,strict_group,19.0,261.5,240.8,27.5,0.09515570934256055,48.19999999999999,0.1667820069204152,True,False,False
2834,1,0.9995004666656278,0.08432859071554678,Cadman / Heidelberg Materials,Foster Road Plant,OR,Pacific Northwest Region,filler,150.0,0,28.0,standard_28,662.6666666666667,strict_group,40.0,589.5000000000001,437.05000000000007,73.16666666666663,0.1104124748490945,225.61666666666667,0.34046780684104627,True,True,False
44889,1,0.9994983949959372,0.08432859071554678,Titan Virginia Ready-Mix,Campostella Plant,VA,Eastern Region,filler,100.0,0,28.0,standard_28,785.0,strict_group,10.0,528.25,489.2666666666667,256.75,0.3270700636942675,295.7333333333333,0.37673036093418255,True,True,True
14239,1,0.9994973089402608,0.08432859071554678,CEMEX,Santa Clara Plant,CA,Pacific Southwest Region,other_or_unspecified,100.0,0,28.0,standard_28,655.9999999999999,national_spec_group,10.0,473.625,267.1333333333333,182.3749999999999,0.2780106707317072,388.86666666666656,0.5927845528455284,True,True,True
3400,1,0.9994921336149428,0.08432859071554678,Cadman / Heidelberg Materials,Orchards Plant,WA,Pacific Northwest Region,filler,150.0,0,28.0,standard_28,700.0,strict_group,40.0,589.5000000000001,437.05000000000007,110.49999999999989,0.1578571428571427,262.94999999999993,0.37564285714285706,True,True,False
15507,1,0.9994720606809138,0.08432859071554678,CEMEX,Tyrone Plant,GA,Southeastern Region,filler,150.0,0,28.0,standard_28,720.0,strict_group,12.0,700.1666666666666,581.5666666666667,19.83333333333337,0.02754629629629635,138.43333333333328,0.19226851851851845,True,False,False
2191,1,0.9994683881217258,0.08432859071554678,Boston Sand & Gravel,Southeastern Concrete Plant,MA,Eastern Region,filler,300.0,500,28.0,standard_28,287.6666666666667,national_spec_group,26.0,258.75,239.0,28.916666666666686,0.100521436848204,48.666666666666686,0.1691772885283894,True,True,False
42586,1,0.9993905597595552,0.08432859071554678,Salmon Bay Sand & Gravel,Salmon Bay Sand and Gravel,WA,Pacific Northwest Region,other_or_unspecified,80.0,0,28.0,standard_28,502.5,strict_group,6.0,328.625,253.0,173.875,0.3460199004975124,249.5,0.49651741293532337,True,True,True
43866,1,0.9993781082634058,0.08432859071554678,Smyrna Ready Mix,Nashville Plant,TN,Southeastern Region,filler,100.0,0,28.0,standard_28,1270.0,strict_group,12.0,700.1666666666666,581.5666666666667,569.8333333333334,0.4486876640419948,688.4333333333333,0.5420734908136483,True,True,True
40955,1,0.9992857366589372,0.08432859071554678,Peak Ready Mix,Silverthorne (MCR) Plant,CO,Rocky Mountains Region,filler,100.0,0,28.0,standard_28,562.0,strict_group,28.0,694.25,407.90000000000003,0.0,0.0,154.09999999999997,0.2741992882562277,True,False,False
2069,1,0.9992812986002712,0.08432859071554678,Boston Sand & Gravel,Boston Sand & Gravel,MA,Eastern Region,filler,300.0,500,28.0,standard_28,152.66666666666666,national_spec_group,26.0,258.75,239.0,0.0,0.0,0.0,0.0,True,False,False
22010,1,0.999259680067085,0.08432859071554678,Clayton Concrete,North Arlington NJ Plant,NJ,Eastern Region,other_or_unspecified,2000.0,2000,1.0,early,274.5,regional_strength_group,12.0,126.75,96.0,147.75,0.5382513661202186,178.5,0.6502732240437158,True,True,True
46501,1,0.9992108519702566,0.08432859071554678,US Concrete Mix / Smyrna Ready Mix,BRONX Plant,NY,Eastern Region,filler,500.0,500,28.0,standard_28,326.0,national_spec_group,26.0,258.75,239.0,67.25,0.2062883435582822,87.0,0.2668711656441718,True,True,True
42623,1,0.9991707726946492,0.08432859071554678,Salmon Bay Sand & Gravel,Salmon Bay Sand and Gravel,WA,Pacific Northwest Region,other_or_unspecified,150.0,0,28.0,standard_28,270.6666666666667,strict_group,6.0,328.625,253.0,0.0,0.0,17.666666666666686,0.06527093596059119,True,False,False
46322,1,0.9991467819565588,0.08432859071554678,United Companies,Rifle Plant,CO,Rocky Mountains Region,filler,60.0,0,28.0,standard_28,738.3333333333333,strict_group,28.0,694.25,407.90000000000003,44.08333333333326,0.059706546275394935,330.4333333333332,0.4475395033860044,True,False,False
30897,1,0.999080403540494,0.08432859071554678,Gotham Ready Mix LLC,Bronx Plant,NY,Eastern Region,filler,1000.0,1000,28.0,standard_28,270.0,national_spec_group,15.0,102.4375,81.18499999999999,167.5625,0.6206018518518519,188.815,0.6993148148148148,True,True,True
2729,1,0.9990401961768554,0.08432859071554678,Cadman / Heidelberg Materials,Foster Road Plant,OR,Pacific Northwest Region,filler,500.0,500,28.0,standard_28,404.0,strict_group,19.0,261.5,240.8,142.5,0.3527227722772277,163.2,0.40396039603960393,True,True,True
15195,1,0.999015444350717,0.08432859071554678,CEMEX,Temecula Plant,CA,Pacific Southwest Region,paving,570.0,500,28.0,standard_28,645.6140350877193,regional_strength_group,7.0,499.6923076923077,403.33333333333337,145.92172739541166,0.2260200668896322,242.28070175438597,0.37527173913043477,True,True,True
46384,1,0.9989473322109136,0.08432859071554678,United Companies,Steamboat Plant,CO,Rocky Mountains Region,filler,100.0,0,28.0,standard_28,1010.0,strict_group,28.0,694.25,407.90000000000003,315.75,0.3126237623762376,602.0999999999999,0.596138613861386,True,True,True
22097,1,0.9988033425323172,0.08432859071554678,Conewago Manufacturing,Conewago Manufacturing Plant,PA,Eastern Region,filler,800.0,1000,28.0,standard_28,291.25,national_spec_group,15.0,102.4375,81.18499999999999,188.8125,0.6482832618025751,210.065,0.7212532188841202,True,True,True
33756,0,0.9986579321051798,0.08432859071554678,Knife River Corporation,Nampa (Idaho) Plant,ID,Pacific Northwest Region,filler,800.0,1000,28.0,standard_28,77.625,national_spec_group,15.0,102.4375,81.18499999999999,0.0,0.0,0.0,0.0,True,False,False
15463,0,0.9985516097016224,0.08432859071554678,CEMEX,Tuscumbia (Dual) Plant,AL,Southeastern Region,filler,1000.0,1000,28.0,standard_28,105.0,strict_group,7.0,105.0,95.96000000000001,0.0,0.0,9.039999999999992,0.08609523809523802,True,False,False
22098,1,0.998517687994446,0.08432859071554678,Conewago Manufacturing,Conewago Manufacturing Plant,PA,Eastern Region,filler,800.0,1000,28.0,standard_28,275.0,national_spec_group,15.0,102.4375,81.18499999999999,172.5625,0.6275,193.815,0.7047818181818182,True,True,True
40708,1,0.9984467126263438,0.08432859071554678,New Enterprise Stone & Lime,"Gateway, NY Plant",NY,Eastern Region,filler,500.0,500,56.0,extended_56,410.0,regional_strength_group,13.0,395.7142857142857,295.33333333333337,14.285714285714278,0.03484320557491287,114.66666666666663,0.2796747967479674,True,False,False
40671,1,0.9984467126263438,0.08432859071554678,New Enterprise Stone & Lime,"Barton Road, NY Plant",NY,Eastern Region,filler,500.0,500,56.0,extended_56,404.0,regional_strength_group,13.0,395.7142857142857,295.33333333333337,8.285714285714278,0.02050919377652049,108.66666666666663,0.2689768976897689,True,False,False
42249,0,0.9984079561509872,0.08432859071554678,Robertson's Ready Mix,Anaheim Plant,CA,Pacific Southwest Region,filler,2000.0,2000,28.0,standard_28,112.0,strict_group,5.0,156.0,129.6,0.0,0.0,0.0,0.0,True,False,False
16256,1,0.9982322869552558,0.08432859071554678,CEMEX,Yuma Plant,AZ,Pacific Southwest Region,filler,2000.0,2000,28.0,standard_28,172.0,strict_group,5.0,156.0,129.6,16.0,0.09302325581395349,42.400000000000006,0.24651162790697678,True,False,False
3291,1,0.9981747128512516,0.08432859071554678,Cadman / Heidelberg Materials,Orchards Plant,WA,Pacific Northwest Region,filler,500.0,500,28.0,standard_28,418.0,strict_group,19.0,261.5,240.8,156.5,0.37440191387559807,177.2,0.42392344497607654,True,True,True
15735,1,0.9981234990053018,0.08432859071554678,CEMEX,Walnut Plant,CA,Pacific Southwest Region,other_or_unspecified,570.0,500,28.0,standard_28,649.1228070175439,national_spec_group,19.0,324.0,174.4,325.1228070175439,0.5008648648648649,474.7228070175439,0.7313297297297298,True,True,True
5391,1,0.9981112182959504,0.08432859071554678,CEMEX,Athens Plant,AL,Southeastern Region,filler,1000.0,1000,28.0,standard_28,171.0,strict_group,7.0,105.0,95.96000000000001,66.0,0.38596491228070173,75.03999999999999,0.4388304093567251,True,True,True
33633,0,0.9980252650814878,0.08432859071554678,Knife River Corporation,Fruitland (Idaho) Plant,ID,Pacific Northwest Region,filler,800.0,1000,28.0,standard_28,80.37499999999999,national_spec_group,15.0,102.4375,81.18499999999999,0.0,0.0,0.0,0.0,True,False,False
3837,1,0.997935102184404,0.08432859071554678,Cadman / Heidelberg Materials,Port of Portland Plant,OR,Pacific Northwest Region,filler,500.0,500,28.0,standard_28,396.0,strict_group,19.0,261.5,240.8,134.5,0.33964646464646464,155.2,0.3919191919191919,True,True,True
45392,1,0.9978890846960016,0.08432859071554678,Titan Virginia Ready-Mix,Oceana Plant,VA,Eastern Region,other_or_unspecified,650.0,500,28.0,standard_28,549.2307692307692,strict_group,5.0,417.14285714285717,404.2857142857143,132.087912087912,0.24049619847939163,144.9450549450549,0.26390556222488987,True,True,True
42540,1,0.9978464168309196,0.08432859071554678,Robertson's Ready Mix,Rialto Plant,CA,Pacific Southwest Region,other_or_unspecified,2000.0,2000,28.0,standard_28,229.5,national_spec_group,44.0,106.75,96.6,122.75,0.5348583877995643,132.9,0.5790849673202615,True,True,True
10040,1,0.9977350270954076,0.08432859071554678,CEMEX,Milton Plant,FL,Southeastern Region,other_or_unspecified,650.0,500,28.0,standard_28,547.6923076923076,national_spec_group,19.0,324.0,174.4,223.69230769230762,0.40842696629213476,373.29230769230765,0.6815730337078652,True,True,True
5123,1,0.9977144701800214,0.08432859071554678,CEMEX,Andalusia Plant,AL,Southeastern Region,other_or_unspecified,500.0,500,28.0,standard_28,340.0,national_spec_group,19.0,324.0,174.4,16.0,0.047058823529411764,165.6,0.48705882352941177,True,False,False
2562,1,0.9976594198863245,0.08432859071554678,Cadman / Heidelberg Materials,Foster Road Plant,OR,Pacific Northwest Region,filler,500.0,500,28.0,standard_28,242.0,strict_group,19.0,261.5,240.8,0.0,0.0,1.1999999999999886,0.004958677685950366,True,False,False
2554,1,0.997628274003795,0.08432859071554678,Cadman / Heidelberg Materials,Foster Road Plant,OR,Pacific Northwest Region,other_or_unspecified,500.0,500,28.0,standard_28,168.8,strict_group,6.0,170.55,159.4,0.0,0.0,9.400000000000006,0.05568720379146922,True,False,False
42350,1,0.99759216358,0.08432859071554678,Robertson's Ready Mix,Gardena Plant,CA,Pacific Southwest Region,other_or_unspecified,3000.0,3000,28.0,standard_28,164.66666666666666,strict_group,89.0,92.0,80.53333333333333,72.66666666666666,0.4412955465587044,84.13333333333333,0.5109311740890689,True,True,True
3118,1,0.9975660578225533,0.08432859071554678,Cadman / Heidelberg Materials,Orchards Plant,WA,Pacific Northwest Region,other_or_unspecified,500.0,500,28.0,standard_28,175.8,strict_group,6.0,170.55,159.4,5.25,0.02986348122866894,16.400000000000006,0.093287827076223,True,False,False
11547,1,0.9975133619166472,0.08432859071554678,CEMEX,Oldsmar Plant,FL,Southeastern Region,other_or_unspecified,3000.0,3000,28.0,standard_28,198.0,strict_group,701.0,91.66666666666667,82.66666666666667,106.33333333333333,0.537037037037037,115.33333333333333,0.5824915824915825,True,True,True
9138,1,0.9975107979775546,0.08432859071554678,CEMEX,Lake Wales Plant,FL,Southeastern Region,other_or_unspecified,3000.0,3000,28.0,standard_28,207.0,strict_group,701.0,91.66666666666667,82.66666666666667,115.33333333333333,0.5571658615136876,124.33333333333333,0.6006441223832528,True,True,True
21681,1,0.9974144207012572,0.08432859071554678,Central Pre-Mix (CPM),Sullivan Plant ,WA,Pacific Northwest Region,other_or_unspecified,1000.0,1000,28.0,standard_28,167.0,strict_group,8.0,156.25,152.2,10.75,0.06437125748502993,14.800000000000011,0.08862275449101803,True,False,False
3126,1,0.9974008352975744,0.08432859071554678,Cadman / Heidelberg Materials,Orchards Plant,WA,Pacific Northwest Region,filler,500.0,500,28.0,standard_28,256.0,strict_group,19.0,261.5,240.8,0.0,0.0,15.199999999999989,0.059374999999999956,True,False,False
4832,1,0.9973741741860304,0.08432859071554678,CEMEX,56th Street Plant,FL,Southeastern Region,other_or_unspecified,3000.0,3000,28.0,standard_28,177.66666666666666,strict_group,701.0,91.66666666666667,82.66666666666667,85.99999999999999,0.4840525328330206,94.99999999999999,0.5347091932457786,True,True,True
30728,1,0.9973329162532372,0.08432859071554678,Four Winds Concrete Inc.,Bethlehem Plant,PA,Eastern Region,other_or_unspecified,1000.0,1000,28.0,standard_28,254.0,national_spec_group,11.0,162.0,154.0,92.0,0.36220472440944884,100.0,0.3937007874015748,True,True,True
15466,0,0.9973020819546002,0.08432859071554678,CEMEX,Tuscumbia (Dual) Plant,AL,Southeastern Region,filler,1000.0,1000,28.0,standard_28,105.0,strict_group,7.0,105.0,95.96000000000001,0.0,0.0,9.039999999999992,0.08609523809523802,True,False,False
42560,1,0.9972608058335176,0.08432859071554678,Robertson's Ready Mix,Vernon Plant,CA,Pacific Southwest Region,other_or_unspecified,3000.0,3000,28.0,standard_28,165.0,strict_group,89.0,92.0,80.53333333333333,73.0,0.44242424242424244,84.46666666666667,0.5119191919191919,True,True,True
16284,1,0.9971383083585028,0.08432859071554678,CEMEX,Zephyrhills Plant,FL,Southeastern Region,other_or_unspecified,3000.0,3000,28.0,standard_28,196.0,strict_group,701.0,91.66666666666667,82.66666666666667,104.33333333333333,0.532312925170068,113.33333333333333,0.5782312925170068,True,True,True
9902,1,0.9970849720315996,0.08432859071554678,CEMEX,McIntosh Plant,FL,Southeastern Region,other_or_unspecified,3000.0,3000,28.0,standard_28,198.66666666666666,strict_group,701.0,91.66666666666667,82.66666666666667,106.99999999999999,0.5385906040268456,115.99999999999999,0.5838926174496644,True,True,True
3673,1,0.9970745342013628,0.08432859071554678,Cadman / Heidelberg Materials,Port of Portland Plant,OR,Pacific Northwest Region,filler,500.0,500,28.0,standard_28,236.0,strict_group,19.0,261.5,240.8,0.0,0.0,0.0,0.0,True,False,False
42340,1,0.997057159618386,0.08432859071554678,Robertson's Ready Mix,Gardena Plant,CA,Pacific Southwest Region,other_or_unspecified,3000.0,3000,28.0,standard_28,164.0,strict_group,89.0,92.0,80.53333333333333,72.0,0.43902439024390244,83.46666666666667,0.5089430894308943,True,True,True
5423,1,0.9970566077617864,0.08432859071554678,CEMEX,Athens Plant,AL,Southeastern Region,other_or_unspecified,3000.0,3000,28.0,standard_28,185.66666666666666,strict_group,701.0,91.66666666666667,82.66666666666667,93.99999999999999,0.5062836624775583,102.99999999999999,0.5547576301615799,True,True,True
2695,1,0.9967970077075988,0.08432859071554678,Cadman / Heidelberg Materials,Foster Road Plant,OR,Pacific Northwest Region,other_or_unspecified,1000.0,1000,28.0,standard_28,284.0,strict_group,8.0,156.25,152.2,127.75,0.4498239436619718,131.8,0.46408450704225357,True,True,True
44899,1,0.996706697948842,0.08432859071554678,Titan Virginia Ready-Mix,Campostella Plant,VA,Eastern Region,other_or_unspecified,650.0,500,28.0,standard_28,498.46153846153845,strict_group,5.0,417.14285714285717,404.2857142857143,81.31868131868129,0.1631393298059964,94.17582417582418,0.18893298059964728,True,True,False
45416,1,0.996706697948842,0.08432859071554678,Titan Virginia Ready-Mix,Port Norfolk Plant,VA,Eastern Region,other_or_unspecified,650.0,500,28.0,standard_28,504.6153846153846,strict_group,5.0,417.14285714285717,404.2857142857143,87.47252747252742,0.17334494773519155,100.32967032967031,0.19882404181184665,True,True,False
21680,1,0.9966250840729376,0.08432859071554678,Central Pre-Mix (CPM),Sullivan Plant ,WA,Pacific Northwest Region,other_or_unspecified,1000.0,1000,28.0,standard_28,167.0,strict_group,8.0,156.25,152.2,10.75,0.06437125748502993,14.800000000000011,0.08862275449101803,True,False,False
46409,1,0.9966159338861168,0.08432859071554678,United Companies,Steamboat Plant,CO,Rocky Mountains Region,filler,1000.0,1000,28.0,standard_28,317.0,national_spec_group,15.0,102.4375,81.18499999999999,214.5625,0.6768533123028391,235.815,0.7438958990536277,True,True,True
4831,1,0.9963286962320576,0.08432859071554678,CEMEX,56th Street Plant,FL,Southeastern Region,other_or_unspecified,3000.0,3000,28.0,standard_28,203.66666666666666,strict_group,701.0,91.66666666666667,82.66666666666667,111.99999999999999,0.5499181669394435,120.99999999999999,0.5941080196399345,True,True,True
4577,1,0.9963178508548316,0.08432859071554678,Cape Cod Ready Mix,Carver Plant,MA,Eastern Region,other_or_unspecified,4000.0,4000,28.0,standard_28,136.75,strict_group,636.0,74.75,60.75,62.0,0.453382084095064,76.0,0.5557586837294333,True,True,True
42246,0,0.9962938660337712,0.08432859071554678,Robertson's Ready Mix,Anaheim Plant,CA,Pacific Southwest Region,other_or_unspecified,3000.0,3000,28.0,standard_28,61.0,strict_group,89.0,92.0,80.53333333333333,0.0,0.0,0.0,0.0,True,False,False
15743,1,0.9961102963477144,0.08432859071554678,CEMEX,Waters Avenue Plant,FL,Southeastern Region,other_or_unspecified,3000.0,3000,28.0,standard_28,180.33333333333334,strict_group,701.0,91.66666666666667,82.66666666666667,88.66666666666667,0.49168207024029575,97.66666666666667,0.5415896487985212,True,True,True
11478,1,0.9960639637813178,0.08432859071554678,CEMEX,Odessa Plant,FL,Southeastern Region,other_or_unspecified,3000.0,3000,28.0,standard_28,204.66666666666666,strict_group,701.0,91.66666666666667,82.66666666666667,112.99999999999999,0.5521172638436481,121.99999999999999,0.5960912052117263,True,True,True
21683,1,0.9960638007852188,0.08432859071554678,Central Pre-Mix (CPM),Sullivan Plant ,WA,Pacific Northwest Region,filler,1000.0,1000,28.0,standard_28,127.0,national_spec_group,15.0,102.4375,81.18499999999999,24.5625,0.1934055118110236,45.81500000000001,0.3607480314960631,True,True,False
42534,1,0.9960502846314028,0.08432859071554678,Robertson's Ready Mix,Rialto Plant,CA,Pacific Southwest Region,other_or_unspecified,3000.0,3000,28.0,standard_28,166.66666666666666,strict_group,89.0,92.0,80.53333333333333,74.66666666666666,0.44799999999999995,86.13333333333333,0.5168,True,True,True
43772,1,0.9960080165871356,0.08432859071554678,Smyrna Ready Mix,SCGA Mobile Plant,SC,Southeastern Region,filler,1000.0,1000,28.0,standard_28,335.0,strict_group,7.0,105.0,95.96000000000001,230.0,0.6865671641791045,239.04,0.7135522388059701,True,True,True
5507,1,0.9959881587066846,0.08432859071554678,CEMEX,Auburn (Portable) Plant,AL,Southeastern Region,other_or_unspecified,650.0,500,28.0,standard_28,476.9230769230769,national_spec_group,19.0,324.0,174.4,152.9230769230769,0.32064516129032256,302.5230769230769,0.6343225806451613,True,True,True
12047,1,0.9959005730250844,0.08432859071554678,CEMEX,Pembroke Pines Plant,FL,Southeastern Region,other_or_unspecified,3000.0,3000,28.0,standard_28,173.33333333333334,strict_group,701.0,91.66666666666667,82.66666666666667,81.66666666666667,0.47115384615384615,90.66666666666667,0.5230769230769231,True,True,True
12010,1,0.9955439600373356,0.08432859071554678,CEMEX,Panama City Beach - #2 Plant,FL,Southeastern Region,filler,1000.0,1000,28.0,standard_28,245.0,strict_group,7.0,105.0,95.96000000000001,140.0,0.5714285714285714,149.04,0.6083265306122448,True,True,True
3665,1,0.9952950150363132,0.08432859071554678,Cadman / Heidelberg Materials,Port of Portland Plant,OR,Pacific Northwest Region,other_or_unspecified,500.0,500,28.0,standard_28,150.0,strict_group,6.0,170.55,159.4,0.0,0.0,0.0,0.0,True,False,False
42245,0,0.9952617424101852,0.08432859071554678,Robertson's Ready Mix,Anaheim Plant,CA,Pacific Southwest Region,other_or_unspecified,3000.0,3000,28.0,standard_28,73.66666666666667,strict_group,89.0,92.0,80.53333333333333,0.0,0.0,0.0,0.0,True,False,False
42241,0,0.9952617424101852,0.08432859071554678,Robertson's Ready Mix,Anaheim Plant,CA,Pacific Southwest Region,other_or_unspecified,3000.0,3000,28.0,standard_28,64.0,strict_group,89.0,92.0,80.53333333333333,0.0,0.0,0.0,0.0,True,False,False
5781,1,0.9952611187469136,0.08432859071554678,CEMEX,Bessemer - CEMCO #7 Plant,AL,Southeastern Region,other_or_unspecified,1000.0,1000,28.0,standard_28,265.0,national_spec_group,11.0,162.0,154.0,103.0,0.3886792452830189,111.0,0.4188679245283019,True,True,True
43036,1,0.995207579667414,0.08432859071554678,Silvi Materials,Limerick Plant,PA,Eastern Region,other_or_unspecified,3000.0,3000,28.0,standard_28,181.33333333333334,strict_group,295.0,91.33333333333333,79.06666666666668,90.00000000000001,0.4963235294117648,102.26666666666667,0.5639705882352941,True,True,True
5147,1,0.995064225076108,0.08432859071554678,CEMEX,Andalusia Plant,AL,Southeastern Region,filler,2000.0,2000,28.0,standard_28,246.5,national_spec_group,17.0,134.5,118.6,112.0,0.4543610547667343,127.9,0.5188640973630831,True,True,True
12025,1,0.9950303896706356,0.08432859071554678,CEMEX,Panama City Beach - #2 Plant,FL,Southeastern Region,other_or_unspecified,650.0,500,28.0,standard_28,487.6923076923077,national_spec_group,19.0,324.0,174.4,163.69230769230768,0.3356466876971609,313.29230769230765,0.6423974763406939,True,True,True
7551,1,0.9945039001540116,0.08432859071554678,CEMEX,East Plant/East Naples/East Trail Plant,FL,Southeastern Region,other_or_unspecified,3000.0,3000,28.0,standard_28,173.33333333333334,strict_group,701.0,91.66666666666667,82.66666666666667,81.66666666666667,0.47115384615384615,90.66666666666667,0.5230769230769231,True,True,True
15149,1,0.994485345577653,0.08432859071554678,CEMEX,Sweetwater Plant,FL,Southeastern Region,other_or_unspecified,3000.0,3000,28.0,standard_28,166.33333333333334,strict_group,701.0,91.66666666666667,82.66666666666667,74.66666666666667,0.44889779559118237,83.66666666666667,0.503006012024048,True,True,True
3803,1,0.99440668622104,0.08432859071554678,Cadman / Heidelberg Materials,Port of Portland Plant,OR,Pacific Northwest Region,other_or_unspecified,1000.0,1000,28.0,standard_28,285.0,strict_group,8.0,156.25,152.2,128.75,0.4517543859649123,132.8,0.4659649122807018,True,True,True
42568,1,0.9939055489640496,0.08432859071554678,Robertson's Ready Mix,Vernon Plant,CA,Pacific Southwest Region,other_or_unspecified,3000.0,3000,28.0,standard_28,150.66666666666666,strict_group,89.0,92.0,80.53333333333333,58.66666666666666,0.38938053097345127,70.13333333333333,0.4654867256637168,True,True,True
13487,0,0.9938944979309318,0.08432859071554678,CEMEX,Russellville Plant,AL,Southeastern Region,filler,1000.0,1000,28.0,standard_28,82.4,strict_group,7.0,105.0,95.96000000000001,0.0,0.0,0.0,0.0,True,False,False
42524,1,0.9937656371632468,0.08432859071554678,Robertson's Ready Mix,Rialto Plant,CA,Pacific Southwest Region,other_or_unspecified,3000.0,3000,28.0,standard_28,166.0,strict_group,89.0,92.0,80.53333333333333,74.0,0.4457831325301205,85.46666666666667,0.5148594377510041,True,True,True
13019,1,0.9937128761727824,0.08432859071554678,CEMEX,Plant City RK Plant,FL,Southeastern Region,other_or_unspecified,3000.0,3000,28.0,standard_28,206.0,strict_group,701.0,91.66666666666667,82.66666666666667,114.33333333333333,0.5550161812297735,123.33333333333333,0.598705501618123,True,True,True
4648,1,0.9934077276822364,0.08432859071554678,Cape Cod Ready Mix,Orleans Plant,MA,Eastern Region,other_or_unspecified,1500.0,1500,28.0,standard_28,174.0,strict_group,6.0,164.0,160.33333333333334,10.0,0.05747126436781609,13.666666666666657,0.07854406130268193,True,False,False
42567,1,0.9931070124480345,0.08432859071554678,Robertson's Ready Mix,Vernon Plant,CA,Pacific Southwest Region,other_or_unspecified,3000.0,3000,28.0,standard_28,165.66666666666666,strict_group,89.0,92.0,80.53333333333333,73.66666666666666,0.4446680080482897,85.13333333333333,0.5138832997987928,True,True,True
42351,1,0.9928366746925232,0.08432859071554678,Robertson's Ready Mix,Gardena Plant,CA,Pacific Southwest Region,other_or_unspecified,3000.0,3000,28.0,standard_28,149.66666666666666,strict_group,89.0,92.0,80.53333333333333,57.66666666666666,0.38530066815144765,69.13333333333333,0.4619153674832962,True,True,True
6377,1,0.992805736898668,0.08432859071554678,CEMEX,Clermont RK Plant,FL,Southeastern Region,other_or_unspecified,3000.0,3000,28.0,standard_28,176.0,strict_group,701.0,91.66666666666667,82.66666666666667,84.33333333333333,0.47916666666666663,93.33333333333333,0.5303030303030303,True,True,True
42535,1,0.9927195822021035,0.08432859071554678,Robertson's Ready Mix,Rialto Plant,CA,Pacific Southwest Region,other_or_unspecified,3000.0,3000,28.0,standard_28,151.66666666666666,strict_group,89.0,92.0,80.53333333333333,59.66666666666666,0.39340659340659334,71.13333333333333,0.469010989010989,True,True,True
9903,1,0.9926507879843208,0.08432859071554678,CEMEX,McIntosh Plant,FL,Southeastern Region,other_or_unspecified,4000.0,4000,28.0,standard_28,151.25,strict_group,440.0,77.6875,69.75,73.5625,0.4863636363636364,81.5,0.5388429752066116,True,True,True
12065,1,0.9924967998177696,0.08432859071554678,CEMEX,Pembroke Pines Plant,FL,Southeastern Region,other_or_unspecified,3000.0,3000,28.0,standard_28,127.66666666666667,strict_group,701.0,91.66666666666667,82.66666666666667,36.0,0.2819843342036553,45.0,0.3524804177545692,True,True,True
9227,1,0.992474232217852,0.08432859071554678,CEMEX,Largo II Plant,FL,Southeastern Region,other_or_unspecified,3000.0,3000,28.0,standard_28,191.33333333333334,strict_group,701.0,91.66666666666667,82.66666666666667,99.66666666666667,0.5209059233449478,108.66666666666667,0.5679442508710801,True,True,True
43239,1,0.992368630581652,0.08432859071554678,Silvi Materials,Philadelphia Plant,PA,Eastern Region,filler,3500.0,3500,28.0,standard_28,150.57142857142858,strict_group,21.0,108.28571428571429,99.14285714285714,42.28571428571429,0.28083491461100574,51.428571428571445,0.34155597722960157,True,True,True
30815,1,0.992206207954802,0.08432859071554678,Four Winds Concrete Inc.,Windgap Plant,PA,Eastern Region,other_or_unspecified,4000.0,4000,28.0,standard_28,151.5,strict_group,636.0,74.75,60.75,76.75,0.5066006600660066,90.75,0.599009900990099,True,True,True
45972,1,0.9921935839233672,0.08432859071554678,Titan Virginia Ready-Mix,Sterling RM (Plant 1),VA,Eastern Region,other_or_unspecified,3000.0,3000,28.0,standard_28,132.66666666666666,strict_group,295.0,91.33333333333333,79.06666666666668,41.33333333333333,0.3115577889447236,53.59999999999998,0.40402010050251247,True,True,True
13525,1,0.992101548454826,0.08432859071554678,CEMEX,Russellville Plant,AL,Southeastern Region,filler,1500.0,1500,28.0,standard_28,139.33333333333334,none,,,,,,,,False,False,False
2843,1,0.991784857513456,0.08432859071554678,Cadman / Heidelberg Materials,Foster Road Plant,OR,Pacific Northwest Region,other_or_unspecified,1000.0,1000,28.0,standard_28,157.0,strict_group,8.0,156.25,152.2,0.75,0.004777070063694267,4.800000000000011,0.030573248407643385,True,False,False
5536,1,0.9917286061503884,0.08432859071554678,CEMEX,Auburndale Plant,FL,Southeastern Region,other_or_unspecified,3000.0,3000,28.0,standard_28,206.0,strict_group,701.0,91.66666666666667,82.66666666666667,114.33333333333333,0.5550161812297735,123.33333333333333,0.598705501618123,True,True,True
42871,1,0.9916933431360684,0.08432859071554678,Silver Strike Concrete,Silver Strike Sparks Plant,NV,Pacific Southwest Region,filler,2000.0,2000,28.0,standard_28,181.5,strict_group,5.0,156.0,129.6,25.5,0.14049586776859505,51.900000000000006,0.2859504132231405,True,True,False
4685,1,0.9916833039715176,0.08432859071554678,Cape Cod Ready Mix,Sandwich Plant,MA,Eastern Region,other_or_unspecified,4000.0,4000,28.0,standard_28,135.75,strict_group,636.0,74.75,60.75,61.0,0.44935543278084716,75.0,0.5524861878453039,True,True,True
10019,1,0.9916313857053344,0.08432859071554678,CEMEX,Milton Plant,FL,Southeastern Region,filler,3000.0,3000,28.0,standard_28,156.0,strict_group,44.0,117.25,105.0,38.75,0.2483974358974359,51.0,0.3269230769230769,True,True,True
9307,1,0.9915830621039492,0.08432859071554678,CEMEX,Lecanto East Plant,FL,Southeastern Region,other_or_unspecified,3000.0,3000,28.0,standard_28,178.33333333333334,strict_group,701.0,91.66666666666667,82.66666666666667,86.66666666666667,0.48598130841121495,95.66666666666667,0.5364485981308411,True,True,True
9166,1,0.9915604878665784,0.08432859071554678,CEMEX,Lakeland RK Plant,FL,Southeastern Region,other_or_unspecified,3000.0,3000,28.0,standard_28,152.0,strict_group,701.0,91.66666666666667,82.66666666666667,60.33333333333333,0.39692982456140347,69.33333333333333,0.45614035087719296,True,True,True
4613,1,0.9908014485370504,0.08432859071554678,Cape Cod Ready Mix,Dennis Plant,MA,Eastern Region,other_or_unspecified,4000.0,4000,28.0,standard_28,134.25,strict_group,636.0,74.75,60.75,59.5,0.44320297951582865,73.5,0.547486033519553,True,True,True
11839,1,0.99074582835821,0.08432859071554678,CEMEX,Palmetto Plant,FL,Southeastern Region,other_or_unspecified,3000.0,3000,28.0,standard_28,207.0,strict_group,701.0,91.66666666666667,82.66666666666667,115.33333333333333,0.5571658615136876,124.33333333333333,0.6006441223832528,True,True,True
10037,1,0.9905635436312744,0.08432859071554678,CEMEX,Milton Plant,FL,Southeastern Region,filler,3000.0,3000,28.0,standard_28,167.66666666666666,strict_group,44.0,117.25,105.0,50.41666666666666,0.30069582504970177,62.66666666666666,0.3737574552683896,True,True,True
3835,1,0.990450844465666,0.08432859071554678,Cadman / Heidelberg Materials,Port of Portland Plant,OR,Pacific Northwest Region,paving,1000.0,1000,28.0,standard_28,191.0,strict_group,6.0,155.5,151.5,35.5,0.18586387434554974,39.5,0.20680628272251309,True,True,False
8275,1,0.9903556526717692,0.08432859071554678,CEMEX,Grissom Plant,TX,South Central Region,other_or_unspecified,1500.0,1500,28.0,standard_28,241.33333333333334,national_spec_group,13.0,112.0,51.666666666666664,129.33333333333334,0.5359116022099447,189.66666666666669,0.7859116022099448,True,True,True
2726,1,0.9903438957141412,0.08432859071554678,Cadman / Heidelberg Materials,Foster Road Plant,OR,Pacific Northwest Region,paving,1000.0,1000,28.0,standard_28,217.0,strict_group,6.0,155.5,151.5,61.5,0.2834101382488479,65.5,0.30184331797235026,True,True,True
10159,1,0.9903002094662984,0.08432859071554678,CEMEX,Mission Valley Plant,CA,Pacific Southwest Region,other_or_unspecified,4000.0,4000,28.0,standard_28,138.25,strict_group,111.0,78.25,69.0,60.0,0.43399638336347196,69.25,0.5009041591320073,True,True,True
16181,1,0.989957039861454,0.08432859071554678,CEMEX,Winter Park Plant,FL,Southeastern Region,other_or_unspecified,3000.0,3000,28.0,standard_28,144.66666666666666,strict_group,701.0,91.66666666666667,82.66666666666667,52.999999999999986,0.3663594470046082,61.999999999999986,0.4285714285714285,True,True,True
6490,1,0.9894843004242578,0.08432859071554678,CEMEX,Columbus - Smith Rd (Vulcan Quarry) Plant,GA,Southeastern Region,filler,3000.0,3000,28.0,standard_28,127.66666666666667,strict_group,44.0,117.25,105.0,10.416666666666671,0.0815926892950392,22.66666666666667,0.17754569190600525,True,False,False
6375,1,0.9888236859511444,0.08432859071554678,CEMEX,Clermont RK Plant,FL,Southeastern Region,other_or_unspecified,3000.0,3000,28.0,standard_28,151.0,strict_group,701.0,91.66666666666667,82.66666666666667,59.33333333333333,0.3929359823399558,68.33333333333333,0.45253863134657835,True,True,True
33335,1,0.988756408019608,0.08432859071554678,Ingram Ready Mix,Pearland #35 LLC Plant,TX,South Central Region,other_or_unspecified,3000.0,3000,28.0,standard_28,158.0,strict_group,51.0,78.5,68.66666666666667,79.5,0.5031645569620253,89.33333333333333,0.5654008438818565,True,True,True
43223,1,0.988619502729698,0.08432859071554678,Silvi Materials,Philadelphia Plant,PA,Eastern Region,filler,3000.0,3000,28.0,standard_28,164.33333333333334,strict_group,28.0,94.5,30.75,69.83333333333334,0.42494929006085197,133.58333333333334,0.8128803245436106,True,True,True
16173,1,0.9885659876504472,0.08432859071554678,CEMEX,Winfield Plant,AL,Southeastern Region,filler,900.0,1000,28.0,standard_28,170.0,strict_group,7.0,105.0,95.96000000000001,65.0,0.38235294117647056,74.03999999999999,0.43552941176470583,True,True,True
5945,1,0.9885525712858692,0.08432859071554678,CEMEX,Brooksville Plant,FL,Southeastern Region,other_or_unspecified,3000.0,3000,28.0,standard_28,165.0,strict_group,701.0,91.66666666666667,82.66666666666667,73.33333333333333,0.4444444444444444,82.33333333333333,0.498989898989899,True,True,True
42251,0,0.9883889315727552,0.08432859071554678,Robertson's Ready Mix,Anaheim Plant,CA,Pacific Southwest Region,other_or_unspecified,2500.0,2500,28.0,standard_28,100.8,strict_group,16.0,102.5,100.8,0.0,0.0,0.0,0.0,True,False,False
37815,1,0.9879635517961638,0.08432859071554678,National Ready Mix,Santa Clarita Plant,CA,Pacific Southwest Region,other_or_unspecified,2500.0,2500,28.0,standard_28,192.0,strict_group,16.0,102.5,100.8,89.5,0.4661458333333333,91.2,0.47500000000000003,True,True,True
4834,1,0.9879165229086442,0.08432859071554678,CEMEX,56th Street Plant,FL,Southeastern Region,other_or_unspecified,4000.0,4000,28.0,standard_28,134.75,strict_group,440.0,77.6875,69.75,57.0625,0.42346938775510207,65.0,0.48237476808905383,True,True,True
3957,1,0.9878331310537098,0.08432859071554678,Cadman / Heidelberg Materials,Port of Portland Plant,OR,Pacific Northwest Region,other_or_unspecified,1000.0,1000,28.0,standard_28,154.0,strict_group,8.0,156.25,152.2,0.0,0.0,1.8000000000000114,0.011688311688311762,True,False,False
4612,1,0.9878239554164652,0.08432859071554678,Cape Cod Ready Mix,Dennis Plant,MA,Eastern Region,other_or_unspecified,1500.0,1500,28.0,standard_28,166.0,strict_group,6.0,164.0,160.33333333333334,2.0,0.012048192771084338,5.666666666666657,0.0341365461847389,True,False,False
4684,1,0.9878239554164652,0.08432859071554678,Cape Cod Ready Mix,Sandwich Plant,MA,Eastern Region,other_or_unspecified,1500.0,1500,28.0,standard_28,157.33333333333334,strict_group,6.0,164.0,160.33333333333334,0.0,0.0,0.0,0.0,True,False,False
3410,1,0.9878044506045656,0.08432859071554678,Cadman / Heidelberg Materials,Orchards Plant,WA,Pacific Northwest Region,other_or_unspecified,1000.0,1000,28.0,standard_28,148.0,strict_group,8.0,156.25,152.2,0.0,0.0,0.0,0.0,True,False,False
42385,1,0.9877809067376232,0.08432859071554678,Robertson's Ready Mix,Mira Mar Plant,CA,Pacific Southwest Region,other_or_unspecified,3000.0,3000,28.0,standard_28,151.66666666666666,strict_group,89.0,92.0,80.53333333333333,59.66666666666666,0.39340659340659334,71.13333333333333,0.469010989010989,True,True,True
4865,1,0.9876972276714177,0.08432859071554678,CEMEX,56th Street Plant,FL,Southeastern Region,other_or_unspecified,3000.0,3000,28.0,standard_28,144.0,strict_group,701.0,91.66666666666667,82.66666666666667,52.33333333333333,0.3634259259259259,61.33333333333333,0.4259259259259259,True,True,True
33946,1,0.9876300186123078,0.08432859071554678,Knife River Corporation,Tumalo (Oregon) Plant,OR,Pacific Northwest Region,filler,2000.0,2000,28.0,standard_28,198.5,strict_group,7.0,130.5,125.1,68.0,0.3425692695214106,73.4,0.36977329974811085,True,True,True
3288,1,0.9873835243677852,0.08432859071554678,Cadman / Heidelberg Materials,Orchards Plant,WA,Pacific Northwest Region,paving,1000.0,1000,28.0,standard_28,227.0,strict_group,6.0,155.5,151.5,71.5,0.31497797356828194,75.5,0.33259911894273125,True,True,True
14910,1,0.9872728061594146,0.08432859071554678,CEMEX,St. Cloud Plant,FL,Southeastern Region,other_or_unspecified,3000.0,3000,28.0,standard_28,148.66666666666666,strict_group,701.0,91.66666666666667,82.66666666666667,56.999999999999986,0.38340807174887886,65.99999999999999,0.4439461883408071,True,True,True
4649,1,0.987216248601046,0.08432859071554678,Cape Cod Ready Mix,Orleans Plant,MA,Eastern Region,other_or_unspecified,4000.0,4000,28.0,standard_28,139.25,strict_group,636.0,74.75,60.75,64.5,0.4631956912028725,78.5,0.5637342908438061,True,True,True
9338,1,0.9866954695144674,0.08432859071554678,CEMEX,Leesburg RK Plant,FL,Southeastern Region,other_or_unspecified,3000.0,3000,28.0,standard_28,142.0,strict_group,701.0,91.66666666666667,82.66666666666667,50.33333333333333,0.35446009389671357,59.33333333333333,0.41784037558685444,True,True,True
34727,1,0.9863262666898894,0.08432859071554678,Milpitas Materials Co,Milpitas Plant,CA,Pacific Southwest Region,filler,1500.0,1500,28.0,standard_28,135.33333333333334,none,,,,,,,,False,False,False
9043,1,0.9862484425335128,0.08432859071554678,CEMEX,LaBelle 1 Plant,FL,Southeastern Region,other_or_unspecified,3000.0,3000,28.0,standard_28,162.0,strict_group,701.0,91.66666666666667,82.66666666666667,70.33333333333333,0.434156378600823,79.33333333333333,0.4897119341563786,True,True,True
3230,1,0.9860055520247594,0.08432859071554678,Cadman / Heidelberg Materials,Orchards Plant,WA,Pacific Northwest Region,paving,1000.0,1000,28.0,standard_28,148.0,strict_group,6.0,155.5,151.5,0.0,0.0,0.0,0.0,True,False,False
14912,1,0.9859546404243992,0.08432859071554678,CEMEX,St. Cloud Plant,FL,Southeastern Region,other_or_unspecified,3000.0,3000,28.0,standard_28,173.66666666666666,strict_group,701.0,91.66666666666667,82.66666666666667,81.99999999999999,0.4721689059500959,90.99999999999999,0.5239923224568138,True,True,True
7489,1,0.9858575874567892,0.08432859071554678,CEMEX,Downtown Miami Plant,FL,Southeastern Region,other_or_unspecified,3000.0,3000,28.0,standard_28,131.66666666666666,strict_group,701.0,91.66666666666667,82.66666666666667,39.999999999999986,0.3037974683544303,48.999999999999986,0.37215189873417714,True,True,True
11479,1,0.9856153026117428,0.08432859071554678,CEMEX,Odessa Plant,FL,Southeastern Region,other_or_unspecified,4000.0,4000,28.0,standard_28,154.75,strict_group,440.0,77.6875,69.75,77.0625,0.4979806138933764,85.0,0.5492730210016155,True,True,True
43241,1,0.9855700021151544,0.08432859071554678,Silvi Materials,Philadelphia Plant,PA,Eastern Region,filler,3500.0,3500,28.0,standard_28,154.0,strict_group,21.0,108.28571428571429,99.14285714285714,45.71428571428571,0.2968460111317254,54.85714285714286,0.35621521335807055,True,True,True
31918,1,0.985487570590137,0.08432859071554678,Graniterock,Santa Cruz Plant,CA,Pacific Southwest Region,other_or_unspecified,3000.0,3000,28.0,standard_28,185.33333333333334,strict_group,89.0,92.0,80.53333333333333,93.33333333333334,0.5035971223021583,104.80000000000001,0.5654676258992806,True,True,True
31734,1,0.985487570590137,0.08432859071554678,Graniterock,San Jose Plant,CA,Pacific Southwest Region,other_or_unspecified,3000.0,3000,28.0,standard_28,181.0,strict_group,89.0,92.0,80.53333333333333,89.0,0.49171270718232046,100.46666666666667,0.5550644567219153,True,True,True
11548,1,0.985276681296616,0.08432859071554678,CEMEX,Oldsmar Plant,FL,Southeastern Region,other_or_unspecified,4000.0,4000,28.0,standard_28,151.25,strict_group,440.0,77.6875,69.75,73.5625,0.4863636363636364,81.5,0.5388429752066116,True,True,True
2667,1,0.9851138403190058,0.08432859071554678,Cadman / Heidelberg Materials,Foster Road Plant,OR,Pacific Northwest Region,paving,1000.0,1000,28.0,standard_28,157.0,strict_group,6.0,155.5,151.5,1.5,0.009554140127388535,5.5,0.03503184713375796,True,False,False
9918,1,0.9845296937618626,0.08432859071554678,CEMEX,McIntosh Plant,FL,Southeastern Region,other_or_unspecified,3000.0,3000,28.0,standard_28,138.66666666666666,strict_group,701.0,91.66666666666667,82.66666666666667,46.999999999999986,0.3389423076923076,55.999999999999986,0.40384615384615374,True,True,True
15175,1,0.9845033581749144,0.08432859071554678,CEMEX,Sweetwater Plant,FL,Southeastern Region,other_or_unspecified,3000.0,3000,28.0,standard_28,124.66666666666667,strict_group,701.0,91.66666666666667,82.66666666666667,33.0,0.2647058823529412,42.0,0.33689839572192515,True,True,True
5754,1,0.9844208404335624,0.08432859071554678,CEMEX,Berth 150 Plant,FL,Southeastern Region,other_or_unspecified,4000.0,4000,28.0,standard_28,152.75,strict_group,440.0,77.6875,69.75,75.0625,0.49140752864157117,83.0,0.5433715220949263,True,True,True
11735,1,0.984038383012173,0.08432859071554678,CEMEX,Orlando (Atlanta Ave) Plant,FL,Southeastern Region,other_or_unspecified,3000.0,3000,28.0,standard_28,163.33333333333334,strict_group,701.0,91.66666666666667,82.66666666666667,71.66666666666667,0.4387755102040816,80.66666666666667,0.49387755102040815,True,True,True
4866,0,0.9840365553876868,0.08432859071554678,CEMEX,56th Street Plant,FL,Southeastern Region,other_or_unspecified,3000.0,3000,28.0,standard_28,119.0,strict_group,701.0,91.66666666666667,82.66666666666667,27.33333333333333,0.22969187675070024,36.33333333333333,0.3053221288515406,True,True,True
40720,1,0.983769170867886,0.08432859071554678,New Enterprise Stone & Lime,"Gateway, NY Plant",NY,Eastern Region,filler,1250.0,1000,56.0,extended_56,505.6,regional_strength_group,9.0,210.0,122.00000000000001,295.6,0.5846518987341772,383.6,0.7587025316455697,True,True,True
40683,1,0.983769170867886,0.08432859071554678,New Enterprise Stone & Lime,"Barton Road, NY Plant",NY,Eastern Region,filler,1250.0,1000,56.0,extended_56,504.8,regional_strength_group,9.0,210.0,122.00000000000001,294.8,0.5839936608557845,382.8,0.7583201267828843,True,True,True
32287,1,0.9836897102119811,0.08432859071554678,Holcim - Aggregate Industries,Everett Plant,MA,Eastern Region,other_or_unspecified,1000.0,1000,28.0,standard_28,210.0,national_spec_group,11.0,162.0,154.0,48.0,0.22857142857142856,56.0,0.26666666666666666,True,True,True
9168,1,0.982971578041607,0.08432859071554678,CEMEX,Lakeland RK Plant,FL,Southeastern Region,other_or_unspecified,3000.0,3000,28.0,standard_28,181.33333333333334,strict_group,701.0,91.66666666666667,82.66666666666667,89.66666666666667,0.4944852941176471,98.66666666666667,0.5441176470588235,True,True,True
2130,0,0.9825432609087948,0.08432859071554678,Boston Sand & Gravel,Boston Sand & Gravel,MA,Eastern Region,other_or_unspecified,2000.0,2000,28.0,standard_28,93.5,strict_group,11.0,124.0,93.5,0.0,0.0,0.0,0.0,True,False,False
42359,1,0.9825063790075724,0.08432859071554678,Robertson's Ready Mix,Gardena Plant,CA,Pacific Southwest Region,other_or_unspecified,2000.0,2000,28.0,standard_28,230.0,national_spec_group,44.0,106.75,96.6,123.25,0.5358695652173913,133.4,0.5800000000000001,True,True,True
7445,1,0.9823800644511098,0.08432859071554678,CEMEX,Downtown Miami Plant,FL,Southeastern Region,other_or_unspecified,3000.0,3000,28.0,standard_28,184.66666666666666,strict_group,701.0,91.66666666666667,82.66666666666667,92.99999999999999,0.503610108303249,101.99999999999999,0.5523465703971119,True,True,True
33503,1,0.9820407180942196,0.08432859071554678,Knife River Corporation,Boise (Idaho) Plant,ID,Pacific Northwest Region,other_or_unspecified,1500.0,1500,28.0,standard_28,176.66666666666666,national_spec_group,13.0,112.0,51.666666666666664,64.66666666666666,0.3660377358490566,125.0,0.7075471698113208,True,True,True
11607,1,0.981999957538248,0.08432859071554678,CEMEX,Orange City Plant,FL,Southeastern Region,other_or_unspecified,3000.0,3000,28.0,standard_28,140.33333333333334,strict_group,701.0,91.66666666666667,82.66666666666667,48.66666666666667,0.34679334916864607,57.66666666666667,0.41092636579572445,True,True,True
33874,1,0.981713133424193,0.08432859071554678,Knife River Corporation,Redmond (Oregon) Plant,OR,Pacific Northwest Region,filler,2000.0,2000,28.0,standard_28,197.0,strict_group,7.0,130.5,125.1,66.5,0.33756345177664976,71.9,0.3649746192893401,True,True,True
10658,1,0.9814051208603224,0.08432859071554678,CEMEX,New Tazewell Plant,TN,Southeastern Region,paving,3000.0,3000,1.0,early,150.66666666666666,regional_strength_group,823.0,92.16666666666666,84.0,58.5,0.38827433628318586,66.66666666666666,0.44247787610619466,True,True,True
6988,1,0.981374100860778,0.08432859071554678,CEMEX,Crestview Plant,FL,Southeastern Region,filler,3000.0,3000,28.0,standard_28,140.66666666666666,strict_group,44.0,117.25,105.0,23.416666666666657,0.16646919431279616,35.66666666666666,0.2535545023696682,True,True,False
13181,1,0.9811090891099328,0.08432859071554678,CEMEX,Port Charlotte Plant,FL,Southeastern Region,other_or_unspecified,3000.0,3000,28.0,standard_28,166.33333333333334,strict_group,701.0,91.66666666666667,82.66666666666667,74.66666666666667,0.44889779559118237,83.66666666666667,0.503006012024048,True,True,True
42571,1,0.9805276015956328,0.08432859071554678,Robertson's Ready Mix,Vernon Plant,CA,Pacific Southwest Region,other_or_unspecified,2000.0,2000,28.0,standard_28,233.0,national_spec_group,44.0,106.75,96.6,126.25,0.5418454935622318,136.4,0.5854077253218885,True,True,True
45135,0,0.9803217079965793,0.08432859071554678,Titan Virginia Ready-Mix,Chesterfield Plant,VA,Eastern Region,other_or_unspecified,3000.0,3000,28.0,standard_28,112.0,strict_group,295.0,91.33333333333333,79.06666666666668,20.66666666666667,0.18452380952380956,32.93333333333332,0.29404761904761895,True,True,False
44856,0,0.9803217079965793,0.08432859071554678,Titan Virginia Ready-Mix,Bryan Park Plant,VA,Eastern Region,other_or_unspecified,3000.0,3000,28.0,standard_28,116.33333333333333,strict_group,295.0,91.33333333333333,79.06666666666668,25.0,0.21489971346704873,37.26666666666665,0.32034383954154716,True,True,True
7442,0,0.9801608486524492,0.08432859071554678,CEMEX,Downtown Miami Plant,FL,Southeastern Region,other_or_unspecified,3000.0,3000,28.0,standard_28,121.66666666666667,strict_group,701.0,91.66666666666667,82.66666666666667,30.0,0.2465753424657534,39.0,0.3205479452054794,True,True,True
11733,1,0.9800665805856176,0.08432859071554678,CEMEX,Orlando (Atlanta Ave) Plant,FL,Southeastern Region,other_or_unspecified,3000.0,3000,28.0,standard_28,140.33333333333334,strict_group,701.0,91.66666666666667,82.66666666666667,48.66666666666667,0.34679334916864607,57.66666666666667,0.41092636579572445,True,True,True
45140,1,0.9799065338092952,0.08432859071554678,Titan Virginia Ready-Mix,Chesterfield Plant,VA,Eastern Region,other_or_unspecified,3000.0,3000,28.0,standard_28,145.0,strict_group,295.0,91.33333333333333,79.06666666666668,53.66666666666667,0.37011494252873567,65.93333333333332,0.45471264367816083,True,True,True
44870,1,0.9799065338092952,0.08432859071554678,Titan Virginia Ready-Mix,Bryan Park Plant,VA,Eastern Region,other_or_unspecified,3000.0,3000,28.0,standard_28,147.33333333333334,strict_group,295.0,91.33333333333333,79.06666666666668,56.000000000000014,0.38009049773755665,68.26666666666667,0.4633484162895927,True,True,True
15760,1,0.979761269872049,0.08432859071554678,CEMEX,Waters Avenue Plant,FL,Southeastern Region,other_or_unspecified,3000.0,3000,28.0,standard_28,132.0,strict_group,701.0,91.66666666666667,82.66666666666667,40.33333333333333,0.3055555555555555,49.33333333333333,0.3737373737373737,True,True,True
15045,1,0.9792612506040737,0.08432859071554678,CEMEX,Stockbridge Plant,GA,Southeastern Region,other_or_unspecified,3000.0,3000,2.0,early,151.33333333333334,strict_group,7.0,134.5,131.86666666666667,16.833333333333343,0.11123348017621151,19.46666666666667,0.12863436123348018,True,True,False
45126,1,0.979173526976564,0.08432859071554678,Titan Virginia Ready-Mix,Chesterfield Plant,VA,Eastern Region,other_or_unspecified,3000.0,3000,28.0,standard_28,128.0,strict_group,295.0,91.33333333333333,79.06666666666668,36.66666666666667,0.28645833333333337,48.93333333333332,0.3822916666666666,True,True,True
45125,0,0.979173526976564,0.08432859071554678,Titan Virginia Ready-Mix,Chesterfield Plant,VA,Eastern Region,other_or_unspecified,3000.0,3000,28.0,standard_28,123.33333333333333,strict_group,295.0,91.33333333333333,79.06666666666668,32.0,0.2594594594594595,44.26666666666665,0.3589189189189188,True,True,True
44847,1,0.979173526976564,0.08432859071554678,Titan Virginia Ready-Mix,Bryan Park Plant,VA,Eastern Region,other_or_unspecified,3000.0,3000,28.0,standard_28,130.33333333333334,strict_group,295.0,91.33333333333333,79.06666666666668,39.000000000000014,0.2992327365728901,51.266666666666666,0.39335038363171354,True,True,True
44846,1,0.979173526976564,0.08432859071554678,Titan Virginia Ready-Mix,Bryan Park Plant,VA,Eastern Region,other_or_unspecified,3000.0,3000,28.0,standard_28,125.33333333333333,strict_group,295.0,91.33333333333333,79.06666666666668,34.0,0.2712765957446809,46.26666666666665,0.36914893617021266,True,True,True
13034,1,0.9784455826786744,0.08432859071554678,CEMEX,Plant City RK Plant,FL,Southeastern Region,other_or_unspecified,3000.0,3000,28.0,standard_28,144.33333333333334,strict_group,701.0,91.66666666666667,82.66666666666667,52.66666666666667,0.3648960739030023,61.66666666666667,0.42725173210161665,True,True,True
9084,1,0.978357849859886,0.08432859071554678,CEMEX,Lafayette Plant,GA,Southeastern Region,other_or_unspecified,4000.0,4000,28.0,standard_28,124.75,strict_group,440.0,77.6875,69.75,47.0625,0.3772545090180361,55.0,0.4408817635270541,True,True,True
4829,1,0.9782022063171294,0.08432859071554678,CEMEX,56th Street Plant,FL,Southeastern Region,other_or_unspecified,3000.0,3000,28.0,standard_28,163.0,strict_group,701.0,91.66666666666667,82.66666666666667,71.33333333333333,0.4376278118609407,80.33333333333333,0.492842535787321,True,True,True
3775,1,0.9781995758535872,0.08432859071554678,Cadman / Heidelberg Materials,Port of Portland Plant,OR,Pacific Northwest Region,paving,1000.0,1000,28.0,standard_28,155.0,strict_group,6.0,155.5,151.5,0.0,0.0,3.5,0.02258064516129032,True,False,False
13020,1,0.9781493896975358,0.08432859071554678,CEMEX,Plant City RK Plant,FL,Southeastern Region,other_or_unspecified,4000.0,4000,28.0,standard_28,150.75,strict_group,440.0,77.6875,69.75,73.0625,0.48466003316749584,81.0,0.5373134328358209,True,True,True
33588,1,0.9772485110112772,0.08432859071554678,Knife River Corporation,Corvallis (Oregon) Plant,OR,Pacific Northwest Region,filler,3000.0,3000,28.0,standard_28,171.66666666666666,strict_group,16.0,106.91666666666667,89.33333333333334,64.74999999999999,0.3771844660194174,82.33333333333331,0.4796116504854368,True,True,True
7604,1,0.9771627675930492,0.08432859071554678,CEMEX,Eastport Plant,FL,Southeastern Region,other_or_unspecified,3000.0,3000,28.0,standard_28,134.33333333333334,strict_group,701.0,91.66666666666667,82.66666666666667,42.66666666666667,0.3176178660049628,51.66666666666667,0.38461538461538464,True,True,True
45124,0,0.9771016420970594,0.08432859071554678,Titan Virginia Ready-Mix,Chesterfield Plant,VA,Eastern Region,other_or_unspecified,3000.0,3000,28.0,standard_28,120.66666666666667,strict_group,295.0,91.33333333333333,79.06666666666668,29.333333333333343,0.24309392265193377,41.599999999999994,0.34475138121546955,True,True,True
33556,1,0.9764972700358288,0.08432859071554678,Knife River Corporation,Corvallis (Oregon) Plant,OR,Pacific Northwest Region,other_or_unspecified,3000.0,3000,3.0,early,185.33333333333334,strict_group,10.0,148.91666666666669,122.13333333333333,36.41666666666666,0.19649280575539563,63.20000000000002,0.3410071942446044,True,True,False
9153,1,0.9763124239191084,0.08432859071554678,CEMEX,Lake Wales Plant,FL,Southeastern Region,other_or_unspecified,3000.0,3000,28.0,standard_28,147.66666666666666,strict_group,701.0,91.66666666666667,82.66666666666667,55.999999999999986,0.37923250564334077,64.99999999999999,0.44018058690744916,True,True,True
14744,1,0.9762728098202502,0.08432859071554678,CEMEX,Sierra Vista Plant,AZ,Pacific Southwest Region,filler,2000.0,2000,28.0,standard_28,231.0,strict_group,5.0,156.0,129.6,75.0,0.3246753246753247,101.4,0.438961038961039,True,True,True
30794,1,0.9755396298816958,0.08432859071554678,Four Winds Concrete Inc.,Windgap Plant,PA,Eastern Region,other_or_unspecified,1500.0,1500,28.0,standard_28,172.66666666666666,strict_group,6.0,164.0,160.33333333333334,8.666666666666657,0.05019305019305014,12.333333333333314,0.07142857142857133,True,False,False
4576,1,0.9750764422819926,0.08432859071554678,Cape Cod Ready Mix,Carver Plant,MA,Eastern Region,other_or_unspecified,1500.0,1500,28.0,standard_28,163.33333333333334,strict_group,6.0,164.0,160.33333333333334,0.0,0.0,3.0,0.01836734693877551,True,False,False
16285,1,0.974872487370504,0.08432859071554678,CEMEX,Zephyrhills Plant,FL,Southeastern Region,other_or_unspecified,4000.0,4000,28.0,standard_28,148.5,strict_group,440.0,77.6875,69.75,70.8125,0.47685185185185186,78.75,0.5303030303030303,True,True,True
30729,1,0.974761067548376,0.08432859071554678,Four Winds Concrete Inc.,Bethlehem Plant,PA,Eastern Region,other_or_unspecified,1500.0,1500,28.0,standard_28,188.66666666666666,strict_group,6.0,164.0,160.33333333333334,24.666666666666657,0.13074204946996462,28.333333333333314,0.15017667844522958,True,True,False
9759,1,0.9744177330393422,0.08432859071554678,CEMEX,Marietta Plant,FL,Southeastern Region,other_or_unspecified,4000.0,4000,28.0,standard_28,133.75,strict_group,440.0,77.6875,69.75,56.0625,0.41915887850467287,64.0,0.4785046728971963,True,True,True
43269,1,0.9743103326801166,0.08432859071554678,Silvi Materials,Philadelphia Plant,PA,Eastern Region,filler,4000.0,4000,28.0,standard_28,129.75,strict_group,83.0,88.0,68.55,41.75,0.3217726396917148,61.2,0.4716763005780347,True,True,True
9459,1,0.9742616492661664,0.08432859071554678,CEMEX,Livingston Plant,AL,Southeastern Region,other_or_unspecified,1500.0,1500,28.0,standard_28,154.66666666666666,national_spec_group,13.0,112.0,51.666666666666664,42.66666666666666,0.2758620689655172,103.0,0.6659482758620691,True,True,True
43868,1,0.9740146027718876,0.08432859071554678,Sterling Concrete Corp,Oxford Plant,MA,Eastern Region,other_or_unspecified,2000.0,2000,28.0,standard_28,130.0,strict_group,11.0,124.0,93.5,6.0,0.046153846153846156,36.5,0.28076923076923077,True,False,False
12046,0,0.9738898696273086,0.08432859071554678,CEMEX,Pembroke Pines Plant,FL,Southeastern Region,other_or_unspecified,3000.0,3000,28.0,standard_28,120.66666666666667,strict_group,701.0,91.66666666666667,82.66666666666667,29.0,0.24033149171270718,38.0,0.3149171270718232,True,True,True
42252,0,0.9736811923537516,0.08432859071554678,Robertson's Ready Mix,Anaheim Plant,CA,Pacific Southwest Region,filler,3000.0,3000,28.0,standard_28,74.33333333333333,strict_group,12.0,92.5,91.39999999999999,0.0,0.0,0.0,0.0,True,False,False
30760,1,0.9735238226616798,0.08432859071554678,Four Winds Concrete Inc.,Bethlehem Plant,PA,Eastern Region,other_or_unspecified,4000.0,4000,28.0,standard_28,160.0,strict_group,636.0,74.75,60.75,85.25,0.5328125,99.25,0.6203125,True,True,True
7989,1,0.9732064346559502,0.08432859071554678,CEMEX,Four Corners Plant,FL,Southeastern Region,other_or_unspecified,3000.0,3000,28.0,standard_28,180.66666666666666,strict_group,701.0,91.66666666666667,82.66666666666667,88.99999999999999,0.4926199261992619,97.99999999999999,0.5424354243542435,True,True,True
16183,1,0.9717601092073266,0.08432859071554678,CEMEX,Winter Park Plant,FL,Southeastern Region,other_or_unspecified,3000.0,3000,28.0,standard_28,166.0,strict_group,701.0,91.66666666666667,82.66666666666667,74.33333333333333,0.4477911646586345,83.33333333333333,0.5020080321285141,True,True,True
5014,1,0.9715890689602744,0.08432859071554678,CEMEX,Alexander City Plant,AL,Southeastern Region,other_or_unspecified,3000.0,3000,28.0,standard_28,210.33333333333334,strict_group,701.0,91.66666666666667,82.66666666666667,118.66666666666667,0.5641838351822503,127.66666666666667,0.606973058637084,True,True,True
46084,1,0.9712819989744808,0.08432859071554678,Tresca Brothers Concrete,One Plant,MA,Eastern Region,other_or_unspecified,3500.0,3500,28.0,standard_28,149.71428571428572,strict_group,117.0,95.71428571428571,84.05714285714286,54.000000000000014,0.36068702290076343,65.65714285714286,0.4385496183206107,True,True,True
15148,0,0.9710839362482676,0.08432859071554678,CEMEX,Sweetwater Plant,FL,Southeastern Region,other_or_unspecified,3000.0,3000,28.0,standard_28,117.66666666666667,strict_group,701.0,91.66666666666667,82.66666666666667,26.0,0.22096317280453256,35.0,0.29745042492917845,True,True,True
11864,1,0.9708214323033246,0.08432859071554678,CEMEX,Palmomar Oceanside Plant,CA,Pacific Southwest Region,other_or_unspecified,2000.0,2000,28.0,standard_28,126.0,national_spec_group,44.0,106.75,96.6,19.25,0.1527777777777778,29.400000000000006,0.23333333333333336,True,True,False
3258,1,0.9703770512599066,0.08432859071554678,Cadman / Heidelberg Materials,Orchards Plant,WA,Pacific Northwest Region,other_or_unspecified,1000.0,1000,28.0,standard_28,246.0,strict_group,8.0,156.25,152.2,89.75,0.3648373983739837,93.80000000000001,0.3813008130081301,True,True,True
8013,1,0.96995902647085,0.08432859071554678,CEMEX,Freeport Plant,FL,Southeastern Region,filler,3000.0,3000,28.0,standard_28,152.0,strict_group,44.0,117.25,105.0,34.75,0.22861842105263158,47.0,0.3092105263157895,True,True,True
12019,1,0.9691012921854288,0.08432859071554678,CEMEX,Panama City Beach - #2 Plant,FL,Southeastern Region,filler,3000.0,3000,28.0,standard_28,142.33333333333334,strict_group,44.0,117.25,105.0,25.083333333333343,0.17622950819672137,37.33333333333334,0.2622950819672132,True,True,False
30739,1,0.9690163963173726,0.08432859071554678,Four Winds Concrete Inc.,Bethlehem Plant,PA,Eastern Region,other_or_unspecified,3000.0,3000,28.0,standard_28,200.0,strict_group,295.0,91.33333333333333,79.06666666666668,108.66666666666667,0.5433333333333333,120.93333333333332,0.6046666666666666,True,True,True
9139,1,0.9686787740580002,0.08432859071554678,CEMEX,Lake Wales Plant,FL,Southeastern Region,other_or_unspecified,4000.0,4000,28.0,standard_28,156.0,strict_group,440.0,77.6875,69.75,78.3125,0.5020032051282052,86.25,0.5528846153846154,True,True,True
30630,1,0.9674505309727915,0.08432859071554678,F&F Concrete,F&F Concrete Plant,CT,Eastern Region,other_or_unspecified,3500.0,3500,28.0,standard_28,138.85714285714286,strict_group,117.0,95.71428571428571,84.05714285714286,43.14285714285715,0.31069958847736634,54.8,0.3946502057613168,True,True,True
30759,1,0.9671577798361898,0.08432859071554678,Four Winds Concrete Inc.,Bethlehem Plant,PA,Eastern Region,other_or_unspecified,4000.0,4000,28.0,standard_28,156.75,strict_group,636.0,74.75,60.75,82.0,0.5231259968102073,96.0,0.6124401913875598,True,True,True
12020,1,0.9662200998677836,0.08432859071554678,CEMEX,Panama City Beach - #2 Plant,FL,Southeastern Region,filler,3000.0,3000,28.0,standard_28,142.33333333333334,strict_group,44.0,117.25,105.0,25.083333333333343,0.17622950819672137,37.33333333333334,0.2622950819672132,True,True,False
8019,1,0.9661351691468456,0.08432859071554678,CEMEX,Freeport Plant,FL,Southeastern Region,filler,3000.0,3000,28.0,standard_28,140.33333333333334,strict_group,44.0,117.25,105.0,23.083333333333343,0.16448931116389554,35.33333333333334,0.25178147268408557,True,True,False
9100,0,0.964867365453666,0.08432859071554678,CEMEX,Lafayette Plant,GA,Southeastern Region,filler,3000.0,3000,28.0,standard_28,122.33333333333333,strict_group,44.0,117.25,105.0,5.083333333333329,0.04155313351498634,17.33333333333333,0.14168937329700268,True,False,False
46477,1,0.9648453504752617,0.08432859071554678,US Concrete Mix / Smyrna Ready Mix,BRONX Plant,NY,Eastern Region,filler,4000.0,4000,28.0,standard_28,124.0,strict_group,83.0,88.0,68.55,36.0,0.2903225806451613,55.45,0.44717741935483873,True,True,True
4830,1,0.9642480768599764,0.08432859071554678,CEMEX,56th Street Plant,FL,Southeastern Region,other_or_unspecified,3000.0,3000,28.0,standard_28,136.33333333333334,strict_group,701.0,91.66666666666667,82.66666666666667,44.66666666666667,0.3276283618581907,53.66666666666667,0.39364303178484106,True,True,True
15744,1,0.9639724630972376,0.08432859071554678,CEMEX,Waters Avenue Plant,FL,Southeastern Region,other_or_unspecified,4000.0,4000,28.0,standard_28,136.75,strict_group,440.0,77.6875,69.75,59.0625,0.4319012797074954,67.0,0.489945155393053,True,True,True
42373,1,0.9636620622051196,0.08432859071554678,Robertson's Ready Mix,Gardena Plant,CA,Pacific Southwest Region,other_or_unspecified,3000.0,3000,28.0,standard_28,135.66666666666666,strict_group,89.0,92.0,80.53333333333333,43.66666666666666,0.3218673218673218,55.133333333333326,0.4063882063882064,True,True,True
45676,1,0.963416523282995,0.08432859071554678,Titan Virginia Ready-Mix,Stafford RM Plant,VA,Eastern Region,other_or_unspecified,3500.0,3500,28.0,standard_28,147.14285714285714,strict_group,117.0,95.71428571428571,84.05714285714286,51.42857142857143,0.34951456310679613,63.085714285714275,0.42873786407766984,True,True,True
30934,1,0.9622990510083776,0.08432859071554678,Gotham Ready Mix LLC,Brooklyn (A) Plant,NY,Eastern Region,filler,4000.0,4000,28.0,standard_28,129.75,strict_group,83.0,88.0,68.55,41.75,0.3217726396917148,61.2,0.4716763005780347,True,True,True
30933,1,0.9622990510083776,0.08432859071554678,Gotham Ready Mix LLC,Brooklyn (A) Plant,NY,Eastern Region,filler,4000.0,4000,28.0,standard_28,129.75,strict_group,83.0,88.0,68.55,41.75,0.3217726396917148,61.2,0.4716763005780347,True,True,True
4833,1,0.9622849688644468,0.08432859071554678,CEMEX,56th Street Plant,FL,Southeastern Region,other_or_unspecified,4000.0,4000,28.0,standard_28,153.75,strict_group,440.0,77.6875,69.75,76.0625,0.4947154471544715,84.0,0.5463414634146342,True,True,True
42523,1,0.9622420870955696,0.08432859071554678,Robertson's Ready Mix,Rialto Plant,CA,Pacific Southwest Region,other_or_unspecified,3000.0,3000,28.0,standard_28,124.33333333333333,strict_group,89.0,92.0,80.53333333333333,32.33333333333333,0.260053619302949,43.8,0.3522788203753351,True,True,True
5064,1,0.9617125059299132,0.08432859071554678,CEMEX,Alexander City Plant,AL,Southeastern Region,other_or_unspecified,3000.0,3000,28.0,standard_28,140.66666666666666,strict_group,701.0,91.66666666666667,82.66666666666667,48.999999999999986,0.3483412322274881,57.999999999999986,0.4123222748815165,True,True,True
9340,1,0.9614694478205592,0.08432859071554678,CEMEX,Leesburg RK Plant,FL,Southeastern Region,other_or_unspecified,3000.0,3000,28.0,standard_28,171.0,strict_group,701.0,91.66666666666667,82.66666666666667,79.33333333333333,0.46393762183235865,88.33333333333333,0.5165692007797271,True,True,True
340,1,0.9602657332159708,0.08432859071554678,American Rock Products (ARP),Boardman Plant,OR,Pacific Northwest Region,filler,1500.0,1500,28.0,standard_28,152.0,none,,,,,,,,False,False,False
44868,1,0.9601804348284946,0.08432859071554678,Titan Virginia Ready-Mix,Bryan Park Plant,VA,Eastern Region,other_or_unspecified,4000.0,4000,28.0,standard_28,147.75,strict_group,636.0,74.75,60.75,73.0,0.494077834179357,87.0,0.5888324873096447,True,True,True
6149,0,0.9586250985991754,0.08432859071554678,CEMEX,Card Sound Mine Plant,FL,Southeastern Region,other_or_unspecified,3000.0,3000,28.0,standard_28,118.66666666666667,strict_group,701.0,91.66666666666667,82.66666666666667,27.0,0.22752808988764045,36.0,0.3033707865168539,True,True,True
5132,1,0.9581689310080678,0.08432859071554678,CEMEX,Andalusia Plant,AL,Southeastern Region,other_or_unspecified,3000.0,3000,28.0,standard_28,139.66666666666666,strict_group,701.0,91.66666666666667,82.66666666666667,47.999999999999986,0.34367541766109777,56.999999999999986,0.4081145584725536,True,True,True
8283,1,0.9577842206379356,0.08432859071554678,CEMEX,Habersham Plant,GA,Southeastern Region,other_or_unspecified,4000.0,4000,28.0,standard_28,139.75,strict_group,440.0,77.6875,69.75,62.0625,0.44409660107334525,70.0,0.5008944543828264,True,True,True
44159,0,0.9575555443730404,0.08432859071554678,Tec-Crete Transit Mix Corp.,Long Island City Plant,NY,Eastern Region,other_or_unspecified,3000.0,3000,28.0,standard_28,123.66666666666667,strict_group,295.0,91.33333333333333,79.06666666666668,32.33333333333334,0.26145552560646906,44.599999999999994,0.3606469002695417,True,True,True
30636,0,0.9572785197743432,0.08432859071554678,F&F Concrete,F&F Concrete Plant,CT,Eastern Region,other_or_unspecified,4000.0,4000,28.0,standard_28,114.75,strict_group,636.0,74.75,60.75,40.0,0.3485838779956427,54.0,0.47058823529411764,True,True,True
33980,1,0.9568831174691228,0.08432859071554678,Knife River Corporation,Woodburn (Oregon) Plant,OR,Pacific Northwest Region,filler,3000.0,3000,28.0,standard_28,161.33333333333334,strict_group,16.0,106.91666666666667,89.33333333333334,54.41666666666667,0.3372933884297521,72.0,0.44628099173553715,True,True,True
31169,1,0.9565719184352548,0.08432859071554678,Graniterock,Monterey-Seaside Plant,CA,Pacific Southwest Region,other_or_unspecified,3000.0,3000,28.0,standard_28,165.66666666666666,strict_group,89.0,92.0,80.53333333333333,73.66666666666666,0.4446680080482897,85.13333333333333,0.5138832997987928,True,True,True
5768,1,0.9565142944201434,0.08432859071554678,CEMEX,Berth 150 Plant,FL,Southeastern Region,other_or_unspecified,3000.0,3000,28.0,standard_28,145.0,strict_group,701.0,91.66666666666667,82.66666666666667,53.33333333333333,0.367816091954023,62.33333333333333,0.4298850574712643,True,True,True
5440,0,0.9562757539639783,0.08432859071554678,CEMEX,Atmore Plant,AL,Southeastern Region,other_or_unspecified,3000.0,3000,28.0,standard_28,115.33333333333333,strict_group,701.0,91.66666666666667,82.66666666666667,23.666666666666657,0.20520231213872825,32.66666666666666,0.2832369942196531,True,True,True
42538,0,0.955550537748014,0.08432859071554678,Robertson's Ready Mix,Rialto Plant,CA,Pacific Southwest Region,other_or_unspecified,3000.0,3000,28.0,standard_28,100.66666666666667,strict_group,89.0,92.0,80.53333333333333,8.666666666666671,0.08609271523178812,20.13333333333334,0.20000000000000007,True,False,False
16144,0,0.954979382324092,0.08432859071554678,CEMEX,Winfield Plant,AL,Southeastern Region,other_or_unspecified,3000.0,3000,28.0,standard_28,114.0,strict_group,701.0,91.66666666666667,82.66666666666667,22.33333333333333,0.19590643274853797,31.33333333333333,0.27485380116959063,True,True,False
46698,1,0.9548171720185236,0.08432859071554678,US Concrete Mix / Smyrna Ready Mix,Irving Plant,TX,South Central Region,filler,2000.0,2000,28.0,standard_28,164.5,national_spec_group,17.0,134.5,118.6,30.0,0.182370820668693,45.900000000000006,0.2790273556231003,True,True,False
33721,1,0.954527446035116,0.08432859071554678,Knife River Corporation,Linnton Plant,OR,Pacific Northwest Region,other_or_unspecified,4000.0,4000,28.0,standard_28,163.75,strict_group,579.0,63.25,56.7,100.5,0.6137404580152672,107.05,0.6537404580152671,True,True,True
2217,0,0.9536362462191136,0.08432859071554678,Boston Sand & Gravel,Southeastern Concrete Plant,MA,Eastern Region,other_or_unspecified,4000.0,4000,28.0,standard_28,119.0,strict_group,636.0,74.75,60.75,44.25,0.37184873949579833,58.25,0.4894957983193277,True,True,True
11609,1,0.9535012617899308,0.08432859071554678,CEMEX,Orange City Plant,FL,Southeastern Region,other_or_unspecified,3000.0,3000,28.0,standard_28,162.33333333333334,strict_group,701.0,91.66666666666667,82.66666666666667,70.66666666666667,0.4353182751540041,79.66666666666667,0.49075975359342916,True,True,True
11495,1,0.9534818067066824,0.08432859071554678,CEMEX,Odessa Plant,FL,Southeastern Region,other_or_unspecified,3000.0,3000,28.0,standard_28,139.0,strict_group,701.0,91.66666666666667,82.66666666666667,47.33333333333333,0.3405275779376499,56.33333333333333,0.4052757793764988,True,True,True
9044,1,0.9531480283715889,0.08432859071554678,CEMEX,LaBelle 1 Plant,FL,Southeastern Region,other_or_unspecified,4000.0,4000,28.0,standard_28,125.75,strict_group,440.0,77.6875,69.75,48.0625,0.38220675944334,56.0,0.44532803180914515,True,True,True
46093,1,0.9530343330500882,0.08432859071554678,Tresca Brothers Concrete,One Plant,MA,Eastern Region,structural,4000.0,4000,28.0,standard_28,127.5,strict_group,8.0,96.9375,87.975,30.5625,0.23970588235294119,39.525000000000006,0.31000000000000005,True,True,True
33977,1,0.952897481425304,0.08432859071554678,Knife River Corporation,Woodburn (Oregon) Plant,OR,Pacific Northwest Region,other_or_unspecified,3000.0,3000,3.0,early,202.66666666666666,strict_group,10.0,148.91666666666669,122.13333333333333,53.74999999999997,0.26521381578947356,80.53333333333333,0.3973684210526316,True,True,True
46073,1,0.952720927868133,0.08432859071554678,Tresca Brothers Concrete,One Plant,MA,Eastern Region,structural,4000.0,4000,28.0,standard_28,161.0,strict_group,8.0,96.9375,87.975,64.0625,0.39790372670807456,73.025,0.4535714285714286,True,True,True
42338,1,0.9508787855294402,0.08432859071554678,Robertson's Ready Mix,Gardena Plant,CA,Pacific Southwest Region,other_or_unspecified,3000.0,3000,28.0,standard_28,135.0,strict_group,89.0,92.0,80.53333333333333,43.0,0.31851851851851853,54.46666666666667,0.4034567901234568,True,True,True
33593,1,0.950735612866586,0.08432859071554678,Knife River Corporation,Eugene (Oregon) Plant,OR,Pacific Northwest Region,other_or_unspecified,3000.0,3000,3.0,early,181.66666666666666,strict_group,10.0,148.91666666666669,122.13333333333333,32.74999999999997,0.18027522935779802,59.53333333333333,0.32770642201834865,True,True,False
45123,0,0.949724191103907,0.08432859071554678,Titan Virginia Ready-Mix,Chesterfield Plant,VA,Eastern Region,other_or_unspecified,3000.0,3000,28.0,standard_28,117.33333333333333,strict_group,295.0,91.33333333333333,79.06666666666668,26.0,0.2215909090909091,38.26666666666665,0.3261363636363635,True,True,True
44844,0,0.949724191103907,0.08432859071554678,Titan Virginia Ready-Mix,Bryan Park Plant,VA,Eastern Region,other_or_unspecified,3000.0,3000,28.0,standard_28,119.66666666666667,strict_group,295.0,91.33333333333333,79.06666666666668,28.333333333333343,0.23676880222841232,40.599999999999994,0.33927576601671305,True,True,True
13488,0,0.94969604036842,0.08432859071554678,CEMEX,Russellville Plant,AL,Southeastern Region,filler,2000.0,2000,28.0,standard_28,100.5,national_spec_group,17.0,134.5,118.6,0.0,0.0,0.0,0.0,True,False,False
42551,1,0.9489616379539116,0.08432859071554678,Robertson's Ready Mix,Rialto Plant,CA,Pacific Southwest Region,other_or_unspecified,2500.0,2500,28.0,standard_28,152.0,strict_group,16.0,102.5,100.8,49.5,0.3256578947368421,51.2,0.3368421052631579,True,True,True
30747,1,0.9485261413509904,0.08432859071554678,Four Winds Concrete Inc.,Bethlehem Plant,PA,Eastern Region,other_or_unspecified,3500.0,3500,28.0,standard_28,167.71428571428572,strict_group,117.0,95.71428571428571,84.05714285714286,72.00000000000001,0.42930153321976156,83.65714285714286,0.4988074957410562,True,True,True
34174,0,0.9476087703872468,0.08432859071554678,Lycon Inc.,Oregon Plant,WI,Great Lakes Region,other_or_unspecified,4000.0,4000,28.0,standard_28,101.5,strict_group,52.0,66.4375,55.7,35.0625,0.34544334975369456,45.8,0.45123152709359604,True,True,True
33953,0,0.947523749168623,0.08432859071554678,Knife River Corporation,Wheatland (Oregon) Plant,OR,Pacific Northwest Region,other_or_unspecified,3000.0,3000,28.0,standard_28,123.33333333333333,strict_group,395.0,71.0,64.13333333333334,52.33333333333333,0.4243243243243243,59.19999999999999,0.4799999999999999,True,True,True
9784,1,0.945778598289163,0.08432859071554678,CEMEX,Marietta Plant,FL,Southeastern Region,other_or_unspecified,3000.0,3000,28.0,standard_28,131.66666666666666,strict_group,701.0,91.66666666666667,82.66666666666667,39.999999999999986,0.3037974683544303,48.999999999999986,0.37215189873417714,True,True,True
37866,1,0.9450236704744712,0.08432859071554678,National Ready Mix,Santa Clarita Plant,CA,Pacific Southwest Region,other_or_unspecified,2500.0,2500,28.0,standard_28,131.6,strict_group,16.0,102.5,100.8,29.099999999999994,0.22112462006079023,30.799999999999997,0.23404255319148934,True,True,True
7212,1,0.9432786626944764,0.08432859071554678,CEMEX,Dawsonville - Easy Street Plant,GA,Southeastern Region,filler,3000.0,3000,28.0,standard_28,134.66666666666666,strict_group,44.0,117.25,105.0,17.416666666666657,0.12933168316831678,29.666666666666657,0.22029702970297024,True,True,False
7594,1,0.9426918512991848,0.08432859071554678,CEMEX,Eastport Plant,FL,Southeastern Region,other_or_unspecified,3000.0,3000,28.0,standard_28,131.66666666666666,strict_group,701.0,91.66666666666667,82.66666666666667,39.999999999999986,0.3037974683544303,48.999999999999986,0.37215189873417714,True,True,True
11564,1,0.939357510166426,0.08432859071554678,CEMEX,Oldsmar Plant,FL,Southeastern Region,other_or_unspecified,3000.0,3000,28.0,standard_28,133.66666666666666,strict_group,701.0,91.66666666666667,82.66666666666667,41.999999999999986,0.3142144638403989,50.999999999999986,0.3815461346633416,True,True,True
30801,0,0.9393179810153204,0.08432859071554678,Four Winds Concrete Inc.,Windgap Plant,PA,Eastern Region,other_or_unspecified,1200.0,1000,1.0,early,106.66666666666667,regional_strength_group,9.0,210.0,122.00000000000001,0.0,0.0,0.0,0.0,True,False,False
43200,1,0.9382874777128504,0.08432859071554678,Silvi Materials,Morrisville Plant,PA,Eastern Region,filler,3000.0,3000,28.0,standard_28,192.0,strict_group,28.0,94.5,30.75,97.5,0.5078125,161.25,0.83984375,True,True,True
31618,1,0.9381879175994424,0.08432859071554678,Graniterock,San Jose Plant,CA,Pacific Southwest Region,other_or_unspecified,3000.0,3000,28.0,standard_28,179.0,strict_group,89.0,92.0,80.53333333333333,87.0,0.4860335195530726,98.46666666666667,0.5500931098696462,True,True,True
31619,1,0.9381879175994424,0.08432859071554678,Graniterock,San Jose Plant,CA,Pacific Southwest Region,other_or_unspecified,3000.0,3000,28.0,standard_28,179.0,strict_group,89.0,92.0,80.53333333333333,87.0,0.4860335195530726,98.46666666666667,0.5500931098696462,True,True,True
31806,1,0.9381879175994424,0.08432859071554678,Graniterock,Santa Cruz Plant,CA,Pacific Southwest Region,other_or_unspecified,3000.0,3000,28.0,standard_28,183.0,strict_group,89.0,92.0,80.53333333333333,91.0,0.4972677595628415,102.46666666666667,0.5599271402550091,True,True,True
31805,1,0.9381879175994424,0.08432859071554678,Graniterock,Santa Cruz Plant,CA,Pacific Southwest Region,other_or_unspecified,3000.0,3000,28.0,standard_28,183.0,strict_group,89.0,92.0,80.53333333333333,91.0,0.4972677595628415,102.46666666666667,0.5599271402550091,True,True,True
9337,0,0.9377197389910986,0.08432859071554678,CEMEX,Leesburg RK Plant,FL,Southeastern Region,other_or_unspecified,3000.0,3000,28.0,standard_28,116.33333333333333,strict_group,701.0,91.66666666666667,82.66666666666667,24.666666666666657,0.21203438395415466,33.66666666666666,0.2893982808022922,True,True,True
43224,1,0.936685219405926,0.08432859071554678,Silvi Materials,Philadelphia Plant,PA,Eastern Region,other_or_unspecified,3000.0,3000,28.0,standard_28,146.66666666666666,strict_group,295.0,91.33333333333333,79.06666666666668,55.33333333333333,0.37727272727272726,67.59999999999998,0.4609090909090908,True,True,True
4827,1,0.9361097798574012,0.08432859071554678,CEMEX,56th Street Plant,FL,Southeastern Region,other_or_unspecified,3000.0,3000,28.0,standard_28,133.66666666666666,strict_group,701.0,91.66666666666667,82.66666666666667,41.999999999999986,0.3142144638403989,50.999999999999986,0.3815461346633416,True,True,True
9228,1,0.9355861117569328,0.08432859071554678,CEMEX,Largo II Plant,FL,Southeastern Region,other_or_unspecified,4000.0,4000,28.0,standard_28,144.75,strict_group,440.0,77.6875,69.75,67.0625,0.4632987910189983,75.0,0.5181347150259067,True,True,True
42630,1,0.9345601117911496,0.08432859071554678,Schuster Concrete,Annapolis Junction Plant,MD,Eastern Region,other_or_unspecified,2000.0,2000,28.0,standard_28,129.5,strict_group,11.0,124.0,93.5,5.5,0.04247104247104247,36.0,0.277992277992278,True,False,False
41363,0,0.9340771194837112,0.08432859071554678,"Prairie Material, LLC",Yard 32 Plant,IL,Great Lakes Region,other_or_unspecified,4000.0,4000,28.0,standard_28,120.75,strict_group,52.0,66.4375,55.7,54.3125,0.4497929606625259,65.05,0.5387163561076604,True,True,True
4554,1,0.9337732796813052,0.08432859071554678,Cape Cod Ready Mix,Carver Plant,MA,Eastern Region,other_or_unspecified,2500.0,2500,28.0,standard_28,144.4,strict_group,18.0,103.4,78.72,41.0,0.2839335180055402,65.68,0.4548476454293629,True,True,True
7217,1,0.933035006484002,0.08432859071554678,CEMEX,Dawsonville - Easy Street Plant,GA,Southeastern Region,other_or_unspecified,3000.0,3000,28.0,standard_28,134.66666666666666,strict_group,701.0,91.66666666666667,82.66666666666667,42.999999999999986,0.3193069306930692,51.999999999999986,0.38613861386138604,True,True,True
414,1,0.932006462839135,0.08432859071554678,American Rock Products (ARP),Boardman Plant,OR,Pacific Northwest Region,other_or_unspecified,3500.0,3500,28.0,standard_28,158.0,strict_group,339.0,68.59126984126985,58.0,89.40873015873015,0.5658780389793048,100.0,0.6329113924050633,True,True,True
7569,0,0.9317855211637956,0.08432859071554678,CEMEX,East Plant/East Naples/East Trail Plant,FL,Southeastern Region,other_or_unspecified,3000.0,3000,28.0,standard_28,119.33333333333333,strict_group,701.0,91.66666666666667,82.66666666666667,27.666666666666657,0.23184357541899434,36.66666666666666,0.3072625698324022,True,True,True
40722,1,0.9307923339149824,0.08432859071554678,New Enterprise Stone & Lime,"Gateway, NY Plant",NY,Eastern Region,other_or_unspecified,4000.0,4000,28.0,standard_28,138.0,strict_group,636.0,74.75,60.75,63.25,0.4583333333333333,77.25,0.5597826086956522,True,True,True
40685,1,0.9307923339149824,0.08432859071554678,New Enterprise Stone & Lime,"Barton Road, NY Plant",NY,Eastern Region,other_or_unspecified,4000.0,4000,28.0,standard_28,137.0,strict_group,636.0,74.75,60.75,62.25,0.4543795620437956,76.25,0.5565693430656934,True,True,True
31371,1,0.9300540138211802,0.08432859071554678,Graniterock,Redwood City Plant,CA,Pacific Southwest Region,other_or_unspecified,3000.0,3000,28.0,standard_28,180.66666666666666,strict_group,89.0,92.0,80.53333333333333,88.66666666666666,0.49077490774907745,100.13333333333333,0.5542435424354244,True,True,True
31543,1,0.927147989403037,0.08432859071554678,Graniterock,Salinas Plant,CA,Pacific Southwest Region,other_or_unspecified,3000.0,3000,28.0,standard_28,165.33333333333334,strict_group,89.0,92.0,80.53333333333333,73.33333333333334,0.44354838709677424,84.80000000000001,0.5129032258064516,True,True,True
42872,1,0.9260490115165992,0.08432859071554678,Silver Strike Concrete,Silver Strike Sparks Plant,NV,Pacific Southwest Region,filler,2500.0,2500,28.0,standard_28,165.2,national_spec_group,6.0,110.4,95.80000000000001,54.79999999999998,0.33171912832929773,69.39999999999998,0.420096852300242,True,True,True
7987,1,0.9259146925520606,0.08432859071554678,CEMEX,Four Corners Plant,FL,Southeastern Region,other_or_unspecified,3000.0,3000,28.0,standard_28,147.0,strict_group,701.0,91.66666666666667,82.66666666666667,55.33333333333333,0.37641723356009066,64.33333333333333,0.43764172335600904,True,True,True
7552,1,0.9246874852475632,0.08432859071554678,CEMEX,East Plant/East Naples/East Trail Plant,FL,Southeastern Region,other_or_unspecified,4000.0,4000,28.0,standard_28,133.5,strict_group,440.0,77.6875,69.75,55.8125,0.41807116104868913,63.75,0.47752808988764045,True,True,True
2018,0,0.9241017249622184,0.08432859071554678,Bonded Concrete Inc. / The Clemente Group,Pleasant Valley Plant,NY,Eastern Region,other_or_unspecified,3000.0,3000,28.0,standard_28,108.66666666666667,strict_group,295.0,91.33333333333333,79.06666666666668,17.333333333333343,0.1595092024539878,29.599999999999994,0.27239263803680974,True,True,False
33950,1,0.9227854779040514,0.08432859071554678,Knife River Corporation,Wheatland (Oregon) Plant,OR,Pacific Northwest Region,filler,3000.0,3000,28.0,standard_28,152.0,strict_group,16.0,106.91666666666667,89.33333333333334,45.08333333333333,0.29660087719298245,62.66666666666666,0.4122807017543859,True,True,True
7069,1,0.9222663414523952,0.08432859071554678,CEMEX,Dallas Plant,GA,Southeastern Region,other_or_unspecified,3000.0,3000,1.0,early,175.66666666666666,strict_group,7.0,134.5,131.86666666666667,41.16666666666666,0.23434535104364324,43.79999999999998,0.24933586337760902,True,True,True
5400,1,0.9222607606087384,0.08432859071554678,CEMEX,Athens Plant,AL,Southeastern Region,other_or_unspecified,3000.0,3000,28.0,standard_28,130.33333333333334,strict_group,701.0,91.66666666666667,82.66666666666667,38.66666666666667,0.2966751918158568,47.66666666666667,0.3657289002557545,True,True,True
9099,1,0.91730559394197,0.08432859071554678,CEMEX,Lafayette Plant,GA,Southeastern Region,filler,3000.0,3000,28.0,standard_28,129.33333333333334,strict_group,44.0,117.25,105.0,12.083333333333343,0.09342783505154646,24.333333333333343,0.18814432989690727,True,False,False
31919,1,0.9170698341394704,0.08432859071554678,Graniterock,Santa Cruz Plant,CA,Pacific Southwest Region,other_or_unspecified,4000.0,4000,28.0,standard_28,152.75,strict_group,111.0,78.25,69.0,74.5,0.4877250409165303,83.75,0.5482815057283142,True,True,True
31735,1,0.9170698341394704,0.08432859071554678,Graniterock,San Jose Plant,CA,Pacific Southwest Region,other_or_unspecified,4000.0,4000,28.0,standard_28,149.5,strict_group,111.0,78.25,69.0,71.25,0.4765886287625418,80.5,0.5384615384615384,True,True,True
42904,1,0.916571281993372,0.08432859071554678,Silvi Materials,Englishtown Plant,NJ,Eastern Region,filler,3500.0,3500,28.0,standard_28,177.42857142857142,strict_group,21.0,108.28571428571429,99.14285714285714,69.14285714285712,0.3896940418679548,78.28571428571428,0.4412238325281803,True,True,True
33978,1,0.9159809748108586,0.08432859071554678,Knife River Corporation,Woodburn (Oregon) Plant,OR,Pacific Northwest Region,other_or_unspecified,3000.0,3000,28.0,standard_28,142.33333333333334,strict_group,395.0,71.0,64.13333333333334,71.33333333333334,0.5011709601873536,78.2,0.5494145199063232,True,True,True
5753,1,0.9155264882895408,0.08432859071554678,CEMEX,Berth 150 Plant,FL,Southeastern Region,other_or_unspecified,3000.0,3000,28.0,standard_28,201.66666666666666,strict_group,701.0,91.66666666666667,82.66666666666667,109.99999999999999,0.5454545454545454,118.99999999999999,0.5900826446280991,True,True,True
11477,1,0.9150206590013676,0.08432859071554678,CEMEX,Odessa Plant,FL,Southeastern Region,other_or_unspecified,3000.0,3000,28.0,standard_28,158.66666666666666,strict_group,701.0,91.66666666666667,82.66666666666667,66.99999999999999,0.42226890756302515,75.99999999999999,0.4789915966386554,True,True,True
4485,1,0.9136988650550972,0.08432859071554678,"Callanan Industries, Inc.",Latham Plant,NY,Eastern Region,other_or_unspecified,2000.0,2000,28.0,standard_28,144.5,strict_group,11.0,124.0,93.5,20.5,0.14186851211072665,51.0,0.35294117647058826,True,True,False
5537,1,0.9129231512721492,0.08432859071554678,CEMEX,Auburndale Plant,FL,Southeastern Region,other_or_unspecified,4000.0,4000,28.0,standard_28,157.5,strict_group,440.0,77.6875,69.75,79.8125,0.5067460317460317,87.75,0.5571428571428572,True,True,True
40648,1,0.9126411041325444,0.08432859071554678,New Enterprise Stone & Lime,"Barton Road, NY Plant",NY,Eastern Region,other_or_unspecified,2000.0,2000,28.0,standard_28,143.0,strict_group,11.0,124.0,93.5,19.0,0.13286713286713286,49.5,0.34615384615384615,True,True,False
40686,1,0.9126411041325444,0.08432859071554678,New Enterprise Stone & Lime,"Gateway, NY Plant",NY,Eastern Region,other_or_unspecified,2000.0,2000,28.0,standard_28,145.5,strict_group,11.0,124.0,93.5,21.5,0.14776632302405499,52.0,0.35738831615120276,True,True,False
45139,1,0.9124617216743912,0.08432859071554678,Titan Virginia Ready-Mix,Chesterfield Plant,VA,Eastern Region,other_or_unspecified,4000.0,4000,28.0,standard_28,160.0,strict_group,636.0,74.75,60.75,85.25,0.5328125,99.25,0.6203125,True,True,True
7582,1,0.9098486018037644,0.08432859071554678,CEMEX,Eastport Plant,FL,Southeastern Region,other_or_unspecified,4000.0,4000,28.0,standard_28,140.5,strict_group,440.0,77.6875,69.75,62.8125,0.4470640569395018,70.75,0.50355871886121,True,True,True
9325,0,0.909600391336177,0.08432859071554678,CEMEX,Lecanto East Plant,FL,Southeastern Region,other_or_unspecified,3000.0,3000,28.0,standard_28,121.33333333333333,strict_group,701.0,91.66666666666667,82.66666666666667,29.666666666666657,0.24450549450549444,38.66666666666666,0.3186813186813186,True,True,True
11865,1,0.9077742083626776,0.08432859071554678,CEMEX,Palmomar Oceanside Plant,CA,Pacific Southwest Region,filler,3000.0,3000,28.0,standard_28,141.0,strict_group,12.0,92.5,91.39999999999999,48.5,0.34397163120567376,49.60000000000001,0.35177304964539013,True,True,True
5136,1,0.9073040807511448,0.08432859071554678,CEMEX,Andalusia Plant,AL,Southeastern Region,other_or_unspecified,3000.0,3000,28.0,standard_28,131.0,strict_group,701.0,91.66666666666667,82.66666666666667,39.33333333333333,0.3002544529262086,48.33333333333333,0.3689567430025445,True,True,True
16283,1,0.9065753696300344,0.08432859071554678,CEMEX,Zephyrhills Plant,FL,Southeastern Region,other_or_unspecified,3000.0,3000,28.0,standard_28,157.33333333333334,strict_group,701.0,91.66666666666667,82.66666666666667,65.66666666666667,0.4173728813559322,74.66666666666667,0.4745762711864407,True,True,True
7216,1,0.9027321376900934,0.08432859071554678,CEMEX,Dawsonville - Easy Street Plant,GA,Southeastern Region,other_or_unspecified,3000.0,3000,28.0,standard_28,134.0,strict_group,701.0,91.66666666666667,82.66666666666667,42.33333333333333,0.3159203980099502,51.33333333333333,0.38308457711442784,True,True,True
10337,1,0.901994456881292,0.08432859071554678,CEMEX,Monroeville Plant,AL,Southeastern Region,filler,3000.0,3000,28.0,standard_28,155.33333333333334,strict_group,44.0,117.25,105.0,38.08333333333334,0.24517167381974253,50.33333333333334,0.32403433476394855,True,True,True
42590,0,0.9011717718939456,0.08432859071554678,Salmon Bay Sand & Gravel,Salmon Bay Sand and Gravel,WA,Pacific Northwest Region,other_or_unspecified,1500.0,1500,28.0,standard_28,112.0,national_spec_group,13.0,112.0,51.666666666666664,0.0,0.0,60.333333333333336,0.5386904761904762,True,False,False
33983,1,0.8999508507835458,0.08432859071554678,Knife River Corporation,Woodburn (Oregon) Plant,OR,Pacific Northwest Region,other_or_unspecified,3000.0,3000,28.0,standard_28,133.66666666666666,strict_group,395.0,71.0,64.13333333333334,62.66666666666666,0.46882793017456353,69.53333333333332,0.5201995012468827,True,True,True
8198,1,0.8994389099023311,0.08432859071554678,CEMEX,Grand Parkway Plant,TX,South Central Region,filler,2000.0,2000,28.0,standard_28,156.0,national_spec_group,17.0,134.5,118.6,21.5,0.13782051282051283,37.400000000000006,0.23974358974358978,True,True,False
33954,1,0.8987425176297881,0.08432859071554678,Knife River Corporation,Wheatland (Oregon) Plant,OR,Pacific Northwest Region,other_or_unspecified,3000.0,3000,28.0,standard_28,160.66666666666666,strict_group,395.0,71.0,64.13333333333334,89.66666666666666,0.558091286307054,96.53333333333332,0.6008298755186722,True,True,True
15742,1,0.8982222555944495,0.08432859071554678,CEMEX,Waters Avenue Plant,FL,Southeastern Region,other_or_unspecified,3000.0,3000,28.0,standard_28,148.0,strict_group,701.0,91.66666666666667,82.66666666666667,56.33333333333333,0.3806306306306306,65.33333333333333,0.44144144144144143,True,True,True
42873,1,0.8970545543243748,0.08432859071554678,Silver Strike Concrete,Silver Strike Sparks Plant,NV,Pacific Southwest Region,filler,3000.0,3000,28.0,standard_28,136.66666666666666,strict_group,12.0,92.5,91.39999999999999,44.16666666666666,0.323170731707317,45.266666666666666,0.33121951219512197,True,True,True
31066,1,0.8951285979807241,0.08432859071554678,Graniterock,Monterey-Seaside Plant,CA,Pacific Southwest Region,other_or_unspecified,3000.0,3000,28.0,standard_28,165.0,strict_group,89.0,92.0,80.53333333333333,73.0,0.44242424242424244,84.46666666666667,0.5119191919191919,True,True,True
31067,1,0.8951285979807241,0.08432859071554678,Graniterock,Monterey-Seaside Plant,CA,Pacific Southwest Region,other_or_unspecified,3000.0,3000,28.0,standard_28,165.0,strict_group,89.0,92.0,80.53333333333333,73.0,0.44242424242424244,84.46666666666667,0.5119191919191919,True,True,True
42552,1,0.8945511720468889,0.08432859071554678,Robertson's Ready Mix,Rialto Plant,CA,Pacific Southwest Region,other_or_unspecified,3000.0,3000,28.0,standard_28,135.66666666666666,strict_group,89.0,92.0,80.53333333333333,43.66666666666666,0.3218673218673218,55.133333333333326,0.4063882063882064,True,True,True
33860,0,0.8939096033242139,0.08432859071554678,Knife River Corporation,Redmond (Oregon) Plant,OR,Pacific Northwest Region,filler,2000.0,2000,28.0,standard_28,123.0,strict_group,7.0,130.5,125.1,0.0,0.0,0.0,0.0,True,False,False
2393,1,0.8933641092870679,0.08432859071554678,Byram Concrete & Supply LLC,Byram Concrete & Supply LLC Plant,NY,Eastern Region,filler,4000.0,4000,28.0,standard_28,145.75,strict_group,83.0,88.0,68.55,57.75,0.39622641509433965,77.2,0.5296740994854202,True,True,True
42558,1,0.8931078872221485,0.08432859071554678,Robertson's Ready Mix,Vernon Plant,CA,Pacific Southwest Region,structural,3000.0,3000,28.0,standard_28,137.33333333333334,national_spec_group,41.0,71.33333333333333,67.0,66.00000000000001,0.4805825242718447,70.33333333333334,0.5121359223300971,True,True,True
4515,1,0.8920624135147179,0.08432859071554678,"Callanan Industries, Inc.",Oriskany Plant,NY,Eastern Region,other_or_unspecified,2000.0,2000,28.0,standard_28,134.0,strict_group,11.0,124.0,93.5,10.0,0.07462686567164178,40.5,0.30223880597014924,True,False,False
45908,0,0.8916345463257775,0.08432859071554678,Titan Virginia Ready-Mix,Sterling RM (Plant 1),VA,Eastern Region,other_or_unspecified,3500.0,3500,28.0,standard_28,122.57142857142857,strict_group,117.0,95.71428571428571,84.05714285714286,26.85714285714286,0.21911421911421916,38.514285714285705,0.31421911421911414,True,True,True
9308,1,0.8904521599212273,0.08432859071554678,CEMEX,Lecanto East Plant,FL,Southeastern Region,other_or_unspecified,4000.0,4000,28.0,standard_28,130.0,strict_group,440.0,77.6875,69.75,52.3125,0.40240384615384617,60.25,0.4634615384615385,True,True,True
4626,1,0.890191982104975,0.08432859071554678,Cape Cod Ready Mix,Orleans Plant,MA,Eastern Region,other_or_unspecified,2500.0,2500,28.0,standard_28,150.0,strict_group,18.0,103.4,78.72,46.599999999999994,0.31066666666666665,71.28,0.4752,True,True,True
33932,1,0.8893212295545595,0.08432859071554678,Knife River Corporation,Tumalo (Oregon) Plant,OR,Pacific Northwest Region,filler,2000.0,2000,28.0,standard_28,126.5,strict_group,7.0,130.5,125.1,0.0,0.0,1.4000000000000057,0.011067193675889373,True,False,False
42655,0,0.8881227722044306,0.08432859071554678,Schuster Concrete,Portable 18 Plant,DC,Eastern Region,other_or_unspecified,3000.0,3000,28.0,standard_28,120.66666666666667,strict_group,295.0,91.33333333333333,79.06666666666668,29.333333333333343,0.24309392265193377,41.599999999999994,0.34475138121546955,True,True,True
43271,0,0.8880117920520961,0.08432859071554678,Silvi Materials,Philadelphia Plant,PA,Eastern Region,filler,4000.0,4000,28.0,standard_28,118.75,strict_group,83.0,88.0,68.55,30.75,0.25894736842105265,50.2,0.4227368421052632,True,True,True
4823,1,0.8867575099878703,0.08432859071554678,CEMEX,56th Street Plant,FL,Southeastern Region,other_or_unspecified,2500.0,2500,28.0,standard_28,127.2,strict_group,212.0,92.7,82.88,34.5,0.2712264150943396,44.32000000000001,0.3484276729559749,True,True,True
42521,1,0.8862008549426224,0.08432859071554678,Robertson's Ready Mix,Rialto Plant,CA,Pacific Southwest Region,other_or_unspecified,3000.0,3000,28.0,standard_28,135.66666666666666,strict_group,89.0,92.0,80.53333333333333,43.66666666666666,0.3218673218673218,55.133333333333326,0.4063882063882064,True,True,True
42550,0,0.8852630824061324,0.08432859071554678,Robertson's Ready Mix,Rialto Plant,CA,Pacific Southwest Region,other_or_unspecified,2500.0,2500,28.0,standard_28,120.4,strict_group,16.0,102.5,100.8,17.900000000000006,0.14867109634551498,19.60000000000001,0.16279069767441867,True,True,False
33557,1,0.8846513291434513,0.08432859071554678,Knife River Corporation,Corvallis (Oregon) Plant,OR,Pacific Northwest Region,other_or_unspecified,3000.0,3000,28.0,standard_28,174.66666666666666,strict_group,395.0,71.0,64.13333333333334,103.66666666666666,0.5935114503816794,110.53333333333332,0.6328244274809159,True,True,True
9090,0,0.8840347946961903,0.08432859071554678,CEMEX,Lafayette Plant,GA,Southeastern Region,other_or_unspecified,3000.0,3000,28.0,standard_28,116.66666666666667,strict_group,701.0,91.66666666666667,82.66666666666667,25.0,0.21428571428571427,34.0,0.2914285714285714,True,True,True
8185,1,0.8837951890813005,0.08432859071554678,CEMEX,Globe Plant,AZ,Pacific Southwest Region,filler,2000.0,2000,28.0,standard_28,156.0,strict_group,5.0,156.0,129.6,0.0,0.0,26.400000000000006,0.16923076923076927,True,False,False
44147,0,0.8837698989119409,0.08432859071554678,Tec-Crete Transit Mix Corp.,Jamaica Plant,NY,Eastern Region,other_or_unspecified,3000.0,3000,28.0,standard_28,122.0,strict_group,295.0,91.33333333333333,79.06666666666668,30.66666666666667,0.2513661202185793,42.93333333333332,0.35191256830601086,True,True,True
7075,1,0.8802933427080195,0.08432859071554678,CEMEX,Dallas Plant,GA,Southeastern Region,other_or_unspecified,3000.0,3000,28.0,standard_28,137.33333333333334,strict_group,701.0,91.66666666666667,82.66666666666667,45.66666666666667,0.3325242718446602,54.66666666666667,0.39805825242718446,True,True,True
9901,1,0.8799526795690046,0.08432859071554678,CEMEX,McIntosh Plant,FL,Southeastern Region,other_or_unspecified,3000.0,3000,28.0,standard_28,157.0,strict_group,701.0,91.66666666666667,82.66666666666667,65.33333333333333,0.41613588110403393,74.33333333333333,0.47346072186836513,True,True,True
10629,1,0.876730414559603,0.08432859071554678,CEMEX,New Smyrna Plant,FL,Southeastern Region,other_or_unspecified,3000.0,3000,28.0,standard_28,135.0,strict_group,701.0,91.66666666666667,82.66666666666667,43.33333333333333,0.32098765432098764,52.33333333333333,0.3876543209876543,True,True,True
33564,1,0.8764916698262026,0.08432859071554678,Knife River Corporation,Corvallis (Oregon) Plant,OR,Pacific Northwest Region,filler,3000.0,3000,28.0,standard_28,139.66666666666666,strict_group,16.0,106.91666666666667,89.33333333333334,32.749999999999986,0.23448687350835315,50.333333333333314,0.3603818615751789,True,True,True
43046,1,0.8762940259497057,0.08432859071554678,Silvi Materials,Limerick Plant,PA,Eastern Region,filler,3000.0,3000,28.0,standard_28,131.0,strict_group,28.0,94.5,30.75,36.5,0.2786259541984733,100.25,0.7652671755725191,True,True,True
45975,0,0.8762574553537311,0.08432859071554678,Titan Virginia Ready-Mix,Sterling RM (Plant 1),VA,Eastern Region,other_or_unspecified,3500.0,3500,28.0,standard_28,113.71428571428571,strict_group,117.0,95.71428571428571,84.05714285714286,18.0,0.15829145728643218,29.657142857142844,0.2608040201005024,True,True,False
30479,1,0.8759389062775229,0.08432859071554678,"Ernst Enterprises, Inc.",Columbus Plant,OH,Great Lakes Region,other_or_unspecified,3500.0,3500,28.0,standard_28,132.57142857142858,strict_group,9.0,74.0,73.48571428571428,58.571428571428584,0.44181034482758624,59.0857142857143,0.4456896551724139,True,True,True
13182,0,0.8754683510900766,0.08432859071554678,CEMEX,Port Charlotte Plant,FL,Southeastern Region,other_or_unspecified,4000.0,4000,28.0,standard_28,121.75,strict_group,440.0,77.6875,69.75,44.0625,0.36190965092402466,52.0,0.4271047227926078,True,True,True
21933,1,0.872399467327619,0.08432859071554678,Century Ready-Mix,Ruston Plant,LA,South Central Region,filler,2000.0,2000,28.0,standard_28,181.0,national_spec_group,17.0,134.5,118.6,46.5,0.2569060773480663,62.400000000000006,0.34475138121546967,True,True,True
43231,1,0.8720902019504954,0.08432859071554678,Silvi Materials,Philadelphia Plant,PA,Eastern Region,filler,3000.0,3000,28.0,standard_28,129.66666666666666,strict_group,28.0,94.5,30.75,35.16666666666666,0.27120822622107965,98.91666666666666,0.762853470437018,True,True,True
42371,0,0.8715951646177758,0.08432859071554678,Robertson's Ready Mix,Gardena Plant,CA,Pacific Southwest Region,other_or_unspecified,2500.0,2500,28.0,standard_28,119.6,strict_group,16.0,102.5,100.8,17.099999999999994,0.1429765886287625,18.799999999999997,0.157190635451505,True,True,False
33723,1,0.8715252480906772,0.08432859071554678,Knife River Corporation,McMinnville (Oregon) Plant,OR,Pacific Northwest Region,other_or_unspecified,3000.0,3000,28.0,standard_28,149.0,strict_group,395.0,71.0,64.13333333333334,78.0,0.5234899328859061,84.86666666666666,0.5695749440715884,True,True,True
46659,0,0.8710183497984931,0.08432859071554678,US Concrete Mix / Smyrna Ready Mix,Irving Plant,TX,South Central Region,other_or_unspecified,4000.0,4000,28.0,standard_28,118.0,strict_group,125.0,64.75,58.2,53.25,0.451271186440678,59.8,0.5067796610169492,True,True,True
33562,1,0.8708540737336296,0.08432859071554678,Knife River Corporation,Corvallis (Oregon) Plant,OR,Pacific Northwest Region,other_or_unspecified,3000.0,3000,28.0,standard_28,137.33333333333334,strict_group,395.0,71.0,64.13333333333334,66.33333333333334,0.48300970873786414,73.2,0.533009708737864,True,True,True
9226,1,0.8703237140964366,0.08432859071554678,CEMEX,Largo II Plant,FL,Southeastern Region,other_or_unspecified,3000.0,3000,28.0,standard_28,147.66666666666666,strict_group,701.0,91.66666666666667,82.66666666666667,55.999999999999986,0.37923250564334077,64.99999999999999,0.44018058690744916,True,True,True
9060,0,0.8702033510204602,0.08432859071554678,CEMEX,LaBelle 1 Plant,FL,Southeastern Region,other_or_unspecified,3000.0,3000,28.0,standard_28,112.66666666666667,strict_group,701.0,91.66666666666667,82.66666666666667,21.0,0.18639053254437868,30.0,0.2662721893491124,True,True,False
13017,1,0.8694855509655512,0.08432859071554678,CEMEX,Plant City RK Plant,FL,Southeastern Region,other_or_unspecified,3000.0,3000,28.0,standard_28,133.33333333333334,strict_group,701.0,91.66666666666667,82.66666666666667,41.66666666666667,0.3125,50.66666666666667,0.38,True,True,True
40723,0,0.8693858879633758,0.08432859071554678,"O&G Industries, Inc.",Bridgeport Plant,CT,Eastern Region,other_or_unspecified,4000.0,4000,28.0,standard_28,119.5,strict_group,636.0,74.75,60.75,44.75,0.37447698744769875,58.75,0.4916317991631799,True,True,True
16140,1,0.8688782270778043,0.08432859071554678,CEMEX,Winfield Plant,AL,Southeastern Region,other_or_unspecified,3000.0,3000,28.0,standard_28,132.66666666666666,strict_group,701.0,91.66666666666667,82.66666666666667,40.999999999999986,0.30904522613065316,49.999999999999986,0.3768844221105527,True,True,True
15515,1,0.8683941523477031,0.08432859071554678,CEMEX,Tyrone Plant,GA,Southeastern Region,other_or_unspecified,3000.0,3000,28.0,standard_28,139.66666666666666,strict_group,701.0,91.66666666666667,82.66666666666667,47.999999999999986,0.34367541766109777,56.999999999999986,0.4081145584725536,True,True,True
30736,1,0.8670857397104427,0.08432859071554678,Four Winds Concrete Inc.,Bethlehem Plant,PA,Eastern Region,other_or_unspecified,1200.0,1000,1.0,early,125.83333333333334,regional_strength_group,9.0,210.0,122.00000000000001,0.0,0.0,3.8333333333333286,0.030463576158940357,True,False,False
4662,1,0.8666038263281354,0.08432859071554678,Cape Cod Ready Mix,Sandwich Plant,MA,Eastern Region,other_or_unspecified,2500.0,2500,28.0,standard_28,142.8,strict_group,18.0,103.4,78.72,39.400000000000006,0.2759103641456583,64.08000000000001,0.4487394957983194,True,True,True
4590,1,0.8666038263281354,0.08432859071554678,Cape Cod Ready Mix,Dennis Plant,MA,Eastern Region,other_or_unspecified,2500.0,2500,28.0,standard_28,144.4,strict_group,18.0,103.4,78.72,41.0,0.2839335180055402,65.68,0.4548476454293629,True,True,True
45703,0,0.8654587839029172,0.08432859071554678,Titan Virginia Ready-Mix,Sterling RM (Plant 1),VA,Eastern Region,other_or_unspecified,2000.0,2000,28.0,standard_28,118.5,strict_group,11.0,124.0,93.5,0.0,0.0,25.0,0.2109704641350211,True,False,False
43270,0,0.8631596795974535,0.08432859071554678,Silvi Materials,Philadelphia Plant,PA,Eastern Region,other_or_unspecified,4000.0,4000,28.0,standard_28,115.5,strict_group,636.0,74.75,60.75,40.75,0.3528138528138528,54.75,0.474025974025974,True,True,True
9765,0,0.8628992518802587,0.08432859071554678,CEMEX,Marietta Plant,FL,Southeastern Region,other_or_unspecified,4000.0,4000,28.0,standard_28,111.5,strict_group,440.0,77.6875,69.75,33.8125,0.3032511210762332,41.75,0.3744394618834081,True,True,True
5144,1,0.8572787416822448,0.08432859071554678,CEMEX,Andalusia Plant,AL,Southeastern Region,paving,3000.0,3000,28.0,standard_28,130.0,strict_group,16.0,94.25,87.66666666666666,35.75,0.275,42.33333333333334,0.3256410256410257,True,True,True
3816,1,0.8568465388985691,0.08432859071554678,Cadman / Heidelberg Materials,Port of Portland Plant,OR,Pacific Northwest Region,other_or_unspecified,2000.0,2000,28.0,standard_28,163.0,strict_group,14.0,122.625,99.0,40.375,0.2476993865030675,64.0,0.39263803680981596,True,True,True
42582,1,0.8559913671010403,0.08432859071554678,Robertson's Ready Mix,Vernon Plant,CA,Pacific Southwest Region,other_or_unspecified,2500.0,2500,28.0,standard_28,154.0,strict_group,16.0,102.5,100.8,51.5,0.3344155844155844,53.2,0.34545454545454546,True,True,True
45677,1,0.8538478180518573,0.08432859071554678,Titan Virginia Ready-Mix,Stafford RM Plant,VA,Eastern Region,other_or_unspecified,3500.0,3500,28.0,standard_28,147.14285714285714,strict_group,117.0,95.71428571428571,84.05714285714286,51.42857142857143,0.34951456310679613,63.085714285714275,0.42873786407766984,True,True,True
6515,0,0.8533525481590956,0.08432859071554678,CEMEX,Columbus - Smith Rd (Vulcan Quarry) Plant,GA,Southeastern Region,other_or_unspecified,2200.0,2000,28.0,standard_28,121.36363636363636,strict_group,9.0,114.0,97.9,7.36363636363636,0.06067415730337076,23.463636363636354,0.19333333333333327,True,False,False
7588,0,0.8524951757960135,0.08432859071554678,CEMEX,Eastport Plant,FL,Southeastern Region,other_or_unspecified,4000.0,4000,28.0,standard_28,118.5,strict_group,440.0,77.6875,69.75,40.8125,0.3444092827004219,48.75,0.41139240506329117,True,True,True
13504,0,0.8513004720116126,0.08432859071554678,CEMEX,Russellville Plant,AL,Southeastern Region,other_or_unspecified,3000.0,3000,28.0,standard_28,106.33333333333333,strict_group,701.0,91.66666666666667,82.66666666666667,14.666666666666657,0.13793103448275854,23.666666666666657,0.22257053291536041,True,True,False
11863,0,0.8503920842531398,0.08432859071554678,CEMEX,Palmomar Oceanside Plant,CA,Pacific Southwest Region,other_or_unspecified,2500.0,2500,28.0,standard_28,100.8,strict_group,16.0,102.5,100.8,0.0,0.0,0.0,0.0,True,False,False
16179,0,0.8498507638199294,0.08432859071554678,CEMEX,Winter Park Plant,FL,Southeastern Region,other_or_unspecified,2500.0,2500,28.0,standard_28,118.0,strict_group,212.0,92.7,82.88,25.299999999999997,0.21440677966101693,35.120000000000005,0.2976271186440678,True,True,True
33725,1,0.8495546613104199,0.08432859071554678,Knife River Corporation,McMinnville (Oregon) Plant,OR,Pacific Northwest Region,filler,3000.0,3000,28.0,standard_28,170.0,strict_group,16.0,106.91666666666667,89.33333333333334,63.08333333333333,0.371078431372549,80.66666666666666,0.47450980392156855,True,True,True
14908,0,0.8493383653596536,0.08432859071554678,CEMEX,St. Cloud Plant,FL,Southeastern Region,other_or_unspecified,2500.0,2500,28.0,standard_28,122.4,strict_group,212.0,92.7,82.88,29.700000000000003,0.2426470588235294,39.52000000000001,0.3228758169934641,True,True,True
7550,1,0.8478085564073182,0.08432859071554678,CEMEX,East Plant/East Naples/East Trail Plant,FL,Southeastern Region,other_or_unspecified,3000.0,3000,28.0,standard_28,135.0,strict_group,701.0,91.66666666666667,82.66666666666667,43.33333333333333,0.32098765432098764,52.33333333333333,0.3876543209876543,True,True,True
2162,0,0.8468966599888716,0.08432859071554678,Boston Sand & Gravel,Boston Sand & Gravel,MA,Eastern Region,other_or_unspecified,4000.0,4000,28.0,standard_28,104.0,strict_group,636.0,74.75,60.75,29.25,0.28125,43.25,0.41586538461538464,True,True,True
31237,1,0.8466321058694221,0.08432859071554678,Graniterock,Redwood City Plant,CA,Pacific Southwest Region,other_or_unspecified,3000.0,3000,28.0,standard_28,178.66666666666666,strict_group,89.0,92.0,80.53333333333333,86.66666666666666,0.4850746268656716,98.13333333333333,0.5492537313432836,True,True,True
31236,1,0.8466321058694221,0.08432859071554678,Graniterock,Redwood City Plant,CA,Pacific Southwest Region,other_or_unspecified,3000.0,3000,28.0,standard_28,178.66666666666666,strict_group,89.0,92.0,80.53333333333333,86.66666666666666,0.4850746268656716,98.13333333333333,0.5492537313432836,True,True,True
16054,1,0.8459830949262843,0.08432859071554678,CEMEX,Westside Plant,FL,Southeastern Region,filler,3000.0,3000,28.0,standard_28,132.33333333333334,strict_group,44.0,117.25,105.0,15.083333333333343,0.1139798488664988,27.333333333333343,0.20654911838790938,True,True,False
9137,1,0.8448048716287593,0.08432859071554678,CEMEX,Lake Wales Plant,FL,Southeastern Region,other_or_unspecified,3000.0,3000,28.0,standard_28,167.66666666666666,strict_group,701.0,91.66666666666667,82.66666666666667,75.99999999999999,0.45328031809145125,84.99999999999999,0.5069582504970178,True,True,True
409,1,0.8427374428714287,0.08432859071554678,American Rock Products (ARP),Boardman Plant,OR,Pacific Northwest Region,filler,2000.0,2000,28.0,standard_28,151.0,strict_group,7.0,130.5,125.1,20.5,0.1357615894039735,25.900000000000006,0.17152317880794707,True,True,False
43042,0,0.8424633477188668,0.08432859071554678,Silvi Materials,Limerick Plant,PA,Eastern Region,other_or_unspecified,3000.0,3000,28.0,standard_28,122.66666666666667,strict_group,295.0,91.33333333333333,79.06666666666668,31.333333333333343,0.25543478260869573,43.599999999999994,0.3554347826086956,True,True,True
43137,1,0.8424633477188668,0.08432859071554678,Silvi Materials,Morrisville Plant,PA,Eastern Region,other_or_unspecified,3000.0,3000,28.0,standard_28,129.66666666666666,strict_group,295.0,91.33333333333333,79.06666666666668,38.33333333333333,0.29562982005141386,50.59999999999998,0.3902313624678662,True,True,True
33984,1,0.8424589730862,0.08432859071554678,Knife River Corporation,Woodburn (Oregon) Plant,OR,Pacific Northwest Region,other_or_unspecified,3000.0,3000,28.0,standard_28,170.0,strict_group,395.0,71.0,64.13333333333334,99.0,0.5823529411764706,105.86666666666666,0.6227450980392156,True,True,True
46110,1,0.8423570615149358,0.08432859071554678,Tresca Brothers Concrete,One Plant,MA,Eastern Region,structural,4000.0,4000,28.0,standard_28,135.0,strict_group,8.0,96.9375,87.975,38.0625,0.28194444444444444,47.025000000000006,0.3483333333333334,True,True,True
16165,1,0.8411795842995643,0.08432859071554678,CEMEX,Winfield Plant,AL,Southeastern Region,other_or_unspecified,3000.0,3000,28.0,standard_28,132.33333333333334,strict_group,701.0,91.66666666666667,82.66666666666667,40.66666666666667,0.30730478589420657,49.66666666666667,0.37531486146095716,True,True,True
33752,0,0.8392606562393905,0.08432859071554678,Knife River Corporation,Medford (Oregon) Plant,OR,Pacific Northwest Region,other_or_unspecified,3000.0,3000,28.0,standard_28,118.0,strict_group,395.0,71.0,64.13333333333334,47.0,0.3983050847457627,53.86666666666666,0.4564971751412429,True,True,True
33504,1,0.8383533541991265,0.08432859071554678,Knife River Corporation,Boise (Idaho) Plant,ID,Pacific Northwest Region,other_or_unspecified,2200.0,2000,28.0,standard_28,132.72727272727272,strict_group,14.0,122.625,99.0,10.10227272727272,0.07611301369863008,33.72727272727272,0.2541095890410959,True,False,False
33328,1,0.8376341277222054,0.08432859071554678,Ingram Ready Mix,Pearland #35 LLC Plant,TX,South Central Region,filler,1500.0,1500,28.0,standard_28,165.33333333333334,none,,,,,,,,False,False,False
43647,1,0.8375349043987581,0.08432859071554678,Smyrna Ready Mix,Dallas Commerce Plant,TX,South Central Region,other_or_unspecified,4000.0,4000,28.0,standard_28,126.75,strict_group,125.0,64.75,58.2,62.0,0.4891518737672584,68.55,0.5408284023668639,True,True,True
43074,1,0.8367600224638018,0.08432859071554678,Silvi Materials,Limerick Plant,PA,Eastern Region,filler,4000.0,4000,28.0,standard_28,160.0,strict_group,83.0,88.0,68.55,72.0,0.45,91.45,0.5715625,True,True,True
43877,1,0.8366228817663625,0.08432859071554678,Sterling Concrete Corp,Oxford Plant,MA,Eastern Region,other_or_unspecified,4000.0,4000,28.0,standard_28,136.25,strict_group,636.0,74.75,60.75,61.5,0.45137614678899085,75.5,0.5541284403669725,True,True,True
33947,1,0.8350257505447497,0.08432859071554678,Knife River Corporation,Wheatland (Oregon) Plant,OR,Pacific Northwest Region,other_or_unspecified,3000.0,3000,3.0,early,193.33333333333334,strict_group,10.0,148.91666666666669,122.13333333333333,44.41666666666666,0.22974137931034477,71.20000000000002,0.36827586206896556,True,True,True
33565,0,0.8335843765865674,0.08432859071554678,Knife River Corporation,Corvallis (Oregon) Plant,OR,Pacific Northwest Region,other_or_unspecified,3000.0,3000,28.0,standard_28,113.66666666666667,strict_group,395.0,71.0,64.13333333333334,42.66666666666667,0.375366568914956,49.53333333333333,0.4357771260997067,True,True,True
33997,1,0.8322032504453555,0.08432859071554678,Knife River Corporation,Woodburn (Oregon) Plant,OR,Pacific Northwest Region,other_or_unspecified,3000.0,3000,28.0,standard_28,152.66666666666666,strict_group,395.0,71.0,64.13333333333334,81.66666666666666,0.5349344978165939,88.53333333333332,0.5799126637554585,True,True,True
42372,1,0.8314427900225895,0.08432859071554678,Robertson's Ready Mix,Gardena Plant,CA,Pacific Southwest Region,other_or_unspecified,2500.0,2500,28.0,standard_28,151.6,strict_group,16.0,102.5,100.8,49.099999999999994,0.3238786279683377,50.8,0.33509234828496043,True,True,True
5127,1,0.8305986210067158,0.08432859071554678,CEMEX,Andalusia Plant,AL,Southeastern Region,other_or_unspecified,3000.0,3000,28.0,standard_28,155.0,strict_group,701.0,91.66666666666667,82.66666666666667,63.33333333333333,0.4086021505376344,72.33333333333333,0.4666666666666666,True,True,True
5465,0,0.8295493619291354,0.08432859071554678,CEMEX,Atmore Plant,AL,Southeastern Region,paving,3000.0,3000,28.0,standard_28,113.66666666666667,strict_group,16.0,94.25,87.66666666666666,19.41666666666667,0.1708211143695015,26.000000000000014,0.22873900293255142,True,True,False
33438,0,0.8287012833565326,0.08432859071554678,Kirkpatrick Concrete,Lakeshore Plant,AL,Southeastern Region,other_or_unspecified,2500.0,2500,28.0,standard_28,118.4,strict_group,212.0,92.7,82.88,25.700000000000003,0.21706081081081083,35.52000000000001,0.30000000000000004,True,True,True
33351,1,0.8287012833565326,0.08432859071554678,Kirkpatrick Concrete,Alabaster Plant,AL,Southeastern Region,other_or_unspecified,2500.0,2500,28.0,standard_28,125.6,strict_group,212.0,92.7,82.88,32.89999999999999,0.26194267515923564,42.72,0.3401273885350318,True,True,True
33416,0,0.8287012833565326,0.08432859071554678,Kirkpatrick Concrete,Highway 280 Plant,AL,Southeastern Region,other_or_unspecified,2500.0,2500,28.0,standard_28,120.4,strict_group,212.0,92.7,82.88,27.700000000000003,0.23006644518272426,37.52000000000001,0.31162790697674425,True,True,True
33394,0,0.8287012833565326,0.08432859071554678,Kirkpatrick Concrete,Gardendale Plant,AL,Southeastern Region,other_or_unspecified,2500.0,2500,28.0,standard_28,120.8,strict_group,212.0,92.7,82.88,28.099999999999994,0.23261589403973507,37.92,0.31390728476821195,True,True,True
4828,0,0.8275267984665052,0.08432859071554678,CEMEX,56th Street Plant,FL,Southeastern Region,other_or_unspecified,3000.0,3000,28.0,standard_28,108.0,strict_group,701.0,91.66666666666667,82.66666666666667,16.33333333333333,0.15123456790123452,25.33333333333333,0.23456790123456786,True,True,False
45130,0,0.826982746214216,0.08432859071554678,Titan Virginia Ready-Mix,Chesterfield Plant,VA,Eastern Region,other_or_unspecified,4000.0,4000,28.0,standard_28,104.75,strict_group,636.0,74.75,60.75,30.0,0.2863961813842482,44.0,0.4200477326968974,True,True,True
31439,1,0.8269798357093292,0.08432859071554678,Graniterock,Salinas Plant,CA,Pacific Southwest Region,other_or_unspecified,3000.0,3000,28.0,standard_28,164.66666666666666,strict_group,89.0,92.0,80.53333333333333,72.66666666666666,0.4412955465587044,84.13333333333333,0.5109311740890689,True,True,True
31438,1,0.8269798357093292,0.08432859071554678,Graniterock,Salinas Plant,CA,Pacific Southwest Region,other_or_unspecified,3000.0,3000,28.0,standard_28,164.66666666666666,strict_group,89.0,92.0,80.53333333333333,72.66666666666666,0.4412955465587044,84.13333333333333,0.5109311740890689,True,True,True
5472,0,0.825243477639207,0.08432859071554678,CEMEX,Auburn (Portable) Plant,AL,Southeastern Region,filler,3000.0,3000,28.0,standard_28,122.66666666666667,strict_group,44.0,117.25,105.0,5.416666666666671,0.04415760869565221,17.66666666666667,0.1440217391304348,True,False,False
43227,1,0.8231524791797994,0.08432859071554678,Silvi Materials,Philadelphia Plant,PA,Eastern Region,other_or_unspecified,3000.0,3000,28.0,standard_28,134.0,strict_group,295.0,91.33333333333333,79.06666666666668,42.66666666666667,0.318407960199005,54.93333333333332,0.4099502487562188,True,True,True
43230,1,0.8214340554419028,0.08432859071554678,Silvi Materials,Philadelphia Plant,PA,Eastern Region,filler,3000.0,3000,28.0,standard_28,129.66666666666666,strict_group,28.0,94.5,30.75,35.16666666666666,0.27120822622107965,98.91666666666666,0.762853470437018,True,True,True
33566,0,0.818148322567985,0.08432859071554678,Knife River Corporation,Corvallis (Oregon) Plant,OR,Pacific Northwest Region,other_or_unspecified,3000.0,3000,28.0,standard_28,113.66666666666667,strict_group,395.0,71.0,64.13333333333334,42.66666666666667,0.375366568914956,49.53333333333333,0.4357771260997067,True,True,True
4892,1,0.8151247531470972,0.08432859071554678,CEMEX,78th Street Plant,FL,Southeastern Region,other_or_unspecified,3000.0,3000,28.0,standard_28,203.66666666666666,strict_group,701.0,91.66666666666667,82.66666666666667,111.99999999999999,0.5499181669394435,120.99999999999999,0.5941080196399345,True,True,True
33933,1,0.8145072770253647,0.08432859071554678,Knife River Corporation,Tumalo (Oregon) Plant,OR,Pacific Northwest Region,other_or_unspecified,3000.0,3000,28.0,standard_28,146.66666666666666,strict_group,395.0,71.0,64.13333333333334,75.66666666666666,0.5159090909090909,82.53333333333332,0.5627272727272726,True,True,True
518,1,0.811765249821792,0.08432859071554678,American Rock Products (ARP),Hermiston Plant,OR,Pacific Northwest Region,other_or_unspecified,3500.0,3500,28.0,standard_28,138.85714285714286,strict_group,339.0,68.59126984126985,58.0,70.26587301587301,0.5060299497027891,80.85714285714286,0.5823045267489712,True,True,True
13193,0,0.8113540490175127,0.08432859071554678,CEMEX,Port Charlotte Plant,FL,Southeastern Region,other_or_unspecified,3000.0,3000,28.0,standard_28,115.33333333333333,strict_group,701.0,91.66666666666667,82.66666666666667,23.666666666666657,0.20520231213872825,32.66666666666666,0.2832369942196531,True,True,True
15741,0,0.8113036189853569,0.08432859071554678,CEMEX,Waters Avenue Plant,FL,Southeastern Region,other_or_unspecified,3000.0,3000,28.0,standard_28,123.66666666666667,strict_group,701.0,91.66666666666667,82.66666666666667,32.0,0.2587601078167116,41.0,0.33153638814016173,True,True,True
33508,1,0.8106118997737315,0.08432859071554678,Knife River Corporation,Boise (Idaho) Plant,ID,Pacific Northwest Region,other_or_unspecified,3000.0,3000,28.0,standard_28,124.33333333333333,strict_group,395.0,71.0,64.13333333333334,53.33333333333333,0.42895442359249325,60.19999999999999,0.48418230563002673,True,True,True
12069,1,0.8099747527822864,0.08432859071554678,CEMEX,Pennington Plant,AL,Southeastern Region,other_or_unspecified,3000.0,3000,28.0,standard_28,124.66666666666667,strict_group,701.0,91.66666666666667,82.66666666666667,33.0,0.2647058823529412,42.0,0.33689839572192515,True,True,True
16364,0,0.8091421073890444,0.08432859071554678,Cemstone,Minneapolis Plant ,MN,North Central Region,other_or_unspecified,4500.0,4500,28.0,standard_28,72.88888888888889,strict_group,35.0,65.55555555555554,60.62222222222222,7.333333333333343,0.1006097560975611,12.266666666666666,0.16829268292682925,True,True,False
33654,0,0.805225934988901,0.08432859071554678,Knife River Corporation,Fruitland (Idaho) Plant,ID,Pacific Northwest Region,other_or_unspecified,3000.0,3000,28.0,standard_28,119.0,strict_group,395.0,71.0,64.13333333333334,48.0,0.40336134453781514,54.86666666666666,0.4610644257703081,True,True,True
33507,1,0.8029556882821957,0.08432859071554678,Knife River Corporation,Boise (Idaho) Plant,ID,Pacific Northwest Region,other_or_unspecified,3000.0,3000,28.0,standard_28,124.33333333333333,strict_group,395.0,71.0,64.13333333333334,53.33333333333333,0.42895442359249325,60.19999999999999,0.48418230563002673,True,True,True
9086,0,0.8026407838390602,0.08432859071554678,CEMEX,Lafayette Plant,GA,Southeastern Region,other_or_unspecified,2200.0,2000,28.0,standard_28,114.99999999999999,strict_group,9.0,114.0,97.9,0.9999999999999858,0.00869565217391292,17.09999999999998,0.1486956521739129,True,False,False
11445,0,0.8025964830765884,0.08432859071554678,CEMEX,Ocala West Plant,FL,Southeastern Region,other_or_unspecified,3000.0,3000,28.0,standard_28,118.66666666666667,strict_group,701.0,91.66666666666667,82.66666666666667,27.0,0.22752808988764045,36.0,0.3033707865168539,True,True,True
14909,0,0.8021041975542328,0.08432859071554678,CEMEX,St. Cloud Plant,FL,Southeastern Region,other_or_unspecified,3000.0,3000,28.0,standard_28,123.66666666666667,strict_group,701.0,91.66666666666667,82.66666666666667,32.0,0.2587601078167116,41.0,0.33153638814016173,True,True,True
9900,1,0.798432563198363,0.08432859071554678,CEMEX,McIntosh Plant,FL,Southeastern Region,other_or_unspecified,3000.0,3000,28.0,standard_28,127.66666666666667,strict_group,701.0,91.66666666666667,82.66666666666667,36.0,0.2819843342036553,45.0,0.3524804177545692,True,True,True
16282,1,0.797397255403088,0.08432859071554678,CEMEX,Zephyrhills Plant,FL,Southeastern Region,other_or_unspecified,3000.0,3000,28.0,standard_28,129.33333333333334,strict_group,701.0,91.66666666666667,82.66666666666667,37.66666666666667,0.2912371134020619,46.66666666666667,0.36082474226804123,True,True,True
415,1,0.797116842670901,0.08432859071554678,American Rock Products (ARP),Boardman Plant,OR,Pacific Northwest Region,other_or_unspecified,3500.0,3500,28.0,standard_28,135.71428571428572,strict_group,339.0,68.59126984126985,58.0,67.12301587301587,0.49459064327485375,77.71428571428572,0.5726315789473685,True,True,True
15716,0,0.7937619007155869,0.08432859071554678,CEMEX,Vance Plant,AL,Southeastern Region,other_or_unspecified,3000.0,3000,28.0,standard_28,106.33333333333333,strict_group,701.0,91.66666666666667,82.66666666666667,14.666666666666657,0.13793103448275854,23.666666666666657,0.22257053291536041,True,True,False
13018,1,0.7917205805380609,0.08432859071554678,CEMEX,Plant City RK Plant,FL,Southeastern Region,other_or_unspecified,3000.0,3000,28.0,standard_28,164.0,strict_group,701.0,91.66666666666667,82.66666666666667,72.33333333333333,0.4410569105691057,81.33333333333333,0.4959349593495935,True,True,True
5751,1,0.791500675971613,0.08432859071554678,CEMEX,Berth 150 Plant,FL,Southeastern Region,other_or_unspecified,3000.0,3000,28.0,standard_28,135.33333333333334,strict_group,701.0,91.66666666666667,82.66666666666667,43.66666666666667,0.3226600985221675,52.66666666666667,0.3891625615763547,True,True,True
42581,0,0.7910766816858985,0.08432859071554678,Robertson's Ready Mix,Vernon Plant,CA,Pacific Southwest Region,other_or_unspecified,2500.0,2500,28.0,standard_28,122.8,strict_group,16.0,102.5,100.8,20.299999999999997,0.16530944625407165,22.0,0.1791530944625407,True,True,False
10613,0,0.7886547380703758,0.08432859071554678,CEMEX,New Smyrna Plant,FL,Southeastern Region,other_or_unspecified,4000.0,4000,28.0,standard_28,111.5,strict_group,440.0,77.6875,69.75,33.8125,0.3032511210762332,41.75,0.3744394618834081,True,True,True
44161,0,0.7879812126387891,0.08432859071554678,Tec-Crete Transit Mix Corp.,Long Island City Plant,NY,Eastern Region,other_or_unspecified,3500.0,3500,28.0,standard_28,113.42857142857143,strict_group,117.0,95.71428571428571,84.05714285714286,17.714285714285722,0.15617128463476077,29.371428571428567,0.2589420654911838,True,True,False
42240,0,0.7875132173128996,0.08432859071554678,Robertson's Ready Mix,Anaheim Plant,CA,Pacific Southwest Region,other_or_unspecified,3000.0,3000,28.0,standard_28,77.33333333333333,strict_group,89.0,92.0,80.53333333333333,0.0,0.0,0.0,0.0,True,False,False
33949,1,0.7862239756119459,0.08432859071554678,Knife River Corporation,Wheatland (Oregon) Plant,OR,Pacific Northwest Region,other_or_unspecified,3000.0,3000,28.0,standard_28,130.0,strict_group,395.0,71.0,64.13333333333334,59.0,0.45384615384615384,65.86666666666666,0.5066666666666666,True,True,True
43157,1,0.785963158775622,0.08432859071554678,Silvi Materials,Morrisville Plant,PA,Eastern Region,filler,4000.0,4000,28.0,standard_28,140.5,strict_group,83.0,88.0,68.55,52.5,0.3736654804270463,71.95,0.5120996441281139,True,True,True
44160,1,0.7844302474720509,0.08432859071554678,Tec-Crete Transit Mix Corp.,Long Island City Plant,NY,Eastern Region,filler,3000.0,3000,28.0,standard_28,138.0,strict_group,28.0,94.5,30.75,43.5,0.31521739130434784,107.25,0.7771739130434783,True,True,True
11861,0,0.7841306251838314,0.08432859071554678,CEMEX,Palmomar Oceanside Plant,CA,Pacific Southwest Region,filler,3000.0,3000,28.0,standard_28,114.0,strict_group,12.0,92.5,91.39999999999999,21.5,0.18859649122807018,22.60000000000001,0.19824561403508778,True,True,False
2065,0,0.783950151061979,0.08432859071554678,Boston Sand & Gravel,Boston Sand & Gravel,MA,Eastern Region,filler,3000.0,3000,28.0,standard_28,85.0,strict_group,28.0,94.5,30.75,0.0,0.0,54.25,0.638235294117647,True,False,False
33592,1,0.7832311075889467,0.08432859071554678,Knife River Corporation,Eugene (Oregon) Plant,OR,Pacific Northwest Region,other_or_unspecified,3000.0,3000,3.0,early,180.0,strict_group,10.0,148.91666666666669,122.13333333333333,31.083333333333314,0.17268518518518508,57.866666666666674,0.32148148148148153,True,True,False
33344,0,0.7801058978336847,0.08432859071554678,Ingram Ready Mix,Pearland #35 LLC Plant,TX,South Central Region,other_or_unspecified,4500.0,4500,28.0,standard_28,119.11111111111111,strict_group,47.0,64.66666666666667,61.6,54.44444444444444,0.45708955223880593,57.51111111111111,0.4828358208955224,True,True,True
42250,0,0.7787702390890491,0.08432859071554678,Robertson's Ready Mix,Anaheim Plant,CA,Pacific Southwest Region,other_or_unspecified,2500.0,2500,28.0,standard_28,74.4,strict_group,16.0,102.5,100.8,0.0,0.0,0.0,0.0,True,False,False
44162,0,0.7758621727880969,0.08432859071554678,Tec-Crete Transit Mix Corp.,Long Island City Plant,NY,Eastern Region,other_or_unspecified,4000.0,4000,28.0,standard_28,108.0,strict_group,636.0,74.75,60.75,33.25,0.30787037037037035,47.25,0.4375,True,True,True
16280,0,0.7742170561055826,0.08432859071554678,CEMEX,Zephyrhills Plant,FL,Southeastern Region,other_or_unspecified,2500.0,2500,28.0,standard_28,123.6,strict_group,212.0,92.7,82.88,30.89999999999999,0.24999999999999994,40.72,0.3294498381877023,True,True,True
16254,1,0.7731359146746966,0.08432859071554678,CEMEX,Yuma Plant,AZ,Pacific Southwest Region,filler,3000.0,3000,28.0,standard_28,153.33333333333334,strict_group,12.0,92.5,91.39999999999999,60.83333333333334,0.39673913043478265,61.93333333333335,0.40391304347826096,True,True,True
43228,1,0.7710206242524251,0.08432859071554678,Silvi Materials,Philadelphia Plant,PA,Eastern Region,other_or_unspecified,3000.0,3000,28.0,standard_28,128.66666666666666,strict_group,295.0,91.33333333333333,79.06666666666668,37.33333333333333,0.29015544041450775,49.59999999999998,0.38549222797927446,True,True,True
33623,1,0.7700217272003348,0.08432859071554678,Knife River Corporation,Eugene (Oregon) Plant,OR,Pacific Northwest Region,filler,3000.0,3000,28.0,standard_28,159.0,strict_group,16.0,106.91666666666667,89.33333333333334,52.08333333333333,0.3275681341719077,69.66666666666666,0.43815513626834374,True,True,True
4486,1,0.7692726013455917,0.08432859071554678,"Callanan Industries, Inc.",Latham Plant,NY,Eastern Region,other_or_unspecified,2500.0,2500,28.0,standard_28,148.4,strict_group,18.0,103.4,78.72,45.0,0.3032345013477089,69.68,0.4695417789757413,True,True,True
46203,0,0.7645283900747609,0.08432859071554678,United Companies,Gypsum Plant,CO,Rocky Mountains Region,other_or_unspecified,3000.0,3000,28.0,standard_28,83.33333333333333,strict_group,53.0,77.66666666666667,65.4,5.666666666666657,0.0679999999999999,17.933333333333323,0.2151999999999999,True,False,False
44892,1,0.7642023902918826,0.08432859071554678,Titan Virginia Ready-Mix,Campostella Plant,VA,Eastern Region,other_or_unspecified,3500.0,3500,28.0,standard_28,136.0,strict_group,117.0,95.71428571428571,84.05714285714286,40.28571428571429,0.29621848739495804,51.942857142857136,0.3819327731092437,True,True,True
6983,1,0.763860645906735,0.08432859071554678,CEMEX,Crestview Plant,FL,Southeastern Region,other_or_unspecified,2000.0,2000,28.0,standard_28,131.0,strict_group,9.0,114.0,97.9,17.0,0.1297709923664122,33.099999999999994,0.2526717557251908,True,True,False
33466,0,0.7637007242216598,0.08432859071554678,Knife River Corporation,Boise (Idaho) Plant,ID,Pacific Northwest Region,other_or_unspecified,3000.0,3000,28.0,standard_28,109.0,strict_group,395.0,71.0,64.13333333333334,38.0,0.3486238532110092,44.86666666666666,0.4116207951070336,True,True,True
45980,0,0.7633112638596764,0.08432859071554678,Titan Virginia Ready-Mix,Sterling RM (Plant 1),VA,Eastern Region,other_or_unspecified,4000.0,4000,28.0,standard_28,109.75,strict_group,636.0,74.75,60.75,35.0,0.31890660592255127,49.0,0.44646924829157175,True,True,True
5105,1,0.7619670606595286,0.08432859071554678,CEMEX,Andalusia Plant,AL,Southeastern Region,other_or_unspecified,3000.0,3000,28.0,standard_28,132.33333333333334,strict_group,701.0,91.66666666666667,82.66666666666667,40.66666666666667,0.30730478589420657,49.66666666666667,0.37531486146095716,True,True,True
30448,1,0.7606219812354309,0.08432859071554678,Elizabeth River Concrete,Portsmouth Virginia Plant,VA,Eastern Region,filler,4000.0,4000,28.0,standard_28,136.75,strict_group,83.0,88.0,68.55,48.75,0.35648994515539306,68.2,0.4987202925045704,True,True,True
45409,1,0.7603857047514356,0.08432859071554678,Titan Virginia Ready-Mix,Port Norfolk Plant,VA,Eastern Region,other_or_unspecified,3500.0,3500,28.0,standard_28,144.28571428571428,strict_group,117.0,95.71428571428571,84.05714285714286,48.57142857142857,0.33663366336633666,60.22857142857141,0.41742574257425735,True,True,True
30738,1,0.7589316565633747,0.08432859071554678,Four Winds Concrete Inc.,Bethlehem Plant,PA,Eastern Region,other_or_unspecified,3000.0,3000,28.0,standard_28,125.0,strict_group,295.0,91.33333333333333,79.06666666666668,33.66666666666667,0.26933333333333337,45.93333333333332,0.3674666666666666,True,True,True
15519,1,0.7588682150086731,0.08432859071554678,CEMEX,Tyrone Plant,GA,Southeastern Region,paving,2200.0,2000,28.0,standard_28,131.8181818181818,regional_strength_group,14.0,114.25,100.5,17.568181818181813,0.1332758620689655,31.318181818181813,0.2375862068965517,True,True,False
33737,1,0.758327082004775,0.08432859071554678,Knife River Corporation,McMinnville (Oregon) Plant,OR,Pacific Northwest Region,other_or_unspecified,3500.0,3500,28.0,standard_28,136.57142857142858,strict_group,339.0,68.59126984126985,58.0,67.98015873015873,0.4977626685262668,78.57142857142858,0.5753138075313808,True,True,True
2015,0,0.7540354472232932,0.08432859071554678,Bonded Concrete Inc. / The Clemente Group,Pleasant Valley Plant,NY,Eastern Region,other_or_unspecified,3000.0,3000,28.0,standard_28,114.33333333333333,strict_group,295.0,91.33333333333333,79.06666666666668,23.0,0.2011661807580175,35.26666666666665,0.30845481049562673,True,True,True
5518,1,0.7521986208144195,0.08432859071554678,CEMEX,Auburn (Portable) Plant,AL,Southeastern Region,filler,3000.0,3000,28.0,standard_28,133.66666666666666,strict_group,44.0,117.25,105.0,16.416666666666657,0.12281795511221939,28.666666666666657,0.21446384039900243,True,True,False
10619,0,0.7491622765585499,0.08432859071554678,CEMEX,New Smyrna Plant,FL,Southeastern Region,other_or_unspecified,3000.0,3000,28.0,standard_28,123.66666666666667,strict_group,701.0,91.66666666666667,82.66666666666667,32.0,0.2587601078167116,41.0,0.33153638814016173,True,True,True
33634,0,0.7487283160010453,0.08432859071554678,Knife River Corporation,Fruitland (Idaho) Plant,ID,Pacific Northwest Region,other_or_unspecified,3000.0,3000,28.0,standard_28,100.66666666666667,strict_group,395.0,71.0,64.13333333333334,29.66666666666667,0.2947019867549669,36.53333333333333,0.3629139072847682,True,True,True
7079,1,0.74728721172185,0.08432859071554678,CEMEX,Dallas Plant,GA,Southeastern Region,paving,2200.0,2000,28.0,standard_28,130.9090909090909,regional_strength_group,14.0,114.25,100.5,16.659090909090907,0.12725694444444444,30.409090909090907,0.23229166666666665,True,True,False
33728,1,0.7467242343520818,0.08432859071554678,Knife River Corporation,McMinnville (Oregon) Plant,OR,Pacific Northwest Region,other_or_unspecified,3000.0,3000,28.0,standard_28,150.33333333333334,strict_group,395.0,71.0,64.13333333333334,79.33333333333334,0.5277161862527716,86.2,0.5733924611973392,True,True,True
33561,1,0.7466509806334422,0.08432859071554678,Knife River Corporation,Corvallis (Oregon) Plant,OR,Pacific Northwest Region,other_or_unspecified,3000.0,3000,28.0,standard_28,124.0,strict_group,395.0,71.0,64.13333333333334,53.0,0.4274193548387097,59.86666666666666,0.4827956989247311,True,True,True
43035,1,0.7449342912344606,0.08432859071554678,Silvi Materials,Limerick Plant,PA,Eastern Region,filler,3000.0,3000,28.0,standard_28,130.0,strict_group,28.0,94.5,30.75,35.5,0.27307692307692305,99.25,0.7634615384615384,True,True,True
5944,1,0.744036572027207,0.08432859071554678,CEMEX,Brooksville Plant,FL,Southeastern Region,other_or_unspecified,3000.0,3000,28.0,standard_28,129.33333333333334,strict_group,701.0,91.66666666666667,82.66666666666667,37.66666666666667,0.2912371134020619,46.66666666666667,0.36082474226804123,True,True,True
33597,1,0.743661508755342,0.08432859071554678,Knife River Corporation,Eugene (Oregon) Plant,OR,Pacific Northwest Region,other_or_unspecified,3000.0,3000,28.0,standard_28,126.0,strict_group,395.0,71.0,64.13333333333334,55.0,0.4365079365079365,61.86666666666666,0.49100529100529094,True,True,True
44853,0,0.7426098084553241,0.08432859071554678,Titan Virginia Ready-Mix,Bryan Park Plant,VA,Eastern Region,other_or_unspecified,4000.0,4000,28.0,standard_28,89.0,strict_group,636.0,74.75,60.75,14.25,0.1601123595505618,28.25,0.31741573033707865,True,True,False
45132,0,0.7426098084553241,0.08432859071554678,Titan Virginia Ready-Mix,Chesterfield Plant,VA,Eastern Region,other_or_unspecified,4000.0,4000,28.0,standard_28,85.75,strict_group,636.0,74.75,60.75,11.0,0.1282798833819242,25.0,0.2915451895043732,True,True,False
16108,1,0.7406735171758183,0.08432859071554678,CEMEX,Wildwood Plant,FL,Southeastern Region,other_or_unspecified,3000.0,3000,28.0,standard_28,135.33333333333334,strict_group,701.0,91.66666666666667,82.66666666666667,43.66666666666667,0.3226600985221675,52.66666666666667,0.3891625615763547,True,True,True
46117,0,0.7391246287011379,0.08432859071554678,United Companies,Crested Butte Plant,CO,Rocky Mountains Region,structural,3000.0,3000,28.0,standard_28,111.66666666666667,strict_group,10.0,71.33333333333333,71.16666666666666,40.33333333333334,0.36119402985074633,40.500000000000014,0.36268656716417924,True,True,True
43240,1,0.7381448405140557,0.08432859071554678,Silvi Materials,Philadelphia Plant,PA,Eastern Region,filler,3500.0,3500,28.0,standard_28,129.42857142857142,strict_group,21.0,108.28571428571429,99.14285714285714,21.142857142857125,0.16335540838852083,30.285714285714278,0.23399558498896242,True,True,False
43225,1,0.7378682409357413,0.08432859071554678,Silvi Materials,Philadelphia Plant,PA,Eastern Region,other_or_unspecified,3000.0,3000,28.0,standard_28,128.66666666666666,strict_group,295.0,91.33333333333333,79.06666666666668,37.33333333333333,0.29015544041450775,49.59999999999998,0.38549222797927446,True,True,True
10033,0,0.7368118222552583,0.08432859071554678,CEMEX,Milton Plant,FL,Southeastern Region,structural,3000.0,3000,28.0,standard_28,103.0,national_spec_group,41.0,71.33333333333333,67.0,31.66666666666667,0.30744336569579295,36.0,0.34951456310679613,True,True,True
9269,1,0.7334525677932622,0.08432859071554678,CEMEX,Lawrenceville Plant,GA,Southeastern Region,paving,2200.0,2000,28.0,standard_28,124.54545454545453,regional_strength_group,14.0,114.25,100.5,10.295454545454533,0.08266423357664224,24.045454545454533,0.19306569343065685,True,False,False
9164,1,0.7330683054241142,0.08432859071554678,CEMEX,Lakeland RK Plant,FL,Southeastern Region,other_or_unspecified,2500.0,2500,28.0,standard_28,124.4,strict_group,212.0,92.7,82.88,31.700000000000003,0.25482315112540194,41.52000000000001,0.33376205787781354,True,True,True
41880,0,0.7311130371447014,0.08432859071554678,RiverBend Materials,Hilroy Plant,OR,Pacific Northwest Region,other_or_unspecified,3000.0,3000,28.0,standard_28,112.0,strict_group,395.0,71.0,64.13333333333334,41.0,0.36607142857142855,47.86666666666666,0.4273809523809523,True,True,True
10047,0,0.7302093402373248,0.08432859071554678,CEMEX,Milton Plant,FL,Southeastern Region,other_or_unspecified,3000.0,3000,28.0,standard_28,119.66666666666667,strict_group,701.0,91.66666666666667,82.66666666666667,28.0,0.233983286908078,37.0,0.30919220055710306,True,True,True
45979,0,0.7282297283269467,0.08432859071554678,Titan Virginia Ready-Mix,Sterling RM (Plant 1),VA,Eastern Region,other_or_unspecified,4000.0,4000,28.0,standard_28,109.75,strict_group,636.0,74.75,60.75,35.0,0.31890660592255127,49.0,0.44646924829157175,True,True,True
45361,0,0.7276156756224177,0.08432859071554678,Titan Virginia Ready-Mix,Leesburg RM Plant,VA,Eastern Region,other_or_unspecified,4000.0,4000,28.0,standard_28,110.5,strict_group,636.0,74.75,60.75,35.75,0.3235294117647059,49.75,0.4502262443438914,True,True,True
45556,0,0.7276156756224177,0.08432859071554678,Titan Virginia Ready-Mix,Springfield RM (Plant 1),VA,Eastern Region,other_or_unspecified,4000.0,4000,28.0,standard_28,108.0,strict_group,636.0,74.75,60.75,33.25,0.30787037037037035,47.25,0.4375,True,True,True
33481,1,0.727497645268216,0.08432859071554678,Knife River Corporation,Boise (Idaho) Plant,ID,Pacific Northwest Region,other_or_unspecified,3000.0,3000,28.0,standard_28,124.33333333333333,strict_group,395.0,71.0,64.13333333333334,53.33333333333333,0.42895442359249325,60.19999999999999,0.48418230563002673,True,True,True
2161,0,0.7266898860991643,0.08432859071554678,Boston Sand & Gravel,Boston Sand & Gravel,MA,Eastern Region,other_or_unspecified,4000.0,4000,28.0,standard_28,104.25,strict_group,636.0,74.75,60.75,29.5,0.2829736211031175,43.5,0.4172661870503597,True,True,True
43041,1,0.7257146826144534,0.08432859071554678,Silvi Materials,Limerick Plant,PA,Eastern Region,other_or_unspecified,3000.0,3000,28.0,standard_28,133.33333333333334,strict_group,295.0,91.33333333333333,79.06666666666668,42.000000000000014,0.31500000000000006,54.266666666666666,0.407,True,True,True
43044,1,0.7257146826144534,0.08432859071554678,Silvi Materials,Limerick Plant,PA,Eastern Region,other_or_unspecified,3000.0,3000,28.0,standard_28,126.66666666666667,strict_group,295.0,91.33333333333333,79.06666666666668,35.33333333333334,0.2789473684210527,47.599999999999994,0.37578947368421045,True,True,True
43139,1,0.7257146826144534,0.08432859071554678,Silvi Materials,Morrisville Plant,PA,Eastern Region,other_or_unspecified,3000.0,3000,28.0,standard_28,129.66666666666666,strict_group,295.0,91.33333333333333,79.06666666666668,38.33333333333333,0.29562982005141386,50.59999999999998,0.3902313624678662,True,True,True
42653,0,0.7253377881779626,0.08432859071554678,Schuster Concrete,Portable 18 Plant,DC,Eastern Region,other_or_unspecified,2000.0,2000,28.0,standard_28,74.5,strict_group,11.0,124.0,93.5,0.0,0.0,0.0,0.0,True,False,False
4579,0,0.7229716200999268,0.08432859071554678,Cape Cod Ready Mix,Carver Plant,MA,Eastern Region,other_or_unspecified,3000.0,3000,28.0,standard_28,111.0,strict_group,295.0,91.33333333333333,79.06666666666668,19.66666666666667,0.1771771771771772,31.933333333333323,0.2876876876876876,True,True,False
4580,0,0.7229716200999268,0.08432859071554678,Cape Cod Ready Mix,Carver Plant,MA,Eastern Region,other_or_unspecified,3000.0,3000,28.0,standard_28,116.0,strict_group,295.0,91.33333333333333,79.06666666666668,24.66666666666667,0.21264367816091959,36.93333333333332,0.3183908045977011,True,True,True
33948,1,0.7227870478227051,0.08432859071554678,Knife River Corporation,Wheatland (Oregon) Plant,OR,Pacific Northwest Region,other_or_unspecified,3000.0,3000,28.0,standard_28,133.0,strict_group,395.0,71.0,64.13333333333334,62.0,0.46616541353383456,68.86666666666666,0.5177944862155388,True,True,True
21903,1,0.7225904102836387,0.08432859071554678,CENTRE CONCRETE CO,State College Plant,PA,Eastern Region,other_or_unspecified,4000.0,4000,28.0,standard_28,149.25,strict_group,636.0,74.75,60.75,74.5,0.4991624790619765,88.5,0.592964824120603,True,True,True
43303,0,0.7206082647540853,0.08432859071554678,Silvi Materials,Philadelphia Plant,PA,Eastern Region,filler,4500.0,4500,28.0,standard_28,121.55555555555556,strict_group,14.0,93.88888888888889,78.75555555555556,27.66666666666667,0.22760511882998175,42.8,0.35210237659963434,True,True,True
33729,1,0.7198838581013048,0.08432859071554678,Knife River Corporation,McMinnville (Oregon) Plant,OR,Pacific Northwest Region,other_or_unspecified,3000.0,3000,28.0,standard_28,179.66666666666666,strict_group,395.0,71.0,64.13333333333334,108.66666666666666,0.6048237476808905,115.53333333333332,0.6430426716141001,True,True,True
11732,0,0.7177989733473492,0.08432859071554678,CEMEX,Orlando (Atlanta Ave) Plant,FL,Southeastern Region,other_or_unspecified,3000.0,3000,28.0,standard_28,116.66666666666667,strict_group,701.0,91.66666666666667,82.66666666666667,25.0,0.21428571428571427,34.0,0.2914285714285714,True,True,True
43206,1,0.7167908555441437,0.08432859071554678,Silvi Materials,Mt. Holly Plant,NJ,Eastern Region,filler,4000.0,4000,28.0,standard_28,157.0,strict_group,83.0,88.0,68.55,69.0,0.4394904458598726,88.45,0.563375796178344,True,True,True
33730,1,0.7153938176112367,0.08432859071554678,Knife River Corporation,McMinnville (Oregon) Plant,OR,Pacific Northwest Region,other_or_unspecified,3000.0,3000,28.0,standard_28,148.0,strict_group,395.0,71.0,64.13333333333334,77.0,0.5202702702702703,83.86666666666666,0.5666666666666667,True,True,True
42887,1,0.7134508525300071,0.08432859071554678,Silvi Materials,Downingtown Plant,PA,Eastern Region,filler,4000.0,4000,28.0,standard_28,157.0,strict_group,83.0,88.0,68.55,69.0,0.4394904458598726,88.45,0.563375796178344,True,True,True
33979,1,0.7077861064966873,0.08432859071554678,Knife River Corporation,Woodburn (Oregon) Plant,OR,Pacific Northwest Region,other_or_unspecified,3000.0,3000,28.0,standard_28,139.66666666666666,strict_group,395.0,71.0,64.13333333333334,68.66666666666666,0.4916467780429594,75.53333333333332,0.5408114558472553,True,True,True
9091,0,0.707366427636218,0.08432859071554678,CEMEX,Lafayette Plant,GA,Southeastern Region,other_or_unspecified,3000.0,3000,28.0,standard_28,116.33333333333333,strict_group,701.0,91.66666666666667,82.66666666666667,24.666666666666657,0.21203438395415466,33.66666666666666,0.2893982808022922,True,True,True
33329,0,0.7066291322818763,0.08432859071554678,Ingram Ready Mix,Pearland #35 LLC Plant,TX,South Central Region,other_or_unspecified,2500.0,2500,28.0,standard_28,108.8,national_spec_group,274.0,92.9,80.64,15.899999999999991,0.14613970588235287,28.159999999999997,0.2588235294117647,True,True,False
40684,1,0.7043780559001501,0.08432859071554678,New Enterprise Stone & Lime,"Barton Road, NY Plant",NY,Eastern Region,other_or_unspecified,4000.0,4000,28.0,standard_28,132.0,strict_group,636.0,74.75,60.75,57.25,0.4337121212121212,71.25,0.5397727272727273,True,True,True
40721,1,0.7043780559001501,0.08432859071554678,New Enterprise Stone & Lime,"Gateway, NY Plant",NY,Eastern Region,other_or_unspecified,4000.0,4000,28.0,standard_28,133.0,strict_group,636.0,74.75,60.75,58.25,0.43796992481203006,72.25,0.543233082706767,True,True,True
42905,1,0.7043111427035463,0.08432859071554678,Silvi Materials,Englishtown Plant,NJ,Eastern Region,filler,3500.0,3500,28.0,standard_28,157.42857142857142,strict_group,21.0,108.28571428571429,99.14285714285714,49.142857142857125,0.3121597096188747,58.28571428571428,0.3702359346642468,True,True,True
43037,1,0.702902164882913,0.08432859071554678,Silvi Materials,Limerick Plant,PA,Eastern Region,other_or_unspecified,3000.0,3000,28.0,standard_28,127.0,strict_group,295.0,91.33333333333333,79.06666666666668,35.66666666666667,0.2808398950131234,47.93333333333332,0.37742782152230964,True,True,True
33505,1,0.7015757593805853,0.08432859071554678,Knife River Corporation,Boise (Idaho) Plant,ID,Pacific Northwest Region,other_or_unspecified,2200.0,2000,28.0,standard_28,132.72727272727272,strict_group,14.0,122.625,99.0,10.10227272727272,0.07611301369863008,33.72727272727272,0.2541095890410959,True,False,False
2017,0,0.7005177376918544,0.08432859071554678,Bonded Concrete Inc. / The Clemente Group,Pleasant Valley Plant,NY,Eastern Region,other_or_unspecified,3000.0,3000,28.0,standard_28,104.0,strict_group,295.0,91.33333333333333,79.06666666666668,12.666666666666671,0.12179487179487183,24.933333333333323,0.23974358974358964,True,True,False
42559,1,0.6989239867684427,0.08432859071554678,Robertson's Ready Mix,Vernon Plant,CA,Pacific Southwest Region,other_or_unspecified,3000.0,3000,28.0,standard_28,126.33333333333333,strict_group,89.0,92.0,80.53333333333333,34.33333333333333,0.27176781002638517,45.8,0.362532981530343,True,True,True
43737,1,0.6989020118131752,0.08432859071554678,Smyrna Ready Mix,SCGA Mobile Plant,SC,Southeastern Region,other_or_unspecified,2000.0,2000,28.0,standard_28,127.0,strict_group,9.0,114.0,97.9,13.0,0.10236220472440945,29.099999999999994,0.22913385826771648,True,True,False
43736,0,0.6985733856560773,0.08432859071554678,Smyrna Ready Mix,SCGA Mobile Plant,SC,Southeastern Region,other_or_unspecified,2000.0,2000,28.0,standard_28,87.5,strict_group,9.0,114.0,97.9,0.0,0.0,0.0,0.0,True,False,False
10471,0,0.6973633505315345,0.08432859071554678,CEMEX,Mosielee Plant,TX,South Central Region,other_or_unspecified,2000.0,2000,28.0,standard_28,108.0,strict_group,5.0,103.0,98.8,5.0,0.046296296296296294,9.200000000000003,0.08518518518518521,True,False,False
10470,0,0.6973633505315345,0.08432859071554678,CEMEX,Mosielee Plant,TX,South Central Region,other_or_unspecified,2000.0,2000,28.0,standard_28,108.0,strict_group,5.0,103.0,98.8,5.0,0.046296296296296294,9.200000000000003,0.08518518518518521,True,False,False
5141,1,0.6962958879641573,0.08432859071554678,CEMEX,Andalusia Plant,AL,Southeastern Region,other_or_unspecified,3000.0,3000,28.0,standard_28,124.66666666666667,strict_group,701.0,91.66666666666667,82.66666666666667,33.0,0.2647058823529412,42.0,0.33689839572192515,True,True,True
42589,1,0.6957667322743514,0.08432859071554678,Salmon Bay Sand & Gravel,Salmon Bay Sand and Gravel,WA,Pacific Northwest Region,other_or_unspecified,3000.0,3000,1.0,early,124.33333333333333,strict_group,10.0,148.91666666666669,122.13333333333333,0.0,0.0,2.200000000000003,0.017694369973190373,True,False,False
33722,1,0.6947534427720377,0.08432859071554678,Knife River Corporation,McMinnville (Oregon) Plant,OR,Pacific Northwest Region,other_or_unspecified,3000.0,3000,3.0,early,216.33333333333334,strict_group,10.0,148.91666666666669,122.13333333333333,67.41666666666666,0.311633281972265,94.20000000000002,0.43543913713405247,True,True,True
11606,0,0.6944229057189953,0.08432859071554678,CEMEX,Orange City Plant,FL,Southeastern Region,other_or_unspecified,3000.0,3000,28.0,standard_28,117.0,strict_group,701.0,91.66666666666667,82.66666666666667,25.33333333333333,0.2165242165242165,34.33333333333333,0.2934472934472934,True,True,True
5009,1,0.6912839571480632,0.08432859071554678,CEMEX,Alexander City Plant,AL,Southeastern Region,other_or_unspecified,2500.0,2500,28.0,standard_28,126.4,strict_group,212.0,92.7,82.88,33.7,0.26661392405063294,43.52000000000001,0.3443037974683545,True,True,True
30786,0,0.6911493642040858,0.08432859071554678,Four Winds Concrete Inc.,Bethlehem Plant,PA,Eastern Region,filler,3300.0,3500,28.0,standard_28,122.42424242424244,strict_group,21.0,108.28571428571429,99.14285714285714,14.138528138528144,0.11548797736916552,23.281385281385298,0.1901697312588403,True,True,False
9165,1,0.6907891901602168,0.08432859071554678,CEMEX,Lakeland RK Plant,FL,Southeastern Region,other_or_unspecified,3000.0,3000,28.0,standard_28,126.0,strict_group,701.0,91.66666666666667,82.66666666666667,34.33333333333333,0.27248677248677244,43.33333333333333,0.3439153439153439,True,True,True
5025,1,0.6905122627116401,0.08432859071554678,CEMEX,Alexander City Plant,AL,Southeastern Region,other_or_unspecified,3000.0,3000,28.0,standard_28,132.0,strict_group,701.0,91.66666666666667,82.66666666666667,40.33333333333333,0.3055555555555555,49.33333333333333,0.3737373737373737,True,True,True
46106,1,0.6871007009371488,0.08432859071554678,Tresca Brothers Concrete,One Plant,MA,Eastern Region,other_or_unspecified,4000.0,4000,28.0,standard_28,155.0,strict_group,636.0,74.75,60.75,80.25,0.5177419354838709,94.25,0.6080645161290322,True,True,True
5930,1,0.6842415570820414,0.08432859071554678,CEMEX,Bristol Plant,VA,Eastern Region,other_or_unspecified,3000.0,3000,1.0,early,197.0,national_spec_group,19.0,138.5,128.6,58.5,0.2969543147208122,68.4,0.3472081218274112,True,True,True
43138,0,0.6815657311146086,0.08432859071554678,Silvi Materials,Morrisville Plant,PA,Eastern Region,other_or_unspecified,3000.0,3000,28.0,standard_28,118.33333333333333,strict_group,295.0,91.33333333333333,79.06666666666668,27.0,0.22816901408450704,39.26666666666665,0.3318309859154928,True,True,True
5421,1,0.6794271284954816,0.08432859071554678,CEMEX,Athens Plant,AL,Southeastern Region,other_or_unspecified,3000.0,3000,28.0,standard_28,144.0,strict_group,701.0,91.66666666666667,82.66666666666667,52.33333333333333,0.3634259259259259,61.33333333333333,0.4259259259259259,True,True,True
5415,0,0.6782752369551965,0.08432859071554678,CEMEX,Athens Plant,AL,Southeastern Region,other_or_unspecified,3000.0,3000,28.0,standard_28,104.33333333333333,strict_group,701.0,91.66666666666667,82.66666666666667,12.666666666666657,0.12140575079872196,21.666666666666657,0.2076677316293929,True,True,False
42360,0,0.6776422386781986,0.08432859071554678,Robertson's Ready Mix,Gardena Plant,CA,Pacific Southwest Region,filler,3000.0,3000,28.0,standard_28,91.33333333333333,strict_group,12.0,92.5,91.39999999999999,0.0,0.0,0.0,0.0,True,False,False
10664,1,0.6765661193061192,0.08432859071554678,CEMEX,New Tazewell Plant,TN,Southeastern Region,other_or_unspecified,3000.0,3000,28.0,standard_28,140.33333333333334,strict_group,701.0,91.66666666666667,82.66666666666667,48.66666666666667,0.34679334916864607,57.66666666666667,0.41092636579572445,True,True,True
4538,1,0.6757514679677834,0.08432859071554678,"Callanan Industries, Inc.",Port of Albany Plant,NY,Eastern Region,other_or_unspecified,2500.0,2500,28.0,standard_28,149.2,strict_group,18.0,103.4,78.72,45.79999999999998,0.30697050938337794,70.47999999999999,0.4723860589812332,True,True,True
42583,1,0.6734453018617305,0.08432859071554678,Robertson's Ready Mix,Vernon Plant,CA,Pacific Southwest Region,other_or_unspecified,3000.0,3000,28.0,standard_28,137.33333333333334,strict_group,89.0,92.0,80.53333333333333,45.33333333333334,0.3300970873786408,56.80000000000001,0.41359223300970877,True,True,True
21902,1,0.6721883828659435,0.08432859071554678,CENTRE CONCRETE CO,State College Plant,PA,Eastern Region,other_or_unspecified,4000.0,4000,28.0,standard_28,149.25,strict_group,636.0,74.75,60.75,74.5,0.4991624790619765,88.5,0.592964824120603,True,True,True
45385,0,0.6709859622883306,0.08432859071554678,Titan Virginia Ready-Mix,Oceana Plant,VA,Eastern Region,other_or_unspecified,3500.0,3500,28.0,standard_28,102.28571428571429,strict_group,117.0,95.71428571428571,84.05714285714286,6.571428571428584,0.06424581005586603,18.228571428571428,0.17821229050279327,True,False,False
33563,0,0.6704684401830934,0.08432859071554678,Knife River Corporation,Corvallis (Oregon) Plant,OR,Pacific Northwest Region,filler,3000.0,3000,28.0,standard_28,123.33333333333333,strict_group,16.0,106.91666666666667,89.33333333333334,16.416666666666657,0.13310810810810803,33.999999999999986,0.2756756756756756,True,True,False
33568,1,0.6695201956810022,0.08432859071554678,Knife River Corporation,Corvallis (Oregon) Plant,OR,Pacific Northwest Region,paving,3300.0,3500,28.0,standard_28,126.66666666666667,strict_group,24.0,76.96969696969697,61.70562770562771,49.6969696969697,0.39234449760765555,64.96103896103895,0.5128503075871496,True,True,True
44149,0,0.6662289025257034,0.08432859071554678,Tec-Crete Transit Mix Corp.,Jamaica Plant,NY,Eastern Region,other_or_unspecified,3500.0,3500,28.0,standard_28,112.28571428571429,strict_group,117.0,95.71428571428571,84.05714285714286,16.571428571428584,0.1475826972010179,28.228571428571428,0.25139949109414755,True,True,False
33330,0,0.665947830986332,0.08432859071554678,Ingram Ready Mix,Pearland #35 LLC Plant,TX,South Central Region,other_or_unspecified,3000.0,3000,28.0,standard_28,97.0,strict_group,51.0,78.5,68.66666666666667,18.5,0.19072164948453607,28.33333333333333,0.29209621993127144,True,True,False
33757,0,0.6654561140896008,0.08432859071554678,Knife River Corporation,Nampa (Idaho) Plant,ID,Pacific Northwest Region,other_or_unspecified,3000.0,3000,28.0,standard_28,103.66666666666667,strict_group,395.0,71.0,64.13333333333334,32.66666666666667,0.31511254019292606,39.53333333333333,0.3813504823151125,True,True,True
43034,0,0.6654347449379917,0.08432859071554678,Silvi Materials,Limerick Plant,PA,Eastern Region,other_or_unspecified,3000.0,3000,28.0,standard_28,121.66666666666667,strict_group,295.0,91.33333333333333,79.06666666666668,30.333333333333343,0.24931506849315074,42.599999999999994,0.3501369863013698,True,True,True
30803,0,0.6644478998711678,0.08432859071554678,Four Winds Concrete Inc.,Windgap Plant,PA,Eastern Region,other_or_unspecified,3000.0,3000,28.0,standard_28,108.66666666666667,strict_group,295.0,91.33333333333333,79.06666666666668,17.333333333333343,0.1595092024539878,29.599999999999994,0.27239263803680974,True,True,False
15051,0,0.6637084870175594,0.08432859071554678,CEMEX,Stockbridge Plant,GA,Southeastern Region,other_or_unspecified,3000.0,3000,28.0,standard_28,119.0,strict_group,701.0,91.66666666666667,82.66666666666667,27.33333333333333,0.22969187675070024,36.33333333333333,0.3053221288515406,True,True,True
45127,0,0.6617943675847044,0.08432859071554678,Titan Virginia Ready-Mix,Chesterfield Plant,VA,Eastern Region,other_or_unspecified,4000.0,4000,28.0,standard_28,107.5,strict_group,636.0,74.75,60.75,32.75,0.30465116279069765,46.75,0.43488372093023253,True,True,True
15505,0,0.6602641312650996,0.08432859071554678,CEMEX,Tuscumbia (Dual) Plant,AL,Southeastern Region,other_or_unspecified,2000.0,2000,28.0,standard_28,115.5,strict_group,9.0,114.0,97.9,1.5,0.012987012987012988,17.599999999999994,0.15238095238095234,True,False,False
45978,0,0.6569498635478228,0.08432859071554678,Titan Virginia Ready-Mix,Sterling RM (Plant 1),VA,Eastern Region,other_or_unspecified,4000.0,4000,28.0,standard_28,115.75,strict_group,636.0,74.75,60.75,41.0,0.3542116630669546,55.0,0.47516198704103674,True,True,True
6163,0,0.656660709051258,0.08432859071554678,CEMEX,Card Sound Mine Plant,FL,Southeastern Region,other_or_unspecified,3000.0,3000,28.0,standard_28,90.66666666666667,strict_group,701.0,91.66666666666667,82.66666666666667,0.0,0.0,8.0,0.08823529411764705,True,False,False
33343,0,0.6565561930664027,0.08432859071554678,Ingram Ready Mix,Pearland #35 LLC Plant,TX,South Central Region,other_or_unspecified,4500.0,4500,28.0,standard_28,118.66666666666667,strict_group,47.0,64.66666666666667,61.6,54.0,0.4550561797752809,57.06666666666667,0.4808988764044944,True,True,True
31589,1,0.6544324361326866,0.08432859071554678,Graniterock,San Jose Plant,CA,Pacific Southwest Region,filler,2500.0,2500,28.0,standard_28,155.6,national_spec_group,6.0,110.4,95.80000000000001,45.19999999999999,0.2904884318766066,59.79999999999998,0.38431876606683796,True,True,True
15146,0,0.6543169292231789,0.08432859071554678,CEMEX,Sweetwater Plant,FL,Southeastern Region,other_or_unspecified,2500.0,2500,28.0,standard_28,101.2,strict_group,212.0,92.7,82.88,8.5,0.08399209486166008,18.320000000000007,0.1810276679841898,True,False,False
33985,1,0.653206097098971,0.08432859071554678,Knife River Corporation,Woodburn (Oregon) Plant,OR,Pacific Northwest Region,other_or_unspecified,3000.0,3000,28.0,standard_28,141.66666666666666,strict_group,395.0,71.0,64.13333333333334,70.66666666666666,0.49882352941176467,77.53333333333332,0.5472941176470587,True,True,True
5911,1,0.6530102167692994,0.08432859071554678,CEMEX,Brewton Plant,AL,Southeastern Region,other_or_unspecified,2500.0,2500,28.0,standard_28,137.6,strict_group,212.0,92.7,82.88,44.89999999999999,0.3263081395348837,54.72,0.3976744186046512,True,True,True
8585,1,0.6525532222939419,0.08432859071554678,CEMEX,Industrial Park Rd (Cartersville - RMUSA) Plant,GA,Southeastern Region,other_or_unspecified,3000.0,3000,1.0,early,163.66666666666666,strict_group,7.0,134.5,131.86666666666667,29.166666666666657,0.17820773930753558,31.799999999999983,0.19429735234215878,True,True,False
4516,0,0.6522193606522602,0.08432859071554678,"Callanan Industries, Inc.",Oriskany Plant,NY,Eastern Region,other_or_unspecified,2500.0,2500,28.0,standard_28,112.4,strict_group,18.0,103.4,78.72,9.0,0.08007117437722419,33.68000000000001,0.299644128113879,True,False,False
6979,1,0.64692688695128,0.08432859071554678,CEMEX,Crestview Plant,FL,Southeastern Region,filler,4000.0,4000,28.0,standard_28,125.75,strict_group,36.0,95.0,86.75,30.75,0.24453280318091453,39.0,0.3101391650099404,True,True,True
9290,0,0.6466909619454176,0.08432859071554678,CEMEX,Lawrenceville Plant,GA,Southeastern Region,other_or_unspecified,2000.0,2000,28.0,standard_28,116.0,strict_group,9.0,114.0,97.9,2.0,0.017241379310344827,18.099999999999994,0.15603448275862064,True,False,False
43038,1,0.6464901537548856,0.08432859071554678,Silvi Materials,Limerick Plant,PA,Eastern Region,other_or_unspecified,3000.0,3000,28.0,standard_28,130.66666666666666,strict_group,295.0,91.33333333333333,79.06666666666668,39.33333333333333,0.3010204081632653,51.59999999999998,0.3948979591836733,True,True,True
13429,1,0.6457621846260482,0.08432859071554678,CEMEX,Rome Plant,GA,Southeastern Region,other_or_unspecified,3000.0,3000,1.0,early,191.33333333333334,strict_group,7.0,134.5,131.86666666666667,56.83333333333334,0.29703832752613246,59.46666666666667,0.31080139372822296,True,True,True
43039,1,0.6453477555110056,0.08432859071554678,Silvi Materials,Limerick Plant,PA,Eastern Region,other_or_unspecified,3000.0,3000,28.0,standard_28,126.33333333333333,strict_group,295.0,91.33333333333333,79.06666666666668,35.0,0.2770448548812665,47.26666666666665,0.3741424802110817,True,True,True
43040,1,0.6453477555110056,0.08432859071554678,Silvi Materials,Limerick Plant,PA,Eastern Region,other_or_unspecified,3000.0,3000,28.0,standard_28,134.0,strict_group,295.0,91.33333333333333,79.06666666666668,42.66666666666667,0.318407960199005,54.93333333333332,0.4099502487562188,True,True,True
43135,1,0.6453477555110056,0.08432859071554678,Silvi Materials,Morrisville Plant,PA,Eastern Region,other_or_unspecified,3000.0,3000,28.0,standard_28,133.66666666666666,strict_group,295.0,91.33333333333333,79.06666666666668,42.33333333333333,0.3167082294264339,54.59999999999998,0.4084788029925186,True,True,True
40687,1,0.6439276091673016,0.08432859071554678,New Enterprise Stone & Lime,"Gateway, NY Plant",NY,Eastern Region,other_or_unspecified,2000.0,2000,28.0,standard_28,132.5,strict_group,11.0,124.0,93.5,8.5,0.06415094339622641,39.0,0.2943396226415094,True,False,False
40649,1,0.6439276091673016,0.08432859071554678,New Enterprise Stone & Lime,"Barton Road, NY Plant",NY,Eastern Region,other_or_unspecified,2000.0,2000,28.0,standard_28,130.0,strict_group,11.0,124.0,93.5,6.0,0.046153846153846156,36.5,0.28076923076923077,True,False,False
13015,1,0.6352473927268013,0.08432859071554678,CEMEX,Plant City RK Plant,FL,Southeastern Region,other_or_unspecified,2500.0,2500,28.0,standard_28,127.2,strict_group,212.0,92.7,82.88,34.5,0.2712264150943396,44.32000000000001,0.3484276729559749,True,True,True
46284,0,0.6332127045801199,0.08432859071554678,United Companies,Montrose Plant,CO,Rocky Mountains Region,other_or_unspecified,4500.0,4500,28.0,standard_28,75.55555555555556,strict_group,184.0,66.61111111111111,62.733333333333334,8.944444444444443,0.11838235294117645,12.822222222222223,0.16970588235294118,True,True,False
45360,0,0.6307761512826094,0.08432859071554678,Titan Virginia Ready-Mix,Leesburg RM Plant,VA,Eastern Region,other_or_unspecified,4000.0,4000,28.0,standard_28,110.5,strict_group,636.0,74.75,60.75,35.75,0.3235294117647059,49.75,0.4502262443438914,True,True,True
45555,0,0.6307761512826094,0.08432859071554678,Titan Virginia Ready-Mix,Springfield RM (Plant 1),VA,Eastern Region,other_or_unspecified,4000.0,4000,28.0,standard_28,107.75,strict_group,636.0,74.75,60.75,33.0,0.3062645011600928,47.0,0.4361948955916473,True,True,True
5457,1,0.6304679542229956,0.08432859071554678,CEMEX,Atmore Plant,AL,Southeastern Region,filler,3000.0,3000,28.0,standard_28,126.66666666666667,strict_group,44.0,117.25,105.0,9.416666666666671,0.07434210526315793,21.66666666666667,0.1710526315789474,True,False,False
46660,0,0.6303992089535498,0.08432859071554678,US Concrete Mix / Smyrna Ready Mix,Irving Plant,TX,South Central Region,other_or_unspecified,4000.0,4000,28.0,standard_28,116.75,strict_group,125.0,64.75,58.2,52.0,0.44539614561027835,58.55,0.5014989293361884,True,True,True
45128,0,0.629839452445414,0.08432859071554678,Titan Virginia Ready-Mix,Chesterfield Plant,VA,Eastern Region,other_or_unspecified,4000.0,4000,28.0,standard_28,106.25,strict_group,636.0,74.75,60.75,31.5,0.2964705882352941,45.5,0.42823529411764705,True,True,True
44849,0,0.629839452445414,0.08432859071554678,Titan Virginia Ready-Mix,Bryan Park Plant,VA,Eastern Region,other_or_unspecified,4000.0,4000,28.0,standard_28,108.25,strict_group,636.0,74.75,60.75,33.5,0.3094688221709007,47.5,0.4387990762124711,True,True,True
33992,1,0.6297773784576606,0.08432859071554678,Knife River Corporation,Woodburn (Oregon) Plant,OR,Pacific Northwest Region,other_or_unspecified,3500.0,3500,28.0,standard_28,130.28571428571428,strict_group,339.0,68.59126984126985,58.0,61.69444444444443,0.4735319200779726,72.28571428571428,0.5548245614035088,True,True,True
45359,0,0.6291202399431987,0.08432859071554678,Titan Virginia Ready-Mix,Leesburg RM Plant,VA,Eastern Region,other_or_unspecified,4000.0,4000,28.0,standard_28,116.75,strict_group,636.0,74.75,60.75,42.0,0.35974304068522484,56.0,0.4796573875802998,True,True,True
43304,0,0.6274565563646309,0.08432859071554678,Silvi Materials,Philadelphia Plant,PA,Eastern Region,other_or_unspecified,4500.0,4500,28.0,standard_28,108.0,strict_group,203.0,70.0,58.577777777777776,38.0,0.35185185185185186,49.422222222222224,0.4576131687242799,True,True,True
33373,0,0.6269288497775631,0.08432859071554678,Kirkpatrick Concrete,Alton Plant,AL,Southeastern Region,other_or_unspecified,2500.0,2500,28.0,standard_28,120.8,strict_group,212.0,92.7,82.88,28.099999999999994,0.23261589403973507,37.92,0.31390728476821195,True,True,True
2014,0,0.6264912063477364,0.08432859071554678,Bonded Concrete Inc. / The Clemente Group,Pleasant Valley Plant,NY,Eastern Region,other_or_unspecified,3000.0,3000,28.0,standard_28,116.66666666666667,strict_group,295.0,91.33333333333333,79.06666666666668,25.333333333333343,0.21714285714285722,37.599999999999994,0.32228571428571423,True,True,True
15207,1,0.6259190357099809,0.08432859071554678,CEMEX,Thomasville Plant,AL,Southeastern Region,filler,3000.0,3000,28.0,standard_28,129.33333333333334,strict_group,44.0,117.25,105.0,12.083333333333343,0.09342783505154646,24.333333333333343,0.18814432989690727,True,False,False
812,0,0.6255677748900995,0.08432859071554678,Amrize,Choctaw Plant,LA,South Central Region,other_or_unspecified,4000.0,4000,1.0,early,86.0,strict_group,5.0,86.0,84.2,0.0,0.0,1.7999999999999972,0.020930232558139503,True,False,False
33440,0,0.6253604904782676,0.08432859071554678,Kirkpatrick Concrete,Lakeshore Plant,AL,Southeastern Region,other_or_unspecified,3000.0,3000,28.0,standard_28,108.33333333333333,strict_group,701.0,91.66666666666667,82.66666666666667,16.666666666666657,0.15384615384615377,25.666666666666657,0.23692307692307685,True,True,False
33353,0,0.6253604904782676,0.08432859071554678,Kirkpatrick Concrete,Alabaster Plant,AL,Southeastern Region,other_or_unspecified,3000.0,3000,28.0,standard_28,114.33333333333333,strict_group,701.0,91.66666666666667,82.66666666666667,22.666666666666657,0.19825072886297368,31.666666666666657,0.27696793002915443,True,True,False
33418,0,0.6253604904782676,0.08432859071554678,Kirkpatrick Concrete,Highway 280 Plant,AL,Southeastern Region,other_or_unspecified,3000.0,3000,28.0,standard_28,110.0,strict_group,701.0,91.66666666666667,82.66666666666667,18.33333333333333,0.16666666666666663,27.33333333333333,0.24848484848484845,True,True,False
33396,0,0.6253604904782676,0.08432859071554678,Kirkpatrick Concrete,Gardendale Plant,AL,Southeastern Region,other_or_unspecified,3000.0,3000,28.0,standard_28,110.33333333333333,strict_group,701.0,91.66666666666667,82.66666666666667,18.666666666666657,0.1691842900302114,27.666666666666657,0.25075528700906335,True,True,False
16110,1,0.6244886170952723,0.08432859071554678,CEMEX,Wildwood Plant,FL,Southeastern Region,other_or_unspecified,3000.0,3000,28.0,standard_28,162.66666666666666,strict_group,701.0,91.66666666666667,82.66666666666667,70.99999999999999,0.43647540983606553,79.99999999999999,0.4918032786885245,True,True,True
42358,0,0.6239193304510607,0.08432859071554678,Robertson's Ready Mix,Gardena Plant,CA,Pacific Southwest Region,other_or_unspecified,3250.0,3000,28.0,standard_28,107.6923076923077,strict_group,89.0,92.0,80.53333333333333,15.692307692307693,0.1457142857142857,27.158974358974362,0.25219047619047624,True,True,False
33595,1,0.6238148851596528,0.08432859071554678,Knife River Corporation,Eugene (Oregon) Plant,OR,Pacific Northwest Region,other_or_unspecified,3000.0,3000,28.0,standard_28,128.33333333333334,strict_group,395.0,71.0,64.13333333333334,57.33333333333334,0.4467532467532468,64.2,0.5002597402597403,True,True,True
7067,1,0.6226837935670828,0.08432859071554678,CEMEX,Dallas Plant,GA,Southeastern Region,filler,3000.0,3000,28.0,standard_28,141.0,strict_group,44.0,117.25,105.0,23.75,0.16843971631205673,36.0,0.2553191489361702,True,True,False
10345,1,0.6204491678692818,0.08432859071554678,CEMEX,Monroeville Plant,AL,Southeastern Region,filler,3000.0,3000,28.0,standard_28,130.66666666666666,strict_group,44.0,117.25,105.0,13.416666666666657,0.10267857142857137,25.666666666666657,0.19642857142857137,True,True,False
46116,0,0.6196654095421387,0.08432859071554678,United Companies,Crested Butte Plant,CO,Rocky Mountains Region,other_or_unspecified,3000.0,3000,28.0,standard_28,113.66666666666667,strict_group,53.0,77.66666666666667,65.4,36.0,0.31671554252199413,48.266666666666666,0.424633431085044,True,True,True
8594,0,0.6194255802381985,0.08432859071554678,CEMEX,Industrial Park Rd (Cartersville - RMUSA) Plant,GA,Southeastern Region,other_or_unspecified,3000.0,3000,28.0,standard_28,111.33333333333333,strict_group,701.0,91.66666666666667,82.66666666666667,19.666666666666657,0.17664670658682627,28.666666666666657,0.2574850299401197,True,True,False
7444,1,0.6175239986438938,0.08432859071554678,CEMEX,Downtown Miami Plant,FL,Southeastern Region,other_or_unspecified,3000.0,3000,28.0,standard_28,137.33333333333334,strict_group,701.0,91.66666666666667,82.66666666666667,45.66666666666667,0.3325242718446602,54.66666666666667,0.39805825242718446,True,True,True
2002,0,0.6159522835009611,0.08432859071554678,Bonded Concrete Inc. / The Clemente Group,Colonie Plant,NY,Eastern Region,other_or_unspecified,3000.0,3000,28.0,standard_28,109.0,strict_group,295.0,91.33333333333333,79.06666666666668,17.66666666666667,0.16207951070336396,29.933333333333323,0.274617737003058,True,True,False
9306,1,0.6063586348484323,0.08432859071554678,CEMEX,Lecanto East Plant,FL,Southeastern Region,other_or_unspecified,3000.0,3000,28.0,standard_28,138.33333333333334,strict_group,701.0,91.66666666666667,82.66666666666667,46.66666666666667,0.3373493975903615,55.66666666666667,0.40240963855421685,True,True,True
45129,0,0.6046157688149256,0.08432859071554678,Titan Virginia Ready-Mix,Chesterfield Plant,VA,Eastern Region,other_or_unspecified,4000.0,4000,28.0,standard_28,104.5,strict_group,636.0,74.75,60.75,29.75,0.284688995215311,43.75,0.41866028708133973,True,True,True
44850,0,0.6046157688149256,0.08432859071554678,Titan Virginia Ready-Mix,Bryan Park Plant,VA,Eastern Region,other_or_unspecified,4000.0,4000,28.0,standard_28,106.25,strict_group,636.0,74.75,60.75,31.5,0.2964705882352941,45.5,0.42823529411764705,True,True,True
33724,1,0.6045943296706391,0.08432859071554678,Knife River Corporation,McMinnville (Oregon) Plant,OR,Pacific Northwest Region,other_or_unspecified,3000.0,3000,28.0,standard_28,145.66666666666666,strict_group,395.0,71.0,64.13333333333334,74.66666666666666,0.5125858123569794,81.53333333333332,0.5597254004576658,True,True,True
34144,0,0.6028233333466685,0.08432859071554678,Lycon Inc.,Middleton Plant,WI,Great Lakes Region,other_or_unspecified,1500.0,1500,28.0,standard_28,51.0,national_spec_group,13.0,112.0,51.666666666666664,0.0,0.0,0.0,0.0,True,False,False
43133,1,0.6014479567477123,0.08432859071554678,Silvi Materials,Morrisville Plant,PA,Eastern Region,other_or_unspecified,3000.0,3000,28.0,standard_28,128.66666666666666,strict_group,295.0,91.33333333333333,79.06666666666668,37.33333333333333,0.29015544041450775,49.59999999999998,0.38549222797927446,True,True,True
43032,0,0.6014479567477123,0.08432859071554678,Silvi Materials,Limerick Plant,PA,Eastern Region,other_or_unspecified,3000.0,3000,28.0,standard_28,121.66666666666667,strict_group,295.0,91.33333333333333,79.06666666666668,30.333333333333343,0.24931506849315074,42.599999999999994,0.3501369863013698,True,True,True
43217,1,0.6014287265198225,0.08432859071554678,Silvi Materials,Philadelphia Plant,PA,Eastern Region,filler,3000.0,3000,28.0,standard_28,134.33333333333334,strict_group,28.0,94.5,30.75,39.83333333333334,0.29652605459057074,103.58333333333334,0.7710918114143921,True,True,True
5749,1,0.6011745048419,0.08432859071554678,CEMEX,Berth 150 Plant,FL,Southeastern Region,other_or_unspecified,2500.0,2500,28.0,standard_28,131.2,strict_group,212.0,92.7,82.88,38.499999999999986,0.2934451219512194,48.31999999999999,0.36829268292682926,True,True,True
45381,1,0.6003460555138562,0.08432859071554678,Titan Virginia Ready-Mix,Oceana Plant,VA,Eastern Region,other_or_unspecified,3000.0,3000,1.0,early,171.66666666666666,national_spec_group,19.0,138.5,128.6,33.16666666666666,0.19320388349514558,43.06666666666666,0.250873786407767,True,True,False
34707,0,0.5991400256487848,0.08432859071554678,Milpitas Materials Co,Milpitas Plant,CA,Pacific Southwest Region,other_or_unspecified,2500.0,2500,28.0,standard_28,113.2,strict_group,16.0,102.5,100.8,10.700000000000003,0.09452296819787988,12.400000000000006,0.10954063604240287,True,False,False
11476,1,0.5973574559509476,0.08432859071554678,CEMEX,Odessa Plant,FL,Southeastern Region,other_or_unspecified,3000.0,3000,28.0,standard_28,127.0,strict_group,701.0,91.66666666666667,82.66666666666667,35.33333333333333,0.27821522309711283,44.33333333333333,0.3490813648293963,True,True,True
33560,0,0.5934243972253032,0.08432859071554678,Knife River Corporation,Corvallis (Oregon) Plant,OR,Pacific Northwest Region,other_or_unspecified,3000.0,3000,28.0,standard_28,120.66666666666667,strict_group,395.0,71.0,64.13333333333334,49.66666666666667,0.4116022099447514,56.53333333333333,0.4685082872928176,True,True,True
33598,0,0.5934243972253032,0.08432859071554678,Knife River Corporation,Eugene (Oregon) Plant,OR,Pacific Northwest Region,other_or_unspecified,3000.0,3000,28.0,standard_28,115.33333333333333,strict_group,395.0,71.0,64.13333333333334,44.33333333333333,0.38439306358381503,51.19999999999999,0.44393063583815023,True,True,True
5964,0,0.5922731955149466,0.08432859071554678,CEMEX,Brooksville Plant,FL,Southeastern Region,other_or_unspecified,3000.0,3000,28.0,standard_28,114.66666666666667,strict_group,701.0,91.66666666666667,82.66666666666667,23.0,0.2005813953488372,32.0,0.27906976744186046,True,True,True
4012,1,0.591509434720254,0.08432859071554678,Cadman / Heidelberg Materials,Port of Portland Plant,OR,Pacific Northwest Region,other_or_unspecified,2000.0,2000,28.0,standard_28,156.5,strict_group,14.0,122.625,99.0,33.875,0.21645367412140576,57.5,0.36741214057507987,True,True,True
33567,0,0.5902540861836616,0.08432859071554678,Knife River Corporation,Corvallis (Oregon) Plant,OR,Pacific Northwest Region,other_or_unspecified,3000.0,3000,28.0,standard_28,118.66666666666667,strict_group,395.0,71.0,64.13333333333334,47.66666666666667,0.401685393258427,54.53333333333333,0.4595505617977528,True,True,True
33736,1,0.5899741276815391,0.08432859071554678,Knife River Corporation,McMinnville (Oregon) Plant,OR,Pacific Northwest Region,other_or_unspecified,3500.0,3500,28.0,standard_28,136.57142857142858,strict_group,339.0,68.59126984126985,58.0,67.98015873015873,0.4977626685262668,78.57142857142858,0.5753138075313808,True,True,True
40064,0,0.5895068668818718,0.08432859071554678,National Ready Mix,Vernon Plant,CA,Pacific Southwest Region,other_or_unspecified,3000.0,3000,28.0,standard_28,123.0,strict_group,89.0,92.0,80.53333333333333,31.0,0.25203252032520324,42.46666666666667,0.3452574525745258,True,True,True
39529,1,0.5883726663213498,0.08432859071554678,National Ready Mix,Vernon Plant,CA,Pacific Southwest Region,other_or_unspecified,3000.0,3000,56.0,extended_56,125.0,regional_strength_group,103.0,92.16666666666666,81.33333333333333,32.83333333333334,0.2626666666666667,43.66666666666667,0.3493333333333334,True,True,True
43352,1,0.5844552088959023,0.08432859071554678,Silvi Materials,South Plainfield Plant,NJ,Eastern Region,other_or_unspecified,3000.0,3000,28.0,standard_28,124.0,strict_group,295.0,91.33333333333333,79.06666666666668,32.66666666666667,0.2634408602150538,44.93333333333332,0.36236559139784935,True,True,True
43121,0,0.5844552088959023,0.08432859071554678,Silvi Materials,Logan Plant,NJ,Eastern Region,other_or_unspecified,3000.0,3000,28.0,standard_28,116.0,strict_group,295.0,91.33333333333333,79.06666666666668,24.66666666666667,0.21264367816091959,36.93333333333332,0.3183908045977011,True,True,True
2895,1,0.5811048690275374,0.08432859071554678,Cadman / Heidelberg Materials,Foster Road Plant,OR,Pacific Northwest Region,other_or_unspecified,2000.0,2000,28.0,standard_28,156.5,strict_group,14.0,122.625,99.0,33.875,0.21645367412140576,57.5,0.36741214057507987,True,True,True
21702,1,0.5806640054987366,0.08432859071554678,Central Pre-Mix (CPM),Sullivan Plant ,WA,Pacific Northwest Region,other_or_unspecified,2000.0,2000,28.0,standard_28,134.5,strict_group,14.0,122.625,99.0,11.875,0.08828996282527882,35.5,0.26394052044609667,True,False,False
33952,0,0.5803958153276166,0.08432859071554678,Knife River Corporation,Wheatland (Oregon) Plant,OR,Pacific Northwest Region,other_or_unspecified,3000.0,3000,28.0,standard_28,123.33333333333333,strict_group,395.0,71.0,64.13333333333334,52.33333333333333,0.4243243243243243,59.19999999999999,0.4799999999999999,True,True,True
44852,0,0.5803754822519499,0.08432859071554678,Titan Virginia Ready-Mix,Bryan Park Plant,VA,Eastern Region,other_or_unspecified,4000.0,4000,28.0,standard_28,97.5,strict_group,636.0,74.75,60.75,22.75,0.23333333333333334,36.75,0.3769230769230769,True,True,True
45131,0,0.5803754822519499,0.08432859071554678,Titan Virginia Ready-Mix,Chesterfield Plant,VA,Eastern Region,other_or_unspecified,4000.0,4000,28.0,standard_28,94.5,strict_group,636.0,74.75,60.75,19.75,0.20899470899470898,33.75,0.35714285714285715,True,True,True
1982,0,0.5803110007968487,0.08432859071554678,Bonded Concrete Inc. / The Clemente Group,Colonie Plant,NY,Eastern Region,other_or_unspecified,2500.0,2500,28.0,standard_28,110.0,strict_group,18.0,103.4,78.72,6.599999999999994,0.05999999999999995,31.28,0.2843636363636364,True,False,False
1981,0,0.5803110007968487,0.08432859071554678,Bonded Concrete Inc. / The Clemente Group,Colonie Plant,NY,Eastern Region,other_or_unspecified,2500.0,2500,28.0,standard_28,80.4,strict_group,18.0,103.4,78.72,0.0,0.0,1.6800000000000068,0.020895522388059785,True,False,False
9042,1,0.5779173351691929,0.08432859071554678,CEMEX,LaBelle 1 Plant,FL,Southeastern Region,other_or_unspecified,3000.0,3000,28.0,standard_28,128.33333333333334,strict_group,701.0,91.66666666666667,82.66666666666667,36.66666666666667,0.28571428571428575,45.66666666666667,0.35584415584415585,True,True,True
43051,1,0.5764995805363179,0.08432859071554678,Silvi Materials,Limerick Plant,PA,Eastern Region,filler,3500.0,3500,28.0,standard_28,150.28571428571428,strict_group,21.0,108.28571428571429,99.14285714285714,41.999999999999986,0.27946768060836497,51.14285714285714,0.34030418250950567,True,True,True
42931,1,0.5729810915888042,0.08432859071554678,Silvi Materials,Englishtown Plant,NJ,Eastern Region,filler,4000.0,4000,28.0,standard_28,142.0,strict_group,83.0,88.0,68.55,54.0,0.38028169014084506,73.45,0.5172535211267606,True,True,True
2011,0,0.5727673685498109,0.08432859071554678,Bonded Concrete Inc. / The Clemente Group,Pleasant Valley Plant,NY,Eastern Region,other_or_unspecified,3000.0,3000,28.0,standard_28,116.66666666666667,strict_group,295.0,91.33333333333333,79.06666666666668,25.333333333333343,0.21714285714285722,37.599999999999994,0.32228571428571423,True,True,True
5464,1,0.5725079495121859,0.08432859071554678,CEMEX,Atmore Plant,AL,Southeastern Region,paving,3000.0,3000,28.0,standard_28,136.0,strict_group,16.0,94.25,87.66666666666666,41.75,0.3069852941176471,48.33333333333334,0.35539215686274517,True,True,True
8587,0,0.5724787120089536,0.08432859071554678,CEMEX,Industrial Park Rd (Cartersville - RMUSA) Plant,GA,Southeastern Region,other_or_unspecified,3000.0,3000,28.0,standard_28,103.66666666666667,strict_group,701.0,91.66666666666667,82.66666666666667,12.0,0.1157556270096463,21.0,0.20257234726688103,True,True,False
15509,1,0.570669260094414,0.08432859071554678,CEMEX,Tyrone Plant,GA,Southeastern Region,filler,3000.0,3000,28.0,standard_28,133.33333333333334,strict_group,44.0,117.25,105.0,16.083333333333343,0.12062500000000007,28.333333333333343,0.21250000000000005,True,True,False
9930,1,0.569160132635817,0.08432859071554678,CEMEX,McIntosh Plant,FL,Southeastern Region,filler,3000.0,3000,28.0,standard_28,126.0,strict_group,44.0,117.25,105.0,8.75,0.06944444444444445,21.0,0.16666666666666666,True,False,False
9897,1,0.5678047642390796,0.08432859071554678,CEMEX,McIntosh Plant,FL,Southeastern Region,other_or_unspecified,2500.0,2500,28.0,standard_28,124.4,strict_group,212.0,92.7,82.88,31.700000000000003,0.25482315112540194,41.52000000000001,0.33376205787781354,True,True,True
5398,1,0.5675683787249103,0.08432859071554678,CEMEX,Athens Plant,AL,Southeastern Region,filler,3000.0,3000,28.0,standard_28,126.66666666666667,strict_group,44.0,117.25,105.0,9.416666666666671,0.07434210526315793,21.66666666666667,0.1710526315789474,True,False,False
4519,0,0.5657124210912636,0.08432859071554678,"Callanan Industries, Inc.",Oriskany Plant,NY,Eastern Region,other_or_unspecified,3000.0,3000,28.0,standard_28,99.0,strict_group,295.0,91.33333333333333,79.06666666666668,7.666666666666671,0.07744107744107749,19.933333333333323,0.20134680134680125,True,False,False
9299,0,0.5652384814383089,0.08432859071554678,CEMEX,Lawrenceville Plant,GA,Southeastern Region,other_or_unspecified,3000.0,3000,28.0,standard_28,122.66666666666667,strict_group,701.0,91.66666666666667,82.66666666666667,31.0,0.25271739130434784,40.0,0.32608695652173914,True,True,True
4555,0,0.5649300294212765,0.08432859071554678,Cape Cod Ready Mix,Carver Plant,MA,Eastern Region,other_or_unspecified,3000.0,3000,28.0,standard_28,108.0,strict_group,295.0,91.33333333333333,79.06666666666668,16.66666666666667,0.15432098765432103,28.933333333333323,0.26790123456790116,True,True,False
33865,1,0.5637519254953892,0.08432859071554678,Knife River Corporation,Redmond (Oregon) Plant,OR,Pacific Northwest Region,paving,4000.0,4000,28.0,standard_28,148.25,strict_group,74.0,64.4375,54.825,83.8125,0.565345699831366,93.425,0.630185497470489,True,True,True
10348,0,0.5637328889823693,0.08432859071554678,CEMEX,Monroeville Plant,AL,Southeastern Region,other_or_unspecified,3000.0,3000,28.0,standard_28,118.33333333333333,strict_group,701.0,91.66666666666667,82.66666666666667,26.666666666666657,0.22535211267605626,35.66666666666666,0.3014084507042253,True,True,True
7210,0,0.5633488178086415,0.08432859071554678,CEMEX,Dawsonville - Easy Street Plant,GA,Southeastern Region,filler,4000.0,4000,28.0,standard_28,108.75,strict_group,36.0,95.0,86.75,13.75,0.12643678160919541,22.0,0.20229885057471264,True,True,False
43058,0,0.5633334058432412,0.08432859071554678,Silvi Materials,Limerick Plant,PA,Eastern Region,filler,3500.0,3500,28.0,standard_28,122.28571428571429,strict_group,21.0,108.28571428571429,99.14285714285714,14.0,0.11448598130841121,23.142857142857153,0.1892523364485982,True,True,False
46202,0,0.5617616593738868,0.08432859071554678,United Companies,Gypsum Plant,CO,Rocky Mountains Region,other_or_unspecified,3000.0,3000,28.0,standard_28,86.66666666666667,strict_group,53.0,77.66666666666667,65.4,9.0,0.10384615384615384,21.266666666666666,0.24538461538461537,True,True,False
9781,0,0.5606699306414517,0.08432859071554678,CEMEX,Marietta Plant,FL,Southeastern Region,other_or_unspecified,3000.0,3000,28.0,standard_28,119.66666666666667,strict_group,701.0,91.66666666666667,82.66666666666667,28.0,0.233983286908078,37.0,0.30919220055710306,True,True,True
46800,0,0.5597708441931308,0.08432859071554678,US Concrete Mix / Smyrna Ready Mix,Long Island City Plant,NY,Eastern Region,other_or_unspecified,5000.0,5000,28.0,standard_28,106.2,strict_group,282.0,69.05,57.839999999999996,37.150000000000006,0.34981167608286257,48.36000000000001,0.45536723163841814,True,True,True
42913,1,0.5597592818180045,0.08432859071554678,Silvi Materials,Englishtown Plant,NJ,Eastern Region,filler,3500.0,3500,28.0,standard_28,127.71428571428571,strict_group,21.0,108.28571428571429,99.14285714285714,19.428571428571416,0.15212527964205808,28.57142857142857,0.22371364653243847,True,True,False
33861,1,0.5588415994464613,0.08432859071554678,Knife River Corporation,Redmond (Oregon) Plant,OR,Pacific Northwest Region,other_or_unspecified,3000.0,3000,28.0,standard_28,129.66666666666666,strict_group,395.0,71.0,64.13333333333334,58.66666666666666,0.4524421593830334,65.53333333333332,0.5053984575835475,True,True,True
33356,0,0.5564795780591734,0.08432859071554678,Kirkpatrick Concrete,Alabaster Plant,AL,Southeastern Region,other_or_unspecified,3000.0,3000,28.0,standard_28,96.66666666666667,strict_group,701.0,91.66666666666667,82.66666666666667,5.0,0.05172413793103448,14.0,0.14482758620689654,True,False,False
33399,0,0.5564795780591734,0.08432859071554678,Kirkpatrick Concrete,Gardendale Plant,AL,Southeastern Region,other_or_unspecified,3000.0,3000,28.0,standard_28,93.0,strict_group,701.0,91.66666666666667,82.66666666666667,1.3333333333333286,0.014336917562723964,10.333333333333329,0.11111111111111106,True,False,False
33421,0,0.5564795780591734,0.08432859071554678,Kirkpatrick Concrete,Highway 280 Plant,AL,Southeastern Region,other_or_unspecified,3000.0,3000,28.0,standard_28,92.33333333333333,strict_group,701.0,91.66666666666667,82.66666666666667,0.6666666666666572,0.007220216606498093,9.666666666666657,0.10469314079422373,True,False,False
33443,0,0.5564795780591734,0.08432859071554678,Kirkpatrick Concrete,Lakeshore Plant,AL,Southeastern Region,other_or_unspecified,3000.0,3000,28.0,standard_28,91.0,strict_group,701.0,91.66666666666667,82.66666666666667,0.0,0.0,8.333333333333329,0.09157509157509153,True,False,False
15205,0,0.5501971357167786,0.08432859071554678,CEMEX,Thomasville Plant,AL,Southeastern Region,other_or_unspecified,3000.0,3000,28.0,standard_28,117.33333333333333,strict_group,701.0,91.66666666666667,82.66666666666667,25.666666666666657,0.21874999999999992,34.66666666666666,0.29545454545454536,True,True,True
34125,0,0.5495866392879576,0.08432859071554678,Lycon Inc.,Madison Plant,WI,Great Lakes Region,other_or_unspecified,1500.0,1500,28.0,standard_28,51.666666666666664,national_spec_group,13.0,112.0,51.666666666666664,0.0,0.0,0.0,0.0,True,False,False
13496,0,0.5476059394231724,0.08432859071554678,CEMEX,Russellville Plant,AL,Southeastern Region,paving,3000.0,3000,28.0,standard_28,118.66666666666667,strict_group,16.0,94.25,87.66666666666666,24.41666666666667,0.20575842696629218,31.000000000000014,0.26123595505617986,True,True,True
16301,1,0.5462096477060361,0.08432859071554678,CEMEX,Zephyrhills Plant,FL,Southeastern Region,other_or_unspecified,3000.0,3000,28.0,standard_28,139.33333333333334,strict_group,701.0,91.66666666666667,82.66666666666667,47.66666666666667,0.34210526315789475,56.66666666666667,0.40669856459330145,True,True,True
30438,0,0.544715299168995,0.08432859071554678,Elizabeth River Concrete,Portsmouth Virginia Plant,VA,Eastern Region,other_or_unspecified,3000.0,3000,28.0,standard_28,105.66666666666667,strict_group,295.0,91.33333333333333,79.06666666666668,14.333333333333343,0.13564668769716096,26.599999999999994,0.2517350157728706,True,True,False
9761,0,0.5439743714179237,0.08432859071554678,CEMEX,Marietta Plant,FL,Southeastern Region,other_or_unspecified,3000.0,3000,28.0,standard_28,112.66666666666667,strict_group,701.0,91.66666666666667,82.66666666666667,21.0,0.18639053254437868,30.0,0.2662721893491124,True,True,False
8281,1,0.5437775941847212,0.08432859071554678,CEMEX,Habersham Plant,GA,Southeastern Region,other_or_unspecified,2500.0,2500,28.0,standard_28,126.4,strict_group,212.0,92.7,82.88,33.7,0.26661392405063294,43.52000000000001,0.3443037974683545,True,True,True
5129,1,0.5433418965836811,0.08432859071554678,CEMEX,Andalusia Plant,AL,Southeastern Region,other_or_unspecified,3000.0,3000,28.0,standard_28,126.0,strict_group,701.0,91.66666666666667,82.66666666666667,34.33333333333333,0.27248677248677244,43.33333333333333,0.3439153439153439,True,True,True
9305,0,0.5430634499883519,0.08432859071554678,CEMEX,Lecanto East Plant,FL,Southeastern Region,other_or_unspecified,3000.0,3000,28.0,standard_28,111.0,strict_group,701.0,91.66666666666667,82.66666666666667,19.33333333333333,0.17417417417417413,28.33333333333333,0.2552552552552552,True,True,False
2708,1,0.5426557481406261,0.08432859071554678,Cadman / Heidelberg Materials,Foster Road Plant,OR,Pacific Northwest Region,other_or_unspecified,2000.0,2000,28.0,standard_28,178.0,strict_group,14.0,122.625,99.0,55.375,0.31109550561797755,79.0,0.4438202247191011,True,True,True
5117,0,0.5416201082593667,0.08432859071554678,CEMEX,Andalusia Plant,AL,Southeastern Region,other_or_unspecified,3000.0,3000,28.0,standard_28,112.0,strict_group,701.0,91.66666666666667,82.66666666666667,20.33333333333333,0.181547619047619,29.33333333333333,0.26190476190476186,True,True,False
45986,0,0.5410958917165031,0.08432859071554678,Titan Virginia Ready-Mix,Sterling RM (Plant 1),VA,Eastern Region,other_or_unspecified,4000.0,4000,28.0,standard_28,102.5,strict_group,636.0,74.75,60.75,27.75,0.2707317073170732,41.75,0.4073170731707317,True,True,True
33750,1,0.5374695496517731,0.08432859071554678,Knife River Corporation,McMinnville (Oregon) Plant,OR,Pacific Northwest Region,other_or_unspecified,4000.0,4000,28.0,standard_28,132.0,strict_group,579.0,63.25,56.7,68.75,0.5208333333333334,75.3,0.5704545454545454,True,True,True
33608,1,0.5354459083124822,0.08432859071554678,Knife River Corporation,Eugene (Oregon) Plant,OR,Pacific Northwest Region,other_or_unspecified,3500.0,3500,28.0,standard_28,124.28571428571429,strict_group,339.0,68.59126984126985,58.0,55.69444444444444,0.4481162196679438,66.28571428571429,0.5333333333333333,True,True,True
43232,0,0.5353685049845172,0.08432859071554678,Silvi Materials,Philadelphia Plant,PA,Eastern Region,filler,3000.0,3000,28.0,standard_28,113.66666666666667,strict_group,28.0,94.5,30.75,19.16666666666667,0.16862170087976544,82.91666666666667,0.7294721407624634,True,True,False
2013,0,0.5283090485409605,0.08432859071554678,Bonded Concrete Inc. / The Clemente Group,Pleasant Valley Plant,NY,Eastern Region,other_or_unspecified,3000.0,3000,28.0,standard_28,109.66666666666667,strict_group,295.0,91.33333333333333,79.06666666666668,18.333333333333343,0.16717325227963534,30.599999999999994,0.2790273556231002,True,True,False
33991,1,0.5278270705652832,0.08432859071554678,Knife River Corporation,Woodburn (Oregon) Plant,OR,Pacific Northwest Region,other_or_unspecified,3500.0,3500,28.0,standard_28,130.0,strict_group,339.0,68.59126984126985,58.0,61.40873015873015,0.4723748473748473,72.0,0.5538461538461539,True,True,True
33745,1,0.5272029933610213,0.08432859071554678,Knife River Corporation,McMinnville (Oregon) Plant,OR,Pacific Northwest Region,hardscape,3300.0,3500,28.0,standard_28,156.66666666666669,strict_group,9.0,82.85714285714286,80.11428571428571,73.80952380952382,0.4711246200607903,76.55238095238097,0.48863221884498487,True,True,True
44890,1,0.5247448072288609,0.08432859071554678,Titan Virginia Ready-Mix,Campostella Plant,VA,Eastern Region,filler,3000.0,3000,28.0,standard_28,169.0,strict_group,28.0,94.5,30.75,74.5,0.4408284023668639,138.25,0.8180473372781065,True,True,True
43215,1,0.5239258466043372,0.08432859071554678,Silvi Materials,Philadelphia Plant,PA,Eastern Region,other_or_unspecified,3000.0,3000,28.0,standard_28,131.0,strict_group,295.0,91.33333333333333,79.06666666666668,39.66666666666667,0.3027989821882952,51.93333333333332,0.3964376590330788,True,True,True
9143,1,0.5237499310015629,0.08432859071554678,CEMEX,Lake Wales Plant,FL,Southeastern Region,other_or_unspecified,3000.0,3000,28.0,standard_28,126.0,strict_group,701.0,91.66666666666667,82.66666666666667,34.33333333333333,0.27248677248677244,43.33333333333333,0.3439153439153439,True,True,True
45383,1,0.5207452836817762,0.08432859071554678,Titan Virginia Ready-Mix,Oceana Plant,VA,Eastern Region,filler,3000.0,3000,28.0,standard_28,170.33333333333334,strict_group,28.0,94.5,30.75,75.83333333333334,0.44520547945205485,139.58333333333334,0.8194716242661448,True,True,True
6148,0,0.5200273544247332,0.08432859071554678,CEMEX,Card Sound Mine Plant,FL,Southeastern Region,other_or_unspecified,3000.0,3000,28.0,standard_28,105.33333333333333,strict_group,701.0,91.66666666666667,82.66666666666667,13.666666666666657,0.1297468354430379,22.666666666666657,0.21518987341772144,True,True,False
44869,1,0.5184316456881032,0.08432859071554678,Titan Virginia Ready-Mix,Bryan Park Plant,VA,Eastern Region,other_or_unspecified,4000.0,4000,28.0,standard_28,141.75,strict_group,636.0,74.75,60.75,67.0,0.47266313932980597,81.0,0.5714285714285714,True,True,True
2680,0,0.517097023411994,0.08432859071554678,Cadman / Heidelberg Materials,Foster Road Plant,OR,Pacific Northwest Region,other_or_unspecified,2000.0,2000,28.0,standard_28,122.5,strict_group,14.0,122.625,99.0,0.0,0.0,23.5,0.19183673469387755,True,False,False
37854,1,0.5159055196650463,0.08432859071554678,National Ready Mix,Santa Clarita Plant,CA,Pacific Southwest Region,other_or_unspecified,2500.0,2500,28.0,standard_28,127.2,strict_group,16.0,102.5,100.8,24.700000000000003,0.19418238993710693,26.400000000000006,0.2075471698113208,True,True,False
45407,1,0.5149697210771463,0.08432859071554678,Titan Virginia Ready-Mix,Port Norfolk Plant,VA,Eastern Region,filler,3000.0,3000,28.0,standard_28,157.66666666666666,strict_group,28.0,94.5,30.75,63.16666666666666,0.40063424947145876,126.91666666666666,0.804968287526427,True,True,True
16180,0,0.5148538961537793,0.08432859071554678,CEMEX,Winter Park Plant,FL,Southeastern Region,other_or_unspecified,3000.0,3000,28.0,standard_28,121.0,strict_group,701.0,91.66666666666667,82.66666666666667,29.33333333333333,0.24242424242424238,38.33333333333333,0.3168044077134986,True,True,True
42339,1,0.513875393124532,0.08432859071554678,Robertson's Ready Mix,Gardena Plant,CA,Pacific Southwest Region,other_or_unspecified,3000.0,3000,28.0,standard_28,124.0,strict_group,89.0,92.0,80.53333333333333,32.0,0.25806451612903225,43.46666666666667,0.35053763440860214,True,True,True
13501,1,0.5110352079417102,0.08432859071554678,CEMEX,Russellville Plant,AL,Southeastern Region,other_or_unspecified,3000.0,3000,28.0,standard_28,125.66666666666667,strict_group,701.0,91.66666666666667,82.66666666666667,34.0,0.27055702917771884,43.0,0.3421750663129973,True,True,True
33938,1,0.5098827596747523,0.08432859071554678,Knife River Corporation,Tumalo (Oregon) Plant,OR,Pacific Northwest Region,paving,4000.0,4000,28.0,standard_28,149.75,strict_group,74.0,64.4375,54.825,85.3125,0.5696994991652755,94.925,0.6338898163606009,True,True,True
30830,0,0.5078221816935072,0.08432859071554678,Four Winds Concrete Inc.,Windgap Plant,PA,Eastern Region,filler,4000.0,4000,28.0,standard_28,117.75,strict_group,83.0,88.0,68.55,29.75,0.2526539278131635,49.2,0.4178343949044586,True,True,True
33596,0,0.5063979985606663,0.08432859071554678,Knife River Corporation,Eugene (Oregon) Plant,OR,Pacific Northwest Region,other_or_unspecified,3000.0,3000,28.0,standard_28,113.33333333333333,strict_group,395.0,71.0,64.13333333333334,42.33333333333333,0.37352941176470583,49.19999999999999,0.43411764705882344,True,True,True
33559,0,0.5063979985606663,0.08432859071554678,Knife River Corporation,Corvallis (Oregon) Plant,OR,Pacific Northwest Region,other_or_unspecified,3000.0,3000,28.0,standard_28,118.66666666666667,strict_group,395.0,71.0,64.13333333333334,47.66666666666667,0.401685393258427,54.53333333333333,0.4595505617977528,True,True,True
5013,1,0.5063272386068991,0.08432859071554678,CEMEX,Alexander City Plant,AL,Southeastern Region,other_or_unspecified,3000.0,3000,28.0,standard_28,160.66666666666666,strict_group,701.0,91.66666666666667,82.66666666666667,68.99999999999999,0.429460580912863,77.99999999999999,0.48547717842323646,True,True,True
6510,0,0.5042590913770257,0.08432859071554678,CEMEX,Columbus - Smith Rd (Vulcan Quarry) Plant,GA,Southeastern Region,other_or_unspecified,3000.0,3000,28.0,standard_28,83.33333333333333,strict_group,701.0,91.66666666666667,82.66666666666667,0.0,0.0,0.6666666666666572,0.007999999999999887,True,False,False
1984,0,0.5026019192831296,0.08432859071554678,Bonded Concrete Inc. / The Clemente Group,Colonie Plant,NY,Eastern Region,other_or_unspecified,3000.0,3000,28.0,standard_28,100.0,strict_group,295.0,91.33333333333333,79.06666666666668,8.666666666666671,0.08666666666666671,20.933333333333323,0.20933333333333323,True,False,False
43136,0,0.4986767790922179,0.08432859071554678,Silvi Materials,Morrisville Plant,PA,Eastern Region,other_or_unspecified,3000.0,3000,28.0,standard_28,116.33333333333333,strict_group,295.0,91.33333333333333,79.06666666666668,25.0,0.21489971346704873,37.26666666666665,0.32034383954154716,True,True,True
33955,1,0.4966292643832568,0.08432859071554678,Knife River Corporation,Wheatland (Oregon) Plant,OR,Pacific Northwest Region,other_or_unspecified,3000.0,3000,28.0,standard_28,132.0,strict_group,395.0,71.0,64.13333333333334,61.0,0.4621212121212121,67.86666666666666,0.5141414141414141,True,True,True
11604,0,0.4949968563642004,0.08432859071554678,CEMEX,Orange City Plant,FL,Southeastern Region,other_or_unspecified,3000.0,3000,28.0,standard_28,114.66666666666667,strict_group,701.0,91.66666666666667,82.66666666666667,23.0,0.2005813953488372,32.0,0.27906976744186046,True,True,True
11730,0,0.4945834821178381,0.08432859071554678,CEMEX,Orlando (Atlanta Ave) Plant,FL,Southeastern Region,other_or_unspecified,3000.0,3000,28.0,standard_28,114.0,strict_group,701.0,91.66666666666667,82.66666666666667,22.33333333333333,0.19590643274853797,31.33333333333333,0.27485380116959063,True,True,False
15467,0,0.4927071955467736,0.08432859071554678,CEMEX,Tuscumbia (Dual) Plant,AL,Southeastern Region,other_or_unspecified,3000.0,3000,28.0,standard_28,109.66666666666667,strict_group,701.0,91.66666666666667,82.66666666666667,18.0,0.1641337386018237,27.0,0.24620060790273554,True,True,False
6374,1,0.492420892896613,0.08432859071554678,CEMEX,Clermont RK Plant,FL,Southeastern Region,other_or_unspecified,3000.0,3000,28.0,standard_28,125.66666666666667,strict_group,701.0,91.66666666666667,82.66666666666667,34.0,0.27055702917771884,43.0,0.3421750663129973,True,True,True
3243,1,0.4870536505134502,0.08432859071554678,Cadman / Heidelberg Materials,Orchards Plant,WA,Pacific Northwest Region,other_or_unspecified,2000.0,2000,28.0,standard_28,127.5,strict_group,14.0,122.625,99.0,4.875,0.03823529411764706,28.5,0.2235294117647059,True,False,False
12029,0,0.4861685900498567,0.08432859071554678,CEMEX,Panama City Beach - #2 Plant,FL,Southeastern Region,other_or_unspecified,3000.0,3000,28.0,standard_28,118.33333333333333,strict_group,701.0,91.66666666666667,82.66666666666667,26.666666666666657,0.22535211267605626,35.66666666666666,0.3014084507042253,True,True,True
43305,0,0.4859280710210746,0.08432859071554678,Silvi Materials,Philadelphia Plant,PA,Eastern Region,filler,4500.0,4500,28.0,standard_28,110.88888888888889,strict_group,14.0,93.88888888888889,78.75555555555556,17.0,0.15330661322645292,32.133333333333326,0.28977955911823644,True,True,False
33600,1,0.48470122868769,0.08432859071554678,Knife River Corporation,Eugene (Oregon) Plant,OR,Pacific Northwest Region,other_or_unspecified,3000.0,3000,28.0,standard_28,128.33333333333334,strict_group,395.0,71.0,64.13333333333334,57.33333333333334,0.4467532467532468,64.2,0.5002597402597403,True,True,True
43131,1,0.4842654261653482,0.08432859071554678,Silvi Materials,Morrisville Plant,PA,Eastern Region,other_or_unspecified,3000.0,3000,28.0,standard_28,128.33333333333334,strict_group,295.0,91.33333333333333,79.06666666666668,37.000000000000014,0.2883116883116884,49.266666666666666,0.38389610389610385,True,True,True
43030,0,0.4842654261653482,0.08432859071554678,Silvi Materials,Limerick Plant,PA,Eastern Region,other_or_unspecified,3000.0,3000,28.0,standard_28,120.66666666666667,strict_group,295.0,91.33333333333333,79.06666666666668,29.333333333333343,0.24309392265193377,41.599999999999994,0.34475138121546955,True,True,True
12079,1,0.4823294512703571,0.08432859071554678,CEMEX,Pennington Plant,AL,Southeastern Region,filler,3000.0,3000,28.0,standard_28,136.0,strict_group,44.0,117.25,105.0,18.75,0.13786764705882354,31.0,0.22794117647058823,True,True,False
43214,1,0.4809302632482736,0.08432859071554678,Silvi Materials,Philadelphia Plant,PA,Eastern Region,other_or_unspecified,3000.0,3000,28.0,standard_28,132.33333333333334,strict_group,295.0,91.33333333333333,79.06666666666668,41.000000000000014,0.3098236775818641,53.266666666666666,0.4025188916876574,True,True,True
7088,0,0.4782630891427242,0.08432859071554678,CEMEX,Dallas Plant,GA,Southeastern Region,other_or_unspecified,3000.0,3000,28.0,standard_28,113.0,strict_group,701.0,91.66666666666667,82.66666666666667,21.33333333333333,0.18879056047197637,30.33333333333333,0.2684365781710914,True,True,False
5916,1,0.4753945584568719,0.08432859071554678,CEMEX,Brewton Plant,AL,Southeastern Region,other_or_unspecified,3000.0,3000,28.0,standard_28,125.0,strict_group,701.0,91.66666666666667,82.66666666666667,33.33333333333333,0.2666666666666666,42.33333333333333,0.3386666666666666,True,True,True
9278,0,0.4742486822071434,0.08432859071554678,CEMEX,Lawrenceville Plant,GA,Southeastern Region,other_or_unspecified,3000.0,3000,28.0,standard_28,113.66666666666667,strict_group,701.0,91.66666666666667,82.66666666666667,22.0,0.1935483870967742,31.0,0.2727272727272727,True,True,False
1983,0,0.4738888955341219,0.08432859071554678,Bonded Concrete Inc. / The Clemente Group,Colonie Plant,NY,Eastern Region,other_or_unspecified,3000.0,3000,28.0,standard_28,105.33333333333333,strict_group,295.0,91.33333333333333,79.06666666666668,14.0,0.1329113924050633,26.26666666666665,0.2493670886075948,True,True,False
510,1,0.473322339091046,0.08432859071554678,American Rock Products (ARP),Hermiston Plant,OR,Pacific Northwest Region,filler,2000.0,2000,28.0,standard_28,160.0,strict_group,7.0,130.5,125.1,29.5,0.184375,34.900000000000006,0.21812500000000004,True,True,False
5912,1,0.4710988809728583,0.08432859071554678,CEMEX,Brewton Plant,AL,Southeastern Region,other_or_unspecified,3000.0,3000,28.0,standard_28,124.33333333333333,strict_group,701.0,91.66666666666667,82.66666666666667,32.66666666666666,0.2627345844504021,41.66666666666666,0.33512064343163533,True,True,True
42894,0,0.471023284551426,0.08432859071554678,Silvi Materials,Englishtown Plant,NJ,Eastern Region,other_or_unspecified,3000.0,3000,28.0,standard_28,119.66666666666667,strict_group,295.0,91.33333333333333,79.06666666666668,28.333333333333343,0.23676880222841232,40.599999999999994,0.33927576601671305,True,True,True
44148,1,0.4702490307337116,0.08432859071554678,Tec-Crete Transit Mix Corp.,Jamaica Plant,NY,Eastern Region,filler,3000.0,3000,28.0,standard_28,142.66666666666666,strict_group,28.0,94.5,30.75,48.16666666666666,0.3376168224299065,111.91666666666666,0.7844626168224299,True,True,True
34004,1,0.4699622149271471,0.08432859071554678,Knife River Corporation,Woodburn (Oregon) Plant,OR,Pacific Northwest Region,filler,3500.0,3500,28.0,standard_28,164.57142857142858,strict_group,7.0,100.19444444444444,91.25714285714285,64.37698412698414,0.39117959104938277,73.31428571428573,0.4454861111111112,True,True,True
8295,1,0.4677707023875304,0.08432859071554678,CEMEX,Habersham Plant,GA,Southeastern Region,other_or_unspecified,3000.0,3000,28.0,standard_28,134.33333333333334,strict_group,701.0,91.66666666666667,82.66666666666667,42.66666666666667,0.3176178660049628,51.66666666666667,0.38461538461538464,True,True,True
15147,0,0.466831687177704,0.08432859071554678,CEMEX,Sweetwater Plant,FL,Southeastern Region,other_or_unspecified,3000.0,3000,28.0,standard_28,103.66666666666667,strict_group,701.0,91.66666666666667,82.66666666666667,12.0,0.1157556270096463,21.0,0.20257234726688103,True,True,False
33727,1,0.4665789820362814,0.08432859071554678,Knife River Corporation,McMinnville (Oregon) Plant,OR,Pacific Northwest Region,other_or_unspecified,3000.0,3000,28.0,standard_28,138.33333333333334,strict_group,395.0,71.0,64.13333333333334,67.33333333333334,0.48674698795180726,74.2,0.5363855421686747,True,True,True
3804,0,0.4656056603144742,0.08432859071554678,Cadman / Heidelberg Materials,Port of Portland Plant,OR,Pacific Northwest Region,other_or_unspecified,2200.0,2000,28.0,standard_28,98.18181818181817,strict_group,14.0,122.625,99.0,0.0,0.0,0.0,0.0,True,False,False
45985,0,0.4646058298042863,0.08432859071554678,Titan Virginia Ready-Mix,Sterling RM (Plant 1),VA,Eastern Region,other_or_unspecified,4000.0,4000,28.0,standard_28,102.25,strict_group,636.0,74.75,60.75,27.5,0.26894865525672373,41.5,0.4058679706601467,True,True,True
5952,0,0.46442023874645,0.08432859071554678,CEMEX,Brooksville Plant,FL,Southeastern Region,other_or_unspecified,3000.0,3000,28.0,standard_28,98.66666666666667,strict_group,701.0,91.66666666666667,82.66666666666667,7.0,0.07094594594594594,16.0,0.16216216216216214,True,False,False
4891,1,0.4620492701827426,0.08432859071554678,CEMEX,78th Street Plant,FL,Southeastern Region,other_or_unspecified,3000.0,3000,28.0,standard_28,163.0,strict_group,701.0,91.66666666666667,82.66666666666667,71.33333333333333,0.4376278118609407,80.33333333333333,0.492842535787321,True,True,True
33354,0,0.460579552455044,0.08432859071554678,Kirkpatrick Concrete,Alabaster Plant,AL,Southeastern Region,other_or_unspecified,3000.0,3000,28.0,standard_28,114.66666666666667,strict_group,701.0,91.66666666666667,82.66666666666667,23.0,0.2005813953488372,32.0,0.27906976744186046,True,True,True
33441,0,0.460579552455044,0.08432859071554678,Kirkpatrick Concrete,Lakeshore Plant,AL,Southeastern Region,other_or_unspecified,3000.0,3000,28.0,standard_28,108.66666666666667,strict_group,701.0,91.66666666666667,82.66666666666667,17.0,0.15644171779141103,26.0,0.23926380368098157,True,True,False
33419,0,0.460579552455044,0.08432859071554678,Kirkpatrick Concrete,Highway 280 Plant,AL,Southeastern Region,other_or_unspecified,3000.0,3000,28.0,standard_28,110.33333333333333,strict_group,701.0,91.66666666666667,82.66666666666667,18.666666666666657,0.1691842900302114,27.666666666666657,0.25075528700906335,True,True,False
33397,0,0.460579552455044,0.08432859071554678,Kirkpatrick Concrete,Gardendale Plant,AL,Southeastern Region,other_or_unspecified,3000.0,3000,28.0,standard_28,110.66666666666667,strict_group,701.0,91.66666666666667,82.66666666666667,19.0,0.1716867469879518,28.0,0.25301204819277107,True,True,False
11838,1,0.4604126724010509,0.08432859071554678,CEMEX,Palmetto Plant,FL,Southeastern Region,other_or_unspecified,3000.0,3000,28.0,standard_28,166.66666666666666,strict_group,701.0,91.66666666666667,82.66666666666667,74.99999999999999,0.44999999999999996,83.99999999999999,0.5039999999999999,True,True,True
15749,0,0.4590796516818718,0.08432859071554678,CEMEX,Waters Avenue Plant,FL,Southeastern Region,other_or_unspecified,3000.0,3000,28.0,standard_28,110.33333333333333,strict_group,701.0,91.66666666666667,82.66666666666667,18.666666666666657,0.1691842900302114,27.666666666666657,0.25075528700906335,True,True,False
30741,0,0.4580285835774124,0.08432859071554678,Four Winds Concrete Inc.,Bethlehem Plant,PA,Eastern Region,other_or_unspecified,3000.0,3000,28.0,standard_28,118.0,strict_group,295.0,91.33333333333333,79.06666666666668,26.66666666666667,0.22598870056497178,38.93333333333332,0.3299435028248587,True,True,True
4907,1,0.455282193272685,0.08432859071554678,CEMEX,78th Street Plant,FL,Southeastern Region,other_or_unspecified,3000.0,3000,28.0,standard_28,144.0,strict_group,701.0,91.66666666666667,82.66666666666667,52.33333333333333,0.3634259259259259,61.33333333333333,0.4259259259259259,True,True,True
4686,0,0.4552545388003883,0.08432859071554678,Cape Cod Ready Mix,Sandwich Plant,MA,Eastern Region,other_or_unspecified,3000.0,3000,28.0,standard_28,106.66666666666667,strict_group,295.0,91.33333333333333,79.06666666666668,15.333333333333343,0.14375000000000007,27.599999999999994,0.2587499999999999,True,True,False
4615,0,0.4552545388003883,0.08432859071554678,Cape Cod Ready Mix,Dennis Plant,MA,Eastern Region,other_or_unspecified,3000.0,3000,28.0,standard_28,111.33333333333333,strict_group,295.0,91.33333333333333,79.06666666666668,20.0,0.17964071856287425,32.26666666666665,0.289820359281437,True,True,False
4614,0,0.4552545388003883,0.08432859071554678,Cape Cod Ready Mix,Dennis Plant,MA,Eastern Region,other_or_unspecified,3000.0,3000,28.0,standard_28,108.33333333333333,strict_group,295.0,91.33333333333333,79.06666666666668,17.0,0.15692307692307694,29.26666666666665,0.270153846153846,True,True,False
4616,0,0.4552545388003883,0.08432859071554678,Cape Cod Ready Mix,Dennis Plant,MA,Eastern Region,other_or_unspecified,3000.0,3000,28.0,standard_28,115.66666666666667,strict_group,295.0,91.33333333333333,79.06666666666668,24.333333333333343,0.21037463976945253,36.599999999999994,0.31642651296829966,True,True,True
4688,0,0.4552545388003883,0.08432859071554678,Cape Cod Ready Mix,Sandwich Plant,MA,Eastern Region,other_or_unspecified,3000.0,3000,28.0,standard_28,113.33333333333333,strict_group,295.0,91.33333333333333,79.06666666666668,22.0,0.19411764705882353,34.26666666666665,0.3023529411764705,True,True,False
4687,0,0.4552545388003883,0.08432859071554678,Cape Cod Ready Mix,Sandwich Plant,MA,Eastern Region,other_or_unspecified,3000.0,3000,28.0,standard_28,110.0,strict_group,295.0,91.33333333333333,79.06666666666668,18.66666666666667,0.16969696969696973,30.933333333333323,0.28121212121212114,True,True,False
12033,1,0.4545427455187934,0.08432859071554678,CEMEX,Panama City Beach - #2 Plant,FL,Southeastern Region,other_or_unspecified,3000.0,3000,1.0,early,135.66666666666666,strict_group,7.0,134.5,131.86666666666667,1.1666666666666572,0.00859950859950853,3.799999999999983,0.028009828009827886,True,False,False
33583,0,0.452008421603401,0.08432859071554678,Knife River Corporation,Corvallis (Oregon) Plant,OR,Pacific Northwest Region,other_or_unspecified,3500.0,3500,28.0,standard_28,114.0,strict_group,339.0,68.59126984126985,58.0,45.40873015873015,0.3983221943748259,56.0,0.49122807017543857,True,True,True
33336,0,0.451905895564946,0.08432859071554678,Ingram Ready Mix,Pearland #35 LLC Plant,TX,South Central Region,other_or_unspecified,3000.0,3000,28.0,standard_28,87.0,strict_group,51.0,78.5,68.66666666666667,8.5,0.09770114942528736,18.33333333333333,0.21072796934865895,True,False,False
7584,1,0.4517178631304315,0.08432859071554678,CEMEX,Eastport Plant,FL,Southeastern Region,other_or_unspecified,3000.0,3000,28.0,standard_28,125.66666666666667,strict_group,701.0,91.66666666666667,82.66666666666667,34.0,0.27055702917771884,43.0,0.3421750663129973,True,True,True
42656,0,0.4509201157393951,0.08432859071554678,Schuster Concrete,Portable 18 Plant,DC,Eastern Region,other_or_unspecified,4500.0,4500,28.0,standard_28,87.55555555555556,strict_group,203.0,70.0,58.577777777777776,17.555555555555557,0.200507614213198,28.97777777777778,0.3309644670050762,True,True,True
33748,1,0.4508721920890092,0.08432859071554678,Knife River Corporation,McMinnville (Oregon) Plant,OR,Pacific Northwest Region,other_or_unspecified,4000.0,4000,28.0,standard_28,128.0,strict_group,579.0,63.25,56.7,64.75,0.505859375,71.3,0.55703125,True,True,True
43742,0,0.4497771317063488,0.08432859071554678,Smyrna Ready Mix,SCGA Mobile Plant,SC,Southeastern Region,infrastructure,3000.0,3000,28.0,standard_28,110.66666666666667,strict_group,5.0,56.0,54.6,54.66666666666667,0.49397590361445787,56.06666666666667,0.5066265060240964,True,True,True
9136,1,0.4494218877238277,0.08432859071554678,CEMEX,Lake Wales Plant,FL,Southeastern Region,other_or_unspecified,3000.0,3000,28.0,standard_28,138.0,strict_group,701.0,91.66666666666667,82.66666666666667,46.33333333333333,0.3357487922705314,55.33333333333333,0.4009661835748792,True,True,True
16139,0,0.4486600815276526,0.08432859071554678,CEMEX,Winfield Plant,AL,Southeastern Region,other_or_unspecified,3000.0,3000,28.0,standard_28,108.0,strict_group,701.0,91.66666666666667,82.66666666666667,16.33333333333333,0.15123456790123452,25.33333333333333,0.23456790123456786,True,True,False
42344,0,0.4455023289915055,0.08432859071554678,Robertson's Ready Mix,Gardena Plant,CA,Pacific Southwest Region,other_or_unspecified,4000.0,4000,28.0,standard_28,117.75,strict_group,111.0,78.25,69.0,39.5,0.3354564755838641,48.75,0.4140127388535032,True,True,True
2056,0,0.4451853034467306,0.08432859071554678,Boro Sand & Stone Corp,Boro Sand & Stone (North Attleboro) Plant,MA,Eastern Region,other_or_unspecified,3000.0,3000,28.0,standard_28,108.66666666666667,strict_group,295.0,91.33333333333333,79.06666666666668,17.333333333333343,0.1595092024539878,29.599999999999994,0.27239263803680974,True,True,False
42902,0,0.4448948569488114,0.08432859071554678,Silvi Materials,Englishtown Plant,NJ,Eastern Region,other_or_unspecified,3500.0,3500,28.0,standard_28,120.85714285714286,strict_group,117.0,95.71428571428571,84.05714285714286,25.142857142857153,0.20803782505910173,36.8,0.30449172576832145,True,True,True
8285,1,0.4431461265170711,0.08432859071554678,CEMEX,Habersham Plant,GA,Southeastern Region,other_or_unspecified,3000.0,3000,28.0,standard_28,129.0,strict_group,701.0,91.66666666666667,82.66666666666667,37.33333333333333,0.28940568475452194,46.33333333333333,0.35917312661498707,True,True,True
44163,0,0.4428469512896568,0.08432859071554678,Tec-Crete Transit Mix Corp.,Long Island City Plant,NY,Eastern Region,filler,4000.0,4000,28.0,standard_28,111.25,strict_group,83.0,88.0,68.55,23.25,0.20898876404494382,42.7,0.38382022471910116,True,True,True
2696,0,0.4418559767666374,0.08432859071554678,Cadman / Heidelberg Materials,Foster Road Plant,OR,Pacific Northwest Region,other_or_unspecified,2200.0,2000,28.0,standard_28,100.9090909090909,strict_group,14.0,122.625,99.0,0.0,0.0,1.9090909090909065,0.018918918918918892,True,False,False
3788,0,0.4405479084480904,0.08432859071554678,Cadman / Heidelberg Materials,Port of Portland Plant,OR,Pacific Northwest Region,other_or_unspecified,2000.0,2000,28.0,standard_28,123.0,strict_group,14.0,122.625,99.0,0.375,0.003048780487804878,24.0,0.1951219512195122,True,False,False
8289,0,0.434501271344773,0.08432859071554678,CEMEX,Habersham Plant,GA,Southeastern Region,other_or_unspecified,4000.0,4000,28.0,standard_28,118.25,strict_group,440.0,77.6875,69.75,40.5625,0.3430232558139535,48.5,0.41014799154334036,True,True,True
44150,0,0.4330977772733342,0.08432859071554678,Tec-Crete Transit Mix Corp.,Jamaica Plant,NY,Eastern Region,other_or_unspecified,4000.0,4000,28.0,standard_28,107.25,strict_group,636.0,74.75,60.75,32.5,0.30303030303030304,46.5,0.43356643356643354,True,True,True
9223,0,0.4278109252341259,0.08432859071554678,CEMEX,Largo II Plant,FL,Southeastern Region,other_or_unspecified,2500.0,2500,28.0,standard_28,116.8,strict_group,212.0,92.7,82.88,24.099999999999994,0.20633561643835613,33.92,0.2904109589041096,True,True,True
21769,1,0.4240236480062155,0.08432859071554678,Central Pre-Mix (CPM),Sullivan Plant ,WA,Pacific Northwest Region,filler,2000.0,2000,28.0,standard_28,134.5,strict_group,7.0,130.5,125.1,4.0,0.02973977695167286,9.400000000000006,0.06988847583643126,True,False,False
3259,0,0.4179694939559684,0.08432859071554678,Cadman / Heidelberg Materials,Orchards Plant,WA,Pacific Northwest Region,other_or_unspecified,2200.0,2000,28.0,standard_28,85.0,strict_group,14.0,122.625,99.0,0.0,0.0,0.0,0.0,True,False,False
43323,0,0.4168304393690572,0.08432859071554678,Silvi Materials,Philadelphia Plant,PA,Eastern Region,other_or_unspecified,5000.0,5000,28.0,standard_28,111.4,strict_group,282.0,69.05,57.839999999999996,42.35000000000001,0.3801615798922801,53.56000000000001,0.48078994614003595,True,True,True
9271,1,0.4159887737884578,0.08432859071554678,CEMEX,Lawrenceville Plant,GA,Southeastern Region,structural,3000.0,3000,1.0,early,150.33333333333334,regional_strength_group,823.0,92.16666666666666,84.0,58.166666666666686,0.3869179600886919,66.33333333333334,0.4412416851441242,True,True,True
10032,0,0.4143672768682695,0.08432859071554678,CEMEX,Milton Plant,FL,Southeastern Region,other_or_unspecified,3000.0,3000,28.0,standard_28,123.0,strict_group,701.0,91.66666666666667,82.66666666666667,31.33333333333333,0.2547425474254742,40.33333333333333,0.3279132791327913,True,True,True
33775,0,0.4120055769696285,0.08432859071554678,Knife River Corporation,Nampa (Idaho) Plant,ID,Pacific Northwest Region,other_or_unspecified,3000.0,3000,28.0,standard_28,118.33333333333333,strict_group,395.0,71.0,64.13333333333334,47.33333333333333,0.39999999999999997,54.19999999999999,0.45802816901408444,True,True,True
2016,0,0.4118252198312113,0.08432859071554678,Bonded Concrete Inc. / The Clemente Group,Pleasant Valley Plant,NY,Eastern Region,other_or_unspecified,3000.0,3000,28.0,standard_28,100.33333333333333,strict_group,295.0,91.33333333333333,79.06666666666668,9.0,0.08970099667774087,21.26666666666665,0.2119601328903653,True,False,False
43010,1,0.4108576814596867,0.08432859071554678,Silvi Materials,Kingston Plant,NJ,Eastern Region,filler,3500.0,3500,28.0,standard_28,125.14285714285714,strict_group,21.0,108.28571428571429,99.14285714285714,16.857142857142847,0.1347031963470319,26.0,0.2077625570776256,True,True,False
5913,1,0.4094017924438546,0.08432859071554678,CEMEX,Brewton Plant,AL,Southeastern Region,other_or_unspecified,3000.0,3000,28.0,standard_28,124.66666666666667,strict_group,701.0,91.66666666666667,82.66666666666667,33.0,0.2647058823529412,42.0,0.33689839572192515,True,True,True
7449,0,0.4087009131117658,0.08432859071554678,CEMEX,Downtown Miami Plant,FL,Southeastern Region,other_or_unspecified,3000.0,3000,28.0,standard_28,92.0,strict_group,701.0,91.66666666666667,82.66666666666667,0.3333333333333286,0.00362318840579705,9.333333333333329,0.10144927536231879,True,False,False
33970,1,0.4077556582964451,0.08432859071554678,Knife River Corporation,Wheatland (Oregon) Plant,OR,Pacific Northwest Region,hardscape,3300.0,3500,28.0,standard_28,140.0,strict_group,9.0,82.85714285714286,80.11428571428571,57.14285714285714,0.4081632653061224,59.885714285714286,0.42775510204081635,True,True,True
43795,0,0.4059670623561855,0.08432859071554678,Smyrna Ready Mix,TN Mobile Plant,TN,Southeastern Region,other_or_unspecified,2000.0,2000,28.0,standard_28,100.5,strict_group,9.0,114.0,97.9,0.0,0.0,2.5999999999999943,0.025870646766169098,True,False,False
4490,1,0.4051935875421512,0.08432859071554678,"Callanan Industries, Inc.",Latham Plant,NY,Eastern Region,other_or_unspecified,3000.0,3000,28.0,standard_28,124.66666666666667,strict_group,295.0,91.33333333333333,79.06666666666668,33.33333333333334,0.2673796791443851,45.599999999999994,0.36577540106951867,True,True,True
4491,0,0.4051935875421512,0.08432859071554678,"Callanan Industries, Inc.",Latham Plant,NY,Eastern Region,other_or_unspecified,3000.0,3000,28.0,standard_28,123.0,strict_group,295.0,91.33333333333333,79.06666666666668,31.66666666666667,0.25745257452574527,43.93333333333332,0.3571815718157181,True,True,True
22113,0,0.4036510865817593,0.08432859071554678,Conewago Manufacturing,Conewago Manufacturing Plant,PA,Eastern Region,filler,3000.0,3000,28.0,standard_28,110.0,strict_group,28.0,94.5,30.75,15.5,0.1409090909090909,79.25,0.7204545454545455,True,True,False
30895,0,0.3988957239676171,0.08432859071554678,Gotham Ready Mix LLC,Bronx Plant,NY,Eastern Region,other_or_unspecified,4500.0,4500,28.0,standard_28,107.55555555555556,strict_group,203.0,70.0,58.577777777777776,37.55555555555556,0.34917355371900827,48.97777777777778,0.4553719008264463,True,True,True
9457,0,0.3987184342498752,0.08432859071554678,CEMEX,Livingston Plant,AL,Southeastern Region,other_or_unspecified,3000.0,3000,28.0,standard_28,121.0,strict_group,701.0,91.66666666666667,82.66666666666667,29.33333333333333,0.24242424242424238,38.33333333333333,0.3168044077134986,True,True,True
30831,0,0.3970177799381469,0.08432859071554678,Four Winds Concrete Inc.,Windgap Plant,PA,Eastern Region,filler,4000.0,4000,28.0,standard_28,33.5,strict_group,83.0,88.0,68.55,0.0,0.0,0.0,0.0,True,False,False
34713,0,0.3968734787599073,0.08432859071554678,Milpitas Materials Co,Milpitas Plant,CA,Pacific Southwest Region,other_or_unspecified,3000.0,3000,28.0,standard_28,116.0,strict_group,89.0,92.0,80.53333333333333,24.0,0.20689655172413793,35.46666666666667,0.30574712643678165,True,True,True
9291,0,0.3935319929822897,0.08432859071554678,CEMEX,Lawrenceville Plant,GA,Southeastern Region,other_or_unspecified,2500.0,2500,28.0,standard_28,120.4,strict_group,212.0,92.7,82.88,27.700000000000003,0.23006644518272426,37.52000000000001,0.31162790697674425,True,True,True
33375,0,0.3924662904683075,0.08432859071554678,Kirkpatrick Concrete,Alton Plant,AL,Southeastern Region,other_or_unspecified,3000.0,3000,28.0,standard_28,110.33333333333333,strict_group,701.0,91.66666666666667,82.66666666666667,18.666666666666657,0.1691842900302114,27.666666666666657,0.25075528700906335,True,True,False
15017,1,0.3903196139287911,0.08432859071554678,CEMEX,Stockbridge Plant,GA,Southeastern Region,structural,3000.0,3000,1.0,early,136.66666666666666,regional_strength_group,823.0,92.16666666666666,84.0,44.5,0.325609756097561,52.66666666666666,0.38536585365853654,True,True,True
5110,1,0.3898831778976796,0.08432859071554678,CEMEX,Andalusia Plant,AL,Southeastern Region,other_or_unspecified,3000.0,3000,28.0,standard_28,124.33333333333333,strict_group,701.0,91.66666666666667,82.66666666666667,32.66666666666666,0.2627345844504021,41.66666666666666,0.33512064343163533,True,True,True
8595,0,0.3868093258614145,0.08432859071554678,CEMEX,Industrial Park Rd (Cartersville - RMUSA) Plant,GA,Southeastern Region,hardscape,3000.0,3000,28.0,standard_28,105.66666666666667,strict_group,42.0,90.75,85.43333333333332,14.916666666666671,0.14116719242902212,20.23333333333335,0.19148264984227142,True,True,False
5752,1,0.3866005610829455,0.08432859071554678,CEMEX,Berth 150 Plant,FL,Southeastern Region,other_or_unspecified,3000.0,3000,28.0,standard_28,163.66666666666666,strict_group,701.0,91.66666666666667,82.66666666666667,71.99999999999999,0.4399185336048879,80.99999999999999,0.4949083503054989,True,True,True
9163,1,0.3865974504699443,0.08432859071554678,CEMEX,Lakeland RK Plant,FL,Southeastern Region,other_or_unspecified,3000.0,3000,28.0,standard_28,125.33333333333333,strict_group,701.0,91.66666666666667,82.66666666666667,33.66666666666666,0.2686170212765957,42.66666666666666,0.34042553191489355,True,True,True
45133,0,0.3838892688459892,0.08432859071554678,Titan Virginia Ready-Mix,Chesterfield Plant,VA,Eastern Region,other_or_unspecified,5000.0,5000,28.0,standard_28,90.8,strict_group,282.0,69.05,57.839999999999996,21.75,0.2395374449339207,32.96,0.3629955947136564,True,True,True
33982,1,0.3826506260626738,0.08432859071554678,Knife River Corporation,Woodburn (Oregon) Plant,OR,Pacific Northwest Region,other_or_unspecified,3000.0,3000,28.0,standard_28,133.0,strict_group,395.0,71.0,64.13333333333334,62.0,0.46616541353383456,68.86666666666666,0.5177944862155388,True,True,True
22099,0,0.3823210455866582,0.08432859071554678,Conewago Manufacturing,Conewago Manufacturing Plant,PA,Eastern Region,filler,3000.0,3000,28.0,standard_28,103.0,strict_group,28.0,94.5,30.75,8.5,0.0825242718446602,72.25,0.7014563106796117,True,False,False
11844,1,0.3818952863038845,0.08432859071554678,CEMEX,Palmetto Plant,FL,Southeastern Region,other_or_unspecified,3000.0,3000,28.0,standard_28,128.0,strict_group,701.0,91.66666666666667,82.66666666666667,36.33333333333333,0.28385416666666663,45.33333333333333,0.35416666666666663,True,True,True
34000,1,0.3799317403199482,0.08432859071554678,Knife River Corporation,Woodburn (Oregon) Plant,OR,Pacific Northwest Region,hardscape,3300.0,3500,28.0,standard_28,148.4848484848485,strict_group,9.0,82.85714285714286,80.11428571428571,65.62770562770564,0.44198250728862976,68.37056277056278,0.46045481049562687,True,True,True
1988,0,0.3792656357842304,0.08432859071554678,Bonded Concrete Inc. / The Clemente Group,Colonie Plant,NY,Eastern Region,other_or_unspecified,3500.0,3500,28.0,standard_28,90.85714285714286,strict_group,117.0,95.71428571428571,84.05714285714286,0.0,0.0,6.799999999999997,0.07484276729559745,True,False,False
15506,0,0.3778174112806439,0.08432859071554678,CEMEX,Tyrone Plant,GA,Southeastern Region,filler,4000.0,4000,28.0,standard_28,116.75,strict_group,36.0,95.0,86.75,21.75,0.18629550321199143,30.0,0.2569593147751606,True,True,False
43242,0,0.3772725770271702,0.08432859071554678,Silvi Materials,Philadelphia Plant,PA,Eastern Region,other_or_unspecified,3500.0,3500,28.0,standard_28,120.28571428571429,strict_group,117.0,95.71428571428571,84.05714285714286,24.571428571428584,0.20427553444180532,36.22857142857143,0.301187648456057,True,True,True
33574,1,0.3754943159298926,0.08432859071554678,Knife River Corporation,Corvallis (Oregon) Plant,OR,Pacific Northwest Region,other_or_unspecified,3500.0,3500,28.0,standard_28,136.0,strict_group,339.0,68.59126984126985,58.0,67.40873015873015,0.4956524276377217,78.0,0.5735294117647058,True,True,True
42609,0,0.3720984292214221,0.08432859071554678,Salmon Bay Sand & Gravel,Salmon Bay Sand and Gravel,WA,Pacific Northwest Region,other_or_unspecified,3000.0,3000,28.0,standard_28,118.0,strict_group,395.0,71.0,64.13333333333334,47.0,0.3983050847457627,53.86666666666666,0.4564971751412429,True,True,True
15197,0,0.3715882743351142,0.08432859071554678,CEMEX,Temecula Plant,CA,Pacific Southwest Region,other_or_unspecified,4000.0,4000,28.0,standard_28,113.75,strict_group,111.0,78.25,69.0,35.5,0.3120879120879121,44.75,0.3934065934065934,True,True,True
33975,0,0.370994828477892,0.08432859071554678,Knife River Corporation,Wheatland (Oregon) Plant,OR,Pacific Northwest Region,other_or_unspecified,4000.0,4000,28.0,standard_28,117.75,strict_group,579.0,63.25,56.7,54.5,0.46284501061571126,61.05,0.5184713375796178,True,True,True
4890,1,0.3701839865567503,0.08432859071554678,CEMEX,78th Street Plant,FL,Southeastern Region,other_or_unspecified,3000.0,3000,28.0,standard_28,133.66666666666666,strict_group,701.0,91.66666666666667,82.66666666666667,41.999999999999986,0.3142144638403989,50.999999999999986,0.3815461346633416,True,True,True
46128,0,0.3692487847631343,0.08432859071554678,United Companies,Crested Butte Plant,CO,Rocky Mountains Region,filler,3500.0,3500,28.0,standard_28,117.14285714285714,strict_group,6.0,88.0,85.71428571428572,29.14285714285714,0.24878048780487802,31.428571428571416,0.2682926829268292,True,True,True
15166,0,0.3680578575170833,0.08432859071554678,CEMEX,Sweetwater Plant,FL,Southeastern Region,other_or_unspecified,3000.0,3000,28.0,standard_28,90.66666666666667,strict_group,701.0,91.66666666666667,82.66666666666667,0.0,0.0,8.0,0.08823529411764705,True,False,False
11545,0,0.3652763799971588,0.08432859071554678,CEMEX,Oldsmar Plant,FL,Southeastern Region,other_or_unspecified,3000.0,3000,28.0,standard_28,122.0,strict_group,701.0,91.66666666666667,82.66666666666667,30.33333333333333,0.24863387978142074,39.33333333333333,0.3224043715846994,True,True,True
33974,1,0.3651404837101131,0.08432859071554678,Knife River Corporation,Wheatland (Oregon) Plant,OR,Pacific Northwest Region,filler,3500.0,3500,28.0,standard_28,156.28571428571428,strict_group,7.0,100.19444444444444,91.25714285714285,56.091269841269835,0.3589020922201909,65.02857142857142,0.41608775137111514,True,True,True
15732,0,0.3635426056651653,0.08432859071554678,CEMEX,Walnut Plant,CA,Pacific Southwest Region,paving,2500.0,2500,28.0,standard_28,116.0,regional_strength_group,21.0,105.2,100.8,10.799999999999997,0.09310344827586205,15.200000000000003,0.1310344827586207,True,False,False
7230,1,0.3634569167714314,0.08432859071554678,CEMEX,Dawsonville - Easy Street Plant,GA,Southeastern Region,other_or_unspecified,3000.0,3000,3.0,early,129.66666666666666,strict_group,7.0,134.5,131.86666666666667,0.0,0.0,0.0,0.0,True,False,False
13180,1,0.3630433566351683,0.08432859071554678,CEMEX,Port Charlotte Plant,FL,Southeastern Region,other_or_unspecified,3000.0,3000,28.0,standard_28,130.66666666666666,strict_group,701.0,91.66666666666667,82.66666666666667,38.999999999999986,0.29846938775510196,47.999999999999986,0.3673469387755101,True,True,True
2068,0,0.3623182403645188,0.08432859071554678,Boston Sand & Gravel,Boston Sand & Gravel,MA,Eastern Region,filler,3000.0,3000,28.0,standard_28,91.0,strict_group,28.0,94.5,30.75,0.0,0.0,60.25,0.6620879120879121,True,False,False
970,0,0.3621694347458274,0.08432859071554678,Amrize,Metairie Plant,LA,South Central Region,other_or_unspecified,4000.0,4000,1.0,early,93.5,strict_group,5.0,86.0,84.2,7.5,0.08021390374331551,9.299999999999997,0.0994652406417112,True,False,False
9907,0,0.3606263814823104,0.08432859071554678,CEMEX,McIntosh Plant,FL,Southeastern Region,other_or_unspecified,3000.0,3000,28.0,standard_28,118.66666666666667,strict_group,701.0,91.66666666666667,82.66666666666667,27.0,0.22752808988764045,36.0,0.3033707865168539,True,True,True
5495,0,0.3517076404362288,0.08432859071554678,CEMEX,Auburn (Portable) Plant,AL,Southeastern Region,filler,4000.0,4000,28.0,standard_28,106.5,strict_group,36.0,95.0,86.75,11.5,0.107981220657277,19.75,0.18544600938967137,True,True,False
42588,0,0.3514264946479087,0.08432859071554678,Salmon Bay Sand & Gravel,Salmon Bay Sand and Gravel,WA,Pacific Northwest Region,other_or_unspecified,3000.0,3000,3.0,early,102.33333333333333,strict_group,10.0,148.91666666666669,122.13333333333333,0.0,0.0,0.0,0.0,True,False,False
5026,0,0.3467517268882476,0.08432859071554678,CEMEX,Alexander City Plant,AL,Southeastern Region,other_or_unspecified,2000.0,2000,28.0,standard_28,114.0,strict_group,9.0,114.0,97.9,0.0,0.0,16.099999999999994,0.14122807017543854,True,False,False
34667,0,0.3456192366084969,0.08432859071554678,Miles Sand & Gravel,Lacey Plant,WA,Pacific Northwest Region,paving,3000.0,3000,28.0,standard_28,106.66666666666667,strict_group,7.0,87.66666666666666,86.26666666666667,19.000000000000014,0.17812500000000012,20.400000000000006,0.19125000000000003,True,True,False
16178,0,0.3442827865235279,0.08432859071554678,CEMEX,Winter Park Plant,FL,Southeastern Region,other_or_unspecified,3000.0,3000,28.0,standard_28,118.0,strict_group,701.0,91.66666666666667,82.66666666666667,26.33333333333333,0.22316384180790957,35.33333333333333,0.29943502824858753,True,True,True
4558,0,0.3439536542749721,0.08432859071554678,Cape Cod Ready Mix,Carver Plant,MA,Eastern Region,filler,3000.0,3000,28.0,standard_28,25.133333333333336,strict_group,28.0,94.5,30.75,0.0,0.0,0.0,0.0,True,False,False
7985,0,0.3408057093558316,0.08432859071554678,CEMEX,Four Corners Plant,FL,Southeastern Region,other_or_unspecified,2500.0,2500,28.0,standard_28,119.6,strict_group,212.0,92.7,82.88,26.89999999999999,0.22491638795986615,36.72,0.30702341137123745,True,True,True
6518,0,0.3404002142717549,0.08432859071554678,CEMEX,Columbus - Smith Rd (Vulcan Quarry) Plant,GA,Southeastern Region,other_or_unspecified,3000.0,3000,28.0,standard_28,101.66666666666667,strict_group,701.0,91.66666666666667,82.66666666666667,10.0,0.09836065573770492,19.0,0.18688524590163932,True,False,False
11862,0,0.3402247291702607,0.08432859071554678,CEMEX,Palmomar Oceanside Plant,CA,Pacific Southwest Region,other_or_unspecified,3250.0,3000,28.0,standard_28,122.46153846153847,strict_group,89.0,92.0,80.53333333333333,30.461538461538467,0.24874371859296485,41.928205128205136,0.34237855946398665,True,True,True
15725,0,0.3399215854100063,0.08432859071554678,CEMEX,Vance Plant,AL,Southeastern Region,filler,3000.0,3000,28.0,standard_28,103.0,strict_group,44.0,117.25,105.0,0.0,0.0,0.0,0.0,True,False,False
46160,0,0.3377869635864653,0.08432859071554678,United Companies,Delta Plant,CO,Rocky Mountains Region,filler,3000.0,3000,28.0,standard_28,93.0,national_spec_group,106.0,106.75,91.66666666666666,0.0,0.0,1.3333333333333428,0.014336917562724117,True,False,False
9085,0,0.3373066194427452,0.08432859071554678,CEMEX,Lafayette Plant,GA,Southeastern Region,filler,4000.0,4000,28.0,standard_28,88.5,strict_group,36.0,95.0,86.75,0.0,0.0,1.75,0.01977401129943503,True,False,False
33962,0,0.3369513896942036,0.08432859071554678,Knife River Corporation,Wheatland (Oregon) Plant,OR,Pacific Northwest Region,other_or_unspecified,3500.0,3500,28.0,standard_28,122.0,strict_group,339.0,68.59126984126985,58.0,53.40873015873015,0.43777647671090286,64.0,0.5245901639344263,True,True,True
42239,0,0.3330788295474697,0.08432859071554678,Robertson's Ready Mix,Anaheim Plant,CA,Pacific Southwest Region,other_or_unspecified,3000.0,3000,28.0,standard_28,76.66666666666667,strict_group,89.0,92.0,80.53333333333333,0.0,0.0,0.0,0.0,True,False,False
5414,0,0.3313432683948246,0.08432859071554678,CEMEX,Athens Plant,AL,Southeastern Region,other_or_unspecified,3000.0,3000,28.0,standard_28,103.33333333333333,strict_group,701.0,91.66666666666667,82.66666666666667,11.666666666666657,0.11290322580645153,20.666666666666657,0.19999999999999993,True,True,False
15508,0,0.329763344318276,0.08432859071554678,CEMEX,Tyrone Plant,GA,Southeastern Region,filler,4000.0,4000,28.0,standard_28,123.0,strict_group,36.0,95.0,86.75,28.0,0.22764227642276422,36.25,0.29471544715447157,True,True,True
34163,0,0.3293814410214964,0.08432859071554678,Lycon Inc.,Oregon Plant,WI,Great Lakes Region,other_or_unspecified,1500.0,1500,28.0,standard_28,51.666666666666664,national_spec_group,13.0,112.0,51.666666666666664,0.0,0.0,0.0,0.0,True,False,False
42882,0,0.3287221829152559,0.08432859071554678,Silvi Materials,Downingtown Plant,PA,Eastern Region,other_or_unspecified,3000.0,3000,28.0,standard_28,108.0,strict_group,295.0,91.33333333333333,79.06666666666668,16.66666666666667,0.15432098765432103,28.933333333333323,0.26790123456790116,True,True,False
3820,1,0.32838211513449,0.08432859071554678,Cadman / Heidelberg Materials,Port of Portland Plant,OR,Pacific Northwest Region,other_or_unspecified,3000.0,3000,1.0,early,141.33333333333334,strict_group,10.0,148.91666666666669,122.13333333333333,0.0,0.0,19.200000000000017,0.1358490566037737,True,False,False
33908,0,0.3266734908099032,0.08432859071554678,Knife River Corporation,Sundial Plant,OR,Pacific Northwest Region,other_or_unspecified,3500.0,3500,28.0,standard_28,96.0,strict_group,339.0,68.59126984126985,58.0,27.40873015873015,0.28550760582010576,38.0,0.3958333333333333,True,True,True
42525,0,0.3262843845554896,0.08432859071554678,Robertson's Ready Mix,Rialto Plant,CA,Pacific Southwest Region,other_or_unspecified,3000.0,3000,28.0,standard_28,101.0,strict_group,89.0,92.0,80.53333333333333,9.0,0.0891089108910891,20.46666666666667,0.20264026402640267,True,False,False
15739,0,0.3262530554973928,0.08432859071554678,CEMEX,Waters Avenue Plant,FL,Southeastern Region,other_or_unspecified,2500.0,2500,28.0,standard_28,112.8,strict_group,212.0,92.7,82.88,20.099999999999994,0.1781914893617021,29.92,0.2652482269503546,True,True,False
8302,1,0.3261213196318396,0.08432859071554678,CEMEX,Habersham Plant,GA,Southeastern Region,other_or_unspecified,3000.0,3000,28.0,standard_28,133.66666666666666,strict_group,701.0,91.66666666666667,82.66666666666667,41.999999999999986,0.3142144638403989,50.999999999999986,0.3815461346633416,True,True,True
5534,1,0.3254014759588907,0.08432859071554678,CEMEX,Auburndale Plant,FL,Southeastern Region,other_or_unspecified,3000.0,3000,28.0,standard_28,135.0,strict_group,701.0,91.66666666666667,82.66666666666667,43.33333333333333,0.32098765432098764,52.33333333333333,0.3876543209876543,True,True,True
4843,0,0.3247114323942023,0.08432859071554678,CEMEX,56th Street Plant,FL,Southeastern Region,other_or_unspecified,3000.0,3000,28.0,standard_28,121.33333333333333,strict_group,701.0,91.66666666666667,82.66666666666667,29.666666666666657,0.24450549450549444,38.66666666666666,0.3186813186813186,True,True,True
33951,1,0.3230585943703527,0.08432859071554678,Knife River Corporation,Wheatland (Oregon) Plant,OR,Pacific Northwest Region,other_or_unspecified,3000.0,3000,28.0,standard_28,124.0,strict_group,395.0,71.0,64.13333333333334,53.0,0.4274193548387097,59.86666666666666,0.4827956989247311,True,True,True
11731,0,0.3227823012119238,0.08432859071554678,CEMEX,Orlando (Atlanta Ave) Plant,FL,Southeastern Region,other_or_unspecified,2500.0,2500,28.0,standard_28,112.4,strict_group,212.0,92.7,82.88,19.700000000000003,0.17526690391459077,29.52000000000001,0.2626334519572954,True,True,False
5554,1,0.3226476849872841,0.08432859071554678,CEMEX,Auburndale Plant,FL,Southeastern Region,other_or_unspecified,3000.0,3000,28.0,standard_28,145.33333333333334,strict_group,701.0,91.66666666666667,82.66666666666667,53.66666666666667,0.36926605504587157,62.66666666666667,0.43119266055045874,True,True,True
33376,0,0.3225889601685927,0.08432859071554678,Kirkpatrick Concrete,Alton Plant,AL,Southeastern Region,other_or_unspecified,3000.0,3000,28.0,standard_28,110.66666666666667,strict_group,701.0,91.66666666666667,82.66666666666667,19.0,0.1716867469879518,28.0,0.25301204819277107,True,True,False
9335,0,0.3212958258553007,0.08432859071554678,CEMEX,Leesburg RK Plant,FL,Southeastern Region,other_or_unspecified,3000.0,3000,28.0,standard_28,117.33333333333333,strict_group,701.0,91.66666666666667,82.66666666666667,25.666666666666657,0.21874999999999992,34.66666666666666,0.29545454545454536,True,True,True
33776,0,0.3210348633430203,0.08432859071554678,Knife River Corporation,Nampa (Idaho) Plant,ID,Pacific Northwest Region,other_or_unspecified,3000.0,3000,28.0,standard_28,118.33333333333333,strict_group,395.0,71.0,64.13333333333334,47.33333333333333,0.39999999999999997,54.19999999999999,0.45802816901408444,True,True,True
1986,0,0.320578796891188,0.08432859071554678,Bonded Concrete Inc. / The Clemente Group,Colonie Plant,NY,Eastern Region,other_or_unspecified,3000.0,3000,28.0,standard_28,96.0,strict_group,295.0,91.33333333333333,79.06666666666668,4.666666666666671,0.04861111111111116,16.933333333333323,0.1763888888888888,True,False,False
1985,0,0.320578796891188,0.08432859071554678,Bonded Concrete Inc. / The Clemente Group,Colonie Plant,NY,Eastern Region,other_or_unspecified,3000.0,3000,28.0,standard_28,100.33333333333333,strict_group,295.0,91.33333333333333,79.06666666666668,9.0,0.08970099667774087,21.26666666666665,0.2119601328903653,True,False,False
5409,0,0.3177011063371147,0.08432859071554678,CEMEX,Athens Plant,AL,Southeastern Region,structural,3000.0,3000,28.0,standard_28,87.0,national_spec_group,41.0,71.33333333333333,67.0,15.666666666666671,0.18007662835249047,20.0,0.22988505747126436,True,True,False
12073,0,0.3171776851260669,0.08432859071554678,CEMEX,Pennington Plant,AL,Southeastern Region,filler,3000.0,3000,28.0,standard_28,118.0,strict_group,44.0,117.25,105.0,0.75,0.006355932203389831,13.0,0.11016949152542373,True,False,False
15478,0,0.3155376552574076,0.08432859071554678,CEMEX,Tuscumbia (Dual) Plant,AL,Southeastern Region,other_or_unspecified,3000.0,3000,28.0,standard_28,101.66666666666667,strict_group,701.0,91.66666666666667,82.66666666666667,10.0,0.09836065573770492,19.0,0.18688524590163932,True,False,False
33957,0,0.3153263999023963,0.08432859071554678,Knife River Corporation,Wheatland (Oregon) Plant,OR,Pacific Northwest Region,other_or_unspecified,3500.0,3500,28.0,standard_28,122.0,strict_group,339.0,68.59126984126985,58.0,53.40873015873015,0.43777647671090286,64.0,0.5245901639344263,True,True,True
5535,1,0.3150929726915125,0.08432859071554678,CEMEX,Auburndale Plant,FL,Southeastern Region,other_or_unspecified,3000.0,3000,28.0,standard_28,165.33333333333334,strict_group,701.0,91.66666666666667,82.66666666666667,73.66666666666667,0.44556451612903225,82.66666666666667,0.5,True,True,True
5128,0,0.3144274870468549,0.08432859071554678,CEMEX,Andalusia Plant,AL,Southeastern Region,other_or_unspecified,3000.0,3000,28.0,standard_28,123.66666666666667,strict_group,701.0,91.66666666666667,82.66666666666667,32.0,0.2587601078167116,41.0,0.33153638814016173,True,True,True
12061,0,0.3120626382011841,0.08432859071554678,CEMEX,Pembroke Pines Plant,FL,Southeastern Region,other_or_unspecified,3000.0,3000,28.0,standard_28,91.33333333333333,strict_group,701.0,91.66666666666667,82.66666666666667,0.0,0.0,8.666666666666657,0.09489051094890501,True,False,False
46114,0,0.3118715439363834,0.08432859071554678,United Companies,Crested Butte Plant,CO,Rocky Mountains Region,other_or_unspecified,3000.0,3000,28.0,standard_28,117.0,strict_group,53.0,77.66666666666667,65.4,39.33333333333333,0.3361823361823361,51.599999999999994,0.44102564102564096,True,True,True
6373,0,0.3114337614425417,0.08432859071554678,CEMEX,Clermont RK Plant,FL,Southeastern Region,other_or_unspecified,2500.0,2500,28.0,standard_28,121.6,strict_group,212.0,92.7,82.88,28.89999999999999,0.23766447368421048,38.72,0.31842105263157894,True,True,True
33607,1,0.311366673649993,0.08432859071554678,Knife River Corporation,Eugene (Oregon) Plant,OR,Pacific Northwest Region,other_or_unspecified,3500.0,3500,28.0,standard_28,124.28571428571429,strict_group,339.0,68.59126984126985,58.0,55.69444444444444,0.4481162196679438,66.28571428571429,0.5333333333333333,True,True,True
4520,0,0.3111869273467971,0.08432859071554678,"Callanan Industries, Inc.",Oriskany Plant,NY,Eastern Region,other_or_unspecified,3000.0,3000,28.0,standard_28,103.0,strict_group,295.0,91.33333333333333,79.06666666666668,11.666666666666671,0.11326860841423952,23.933333333333323,0.23236245954692547,True,True,False
