row_index,y_true,model_probability,base_positive_rate,Company,Plant,Plant Location - State,U.S. Region of Plant,application_family,strength_psi,strength_bin_500,curing_days,curing_family,gwp_per_ksi,reference_group_type,reference_group_n,reference_p25_gwp_per_ksi,reference_p10_gwp_per_ksi,absolute_reduction_to_p25,relative_reduction_to_p25,absolute_reduction_to_p10,relative_reduction_to_p10,has_comparable_alternative_group,has_10pct_reduction_opportunity,has_20pct_reduction_opportunity
15734,1,0.9999342027561592,0.08432859071554678,CEMEX,Walnut Plant,CA,Pacific Southwest Region,other_or_unspecified,78.63,0,28.0,standard_28,1056.848531095002,national_spec_group,10.0,473.625,267.1333333333333,583.223531095002,0.5518515794223827,789.7151977616687,0.7472359326113117,True,True,True
14230,1,0.9999215142326784,0.08432859071554678,CEMEX,Santa Clara Plant,CA,Pacific Southwest Region,other_or_unspecified,100.0,0,28.0,standard_28,1360.0,national_spec_group,10.0,473.625,267.1333333333333,886.375,0.6517463235294118,1092.8666666666668,0.8035784313725491,True,True,True
15159,1,0.9999150728661486,0.08432859071554678,CEMEX,Sweetwater Plant,FL,Southeastern Region,filler,150.0,0,28.0,standard_28,1260.0,strict_group,12.0,700.1666666666666,581.5666666666667,559.8333333333334,0.4443121693121693,678.4333333333333,0.5384391534391534,True,True,True
9297,1,0.999903429790582,0.08432859071554678,CEMEX,Lawrenceville Plant,GA,Southeastern Region,paving,350.0,500,28.0,standard_28,1200.0,regional_strength_group,6.0,374.2307692307692,295.83333333333337,825.7692307692307,0.6881410256410256,904.1666666666666,0.7534722222222222,True,True,True
33464,1,0.9998996858428412,0.08432859071554678,Knife River Corporation,Boise (Idaho) Plant,ID,Pacific Northwest Region,other_or_unspecified,300.0,500,28.0,standard_28,304.6666666666667,strict_group,6.0,170.55,159.4,134.11666666666667,0.44020787746170675,145.26666666666668,0.47680525164113785,True,True,True
33463,1,0.9998937857561148,0.08432859071554678,Knife River Corporation,Boise (Idaho) Plant,ID,Pacific Northwest Region,other_or_unspecified,300.0,500,28.0,standard_28,308.00000000000006,strict_group,6.0,170.55,159.4,137.45000000000005,0.4462662337662338,148.60000000000005,0.48246753246753254,True,True,True
42876,1,0.9998880958449624,0.08432859071554678,Silver Strike Concrete,Silver Strike Sparks Plant,NV,Pacific Southwest Region,filler,200.0,0,28.0,standard_28,1380.0,national_spec_group,101.0,570.0,476.0,810.0,0.5869565217391305,904.0,0.6550724637681159,True,True,True
40970,1,0.9998797506530848,0.08432859071554678,Pete Lien & Sons,Colorado Springs Ready Mix Plant 2 Plant,CO,Rocky Mountains Region,filler,200.0,0,28.0,standard_28,233.5,strict_group,28.0,694.25,407.90000000000003,0.0,0.0,0.0,0.0,True,False,False
33720,1,0.999879102289161,0.08432859071554678,Knife River Corporation,Linnton Plant,OR,Pacific Northwest Region,filler,300.0,500,28.0,standard_28,366.6666666666667,strict_group,19.0,261.5,240.8,105.16666666666669,0.28681818181818186,125.86666666666667,0.3432727272727273,True,True,True
33461,1,0.9998754496496254,0.08432859071554678,Knife River Corporation,Boise (Idaho) Plant,ID,Pacific Northwest Region,filler,300.0,500,28.0,standard_28,360.0,strict_group,19.0,261.5,240.8,98.5,0.27361111111111114,119.19999999999999,0.3311111111111111,True,True,True
33462,1,0.9998708200952688,0.08432859071554678,Knife River Corporation,Boise (Idaho) Plant,ID,Pacific Northwest Region,filler,250.0,0,28.0,standard_28,328.4,strict_group,40.0,589.5000000000001,437.05000000000007,0.0,0.0,0.0,0.0,True,False,False
33626,1,0.9998678087402572,0.08432859071554678,Knife River Corporation,Eugene (Oregon) Plant,OR,Pacific Northwest Region,filler,250.0,0,28.0,standard_28,556.0,strict_group,40.0,589.5000000000001,437.05000000000007,0.0,0.0,118.94999999999993,0.21393884892086318,True,False,False
12056,1,0.9998662201249224,0.08432859071554678,CEMEX,Pembroke Pines Plant,FL,Southeastern Region,filler,150.0,0,28.0,standard_28,1253.3333333333335,strict_group,12.0,700.1666666666666,581.5666666666667,553.1666666666669,0.4413563829787235,671.7666666666668,0.5359840425531915,True,True,True
7470,1,0.9998534183925192,0.08432859071554678,CEMEX,Downtown Miami Plant,FL,Southeastern Region,filler,150.0,0,28.0,standard_28,1253.3333333333335,strict_group,12.0,700.1666666666666,581.5666666666667,553.1666666666669,0.4413563829787235,671.7666666666668,0.5359840425531915,True,True,True
40998,1,0.999851129500907,0.08432859071554678,Pete Lien & Sons,Colorado Springs Ready Mix Plant 3 Plant,CO,Rocky Mountains Region,filler,200.0,0,28.0,standard_28,248.99999999999997,strict_group,28.0,694.25,407.90000000000003,0.0,0.0,0.0,0.0,True,False,False
33555,1,0.9998507868676438,0.08432859071554678,Knife River Corporation,Coffee Lake Plant,OR,Pacific Northwest Region,filler,300.0,500,28.0,standard_28,423.33333333333337,strict_group,19.0,261.5,240.8,161.83333333333337,0.3822834645669292,182.53333333333336,0.43118110236220475,True,True,True
10044,1,0.9998456112485784,0.08432859071554678,CEMEX,Milton Plant,FL,Southeastern Region,filler,100.0,0,28.0,standard_28,1010.0,strict_group,12.0,700.1666666666666,581.5666666666667,309.83333333333337,0.3067656765676568,428.4333333333333,0.42419141914191416,True,True,True
6158,1,0.9998412774346668,0.08432859071554678,CEMEX,Card Sound Mine Plant,FL,Southeastern Region,filler,150.0,0,28.0,standard_28,1220.0,strict_group,12.0,700.1666666666666,581.5666666666667,519.8333333333334,0.4260928961748634,638.4333333333333,0.5233060109289617,True,True,True
10463,1,0.9998371936647562,0.08432859071554678,CEMEX,Mosielee Plant,TX,South Central Region,filler,150.0,0,28.0,standard_28,553.3333333333334,strict_group,5.0,553.3333333333334,539.3333333333334,0.0,0.0,14.0,0.025301204819277105,True,False,False
8202,1,0.9998370971994937,0.08432859071554678,CEMEX,Grand Parkway Plant,TX,South Central Region,filler,50.0,0,28.0,standard_28,1445.9999999999998,strict_group,5.0,553.3333333333334,539.3333333333334,892.6666666666664,0.6173351775011525,906.6666666666664,0.6270170585523281,True,True,True
33936,1,0.9998299894489968,0.08432859071554678,Knife River Corporation,Tumalo (Oregon) Plant,OR,Pacific Northwest Region,filler,150.0,0,28.0,standard_28,1273.3333333333335,strict_group,40.0,589.5000000000001,437.05000000000007,683.8333333333334,0.5370418848167539,836.2833333333334,0.6567670157068063,True,True,True
46383,1,0.999824646402836,0.08432859071554678,United Companies,Steamboat Plant,CO,Rocky Mountains Region,filler,60.0,0,28.0,standard_28,1016.6666666666667,strict_group,28.0,694.25,407.90000000000003,322.41666666666674,0.31713114754098365,608.7666666666667,0.5987868852459016,True,True,True
46293,1,0.9998231674834076,0.08432859071554678,United Companies,Powers Plant,CO,Rocky Mountains Region,filler,60.0,0,28.0,standard_28,1035.0,strict_group,28.0,694.25,407.90000000000003,340.75,0.3292270531400966,627.0999999999999,0.6058937198067632,True,True,True
8190,1,0.9998218917527216,0.08432859071554678,CEMEX,Globe Plant,AZ,Pacific Southwest Region,filler,50.0,0,28.0,standard_28,1445.9999999999998,national_spec_group,101.0,570.0,476.0,875.9999999999998,0.6058091286307054,969.9999999999998,0.6708160442600276,True,True,True
2727,1,0.999821731576979,0.08432859071554678,Cadman / Heidelberg Materials,Foster Road Plant,OR,Pacific Northwest Region,filler,150.0,0,28.0,standard_28,806.6666666666667,strict_group,40.0,589.5000000000001,437.05000000000007,217.16666666666663,0.26921487603305777,369.6166666666667,0.45820247933884295,True,True,True
46441,1,0.999820702835986,0.08432859071554678,United Companies,Woody Creek Plant,CO,Rocky Mountains Region,filler,60.0,0,28.0,standard_28,1170.0,strict_group,28.0,694.25,407.90000000000003,475.75,0.4066239316239316,762.0999999999999,0.6513675213675213,True,True,True
33625,1,0.9998123613635008,0.08432859071554678,Knife River Corporation,Eugene (Oregon) Plant,OR,Pacific Northwest Region,filler,300.0,500,28.0,standard_28,400.0,strict_group,19.0,261.5,240.8,138.5,0.34625,159.2,0.39799999999999996,True,True,True
33624,1,0.9998110309976348,0.08432859071554678,Knife River Corporation,Eugene (Oregon) Plant,OR,Pacific Northwest Region,filler,200.0,0,28.0,standard_28,955.0,strict_group,40.0,589.5000000000001,437.05000000000007,365.4999999999999,0.3827225130890051,517.9499999999999,0.5423560209424083,True,True,True
7674,1,0.9998099203956672,0.08432859071554678,CEMEX,Englewood Plant,TX,South Central Region,filler,150.0,0,28.0,standard_28,680.0,strict_group,5.0,553.3333333333334,539.3333333333334,126.66666666666663,0.18627450980392152,140.66666666666663,0.20686274509803915,True,True,False
422,1,0.9998092515688126,0.08432859071554678,American Rock Products (ARP),Hermiston Plant,OR,Pacific Northwest Region,filler,200.0,0,28.0,standard_28,675.0,strict_group,40.0,589.5000000000001,437.05000000000007,85.49999999999989,0.1266666666666665,237.94999999999993,0.3525185185185184,True,True,False
33863,1,0.9997994989786548,0.08432859071554678,Knife River Corporation,Redmond (Oregon) Plant,OR,Pacific Northwest Region,filler,150.0,0,28.0,standard_28,1260.0,strict_group,40.0,589.5000000000001,437.05000000000007,670.4999999999999,0.532142857142857,822.9499999999999,0.6531349206349206,True,True,True
46323,1,0.9997970988000344,0.08432859071554678,United Companies,Rifle Plant,CO,Rocky Mountains Region,filler,60.0,0,28.0,standard_28,895.0000000000001,strict_group,28.0,694.25,407.90000000000003,200.7500000000001,0.22430167597765374,487.1000000000001,0.5442458100558659,True,True,True
33939,1,0.9997915329137864,0.08432859071554678,Knife River Corporation,Tumalo (Oregon) Plant,OR,Pacific Northwest Region,filler,300.0,500,28.0,standard_28,580.0,strict_group,19.0,261.5,240.8,318.5,0.5491379310344827,339.2,0.5848275862068966,True,True,True
337,1,0.9997881634941392,0.08432859071554678,American Rock Products (ARP),Boardman Plant,OR,Pacific Northwest Region,filler,100.0,0,28.0,standard_28,630.0,strict_group,40.0,589.5000000000001,437.05000000000007,40.499999999999886,0.0642857142857141,192.94999999999993,0.30626984126984114,True,False,False
3289,1,0.99978679434382,0.08432859071554678,Cadman / Heidelberg Materials,Orchards Plant,WA,Pacific Northwest Region,filler,150.0,0,28.0,standard_28,840.0,strict_group,40.0,589.5000000000001,437.05000000000007,250.4999999999999,0.2982142857142856,402.94999999999993,0.4797023809523809,True,True,True
46478,1,0.9997863665142483,0.08432859071554678,US Concrete Mix / Smyrna Ready Mix,BRONX Plant,NY,Eastern Region,filler,400.0,500,28.0,standard_28,740.0,national_spec_group,26.0,258.75,239.0,481.25,0.6503378378378378,501.0,0.677027027027027,True,True,True
423,1,0.9997848464460394,0.08432859071554678,American Rock Products (ARP),Hermiston Plant,OR,Pacific Northwest Region,filler,100.0,0,28.0,standard_28,1360.0,strict_group,40.0,589.5000000000001,437.05000000000007,770.4999999999999,0.5665441176470587,922.9499999999999,0.6786397058823529,True,True,True
46141,1,0.999784005137784,0.08432859071554678,United Companies,Delta Plant,CO,Rocky Mountains Region,filler,60.0,0,28.0,standard_28,996.6666666666666,strict_group,28.0,694.25,407.90000000000003,302.41666666666663,0.3034280936454849,588.7666666666667,0.5907357859531772,True,True,True
44154,1,0.99977825873805,0.08432859071554678,Tec-Crete Transit Mix Corp.,Jamaica Plant,NY,Eastern Region,filler,250.0,0,28.0,standard_28,796.0,strict_group,10.0,528.25,489.2666666666667,267.75,0.33636934673366836,306.7333333333333,0.3853433835845896,True,True,True
4551,1,0.9997757322764482,0.08432859071554678,"Callanan Industries, Inc.",Port of Albany Plant,NY,Eastern Region,filler,150.0,0,28.0,standard_28,489.33333333333337,strict_group,10.0,528.25,489.2666666666667,0.0,0.0,0.06666666666666288,0.00013623978201634103,True,False,False
30828,1,0.9997717735640764,0.08432859071554678,Four Winds Concrete Inc.,Windgap Plant,PA,Eastern Region,filler,150.0,0,28.0,standard_28,538.0,strict_group,10.0,528.25,489.2666666666667,9.75,0.01812267657992565,48.73333333333329,0.09058240396530351,True,False,False
338,1,0.9997667133050951,0.08432859071554678,American Rock Products (ARP),Boardman Plant,OR,Pacific Northwest Region,filler,200.0,0,28.0,standard_28,570.0,strict_group,40.0,589.5000000000001,437.05000000000007,0.0,0.0,132.94999999999993,0.2332456140350876,True,False,False
30510,1,0.9997638307961088,0.08432859071554678,"Ernst Enterprises, Inc.",Columbus Plant,OH,Great Lakes Region,other_or_unspecified,150.0,0,28.0,standard_28,464.0,national_spec_group,10.0,473.625,267.1333333333333,0.0,0.0,196.86666666666667,0.4242816091954023,True,False,False
43866,1,0.9997622933084644,0.08432859071554678,Smyrna Ready Mix,Nashville Plant,TN,Southeastern Region,filler,100.0,0,28.0,standard_28,1270.0,strict_group,12.0,700.1666666666666,581.5666666666667,569.8333333333334,0.4486876640419948,688.4333333333333,0.5420734908136483,True,True,True
339,1,0.9997608228470548,0.08432859071554678,American Rock Products (ARP),Boardman Plant,OR,Pacific Northwest Region,filler,100.0,0,28.0,standard_28,1140.0,strict_group,40.0,589.5000000000001,437.05000000000007,550.4999999999999,0.48289473684210515,702.9499999999999,0.6166228070175438,True,True,True
33866,1,0.9997582964610672,0.08432859071554678,Knife River Corporation,Redmond (Oregon) Plant,OR,Pacific Northwest Region,filler,300.0,500,28.0,standard_28,570.0,strict_group,19.0,261.5,240.8,308.5,0.5412280701754386,329.2,0.5775438596491228,True,True,True
44015,1,0.9997550615971726,0.08432859071554678,Stoneway Concrete,Seattle Plant,WA,Pacific Northwest Region,filler,100.0,0,28.0,standard_28,492.0,strict_group,40.0,589.5000000000001,437.05000000000007,0.0,0.0,54.94999999999993,0.11168699186991857,True,False,False
424,1,0.99975407310869,0.08432859071554678,American Rock Products (ARP),Hermiston Plant,OR,Pacific Northwest Region,filler,50.0,0,28.0,standard_28,1248.0,strict_group,40.0,589.5000000000001,437.05000000000007,658.4999999999999,0.5276442307692307,810.9499999999999,0.6497996794871794,True,True,True
43815,1,0.9997505606616152,0.08432859071554678,Smyrna Ready Mix,TN Mobile Plant,TN,Southeastern Region,paving,100.0,0,28.0,standard_28,1220.0,regional_strength_group,13.0,720.0,588.1333333333333,500.0,0.4098360655737705,631.8666666666667,0.5179234972677595,True,True,True
46113,1,0.9997487147160088,0.08432859071554678,United Companies,Crested Butte Plant,CO,Rocky Mountains Region,filler,100.0,0,28.0,standard_28,1430.0,strict_group,28.0,694.25,407.90000000000003,735.75,0.5145104895104895,1022.0999999999999,0.7147552447552447,True,True,True
8265,1,0.9997476265829603,0.08432859071554678,CEMEX,Grissom Plant,TX,South Central Region,filler,150.0,0,28.0,standard_28,826.6666666666667,strict_group,5.0,553.3333333333334,539.3333333333334,273.33333333333337,0.3306451612903226,287.33333333333337,0.34758064516129034,True,True,True
45091,1,0.9997468010634744,0.08432859071554678,Titan Virginia Ready-Mix,Centreville RM Plant,VA,Eastern Region,filler,200.0,0,28.0,standard_28,525.0,strict_group,10.0,528.25,489.2666666666667,0.0,0.0,35.73333333333329,0.06806349206349198,True,False,False
7066,1,0.9997375808459996,0.08432859071554678,CEMEX,Dallas Plant,GA,Southeastern Region,filler,150.0,0,28.0,standard_28,640.6666666666666,strict_group,12.0,700.1666666666666,581.5666666666667,0.0,0.0,59.09999999999991,0.09224765868886563,True,False,False
22032,1,0.9997314951456046,0.08432859071554678,Clayton Concrete,North Arlington NJ Plant,NJ,Eastern Region,other_or_unspecified,700.0,500,28.0,standard_28,417.14285714285717,strict_group,5.0,417.14285714285717,404.2857142857143,0.0,0.0,12.85714285714289,0.030821917808219253,True,False,False
21781,1,0.9997311095196096,0.08432859071554678,Central Pre-Mix (CPM),Sullivan Plant ,WA,Pacific Northwest Region,filler,100.0,0,28.0,standard_28,1280.0,strict_group,40.0,589.5000000000001,437.05000000000007,690.4999999999999,0.5394531249999999,842.9499999999999,0.6585546874999999,True,True,True
33465,1,0.999722053103168,0.08432859071554678,Knife River Corporation,Boise (Idaho) Plant,ID,Pacific Northwest Region,filler,300.0,500,28.0,standard_28,213.66666666666666,strict_group,19.0,261.5,240.8,0.0,0.0,0.0,0.0,True,False,False
33496,1,0.999721584213362,0.08432859071554678,Knife River Corporation,Boise (Idaho) Plant,ID,Pacific Northwest Region,other_or_unspecified,300.0,500,28.0,standard_28,1016.6666666666667,strict_group,6.0,170.55,159.4,846.1166666666668,0.8322459016393443,857.2666666666668,0.8432131147540984,True,True,True
21782,1,0.9997156812693996,0.08432859071554678,Central Pre-Mix (CPM),Sullivan Plant ,WA,Pacific Northwest Region,filler,200.0,0,28.0,standard_28,471.0,strict_group,40.0,589.5000000000001,437.05000000000007,0.0,0.0,33.94999999999993,0.07208067940552003,True,False,False
21772,1,0.9997125614577098,0.08432859071554678,Central Pre-Mix (CPM),Sullivan Plant ,WA,Pacific Northwest Region,filler,100.0,0,28.0,standard_28,640.9999999999999,strict_group,40.0,589.5000000000001,437.05000000000007,51.49999999999977,0.0803432137285488,203.94999999999982,0.31817472698907934,True,False,False
40930,1,0.9997073340600512,0.08432859071554678,Peak Ready Mix,Clear Creek Plant,CO,Rocky Mountains Region,filler,100.0,0,28.0,standard_28,1360.0,strict_group,28.0,694.25,407.90000000000003,665.75,0.4895220588235294,952.0999999999999,0.7000735294117646,True,True,True
8206,1,0.999682757758043,0.08432859071554678,CEMEX,Grand Parkway Plant,TX,South Central Region,filler,150.0,0,28.0,standard_28,530.0,strict_group,5.0,553.3333333333334,539.3333333333334,0.0,0.0,0.0,0.0,True,False,False
21649,1,0.999681827693152,0.08432859071554678,Central Pre-Mix (CPM),Crestline Plant ,WA,Pacific Northwest Region,filler,150.0,0,28.0,standard_28,444.6666666666667,strict_group,40.0,589.5000000000001,437.05000000000007,0.0,0.0,7.616666666666617,0.017128935532233772,True,False,False
33920,1,0.9996745040606771,0.08432859071554678,Knife River Corporation,Tumalo (Oregon) Plant,OR,Pacific Northwest Region,filler,100.0,0,28.0,standard_28,1340.0,strict_group,40.0,589.5000000000001,437.05000000000007,750.4999999999999,0.5600746268656716,902.9499999999999,0.6738432835820894,True,True,True
21613,1,0.9996743523383096,0.08432859071554678,Central Pre-Mix (CPM),Crestline Plant ,WA,Pacific Northwest Region,filler,200.0,0,28.0,standard_28,650.0,strict_group,40.0,589.5000000000001,437.05000000000007,60.499999999999886,0.0930769230769229,212.94999999999993,0.32761538461538453,True,False,False
46172,1,0.9996732865030816,0.08432859071554678,United Companies,Gunnison Plant,CO,Rocky Mountains Region,filler,60.0,0,28.0,standard_28,1183.3333333333335,strict_group,28.0,694.25,407.90000000000003,489.0833333333335,0.4133098591549296,775.4333333333334,0.6552957746478872,True,True,True
777,1,0.9996732488059598,0.08432859071554678,Amrize,Broomfield Plant,CO,Rocky Mountains Region,paving,50.0,0,28.0,standard_28,724.0,regional_strength_group,30.0,727.5833333333333,453.30000000000007,0.0,0.0,270.69999999999993,0.3738950276243093,True,False,False
22033,1,0.999672481220736,0.08432859071554678,Clayton Concrete,North Arlington NJ Plant,NJ,Eastern Region,other_or_unspecified,700.0,500,28.0,standard_28,395.7142857142857,strict_group,5.0,417.14285714285717,404.2857142857143,0.0,0.0,0.0,0.0,True,False,False
46324,1,0.9996697516002512,0.08432859071554678,United Companies,Rifle Plant,CO,Rocky Mountains Region,filler,100.0,0,28.0,standard_28,476.0,strict_group,28.0,694.25,407.90000000000003,0.0,0.0,68.09999999999997,0.14306722689075624,True,False,False
4513,1,0.9996592131610734,0.08432859071554678,"Callanan Industries, Inc.",Latham Plant,NY,Eastern Region,filler,150.0,0,28.0,standard_28,488.6666666666667,strict_group,10.0,528.25,489.2666666666667,0.0,0.0,0.0,0.0,True,False,False
30783,1,0.9996510109424296,0.08432859071554678,Four Winds Concrete Inc.,Bethlehem Plant,PA,Eastern Region,filler,150.0,0,28.0,standard_28,680.0,strict_group,10.0,528.25,489.2666666666667,151.75,0.22316176470588237,190.7333333333333,0.2804901960784313,True,True,True
21780,1,0.999646407927823,0.08432859071554678,Central Pre-Mix (CPM),Sullivan Plant ,WA,Pacific Northwest Region,filler,65.0,0,28.0,standard_28,707.6923076923076,strict_group,40.0,589.5000000000001,437.05000000000007,118.19230769230751,0.16701086956521716,270.64230769230755,0.3824293478260868,True,True,False
33849,1,0.9996339244494682,0.08432859071554678,Knife River Corporation,Redmond (Oregon) Plant,OR,Pacific Northwest Region,filler,100.0,0,28.0,standard_28,1260.0,strict_group,40.0,589.5000000000001,437.05000000000007,670.4999999999999,0.532142857142857,822.9499999999999,0.6531349206349206,True,True,True
30706,1,0.9996276254899904,0.08432859071554678,Flatiron,Flatiron Wet Batch Plant,CO,Rocky Mountains Region,filler,100.0,0,28.0,standard_28,990.9999999999999,strict_group,28.0,694.25,407.90000000000003,296.7499999999999,0.2994450050454086,583.0999999999999,0.5883955600403632,True,True,True
21771,1,0.99962628794402,0.08432859071554678,Central Pre-Mix (CPM),Sullivan Plant ,WA,Pacific Northwest Region,filler,100.0,0,28.0,standard_28,677.9999999999999,strict_group,40.0,589.5000000000001,437.05000000000007,88.49999999999977,0.1305309734513271,240.94999999999982,0.3553834808259585,True,True,False
4000,1,0.9996195920415952,0.08432859071554678,Cadman / Heidelberg Materials,Port of Portland Plant,OR,Pacific Northwest Region,other_or_unspecified,300.0,500,90.0,long,520.0,regional_strength_group,28.0,255.16666666666666,202.30666666666667,264.83333333333337,0.5092948717948719,317.6933333333333,0.610948717948718,True,True,True
46386,1,0.9996073678332597,0.08432859071554678,United Companies,Steamboat Plant,CO,Rocky Mountains Region,filler,100.0,0,28.0,standard_28,519.0,strict_group,28.0,694.25,407.90000000000003,0.0,0.0,111.09999999999997,0.21406551059730244,True,False,False
30829,1,0.9996070555791928,0.08432859071554678,Four Winds Concrete Inc.,Windgap Plant,PA,Eastern Region,filler,118.0,0,28.0,standard_28,642.3728813559322,strict_group,10.0,528.25,489.2666666666667,114.12288135593224,0.17765831134564647,153.10621468926553,0.23834476693051887,True,True,False
15210,1,0.999605421650658,0.08432859071554678,CEMEX,Thomasville Plant,AL,Southeastern Region,filler,150.0,0,28.0,standard_28,900.0,strict_group,12.0,700.1666666666666,581.5666666666667,199.83333333333337,0.2220370370370371,318.4333333333333,0.35381481481481475,True,True,True
14746,1,0.9995981036245204,0.08432859071554678,CEMEX,Sierra Vista Plant,AZ,Pacific Southwest Region,filler,50.0,0,28.0,standard_28,1281.9999999999998,national_spec_group,101.0,570.0,476.0,711.9999999999998,0.5553822152886114,805.9999999999998,0.6287051482059282,True,True,True
46201,1,0.9995837878310864,0.08432859071554678,United Companies,Gypsum Plant,CO,Rocky Mountains Region,filler,60.0,0,28.0,standard_28,1076.6666666666665,strict_group,28.0,694.25,407.90000000000003,382.4166666666665,0.3551857585139318,668.7666666666664,0.6211455108359132,True,True,True
46385,1,0.9995817530522648,0.08432859071554678,United Companies,Steamboat Plant,CO,Rocky Mountains Region,filler,60.0,0,28.0,standard_28,1343.3333333333333,strict_group,28.0,694.25,407.90000000000003,649.0833333333333,0.4831885856079404,935.4333333333332,0.6963523573200991,True,True,True
46171,1,0.9995742601986312,0.08432859071554678,United Companies,Gunnison Plant,CO,Rocky Mountains Region,filler,65.0,0,28.0,standard_28,983.076923076923,strict_group,28.0,694.25,407.90000000000003,288.826923076923,0.29379890453834107,575.176923076923,0.5850782472613458,True,True,True
42877,1,0.9995675111716328,0.08432859071554678,Silver Strike Concrete,Silver Strike Sparks Plant,NV,Pacific Southwest Region,filler,500.0,500,28.0,standard_28,484.0,national_spec_group,26.0,258.75,239.0,225.25,0.46539256198347106,245.0,0.506198347107438,True,True,True
46352,1,0.9995546937845716,0.08432859071554678,United Companies,River Road Plant,CO,Rocky Mountains Region,filler,60.0,0,28.0,standard_28,1121.6666666666667,strict_group,28.0,694.25,407.90000000000003,427.41666666666674,0.3810549777117385,713.7666666666667,0.6363447251114412,True,True,True
5515,1,0.9995533899528904,0.08432859071554678,CEMEX,Auburn (Portable) Plant,AL,Southeastern Region,filler,300.0,500,28.0,standard_28,251.66666666666669,national_spec_group,26.0,258.75,239.0,0.0,0.0,12.666666666666686,0.05033112582781464,True,False,False
21682,1,0.9995499600783352,0.08432859071554678,Central Pre-Mix (CPM),Sullivan Plant ,WA,Pacific Northwest Region,other_or_unspecified,150.0,0,28.0,standard_28,235.33333333333331,strict_group,6.0,328.625,253.0,0.0,0.0,0.0,0.0,True,False,False
40707,1,0.9995295572761976,0.08432859071554678,New Enterprise Stone & Lime,"Gateway, NY Plant",NY,Eastern Region,filler,300.0,500,56.0,extended_56,566.6666666666667,regional_strength_group,13.0,395.7142857142857,295.33333333333337,170.95238095238102,0.30168067226890766,271.33333333333337,0.4788235294117647,True,True,True
40670,1,0.9995295572761976,0.08432859071554678,New Enterprise Stone & Lime,"Barton Road, NY Plant",NY,Eastern Region,filler,300.0,500,56.0,extended_56,553.3333333333334,regional_strength_group,13.0,395.7142857142857,295.33333333333337,157.61904761904765,0.28485370051635117,258.0,0.4662650602409638,True,True,True
44166,1,0.999529095940262,0.08432859071554678,Tec-Crete Transit Mix Corp.,Long Island City Plant,NY,Eastern Region,filler,250.0,0,28.0,standard_28,780.0,strict_group,10.0,528.25,489.2666666666667,251.75,0.3227564102564103,290.7333333333333,0.37273504273504265,True,True,True
46412,1,0.9995242802345778,0.08432859071554678,United Companies,Telluride Plant,CO,Rocky Mountains Region,filler,100.0,0,28.0,standard_28,1120.0,strict_group,28.0,694.25,407.90000000000003,425.75,0.3801339285714286,712.0999999999999,0.6358035714285714,True,True,True
46353,1,0.9995225378972188,0.08432859071554678,United Companies,River Road Plant,CO,Rocky Mountains Region,filler,100.0,0,28.0,standard_28,862.0,strict_group,28.0,694.25,407.90000000000003,167.75,0.19460556844547564,454.09999999999997,0.526798143851508,True,True,False
46261,1,0.999517744623988,0.08432859071554678,United Companies,Montrose Plant,CO,Rocky Mountains Region,filler,60.0,0,28.0,standard_28,1335.0,strict_group,28.0,694.25,407.90000000000003,640.75,0.4799625468164794,927.0999999999999,0.6944569288389513,True,True,True
5393,1,0.9994822970046224,0.08432859071554678,CEMEX,Athens Plant,AL,Southeastern Region,filler,200.0,0,28.0,standard_28,550.0,strict_group,12.0,700.1666666666666,581.5666666666667,0.0,0.0,0.0,0.0,True,False,False
43771,1,0.9994717911282976,0.08432859071554678,Smyrna Ready Mix,SCGA Mobile Plant,SC,Southeastern Region,filler,100.0,0,28.0,standard_28,575.0,strict_group,12.0,700.1666666666666,581.5666666666667,0.0,0.0,0.0,0.0,True,False,False
2889,1,0.999467059540002,0.08432859071554678,Cadman / Heidelberg Materials,Foster Road Plant,OR,Pacific Northwest Region,filler,100.0,0,28.0,standard_28,689.0,strict_group,40.0,589.5000000000001,437.05000000000007,99.49999999999989,0.14441219158200275,251.94999999999993,0.3656748911465892,True,True,False
33460,0,0.999465990048309,0.08432859071554678,Knife River Corporation,Boise (Idaho) Plant,ID,Pacific Northwest Region,filler,800.0,1000,28.0,standard_28,99.875,national_spec_group,15.0,102.4375,81.18499999999999,0.0,0.0,18.690000000000012,0.18713391739674606,True,False,False
40669,1,0.9994622132476214,0.08432859071554678,New Enterprise Stone & Lime,"Barton Road, NY Plant",NY,Eastern Region,filler,150.0,0,56.0,extended_56,966.6666666666667,regional_strength_group,12.0,534.75,492.90000000000003,431.91666666666674,0.44681034482758625,473.7666666666667,0.49010344827586205,True,True,True
40706,1,0.9994622132476214,0.08432859071554678,New Enterprise Stone & Lime,"Gateway, NY Plant",NY,Eastern Region,filler,150.0,0,56.0,extended_56,986.6666666666667,regional_strength_group,12.0,534.75,492.90000000000003,451.91666666666674,0.4580236486486487,493.7666666666667,0.5004391891891892,True,True,True
30784,1,0.9994574610930118,0.08432859071554678,Four Winds Concrete Inc.,Bethlehem Plant,PA,Eastern Region,filler,118.0,0,28.0,standard_28,822.0338983050848,strict_group,10.0,528.25,489.2666666666667,293.7838983050848,0.35738659793814437,332.7672316384181,0.40480962199312714,True,True,True
2886,1,0.9994392457466892,0.08432859071554678,Cadman / Heidelberg Materials,Foster Road Plant,OR,Pacific Northwest Region,other_or_unspecified,300.0,500,90.0,long,523.3333333333334,regional_strength_group,28.0,255.16666666666666,202.30666666666667,268.16666666666674,0.5124203821656051,321.0266666666667,0.6134267515923567,True,True,True
3836,1,0.9994240698915532,0.08432859071554678,Cadman / Heidelberg Materials,Port of Portland Plant,OR,Pacific Northwest Region,filler,150.0,0,28.0,standard_28,753.3333333333334,strict_group,40.0,589.5000000000001,437.05000000000007,163.83333333333326,0.21747787610619457,316.2833333333333,0.41984513274336277,True,True,True
46173,1,0.999414536864103,0.08432859071554678,United Companies,Gunnison Plant,CO,Rocky Mountains Region,filler,100.0,0,28.0,standard_28,905.0,strict_group,28.0,694.25,407.90000000000003,210.75,0.23287292817679558,497.09999999999997,0.5492817679558011,True,True,True
22097,1,0.999406273405226,0.08432859071554678,Conewago Manufacturing,Conewago Manufacturing Plant,PA,Eastern Region,filler,800.0,1000,28.0,standard_28,291.25,national_spec_group,15.0,102.4375,81.18499999999999,188.8125,0.6482832618025751,210.065,0.7212532188841202,True,True,True
2834,1,0.99938679135616,0.08432859071554678,Cadman / Heidelberg Materials,Foster Road Plant,OR,Pacific Northwest Region,filler,150.0,0,28.0,standard_28,662.6666666666667,strict_group,40.0,589.5000000000001,437.05000000000007,73.16666666666663,0.1104124748490945,225.61666666666667,0.34046780684104627,True,True,False
46322,1,0.999381152899358,0.08432859071554678,United Companies,Rifle Plant,CO,Rocky Mountains Region,filler,60.0,0,28.0,standard_28,738.3333333333333,strict_group,28.0,694.25,407.90000000000003,44.08333333333326,0.059706546275394935,330.4333333333332,0.4475395033860044,True,False,False
31107,1,0.9993714629370511,0.08432859071554678,Graniterock,Monterey-Seaside Plant,CA,Pacific Southwest Region,other_or_unspecified,650.0,500,28.0,standard_28,561.5384615384615,national_spec_group,19.0,324.0,174.4,237.53846153846155,0.423013698630137,387.13846153846157,0.6894246575342466,True,True,True
31106,1,0.9993714629370511,0.08432859071554678,Graniterock,Monterey-Seaside Plant,CA,Pacific Southwest Region,other_or_unspecified,650.0,500,28.0,standard_28,561.5384615384615,national_spec_group,19.0,324.0,174.4,237.53846153846155,0.423013698630137,387.13846153846157,0.6894246575342466,True,True,True
2694,1,0.9993682869120616,0.08432859071554678,Cadman / Heidelberg Materials,Foster Road Plant,OR,Pacific Northwest Region,filler,300.0,500,28.0,standard_28,267.0,strict_group,19.0,261.5,240.8,5.5,0.020599250936329586,26.19999999999999,0.09812734082397,True,False,False
3400,1,0.9993672065015434,0.08432859071554678,Cadman / Heidelberg Materials,Orchards Plant,WA,Pacific Northwest Region,filler,150.0,0,28.0,standard_28,700.0,strict_group,40.0,589.5000000000001,437.05000000000007,110.49999999999989,0.1578571428571427,262.94999999999993,0.37564285714285706,True,True,False
3257,1,0.9993275453154156,0.08432859071554678,Cadman / Heidelberg Materials,Orchards Plant,WA,Pacific Northwest Region,filler,300.0,500,28.0,standard_28,289.0,strict_group,19.0,261.5,240.8,27.5,0.09515570934256055,48.19999999999999,0.1667820069204152,True,False,False
43531,1,0.9993268148985416,0.08432859071554678,Smyrna Ready Mix,Quivas Plant,CO,Rocky Mountains Region,filler,100.0,0,28.0,standard_28,815.9999999999999,strict_group,28.0,694.25,407.90000000000003,121.74999999999989,0.1492034313725489,408.09999999999985,0.5001225490196077,True,True,False
43530,1,0.9993268148985416,0.08432859071554678,Smyrna Ready Mix,Quivas Plant,CO,Rocky Mountains Region,filler,100.0,0,28.0,standard_28,815.9999999999999,strict_group,28.0,694.25,407.90000000000003,121.74999999999989,0.1492034313725489,408.09999999999985,0.5001225490196077,True,True,False
3802,1,0.9993215870189126,0.08432859071554678,Cadman / Heidelberg Materials,Port of Portland Plant,OR,Pacific Northwest Region,filler,300.0,500,28.0,standard_28,252.66666666666666,strict_group,19.0,261.5,240.8,0.0,0.0,11.866666666666646,0.04696569920844319,True,False,False
3455,1,0.99931609599966,0.08432859071554678,Cadman / Heidelberg Materials,Orchards Plant,WA,Pacific Northwest Region,other_or_unspecified,300.0,500,90.0,long,550.0,regional_strength_group,28.0,255.16666666666666,202.30666666666667,294.83333333333337,0.5360606060606061,347.6933333333333,0.6321696969696969,True,True,True
3947,1,0.9993133233287534,0.08432859071554678,Cadman / Heidelberg Materials,Port of Portland Plant,OR,Pacific Northwest Region,filler,150.0,0,28.0,standard_28,637.3333333333334,strict_group,40.0,589.5000000000001,437.05000000000007,47.83333333333326,0.07505230125523,200.2833333333333,0.31425209205020915,True,False,False
2835,1,0.9993100407668466,0.08432859071554678,Cadman / Heidelberg Materials,Foster Road Plant,OR,Pacific Northwest Region,filler,150.0,0,28.0,standard_28,596.0000000000001,strict_group,40.0,589.5000000000001,437.05000000000007,6.5,0.010906040268456374,158.95000000000005,0.26669463087248324,True,False,False
41069,1,0.9993088652941085,0.08432859071554678,Pete Lien & Sons,Gillette Ready Mix (CCC),WY,Rocky Mountains Region,filler,200.0,0,28.0,standard_28,530.0,strict_group,28.0,694.25,407.90000000000003,0.0,0.0,122.09999999999997,0.23037735849056598,True,False,False
3458,1,0.999302464323134,0.08432859071554678,Cadman / Heidelberg Materials,Orchards Plant,WA,Pacific Northwest Region,filler,100.0,0,28.0,standard_28,767.9999999999999,strict_group,40.0,589.5000000000001,437.05000000000007,178.49999999999977,0.23242187499999975,330.9499999999998,0.4309244791666665,True,True,True
3401,1,0.9992910675952654,0.08432859071554678,Cadman / Heidelberg Materials,Orchards Plant,WA,Pacific Northwest Region,filler,150.0,0,28.0,standard_28,634.0,strict_group,40.0,589.5000000000001,437.05000000000007,44.499999999999886,0.07018927444794935,196.94999999999993,0.31064668769716075,True,False,False
3389,1,0.999285123294428,0.08432859071554678,Cadman / Heidelberg Materials,Orchards Plant,WA,Pacific Northwest Region,filler,300.0,500,28.0,standard_28,433.33333333333337,strict_group,19.0,261.5,240.8,171.83333333333337,0.3965384615384616,192.53333333333336,0.44430769230769235,True,True,True
2829,1,0.9992767316840312,0.08432859071554678,Cadman / Heidelberg Materials,Foster Road Plant,OR,Pacific Northwest Region,filler,100.0,0,28.0,standard_28,919.0,strict_group,40.0,589.5000000000001,437.05000000000007,329.4999999999999,0.35854189336235026,481.94999999999993,0.5244287268770402,True,True,True
3948,1,0.9992719099502868,0.08432859071554678,Cadman / Heidelberg Materials,Port of Portland Plant,OR,Pacific Northwest Region,filler,150.0,0,28.0,standard_28,568.6666666666666,strict_group,40.0,589.5000000000001,437.05000000000007,0.0,0.0,131.61666666666656,0.2314478311840561,True,False,False
40955,1,0.9992346935097124,0.08432859071554678,Peak Ready Mix,Silverthorne (MCR) Plant,CO,Rocky Mountains Region,filler,100.0,0,28.0,standard_28,562.0,strict_group,28.0,694.25,407.90000000000003,0.0,0.0,154.09999999999997,0.2741992882562277,True,False,False
2737,1,0.9992275310225908,0.08432859071554678,Cadman / Heidelberg Materials,Foster Road Plant,OR,Pacific Northwest Region,other_or_unspecified,150.0,0,28.0,standard_28,1053.3333333333335,strict_group,6.0,328.625,253.0,724.7083333333335,0.6880142405063292,800.3333333333335,0.7598101265822785,True,True,True
34725,1,0.9992272343581248,0.08432859071554678,Milpitas Materials Co,Milpitas Plant,CA,Pacific Southwest Region,filler,300.0,500,28.0,standard_28,282.33333333333337,national_spec_group,26.0,258.75,239.0,23.58333333333337,0.08353010625737911,43.33333333333337,0.15348288075560815,True,False,False
3395,1,0.9992267655649888,0.08432859071554678,Cadman / Heidelberg Materials,Orchards Plant,WA,Pacific Northwest Region,filler,100.0,0,28.0,standard_28,954.0,strict_group,40.0,589.5000000000001,437.05000000000007,364.4999999999999,0.38207547169811307,516.9499999999999,0.5418763102725366,True,True,True
4003,1,0.9992246107912852,0.08432859071554678,Cadman / Heidelberg Materials,Port of Portland Plant,OR,Pacific Northwest Region,filler,100.0,0,28.0,standard_28,692.0,strict_group,40.0,589.5000000000001,437.05000000000007,102.49999999999989,0.14812138728323682,254.94999999999993,0.36842485549132936,True,True,False
2823,1,0.9992196171527332,0.08432859071554678,Cadman / Heidelberg Materials,Foster Road Plant,OR,Pacific Northwest Region,filler,300.0,500,28.0,standard_28,423.33333333333337,strict_group,19.0,261.5,240.8,161.83333333333337,0.3822834645669292,182.53333333333336,0.43118110236220475,True,True,True
2561,1,0.9992160380537408,0.08432859071554678,Cadman / Heidelberg Materials,Foster Road Plant,OR,Pacific Northwest Region,filler,200.0,0,28.0,standard_28,321.0,strict_group,40.0,589.5000000000001,437.05000000000007,0.0,0.0,0.0,0.0,True,False,False
10336,1,0.999194729509246,0.08432859071554678,CEMEX,Monroeville Plant,AL,Southeastern Region,filler,100.0,0,28.0,standard_28,837.0,strict_group,12.0,700.1666666666666,581.5666666666667,136.83333333333337,0.1634806849860614,255.43333333333328,0.3051772202309836,True,True,False
3125,1,0.9991944819876027,0.08432859071554678,Cadman / Heidelberg Materials,Orchards Plant,WA,Pacific Northwest Region,filler,200.0,0,28.0,standard_28,368.5,strict_group,40.0,589.5000000000001,437.05000000000007,0.0,0.0,0.0,0.0,True,False,False
42623,1,0.9991819728616488,0.08432859071554678,Salmon Bay Sand & Gravel,Salmon Bay Sand and Gravel,WA,Pacific Northwest Region,other_or_unspecified,150.0,0,28.0,standard_28,270.6666666666667,strict_group,6.0,328.625,253.0,0.0,0.0,17.666666666666686,0.06527093596059119,True,False,False
3300,1,0.9991656455342134,0.08432859071554678,Cadman / Heidelberg Materials,Orchards Plant,WA,Pacific Northwest Region,other_or_unspecified,150.0,0,28.0,standard_28,1120.0,strict_group,6.0,328.625,253.0,791.375,0.7065848214285714,867.0,0.7741071428571429,True,True,True
31108,1,0.9991573442812084,0.08432859071554678,Graniterock,Monterey-Seaside Plant,CA,Pacific Southwest Region,other_or_unspecified,650.0,500,28.0,standard_28,515.3846153846154,national_spec_group,19.0,324.0,174.4,191.38461538461536,0.3713432835820895,340.9846153846154,0.6616119402985075,True,True,True
3941,1,0.9991559798636024,0.08432859071554678,Cadman / Heidelberg Materials,Port of Portland Plant,OR,Pacific Northwest Region,filler,100.0,0,28.0,standard_28,837.0,strict_group,40.0,589.5000000000001,437.05000000000007,247.4999999999999,0.29569892473118264,399.94999999999993,0.47783751493428905,True,True,True
3942,1,0.9991520253197762,0.08432859071554678,Cadman / Heidelberg Materials,Port of Portland Plant,OR,Pacific Northwest Region,filler,100.0,0,28.0,standard_28,1000.0,strict_group,40.0,589.5000000000001,437.05000000000007,410.4999999999999,0.41049999999999986,562.9499999999999,0.56295,True,True,True
3672,1,0.999149404807806,0.08432859071554678,Cadman / Heidelberg Materials,Port of Portland Plant,OR,Pacific Northwest Region,filler,200.0,0,28.0,standard_28,326.49999999999994,strict_group,40.0,589.5000000000001,437.05000000000007,0.0,0.0,0.0,0.0,True,False,False
15507,1,0.9991107761059586,0.08432859071554678,CEMEX,Tyrone Plant,GA,Southeastern Region,filler,150.0,0,28.0,standard_28,720.0,strict_group,12.0,700.1666666666666,581.5666666666667,19.83333333333337,0.02754629629629635,138.43333333333328,0.19226851851851845,True,False,False
3935,1,0.9990978422371776,0.08432859071554678,Cadman / Heidelberg Materials,Port of Portland Plant,OR,Pacific Northwest Region,filler,300.0,500,28.0,standard_28,396.6666666666667,strict_group,19.0,261.5,240.8,135.16666666666669,0.3407563025210084,155.86666666666667,0.39294117647058824,True,True,True
3846,1,0.9990755411074886,0.08432859071554678,Cadman / Heidelberg Materials,Port of Portland Plant,OR,Pacific Northwest Region,other_or_unspecified,150.0,0,28.0,standard_28,1060.0,strict_group,6.0,328.625,253.0,731.375,0.6899764150943396,807.0,0.7613207547169811,True,True,True
41128,1,0.9990592199555348,0.08432859071554678,Pete Lien & Sons,Spearfish Ready Mix Plant,SD,North Central Region,filler,200.0,0,28.0,standard_28,540.0,national_spec_group,101.0,570.0,476.0,0.0,0.0,64.0,0.11851851851851852,True,False,False
778,1,0.9990394801493372,0.08432859071554678,Amrize,Broomfield Plant,CO,Rocky Mountains Region,paving,50.0,0,28.0,standard_28,1038.0,regional_strength_group,30.0,727.5833333333333,453.30000000000007,310.41666666666674,0.2990526653821452,584.6999999999999,0.5632947976878612,True,True,True
15735,1,0.998985820474089,0.08432859071554678,CEMEX,Walnut Plant,CA,Pacific Southwest Region,other_or_unspecified,570.0,500,28.0,standard_28,649.1228070175439,national_spec_group,19.0,324.0,174.4,325.1228070175439,0.5008648648648649,474.7228070175439,0.7313297297297298,True,True,True
40969,0,0.9989849221489984,0.08432859071554678,Pete Lien & Sons,Colorado Springs Ready Mix Plant 2 Plant,CO,Rocky Mountains Region,filler,200.0,0,28.0,standard_28,88.49999999999999,strict_group,28.0,694.25,407.90000000000003,0.0,0.0,0.0,0.0,True,False,False
22098,1,0.9989515319489048,0.08432859071554678,Conewago Manufacturing,Conewago Manufacturing Plant,PA,Eastern Region,filler,800.0,1000,28.0,standard_28,275.0,national_spec_group,15.0,102.4375,81.18499999999999,172.5625,0.6275,193.815,0.7047818181818182,True,True,True
16256,1,0.9989509904158236,0.08432859071554678,CEMEX,Yuma Plant,AZ,Pacific Southwest Region,filler,2000.0,2000,28.0,standard_28,172.0,strict_group,5.0,156.0,129.6,16.0,0.09302325581395349,42.400000000000006,0.24651162790697678,True,False,False
41037,1,0.998936623777902,0.08432859071554678,Pete Lien & Sons,Fort Pierre Ready Mix (Red's Transit Mix) Plant,SD,North Central Region,filler,200.0,0,28.0,standard_28,650.0,national_spec_group,101.0,570.0,476.0,80.0,0.12307692307692308,174.0,0.2676923076923077,True,True,False
10040,1,0.9989206177510588,0.08432859071554678,CEMEX,Milton Plant,FL,Southeastern Region,other_or_unspecified,650.0,500,28.0,standard_28,547.6923076923076,national_spec_group,19.0,324.0,174.4,223.69230769230762,0.40842696629213476,373.29230769230765,0.6815730337078652,True,True,True
5123,1,0.9988912299989788,0.08432859071554678,CEMEX,Andalusia Plant,AL,Southeastern Region,other_or_unspecified,500.0,500,28.0,standard_28,340.0,national_spec_group,19.0,324.0,174.4,16.0,0.047058823529411764,165.6,0.48705882352941177,True,False,False
45392,1,0.9988583363407364,0.08432859071554678,Titan Virginia Ready-Mix,Oceana Plant,VA,Eastern Region,other_or_unspecified,650.0,500,28.0,standard_28,549.2307692307692,strict_group,5.0,417.14285714285717,404.2857142857143,132.087912087912,0.24049619847939163,144.9450549450549,0.26390556222488987,True,True,True
41099,1,0.9988495784327218,0.08432859071554678,Pete Lien & Sons,Rapid City Ready Mix,SD,North Central Region,filler,200.0,0,28.0,standard_28,457.5,national_spec_group,101.0,570.0,476.0,0.0,0.0,0.0,0.0,True,False,False
14239,1,0.998741598457789,0.08432859071554678,CEMEX,Santa Clara Plant,CA,Pacific Southwest Region,other_or_unspecified,100.0,0,28.0,standard_28,655.9999999999999,national_spec_group,10.0,473.625,267.1333333333333,182.3749999999999,0.2780106707317072,388.86666666666656,0.5927845528455284,True,True,True
42586,1,0.9985727759039436,0.08432859071554678,Salmon Bay Sand & Gravel,Salmon Bay Sand and Gravel,WA,Pacific Northwest Region,other_or_unspecified,80.0,0,28.0,standard_28,502.5,strict_group,6.0,328.625,253.0,173.875,0.3460199004975124,249.5,0.49651741293532337,True,True,True
42540,1,0.9985041643817488,0.08432859071554678,Robertson's Ready Mix,Rialto Plant,CA,Pacific Southwest Region,other_or_unspecified,2000.0,2000,28.0,standard_28,229.5,national_spec_group,44.0,106.75,96.6,122.75,0.5348583877995643,132.9,0.5790849673202615,True,True,True
44899,1,0.9984503853163322,0.08432859071554678,Titan Virginia Ready-Mix,Campostella Plant,VA,Eastern Region,other_or_unspecified,650.0,500,28.0,standard_28,498.46153846153845,strict_group,5.0,417.14285714285717,404.2857142857143,81.31868131868129,0.1631393298059964,94.17582417582418,0.18893298059964728,True,True,False
45416,1,0.9984503853163322,0.08432859071554678,Titan Virginia Ready-Mix,Port Norfolk Plant,VA,Eastern Region,other_or_unspecified,650.0,500,28.0,standard_28,504.6153846153846,strict_group,5.0,417.14285714285717,404.2857142857143,87.47252747252742,0.17334494773519155,100.32967032967031,0.19882404181184665,True,True,False
46409,1,0.9984210439612,0.08432859071554678,United Companies,Steamboat Plant,CO,Rocky Mountains Region,filler,1000.0,1000,28.0,standard_28,317.0,national_spec_group,15.0,102.4375,81.18499999999999,214.5625,0.6768533123028391,235.815,0.7438958990536277,True,True,True
2191,1,0.9983345183921448,0.08432859071554678,Boston Sand & Gravel,Southeastern Concrete Plant,MA,Eastern Region,filler,300.0,500,28.0,standard_28,287.6666666666667,national_spec_group,26.0,258.75,239.0,28.916666666666686,0.100521436848204,48.666666666666686,0.1691772885283894,True,True,False
15195,1,0.9982653694778636,0.08432859071554678,CEMEX,Temecula Plant,CA,Pacific Southwest Region,paving,570.0,500,28.0,standard_28,645.6140350877193,regional_strength_group,7.0,499.6923076923077,403.33333333333337,145.92172739541166,0.2260200668896322,242.28070175438597,0.37527173913043477,True,True,True
5507,1,0.9982350987853504,0.08432859071554678,CEMEX,Auburn (Portable) Plant,AL,Southeastern Region,other_or_unspecified,650.0,500,28.0,standard_28,476.9230769230769,national_spec_group,19.0,324.0,174.4,152.9230769230769,0.32064516129032256,302.5230769230769,0.6343225806451613,True,True,True
46501,1,0.9980578969356572,0.08432859071554678,US Concrete Mix / Smyrna Ready Mix,BRONX Plant,NY,Eastern Region,filler,500.0,500,28.0,standard_28,326.0,national_spec_group,26.0,258.75,239.0,67.25,0.2062883435582822,87.0,0.2668711656441718,True,True,True
42560,1,0.9980107333614194,0.08432859071554678,Robertson's Ready Mix,Vernon Plant,CA,Pacific Southwest Region,other_or_unspecified,3000.0,3000,28.0,standard_28,165.0,strict_group,89.0,92.0,80.53333333333333,73.0,0.44242424242424244,84.46666666666667,0.5119191919191919,True,True,True
42249,0,0.9978969267189812,0.08432859071554678,Robertson's Ready Mix,Anaheim Plant,CA,Pacific Southwest Region,filler,2000.0,2000,28.0,standard_28,112.0,strict_group,5.0,156.0,129.6,0.0,0.0,0.0,0.0,True,False,False
2069,1,0.9977433904426696,0.08432859071554678,Boston Sand & Gravel,Boston Sand & Gravel,MA,Eastern Region,filler,300.0,500,28.0,standard_28,152.66666666666666,national_spec_group,26.0,258.75,239.0,0.0,0.0,0.0,0.0,True,False,False
33756,0,0.9977159266659474,0.08432859071554678,Knife River Corporation,Nampa (Idaho) Plant,ID,Pacific Northwest Region,filler,800.0,1000,28.0,standard_28,77.625,national_spec_group,15.0,102.4375,81.18499999999999,0.0,0.0,0.0,0.0,True,False,False
22010,1,0.9976717322663536,0.08432859071554678,Clayton Concrete,North Arlington NJ Plant,NJ,Eastern Region,other_or_unspecified,2000.0,2000,1.0,early,274.5,regional_strength_group,12.0,126.75,96.0,147.75,0.5382513661202186,178.5,0.6502732240437158,True,True,True
44889,1,0.9976186191215566,0.08432859071554678,Titan Virginia Ready-Mix,Campostella Plant,VA,Eastern Region,filler,100.0,0,28.0,standard_28,785.0,strict_group,10.0,528.25,489.2666666666667,256.75,0.3270700636942675,295.7333333333333,0.37673036093418255,True,True,True
30897,1,0.997591501239869,0.08432859071554678,Gotham Ready Mix LLC,Bronx Plant,NY,Eastern Region,filler,1000.0,1000,28.0,standard_28,270.0,national_spec_group,15.0,102.4375,81.18499999999999,167.5625,0.6206018518518519,188.815,0.6993148148148148,True,True,True
12025,1,0.9975014897732534,0.08432859071554678,CEMEX,Panama City Beach - #2 Plant,FL,Southeastern Region,other_or_unspecified,650.0,500,28.0,standard_28,487.6923076923077,national_spec_group,19.0,324.0,174.4,163.69230769230768,0.3356466876971609,313.29230769230765,0.6423974763406939,True,True,True
9902,1,0.997451066206547,0.08432859071554678,CEMEX,McIntosh Plant,FL,Southeastern Region,other_or_unspecified,3000.0,3000,28.0,standard_28,198.66666666666666,strict_group,701.0,91.66666666666667,82.66666666666667,106.99999999999999,0.5385906040268456,115.99999999999999,0.5838926174496644,True,True,True
40671,1,0.9973251968713602,0.08432859071554678,New Enterprise Stone & Lime,"Barton Road, NY Plant",NY,Eastern Region,filler,500.0,500,56.0,extended_56,404.0,regional_strength_group,13.0,395.7142857142857,295.33333333333337,8.285714285714278,0.02050919377652049,108.66666666666663,0.2689768976897689,True,False,False
40708,1,0.9973251968713602,0.08432859071554678,New Enterprise Stone & Lime,"Gateway, NY Plant",NY,Eastern Region,filler,500.0,500,56.0,extended_56,410.0,regional_strength_group,13.0,395.7142857142857,295.33333333333337,14.285714285714278,0.03484320557491287,114.66666666666663,0.2796747967479674,True,False,False
5147,1,0.9972809921229386,0.08432859071554678,CEMEX,Andalusia Plant,AL,Southeastern Region,filler,2000.0,2000,28.0,standard_28,246.5,national_spec_group,17.0,134.5,118.6,112.0,0.4543610547667343,127.9,0.5188640973630831,True,True,True
42246,0,0.9971551130707084,0.08432859071554678,Robertson's Ready Mix,Anaheim Plant,CA,Pacific Southwest Region,other_or_unspecified,3000.0,3000,28.0,standard_28,61.0,strict_group,89.0,92.0,80.53333333333333,0.0,0.0,0.0,0.0,True,False,False
2729,1,0.9970697014192864,0.08432859071554678,Cadman / Heidelberg Materials,Foster Road Plant,OR,Pacific Northwest Region,filler,500.0,500,28.0,standard_28,404.0,strict_group,19.0,261.5,240.8,142.5,0.3527227722772277,163.2,0.40396039603960393,True,True,True
46384,1,0.9970568049023438,0.08432859071554678,United Companies,Steamboat Plant,CO,Rocky Mountains Region,filler,100.0,0,28.0,standard_28,1010.0,strict_group,28.0,694.25,407.90000000000003,315.75,0.3126237623762376,602.0999999999999,0.596138613861386,True,True,True
43036,1,0.9969687480969924,0.08432859071554678,Silvi Materials,Limerick Plant,PA,Eastern Region,other_or_unspecified,3000.0,3000,28.0,standard_28,181.33333333333334,strict_group,295.0,91.33333333333333,79.06666666666668,90.00000000000001,0.4963235294117648,102.26666666666667,0.5639705882352941,True,True,True
4831,1,0.9966781229141952,0.08432859071554678,CEMEX,56th Street Plant,FL,Southeastern Region,other_or_unspecified,3000.0,3000,28.0,standard_28,203.66666666666666,strict_group,701.0,91.66666666666667,82.66666666666667,111.99999999999999,0.5499181669394435,120.99999999999999,0.5941080196399345,True,True,True
4832,1,0.9965473024369232,0.08432859071554678,CEMEX,56th Street Plant,FL,Southeastern Region,other_or_unspecified,3000.0,3000,28.0,standard_28,177.66666666666666,strict_group,701.0,91.66666666666667,82.66666666666667,85.99999999999999,0.4840525328330206,94.99999999999999,0.5347091932457786,True,True,True
42351,1,0.9964547897529034,0.08432859071554678,Robertson's Ready Mix,Gardena Plant,CA,Pacific Southwest Region,other_or_unspecified,3000.0,3000,28.0,standard_28,149.66666666666666,strict_group,89.0,92.0,80.53333333333333,57.66666666666666,0.38530066815144765,69.13333333333333,0.4619153674832962,True,True,True
42350,1,0.9964380506037962,0.08432859071554678,Robertson's Ready Mix,Gardena Plant,CA,Pacific Southwest Region,other_or_unspecified,3000.0,3000,28.0,standard_28,164.66666666666666,strict_group,89.0,92.0,80.53333333333333,72.66666666666666,0.4412955465587044,84.13333333333333,0.5109311740890689,True,True,True
3291,1,0.9964199398460644,0.08432859071554678,Cadman / Heidelberg Materials,Orchards Plant,WA,Pacific Northwest Region,filler,500.0,500,28.0,standard_28,418.0,strict_group,19.0,261.5,240.8,156.5,0.37440191387559807,177.2,0.42392344497607654,True,True,True
9227,1,0.9963906668326256,0.08432859071554678,CEMEX,Largo II Plant,FL,Southeastern Region,other_or_unspecified,3000.0,3000,28.0,standard_28,191.33333333333334,strict_group,701.0,91.66666666666667,82.66666666666667,99.66666666666667,0.5209059233449478,108.66666666666667,0.5679442508710801,True,True,True
8275,1,0.9963608088132804,0.08432859071554678,CEMEX,Grissom Plant,TX,South Central Region,other_or_unspecified,1500.0,1500,28.0,standard_28,241.33333333333334,national_spec_group,13.0,112.0,51.666666666666664,129.33333333333334,0.5359116022099447,189.66666666666669,0.7859116022099448,True,True,True
2562,1,0.9963269171428902,0.08432859071554678,Cadman / Heidelberg Materials,Foster Road Plant,OR,Pacific Northwest Region,filler,500.0,500,28.0,standard_28,242.0,strict_group,19.0,261.5,240.8,0.0,0.0,1.1999999999999886,0.004958677685950366,True,False,False
3837,1,0.9962589846861344,0.08432859071554678,Cadman / Heidelberg Materials,Port of Portland Plant,OR,Pacific Northwest Region,filler,500.0,500,28.0,standard_28,396.0,strict_group,19.0,261.5,240.8,134.5,0.33964646464646464,155.2,0.3919191919191919,True,True,True
42241,0,0.9962130365352908,0.08432859071554678,Robertson's Ready Mix,Anaheim Plant,CA,Pacific Southwest Region,other_or_unspecified,3000.0,3000,28.0,standard_28,64.0,strict_group,89.0,92.0,80.53333333333333,0.0,0.0,0.0,0.0,True,False,False
42245,0,0.9962130365352908,0.08432859071554678,Robertson's Ready Mix,Anaheim Plant,CA,Pacific Southwest Region,other_or_unspecified,3000.0,3000,28.0,standard_28,73.66666666666667,strict_group,89.0,92.0,80.53333333333333,0.0,0.0,0.0,0.0,True,False,False
2554,1,0.9961485387214132,0.08432859071554678,Cadman / Heidelberg Materials,Foster Road Plant,OR,Pacific Northwest Region,other_or_unspecified,500.0,500,28.0,standard_28,168.8,strict_group,6.0,170.55,159.4,0.0,0.0,9.400000000000006,0.05568720379146922,True,False,False
3118,1,0.9961216982840168,0.08432859071554678,Cadman / Heidelberg Materials,Orchards Plant,WA,Pacific Northwest Region,other_or_unspecified,500.0,500,28.0,standard_28,175.8,strict_group,6.0,170.55,159.4,5.25,0.02986348122866894,16.400000000000006,0.093287827076223,True,False,False
3126,1,0.9959596851902812,0.08432859071554678,Cadman / Heidelberg Materials,Orchards Plant,WA,Pacific Northwest Region,filler,500.0,500,28.0,standard_28,256.0,strict_group,19.0,261.5,240.8,0.0,0.0,15.199999999999989,0.059374999999999956,True,False,False
16173,1,0.9958540390411464,0.08432859071554678,CEMEX,Winfield Plant,AL,Southeastern Region,filler,900.0,1000,28.0,standard_28,170.0,strict_group,7.0,105.0,95.96000000000001,65.0,0.38235294117647056,74.03999999999999,0.43552941176470583,True,True,True
5781,1,0.9958427517104772,0.08432859071554678,CEMEX,Bessemer - CEMCO #7 Plant,AL,Southeastern Region,other_or_unspecified,1000.0,1000,28.0,standard_28,265.0,national_spec_group,11.0,162.0,154.0,103.0,0.3886792452830189,111.0,0.4188679245283019,True,True,True
42534,1,0.995539387090864,0.08432859071554678,Robertson's Ready Mix,Rialto Plant,CA,Pacific Southwest Region,other_or_unspecified,3000.0,3000,28.0,standard_28,166.66666666666666,strict_group,89.0,92.0,80.53333333333333,74.66666666666666,0.44799999999999995,86.13333333333333,0.5168,True,True,True
33328,1,0.9955089447894844,0.08432859071554678,Ingram Ready Mix,Pearland #35 LLC Plant,TX,South Central Region,filler,1500.0,1500,28.0,standard_28,165.33333333333334,none,,,,,,,,False,False,False
3673,1,0.9954183831233762,0.08432859071554678,Cadman / Heidelberg Materials,Port of Portland Plant,OR,Pacific Northwest Region,filler,500.0,500,28.0,standard_28,236.0,strict_group,19.0,261.5,240.8,0.0,0.0,0.0,0.0,True,False,False
4865,1,0.9951974649917056,0.08432859071554678,CEMEX,56th Street Plant,FL,Southeastern Region,other_or_unspecified,3000.0,3000,28.0,standard_28,144.0,strict_group,701.0,91.66666666666667,82.66666666666667,52.33333333333333,0.3634259259259259,61.33333333333333,0.4259259259259259,True,True,True
42524,1,0.9951168879629784,0.08432859071554678,Robertson's Ready Mix,Rialto Plant,CA,Pacific Southwest Region,other_or_unspecified,3000.0,3000,28.0,standard_28,166.0,strict_group,89.0,92.0,80.53333333333333,74.0,0.4457831325301205,85.46666666666667,0.5148594377510041,True,True,True
11547,1,0.995103977300086,0.08432859071554678,CEMEX,Oldsmar Plant,FL,Southeastern Region,other_or_unspecified,3000.0,3000,28.0,standard_28,198.0,strict_group,701.0,91.66666666666667,82.66666666666667,106.33333333333333,0.537037037037037,115.33333333333333,0.5824915824915825,True,True,True
3665,1,0.995091312424784,0.08432859071554678,Cadman / Heidelberg Materials,Port of Portland Plant,OR,Pacific Northwest Region,other_or_unspecified,500.0,500,28.0,standard_28,150.0,strict_group,6.0,170.55,159.4,0.0,0.0,0.0,0.0,True,False,False
11478,1,0.9950286773991384,0.08432859071554678,CEMEX,Odessa Plant,FL,Southeastern Region,other_or_unspecified,3000.0,3000,28.0,standard_28,204.66666666666666,strict_group,701.0,91.66666666666667,82.66666666666667,112.99999999999999,0.5521172638436481,121.99999999999999,0.5960912052117263,True,True,True
42340,1,0.9948989165588084,0.08432859071554678,Robertson's Ready Mix,Gardena Plant,CA,Pacific Southwest Region,other_or_unspecified,3000.0,3000,28.0,standard_28,164.0,strict_group,89.0,92.0,80.53333333333333,72.0,0.43902439024390244,83.46666666666667,0.5089430894308943,True,True,True
33633,0,0.9948747243383534,0.08432859071554678,Knife River Corporation,Fruitland (Idaho) Plant,ID,Pacific Northwest Region,filler,800.0,1000,28.0,standard_28,80.37499999999999,national_spec_group,15.0,102.4375,81.18499999999999,0.0,0.0,0.0,0.0,True,False,False
30728,1,0.9947725492760604,0.08432859071554678,Four Winds Concrete Inc.,Bethlehem Plant,PA,Eastern Region,other_or_unspecified,1000.0,1000,28.0,standard_28,254.0,national_spec_group,11.0,162.0,154.0,92.0,0.36220472440944884,100.0,0.3937007874015748,True,True,True
16284,1,0.9947130365020082,0.08432859071554678,CEMEX,Zephyrhills Plant,FL,Southeastern Region,other_or_unspecified,3000.0,3000,28.0,standard_28,196.0,strict_group,701.0,91.66666666666667,82.66666666666667,104.33333333333333,0.532312925170068,113.33333333333333,0.5782312925170068,True,True,True
9138,1,0.9946332538987948,0.08432859071554678,CEMEX,Lake Wales Plant,FL,Southeastern Region,other_or_unspecified,3000.0,3000,28.0,standard_28,207.0,strict_group,701.0,91.66666666666667,82.66666666666667,115.33333333333333,0.5571658615136876,124.33333333333333,0.6006441223832528,True,True,True
33946,1,0.9944081615661596,0.08432859071554678,Knife River Corporation,Tumalo (Oregon) Plant,OR,Pacific Northwest Region,filler,2000.0,2000,28.0,standard_28,198.5,strict_group,7.0,130.5,125.1,68.0,0.3425692695214106,73.4,0.36977329974811085,True,True,True
3803,1,0.9939042792436285,0.08432859071554678,Cadman / Heidelberg Materials,Port of Portland Plant,OR,Pacific Northwest Region,other_or_unspecified,1000.0,1000,28.0,standard_28,285.0,strict_group,8.0,156.25,152.2,128.75,0.4517543859649123,132.8,0.4659649122807018,True,True,True
42871,1,0.9928964368455176,0.08432859071554678,Silver Strike Concrete,Silver Strike Sparks Plant,NV,Pacific Southwest Region,filler,2000.0,2000,28.0,standard_28,181.5,strict_group,5.0,156.0,129.6,25.5,0.14049586776859505,51.900000000000006,0.2859504132231405,True,True,False
4577,1,0.9928593255596226,0.08432859071554678,Cape Cod Ready Mix,Carver Plant,MA,Eastern Region,other_or_unspecified,4000.0,4000,28.0,standard_28,136.75,strict_group,636.0,74.75,60.75,62.0,0.453382084095064,76.0,0.5557586837294333,True,True,True
15463,0,0.9928474428603712,0.08432859071554678,CEMEX,Tuscumbia (Dual) Plant,AL,Southeastern Region,filler,1000.0,1000,28.0,standard_28,105.0,strict_group,7.0,105.0,95.96000000000001,0.0,0.0,9.039999999999992,0.08609523809523802,True,False,False
15743,1,0.992502992199974,0.08432859071554678,CEMEX,Waters Avenue Plant,FL,Southeastern Region,other_or_unspecified,3000.0,3000,28.0,standard_28,180.33333333333334,strict_group,701.0,91.66666666666667,82.66666666666667,88.66666666666667,0.49168207024029575,97.66666666666667,0.5415896487985212,True,True,True
15466,0,0.992476815351645,0.08432859071554678,CEMEX,Tuscumbia (Dual) Plant,AL,Southeastern Region,filler,1000.0,1000,28.0,standard_28,105.0,strict_group,7.0,105.0,95.96000000000001,0.0,0.0,9.039999999999992,0.08609523809523802,True,False,False
42567,1,0.992445491258085,0.08432859071554678,Robertson's Ready Mix,Vernon Plant,CA,Pacific Southwest Region,other_or_unspecified,3000.0,3000,28.0,standard_28,165.66666666666666,strict_group,89.0,92.0,80.53333333333333,73.66666666666666,0.4446680080482897,85.13333333333333,0.5138832997987928,True,True,True
6377,1,0.9922933228070012,0.08432859071554678,CEMEX,Clermont RK Plant,FL,Southeastern Region,other_or_unspecified,3000.0,3000,28.0,standard_28,176.0,strict_group,701.0,91.66666666666667,82.66666666666667,84.33333333333333,0.47916666666666663,93.33333333333333,0.5303030303030303,True,True,True
13034,1,0.9922544585288212,0.08432859071554678,CEMEX,Plant City RK Plant,FL,Southeastern Region,other_or_unspecified,3000.0,3000,28.0,standard_28,144.33333333333334,strict_group,701.0,91.66666666666667,82.66666666666667,52.66666666666667,0.3648960739030023,61.66666666666667,0.42725173210161665,True,True,True
10037,1,0.9921603875982324,0.08432859071554678,CEMEX,Milton Plant,FL,Southeastern Region,filler,3000.0,3000,28.0,standard_28,167.66666666666666,strict_group,44.0,117.25,105.0,50.41666666666666,0.30069582504970177,62.66666666666666,0.3737574552683896,True,True,True
11865,1,0.9919289807131484,0.08432859071554678,CEMEX,Palmomar Oceanside Plant,CA,Pacific Southwest Region,filler,3000.0,3000,28.0,standard_28,141.0,strict_group,12.0,92.5,91.39999999999999,48.5,0.34397163120567376,49.60000000000001,0.35177304964539013,True,True,True
33503,1,0.991907493825273,0.08432859071554678,Knife River Corporation,Boise (Idaho) Plant,ID,Pacific Northwest Region,other_or_unspecified,1500.0,1500,28.0,standard_28,176.66666666666666,national_spec_group,13.0,112.0,51.666666666666664,64.66666666666666,0.3660377358490566,125.0,0.7075471698113208,True,True,True
12010,1,0.9918592710598652,0.08432859071554678,CEMEX,Panama City Beach - #2 Plant,FL,Southeastern Region,filler,1000.0,1000,28.0,standard_28,245.0,strict_group,7.0,105.0,95.96000000000001,140.0,0.5714285714285714,149.04,0.6083265306122448,True,True,True
34727,1,0.9918133309563,0.08432859071554678,Milpitas Materials Co,Milpitas Plant,CA,Pacific Southwest Region,filler,1500.0,1500,28.0,standard_28,135.33333333333334,none,,,,,,,,False,False,False
33874,1,0.9913605822663726,0.08432859071554678,Knife River Corporation,Redmond (Oregon) Plant,OR,Pacific Northwest Region,filler,2000.0,2000,28.0,standard_28,197.0,strict_group,7.0,130.5,125.1,66.5,0.33756345177664976,71.9,0.3649746192893401,True,True,True
2695,1,0.99114427510388,0.08432859071554678,Cadman / Heidelberg Materials,Foster Road Plant,OR,Pacific Northwest Region,other_or_unspecified,1000.0,1000,28.0,standard_28,284.0,strict_group,8.0,156.25,152.2,127.75,0.4498239436619718,131.8,0.46408450704225357,True,True,True
40683,1,0.9911137583379724,0.08432859071554678,New Enterprise Stone & Lime,"Barton Road, NY Plant",NY,Eastern Region,filler,1250.0,1000,56.0,extended_56,504.8,regional_strength_group,9.0,210.0,122.00000000000001,294.8,0.5839936608557845,382.8,0.7583201267828843,True,True,True
40720,1,0.9911137583379724,0.08432859071554678,New Enterprise Stone & Lime,"Gateway, NY Plant",NY,Eastern Region,filler,1250.0,1000,56.0,extended_56,505.6,regional_strength_group,9.0,210.0,122.00000000000001,295.6,0.5846518987341772,383.6,0.7587025316455697,True,True,True
10159,1,0.9910062966569612,0.08432859071554678,CEMEX,Mission Valley Plant,CA,Pacific Southwest Region,other_or_unspecified,4000.0,4000,28.0,standard_28,138.25,strict_group,111.0,78.25,69.0,60.0,0.43399638336347196,69.25,0.5009041591320073,True,True,True
13019,1,0.9909979924709011,0.08432859071554678,CEMEX,Plant City RK Plant,FL,Southeastern Region,other_or_unspecified,3000.0,3000,28.0,standard_28,206.0,strict_group,701.0,91.66666666666667,82.66666666666667,114.33333333333333,0.5550161812297735,123.33333333333333,0.598705501618123,True,True,True
12047,1,0.990974620651683,0.08432859071554678,CEMEX,Pembroke Pines Plant,FL,Southeastern Region,other_or_unspecified,3000.0,3000,28.0,standard_28,173.33333333333334,strict_group,701.0,91.66666666666667,82.66666666666667,81.66666666666667,0.47115384615384615,90.66666666666667,0.5230769230769231,True,True,True
7551,1,0.9908806916020444,0.08432859071554678,CEMEX,East Plant/East Naples/East Trail Plant,FL,Southeastern Region,other_or_unspecified,3000.0,3000,28.0,standard_28,173.33333333333334,strict_group,701.0,91.66666666666667,82.66666666666667,81.66666666666667,0.47115384615384615,90.66666666666667,0.5230769230769231,True,True,True
8185,1,0.9908257917617024,0.08432859071554678,CEMEX,Globe Plant,AZ,Pacific Southwest Region,filler,2000.0,2000,28.0,standard_28,156.0,strict_group,5.0,156.0,129.6,0.0,0.0,26.400000000000006,0.16923076923076927,True,False,False
6375,1,0.990676395798577,0.08432859071554678,CEMEX,Clermont RK Plant,FL,Southeastern Region,other_or_unspecified,3000.0,3000,28.0,standard_28,151.0,strict_group,701.0,91.66666666666667,82.66666666666667,59.33333333333333,0.3929359823399558,68.33333333333333,0.45253863134657835,True,True,True
15149,1,0.9906722468508042,0.08432859071554678,CEMEX,Sweetwater Plant,FL,Southeastern Region,other_or_unspecified,3000.0,3000,28.0,standard_28,166.33333333333334,strict_group,701.0,91.66666666666667,82.66666666666667,74.66666666666667,0.44889779559118237,83.66666666666667,0.503006012024048,True,True,True
14744,1,0.9900118954033232,0.08432859071554678,CEMEX,Sierra Vista Plant,AZ,Pacific Southwest Region,filler,2000.0,2000,28.0,standard_28,231.0,strict_group,5.0,156.0,129.6,75.0,0.3246753246753247,101.4,0.438961038961039,True,True,True
15760,1,0.9898425171784132,0.08432859071554678,CEMEX,Waters Avenue Plant,FL,Southeastern Region,other_or_unspecified,3000.0,3000,28.0,standard_28,132.0,strict_group,701.0,91.66666666666667,82.66666666666667,40.33333333333333,0.3055555555555555,49.33333333333333,0.3737373737373737,True,True,True
43772,1,0.9898090062598948,0.08432859071554678,Smyrna Ready Mix,SCGA Mobile Plant,SC,Southeastern Region,filler,1000.0,1000,28.0,standard_28,335.0,strict_group,7.0,105.0,95.96000000000001,230.0,0.6865671641791045,239.04,0.7135522388059701,True,True,True
4648,1,0.9895715328416748,0.08432859071554678,Cape Cod Ready Mix,Orleans Plant,MA,Eastern Region,other_or_unspecified,1500.0,1500,28.0,standard_28,174.0,strict_group,6.0,164.0,160.33333333333334,10.0,0.05747126436781609,13.666666666666657,0.07854406130268193,True,False,False
42385,1,0.9893070663740848,0.08432859071554678,Robertson's Ready Mix,Mira Mar Plant,CA,Pacific Southwest Region,other_or_unspecified,3000.0,3000,28.0,standard_28,151.66666666666666,strict_group,89.0,92.0,80.53333333333333,59.66666666666666,0.39340659340659334,71.13333333333333,0.469010989010989,True,True,True
16181,1,0.9892133419472876,0.08432859071554678,CEMEX,Winter Park Plant,FL,Southeastern Region,other_or_unspecified,3000.0,3000,28.0,standard_28,144.66666666666666,strict_group,701.0,91.66666666666667,82.66666666666667,52.999999999999986,0.3663594470046082,61.999999999999986,0.4285714285714285,True,True,True
33335,1,0.9891203524268072,0.08432859071554678,Ingram Ready Mix,Pearland #35 LLC Plant,TX,South Central Region,other_or_unspecified,3000.0,3000,28.0,standard_28,158.0,strict_group,51.0,78.5,68.66666666666667,79.5,0.5031645569620253,89.33333333333333,0.5654008438818565,True,True,True
9084,1,0.9890483638537482,0.08432859071554678,CEMEX,Lafayette Plant,GA,Southeastern Region,other_or_unspecified,4000.0,4000,28.0,standard_28,124.75,strict_group,440.0,77.6875,69.75,47.0625,0.3772545090180361,55.0,0.4408817635270541,True,True,True
42568,1,0.9890274195973928,0.08432859071554678,Robertson's Ready Mix,Vernon Plant,CA,Pacific Southwest Region,other_or_unspecified,3000.0,3000,28.0,standard_28,150.66666666666666,strict_group,89.0,92.0,80.53333333333333,58.66666666666666,0.38938053097345127,70.13333333333333,0.4654867256637168,True,True,True
9166,1,0.9889176632609497,0.08432859071554678,CEMEX,Lakeland RK Plant,FL,Southeastern Region,other_or_unspecified,3000.0,3000,28.0,standard_28,152.0,strict_group,701.0,91.66666666666667,82.66666666666667,60.33333333333333,0.39692982456140347,69.33333333333333,0.45614035087719296,True,True,True
45676,1,0.9888492521969516,0.08432859071554678,Titan Virginia Ready-Mix,Stafford RM Plant,VA,Eastern Region,other_or_unspecified,3500.0,3500,28.0,standard_28,147.14285714285714,strict_group,117.0,95.71428571428571,84.05714285714286,51.42857142857143,0.34951456310679613,63.085714285714275,0.42873786407766984,True,True,True
37815,1,0.9885240890187597,0.08432859071554678,National Ready Mix,Santa Clarita Plant,CA,Pacific Southwest Region,other_or_unspecified,2500.0,2500,28.0,standard_28,192.0,strict_group,16.0,102.5,100.8,89.5,0.4661458333333333,91.2,0.47500000000000003,True,True,True
5423,1,0.9879114199052542,0.08432859071554678,CEMEX,Athens Plant,AL,Southeastern Region,other_or_unspecified,3000.0,3000,28.0,standard_28,185.66666666666666,strict_group,701.0,91.66666666666667,82.66666666666667,93.99999999999999,0.5062836624775583,102.99999999999999,0.5547576301615799,True,True,True
4649,1,0.9875960203239827,0.08432859071554678,Cape Cod Ready Mix,Orleans Plant,MA,Eastern Region,other_or_unspecified,4000.0,4000,28.0,standard_28,139.25,strict_group,636.0,74.75,60.75,64.5,0.4631956912028725,78.5,0.5637342908438061,True,True,True
8198,1,0.9871326015494594,0.08432859071554678,CEMEX,Grand Parkway Plant,TX,South Central Region,filler,2000.0,2000,28.0,standard_28,156.0,national_spec_group,17.0,134.5,118.6,21.5,0.13782051282051283,37.400000000000006,0.23974358974358978,True,True,False
11735,1,0.986692068611852,0.08432859071554678,CEMEX,Orlando (Atlanta Ave) Plant,FL,Southeastern Region,other_or_unspecified,3000.0,3000,28.0,standard_28,163.33333333333334,strict_group,701.0,91.66666666666667,82.66666666666667,71.66666666666667,0.4387755102040816,80.66666666666667,0.49387755102040815,True,True,True
42535,1,0.9860176579262137,0.08432859071554678,Robertson's Ready Mix,Rialto Plant,CA,Pacific Southwest Region,other_or_unspecified,3000.0,3000,28.0,standard_28,151.66666666666666,strict_group,89.0,92.0,80.53333333333333,59.66666666666666,0.39340659340659334,71.13333333333333,0.469010989010989,True,True,True
11839,1,0.9859113004787716,0.08432859071554678,CEMEX,Palmetto Plant,FL,Southeastern Region,other_or_unspecified,3000.0,3000,28.0,standard_28,207.0,strict_group,701.0,91.66666666666667,82.66666666666667,115.33333333333333,0.5571658615136876,124.33333333333333,0.6006441223832528,True,True,True
8013,1,0.9858565724408478,0.08432859071554678,CEMEX,Freeport Plant,FL,Southeastern Region,filler,3000.0,3000,28.0,standard_28,152.0,strict_group,44.0,117.25,105.0,34.75,0.22861842105263158,47.0,0.3092105263157895,True,True,True
4685,1,0.9857403983189928,0.08432859071554678,Cape Cod Ready Mix,Sandwich Plant,MA,Eastern Region,other_or_unspecified,4000.0,4000,28.0,standard_28,135.75,strict_group,636.0,74.75,60.75,61.0,0.44935543278084716,75.0,0.5524861878453039,True,True,True
9903,1,0.9856082396350248,0.08432859071554678,CEMEX,McIntosh Plant,FL,Southeastern Region,other_or_unspecified,4000.0,4000,28.0,standard_28,151.25,strict_group,440.0,77.6875,69.75,73.5625,0.4863636363636364,81.5,0.5388429752066116,True,True,True
33593,1,0.9855487215180848,0.08432859071554678,Knife River Corporation,Eugene (Oregon) Plant,OR,Pacific Northwest Region,other_or_unspecified,3000.0,3000,3.0,early,181.66666666666666,strict_group,10.0,148.91666666666669,122.13333333333333,32.74999999999997,0.18027522935779802,59.53333333333333,0.32770642201834865,True,True,False
11607,1,0.985430769228778,0.08432859071554678,CEMEX,Orange City Plant,FL,Southeastern Region,other_or_unspecified,3000.0,3000,28.0,standard_28,140.33333333333334,strict_group,701.0,91.66666666666667,82.66666666666667,48.66666666666667,0.34679334916864607,57.66666666666667,0.41092636579572445,True,True,True
4613,1,0.9854251839320384,0.08432859071554678,Cape Cod Ready Mix,Dennis Plant,MA,Eastern Region,other_or_unspecified,4000.0,4000,28.0,standard_28,134.25,strict_group,636.0,74.75,60.75,59.5,0.44320297951582865,73.5,0.547486033519553,True,True,True
5391,1,0.9851812341965897,0.08432859071554678,CEMEX,Athens Plant,AL,Southeastern Region,filler,1000.0,1000,28.0,standard_28,171.0,strict_group,7.0,105.0,95.96000000000001,66.0,0.38596491228070173,75.03999999999999,0.4388304093567251,True,True,True
21683,1,0.9850981179440348,0.08432859071554678,Central Pre-Mix (CPM),Sullivan Plant ,WA,Pacific Northwest Region,filler,1000.0,1000,28.0,standard_28,127.0,national_spec_group,15.0,102.4375,81.18499999999999,24.5625,0.1934055118110236,45.81500000000001,0.3607480314960631,True,True,False
5536,1,0.9848524734551548,0.08432859071554678,CEMEX,Auburndale Plant,FL,Southeastern Region,other_or_unspecified,3000.0,3000,28.0,standard_28,206.0,strict_group,701.0,91.66666666666667,82.66666666666667,114.33333333333333,0.5550161812297735,123.33333333333333,0.598705501618123,True,True,True
9099,1,0.984834098374255,0.08432859071554678,CEMEX,Lafayette Plant,GA,Southeastern Region,filler,3000.0,3000,28.0,standard_28,129.33333333333334,strict_group,44.0,117.25,105.0,12.083333333333343,0.09342783505154646,24.333333333333343,0.18814432989690727,True,False,False
4866,0,0.9845976235488966,0.08432859071554678,CEMEX,56th Street Plant,FL,Southeastern Region,other_or_unspecified,3000.0,3000,28.0,standard_28,119.0,strict_group,701.0,91.66666666666667,82.66666666666667,27.33333333333333,0.22969187675070024,36.33333333333333,0.3053221288515406,True,True,True
9918,1,0.9845976235488966,0.08432859071554678,CEMEX,McIntosh Plant,FL,Southeastern Region,other_or_unspecified,3000.0,3000,28.0,standard_28,138.66666666666666,strict_group,701.0,91.66666666666667,82.66666666666667,46.999999999999986,0.3389423076923076,55.999999999999986,0.40384615384615374,True,True,True
32287,1,0.9843805900542668,0.08432859071554678,Holcim - Aggregate Industries,Everett Plant,MA,Eastern Region,other_or_unspecified,1000.0,1000,28.0,standard_28,210.0,national_spec_group,11.0,162.0,154.0,48.0,0.22857142857142856,56.0,0.26666666666666666,True,True,True
11479,1,0.9841991367791924,0.08432859071554678,CEMEX,Odessa Plant,FL,Southeastern Region,other_or_unspecified,4000.0,4000,28.0,standard_28,154.75,strict_group,440.0,77.6875,69.75,77.0625,0.4979806138933764,85.0,0.5492730210016155,True,True,True
13525,1,0.9836130736194028,0.08432859071554678,CEMEX,Russellville Plant,AL,Southeastern Region,filler,1500.0,1500,28.0,standard_28,139.33333333333334,none,,,,,,,,False,False,False
4829,1,0.9831878685070156,0.08432859071554678,CEMEX,56th Street Plant,FL,Southeastern Region,other_or_unspecified,3000.0,3000,28.0,standard_28,163.0,strict_group,701.0,91.66666666666667,82.66666666666667,71.33333333333333,0.4376278118609407,80.33333333333333,0.492842535787321,True,True,True
43200,1,0.9816851905614876,0.08432859071554678,Silvi Materials,Morrisville Plant,PA,Eastern Region,filler,3000.0,3000,28.0,standard_28,192.0,strict_group,28.0,94.5,30.75,97.5,0.5078125,161.25,0.83984375,True,True,True
5945,1,0.9816141918883332,0.08432859071554678,CEMEX,Brooksville Plant,FL,Southeastern Region,other_or_unspecified,3000.0,3000,28.0,standard_28,165.0,strict_group,701.0,91.66666666666667,82.66666666666667,73.33333333333333,0.4444444444444444,82.33333333333333,0.498989898989899,True,True,True
6490,1,0.9814698751941692,0.08432859071554678,CEMEX,Columbus - Smith Rd (Vulcan Quarry) Plant,GA,Southeastern Region,filler,3000.0,3000,28.0,standard_28,127.66666666666667,strict_group,44.0,117.25,105.0,10.416666666666671,0.0815926892950392,22.66666666666667,0.17754569190600525,True,False,False
5754,1,0.9814508086773602,0.08432859071554678,CEMEX,Berth 150 Plant,FL,Southeastern Region,other_or_unspecified,4000.0,4000,28.0,standard_28,152.75,strict_group,440.0,77.6875,69.75,75.0625,0.49140752864157117,83.0,0.5433715220949263,True,True,True
42538,0,0.981294329230494,0.08432859071554678,Robertson's Ready Mix,Rialto Plant,CA,Pacific Southwest Region,other_or_unspecified,3000.0,3000,28.0,standard_28,100.66666666666667,strict_group,89.0,92.0,80.53333333333333,8.666666666666671,0.08609271523178812,20.13333333333334,0.20000000000000007,True,False,False
42571,1,0.9810959887815162,0.08432859071554678,Robertson's Ready Mix,Vernon Plant,CA,Pacific Southwest Region,other_or_unspecified,2000.0,2000,28.0,standard_28,233.0,national_spec_group,44.0,106.75,96.6,126.25,0.5418454935622318,136.4,0.5854077253218885,True,True,True
11733,1,0.9810104401992672,0.08432859071554678,CEMEX,Orlando (Atlanta Ave) Plant,FL,Southeastern Region,other_or_unspecified,3000.0,3000,28.0,standard_28,140.33333333333334,strict_group,701.0,91.66666666666667,82.66666666666667,48.66666666666667,0.34679334916864607,57.66666666666667,0.41092636579572445,True,True,True
8019,1,0.9809124725460494,0.08432859071554678,CEMEX,Freeport Plant,FL,Southeastern Region,filler,3000.0,3000,28.0,standard_28,140.33333333333334,strict_group,44.0,117.25,105.0,23.083333333333343,0.16448931116389554,35.33333333333334,0.25178147268408557,True,True,False
43239,1,0.9800704030550552,0.08432859071554678,Silvi Materials,Philadelphia Plant,PA,Eastern Region,filler,3500.0,3500,28.0,standard_28,150.57142857142858,strict_group,21.0,108.28571428571429,99.14285714285714,42.28571428571429,0.28083491461100574,51.428571428571445,0.34155597722960157,True,True,True
43241,1,0.9795364251619618,0.08432859071554678,Silvi Materials,Philadelphia Plant,PA,Eastern Region,filler,3500.0,3500,28.0,standard_28,154.0,strict_group,21.0,108.28571428571429,99.14285714285714,45.71428571428571,0.2968460111317254,54.85714285714286,0.35621521335807055,True,True,True
30815,1,0.9788586421837332,0.08432859071554678,Four Winds Concrete Inc.,Windgap Plant,PA,Eastern Region,other_or_unspecified,4000.0,4000,28.0,standard_28,151.5,strict_group,636.0,74.75,60.75,76.75,0.5066006600660066,90.75,0.599009900990099,True,True,True
45140,1,0.9787763776885574,0.08432859071554678,Titan Virginia Ready-Mix,Chesterfield Plant,VA,Eastern Region,other_or_unspecified,3000.0,3000,28.0,standard_28,145.0,strict_group,295.0,91.33333333333333,79.06666666666668,53.66666666666667,0.37011494252873567,65.93333333333332,0.45471264367816083,True,True,True
44870,1,0.9787763776885574,0.08432859071554678,Titan Virginia Ready-Mix,Bryan Park Plant,VA,Eastern Region,other_or_unspecified,3000.0,3000,28.0,standard_28,147.33333333333334,strict_group,295.0,91.33333333333333,79.06666666666668,56.000000000000014,0.38009049773755665,68.26666666666667,0.4633484162895927,True,True,True
4834,1,0.9785056811602224,0.08432859071554678,CEMEX,56th Street Plant,FL,Southeastern Region,other_or_unspecified,4000.0,4000,28.0,standard_28,134.75,strict_group,440.0,77.6875,69.75,57.0625,0.42346938775510207,65.0,0.48237476808905383,True,True,True
9153,1,0.9782934735384656,0.08432859071554678,CEMEX,Lake Wales Plant,FL,Southeastern Region,other_or_unspecified,3000.0,3000,28.0,standard_28,147.66666666666666,strict_group,701.0,91.66666666666667,82.66666666666667,55.999999999999986,0.37923250564334077,64.99999999999999,0.44018058690744916,True,True,True
14912,1,0.97815129483243,0.08432859071554678,CEMEX,St. Cloud Plant,FL,Southeastern Region,other_or_unspecified,3000.0,3000,28.0,standard_28,173.66666666666666,strict_group,701.0,91.66666666666667,82.66666666666667,81.99999999999999,0.4721689059500959,90.99999999999999,0.5239923224568138,True,True,True
42359,1,0.9777051507486996,0.08432859071554678,Robertson's Ready Mix,Gardena Plant,CA,Pacific Southwest Region,other_or_unspecified,2000.0,2000,28.0,standard_28,230.0,national_spec_group,44.0,106.75,96.6,123.25,0.5358695652173913,133.4,0.5800000000000001,True,True,True
3410,1,0.97705690968187,0.08432859071554678,Cadman / Heidelberg Materials,Orchards Plant,WA,Pacific Northwest Region,other_or_unspecified,1000.0,1000,28.0,standard_28,148.0,strict_group,8.0,156.25,152.2,0.0,0.0,0.0,0.0,True,False,False
45125,0,0.9769104317552324,0.08432859071554678,Titan Virginia Ready-Mix,Chesterfield Plant,VA,Eastern Region,other_or_unspecified,3000.0,3000,28.0,standard_28,123.33333333333333,strict_group,295.0,91.33333333333333,79.06666666666668,32.0,0.2594594594594595,44.26666666666665,0.3589189189189188,True,True,True
44846,1,0.9769104317552324,0.08432859071554678,Titan Virginia Ready-Mix,Bryan Park Plant,VA,Eastern Region,other_or_unspecified,3000.0,3000,28.0,standard_28,125.33333333333333,strict_group,295.0,91.33333333333333,79.06666666666668,34.0,0.2712765957446809,46.26666666666665,0.36914893617021266,True,True,True
44847,1,0.9769104317552324,0.08432859071554678,Titan Virginia Ready-Mix,Bryan Park Plant,VA,Eastern Region,other_or_unspecified,3000.0,3000,28.0,standard_28,130.33333333333334,strict_group,295.0,91.33333333333333,79.06666666666668,39.000000000000014,0.2992327365728901,51.266666666666666,0.39335038363171354,True,True,True
45126,1,0.9769104317552324,0.08432859071554678,Titan Virginia Ready-Mix,Chesterfield Plant,VA,Eastern Region,other_or_unspecified,3000.0,3000,28.0,standard_28,128.0,strict_group,295.0,91.33333333333333,79.06666666666668,36.66666666666667,0.28645833333333337,48.93333333333332,0.3822916666666666,True,True,True
7442,0,0.976903015122734,0.08432859071554678,CEMEX,Downtown Miami Plant,FL,Southeastern Region,other_or_unspecified,3000.0,3000,28.0,standard_28,121.66666666666667,strict_group,701.0,91.66666666666667,82.66666666666667,30.0,0.2465753424657534,39.0,0.3205479452054794,True,True,True
9459,1,0.9768916470947524,0.08432859071554678,CEMEX,Livingston Plant,AL,Southeastern Region,other_or_unspecified,1500.0,1500,28.0,standard_28,154.66666666666666,national_spec_group,13.0,112.0,51.666666666666664,42.66666666666666,0.2758620689655172,103.0,0.6659482758620691,True,True,True
2667,1,0.9766915309581964,0.08432859071554678,Cadman / Heidelberg Materials,Foster Road Plant,OR,Pacific Northwest Region,paving,1000.0,1000,28.0,standard_28,157.0,strict_group,6.0,155.5,151.5,1.5,0.009554140127388535,5.5,0.03503184713375796,True,False,False
14910,1,0.9761457960920022,0.08432859071554678,CEMEX,St. Cloud Plant,FL,Southeastern Region,other_or_unspecified,3000.0,3000,28.0,standard_28,148.66666666666666,strict_group,701.0,91.66666666666667,82.66666666666667,56.999999999999986,0.38340807174887886,65.99999999999999,0.4439461883408071,True,True,True
3775,1,0.9758355724701347,0.08432859071554678,Cadman / Heidelberg Materials,Port of Portland Plant,OR,Pacific Northwest Region,paving,1000.0,1000,28.0,standard_28,155.0,strict_group,6.0,155.5,151.5,0.0,0.0,3.5,0.02258064516129032,True,False,False
9759,1,0.9758023105871564,0.08432859071554678,CEMEX,Marietta Plant,FL,Southeastern Region,other_or_unspecified,4000.0,4000,28.0,standard_28,133.75,strict_group,440.0,77.6875,69.75,56.0625,0.41915887850467287,64.0,0.4785046728971963,True,True,True
9139,1,0.9757919074268548,0.08432859071554678,CEMEX,Lake Wales Plant,FL,Southeastern Region,other_or_unspecified,4000.0,4000,28.0,standard_28,156.0,strict_group,440.0,77.6875,69.75,78.3125,0.5020032051282052,86.25,0.5528846153846154,True,True,True
12019,1,0.9757887870848097,0.08432859071554678,CEMEX,Panama City Beach - #2 Plant,FL,Southeastern Region,filler,3000.0,3000,28.0,standard_28,142.33333333333334,strict_group,44.0,117.25,105.0,25.083333333333343,0.17622950819672137,37.33333333333334,0.2622950819672132,True,True,False
2130,0,0.9756889012206544,0.08432859071554678,Boston Sand & Gravel,Boston Sand & Gravel,MA,Eastern Region,other_or_unspecified,2000.0,2000,28.0,standard_28,93.5,strict_group,11.0,124.0,93.5,0.0,0.0,0.0,0.0,True,False,False
30729,1,0.9755459117791002,0.08432859071554678,Four Winds Concrete Inc.,Bethlehem Plant,PA,Eastern Region,other_or_unspecified,1500.0,1500,28.0,standard_28,188.66666666666666,strict_group,6.0,164.0,160.33333333333334,24.666666666666657,0.13074204946996462,28.333333333333314,0.15017667844522958,True,True,False
31734,1,0.9746815404300292,0.08432859071554678,Graniterock,San Jose Plant,CA,Pacific Southwest Region,other_or_unspecified,3000.0,3000,28.0,standard_28,181.0,strict_group,89.0,92.0,80.53333333333333,89.0,0.49171270718232046,100.46666666666667,0.5550644567219153,True,True,True
31918,1,0.9746815404300292,0.08432859071554678,Graniterock,Santa Cruz Plant,CA,Pacific Southwest Region,other_or_unspecified,3000.0,3000,28.0,standard_28,185.33333333333334,strict_group,89.0,92.0,80.53333333333333,93.33333333333334,0.5035971223021583,104.80000000000001,0.5654676258992806,True,True,True
9307,1,0.9746773658929688,0.08432859071554678,CEMEX,Lecanto East Plant,FL,Southeastern Region,other_or_unspecified,3000.0,3000,28.0,standard_28,178.33333333333334,strict_group,701.0,91.66666666666667,82.66666666666667,86.66666666666667,0.48598130841121495,95.66666666666667,0.5364485981308411,True,True,True
43868,1,0.9743169639091376,0.08432859071554678,Sterling Concrete Corp,Oxford Plant,MA,Eastern Region,other_or_unspecified,2000.0,2000,28.0,standard_28,130.0,strict_group,11.0,124.0,93.5,6.0,0.046153846153846156,36.5,0.28076923076923077,True,False,False
44856,0,0.9740197519838846,0.08432859071554678,Titan Virginia Ready-Mix,Bryan Park Plant,VA,Eastern Region,other_or_unspecified,3000.0,3000,28.0,standard_28,116.33333333333333,strict_group,295.0,91.33333333333333,79.06666666666668,25.0,0.21489971346704873,37.26666666666665,0.32034383954154716,True,True,True
45135,0,0.9740197519838846,0.08432859071554678,Titan Virginia Ready-Mix,Chesterfield Plant,VA,Eastern Region,other_or_unspecified,3000.0,3000,28.0,standard_28,112.0,strict_group,295.0,91.33333333333333,79.06666666666668,20.66666666666667,0.18452380952380956,32.93333333333332,0.29404761904761895,True,True,False
10019,1,0.9738484891575964,0.08432859071554678,CEMEX,Milton Plant,FL,Southeastern Region,filler,3000.0,3000,28.0,standard_28,156.0,strict_group,44.0,117.25,105.0,38.75,0.2483974358974359,51.0,0.3269230769230769,True,True,True
45124,0,0.9736560317453856,0.08432859071554678,Titan Virginia Ready-Mix,Chesterfield Plant,VA,Eastern Region,other_or_unspecified,3000.0,3000,28.0,standard_28,120.66666666666667,strict_group,295.0,91.33333333333333,79.06666666666668,29.333333333333343,0.24309392265193377,41.599999999999994,0.34475138121546955,True,True,True
2726,1,0.9734253961448058,0.08432859071554678,Cadman / Heidelberg Materials,Foster Road Plant,OR,Pacific Northwest Region,paving,1000.0,1000,28.0,standard_28,217.0,strict_group,6.0,155.5,151.5,61.5,0.2834101382488479,65.5,0.30184331797235026,True,True,True
3835,1,0.9732683918763588,0.08432859071554678,Cadman / Heidelberg Materials,Port of Portland Plant,OR,Pacific Northwest Region,paving,1000.0,1000,28.0,standard_28,191.0,strict_group,6.0,155.5,151.5,35.5,0.18586387434554974,39.5,0.20680628272251309,True,True,False
9168,1,0.9731832795396272,0.08432859071554678,CEMEX,Lakeland RK Plant,FL,Southeastern Region,other_or_unspecified,3000.0,3000,28.0,standard_28,181.33333333333334,strict_group,701.0,91.66666666666667,82.66666666666667,89.66666666666667,0.4944852941176471,98.66666666666667,0.5441176470588235,True,True,True
5014,1,0.9731143988575788,0.08432859071554678,CEMEX,Alexander City Plant,AL,Southeastern Region,other_or_unspecified,3000.0,3000,28.0,standard_28,210.33333333333334,strict_group,701.0,91.66666666666667,82.66666666666667,118.66666666666667,0.5641838351822503,127.66666666666667,0.606973058637084,True,True,True
6988,1,0.972938450356258,0.08432859071554678,CEMEX,Crestview Plant,FL,Southeastern Region,filler,3000.0,3000,28.0,standard_28,140.66666666666666,strict_group,44.0,117.25,105.0,23.416666666666657,0.16646919431279616,35.66666666666666,0.2535545023696682,True,True,False
42251,0,0.9729014346732346,0.08432859071554678,Robertson's Ready Mix,Anaheim Plant,CA,Pacific Southwest Region,other_or_unspecified,2500.0,2500,28.0,standard_28,100.8,strict_group,16.0,102.5,100.8,0.0,0.0,0.0,0.0,True,False,False
46698,1,0.9725441770155157,0.08432859071554678,US Concrete Mix / Smyrna Ready Mix,Irving Plant,TX,South Central Region,filler,2000.0,2000,28.0,standard_28,164.5,national_spec_group,17.0,134.5,118.6,30.0,0.182370820668693,45.900000000000006,0.2790273556231003,True,True,False
7989,1,0.9724497612831696,0.08432859071554678,CEMEX,Four Corners Plant,FL,Southeastern Region,other_or_unspecified,3000.0,3000,28.0,standard_28,180.66666666666666,strict_group,701.0,91.66666666666667,82.66666666666667,88.99999999999999,0.4926199261992619,97.99999999999999,0.5424354243542435,True,True,True
11548,1,0.9724475600876636,0.08432859071554678,CEMEX,Oldsmar Plant,FL,Southeastern Region,other_or_unspecified,4000.0,4000,28.0,standard_28,151.25,strict_group,440.0,77.6875,69.75,73.5625,0.4863636363636364,81.5,0.5388429752066116,True,True,True
15175,1,0.9717125913279544,0.08432859071554678,CEMEX,Sweetwater Plant,FL,Southeastern Region,other_or_unspecified,3000.0,3000,28.0,standard_28,124.66666666666667,strict_group,701.0,91.66666666666667,82.66666666666667,33.0,0.2647058823529412,42.0,0.33689839572192515,True,True,True
46477,1,0.9716085732940324,0.08432859071554678,US Concrete Mix / Smyrna Ready Mix,BRONX Plant,NY,Eastern Region,filler,4000.0,4000,28.0,standard_28,124.0,strict_group,83.0,88.0,68.55,36.0,0.2903225806451613,55.45,0.44717741935483873,True,True,True
9043,1,0.9714080327007912,0.08432859071554678,CEMEX,LaBelle 1 Plant,FL,Southeastern Region,other_or_unspecified,3000.0,3000,28.0,standard_28,162.0,strict_group,701.0,91.66666666666667,82.66666666666667,70.33333333333333,0.434156378600823,79.33333333333333,0.4897119341563786,True,True,True
30736,1,0.9711486838573772,0.08432859071554678,Four Winds Concrete Inc.,Bethlehem Plant,PA,Eastern Region,other_or_unspecified,1200.0,1000,1.0,early,125.83333333333334,regional_strength_group,9.0,210.0,122.00000000000001,0.0,0.0,3.8333333333333286,0.030463576158940357,True,False,False
45123,0,0.9707809321417494,0.08432859071554678,Titan Virginia Ready-Mix,Chesterfield Plant,VA,Eastern Region,other_or_unspecified,3000.0,3000,28.0,standard_28,117.33333333333333,strict_group,295.0,91.33333333333333,79.06666666666668,26.0,0.2215909090909091,38.26666666666665,0.3261363636363635,True,True,True
44844,0,0.9707809321417494,0.08432859071554678,Titan Virginia Ready-Mix,Bryan Park Plant,VA,Eastern Region,other_or_unspecified,3000.0,3000,28.0,standard_28,119.66666666666667,strict_group,295.0,91.33333333333333,79.06666666666668,28.333333333333343,0.23676880222841232,40.599999999999994,0.33927576601671305,True,True,True
5064,1,0.9704156131588404,0.08432859071554678,CEMEX,Alexander City Plant,AL,Southeastern Region,other_or_unspecified,3000.0,3000,28.0,standard_28,140.66666666666666,strict_group,701.0,91.66666666666667,82.66666666666667,48.999999999999986,0.3483412322274881,57.999999999999986,0.4123222748815165,True,True,True
10658,1,0.9701231803777732,0.08432859071554678,CEMEX,New Tazewell Plant,TN,Southeastern Region,paving,3000.0,3000,1.0,early,150.66666666666666,regional_strength_group,823.0,92.16666666666666,84.0,58.5,0.38827433628318586,66.66666666666666,0.44247787610619466,True,True,True
45677,1,0.9701059113141344,0.08432859071554678,Titan Virginia Ready-Mix,Stafford RM Plant,VA,Eastern Region,other_or_unspecified,3500.0,3500,28.0,standard_28,147.14285714285714,strict_group,117.0,95.71428571428571,84.05714285714286,51.42857142857143,0.34951456310679613,63.085714285714275,0.42873786407766984,True,True,True
30801,0,0.9698837169680792,0.08432859071554678,Four Winds Concrete Inc.,Windgap Plant,PA,Eastern Region,other_or_unspecified,1200.0,1000,1.0,early,106.66666666666667,regional_strength_group,9.0,210.0,122.00000000000001,0.0,0.0,0.0,0.0,True,False,False
33556,1,0.9696625338398248,0.08432859071554678,Knife River Corporation,Corvallis (Oregon) Plant,OR,Pacific Northwest Region,other_or_unspecified,3000.0,3000,3.0,early,185.33333333333334,strict_group,10.0,148.91666666666669,122.13333333333333,36.41666666666666,0.19649280575539563,63.20000000000002,0.3410071942446044,True,True,False
7445,1,0.9695737262322184,0.08432859071554678,CEMEX,Downtown Miami Plant,FL,Southeastern Region,other_or_unspecified,3000.0,3000,28.0,standard_28,184.66666666666666,strict_group,701.0,91.66666666666667,82.66666666666667,92.99999999999999,0.503610108303249,101.99999999999999,0.5523465703971119,True,True,True
43223,1,0.9695673630944682,0.08432859071554678,Silvi Materials,Philadelphia Plant,PA,Eastern Region,filler,3000.0,3000,28.0,standard_28,164.33333333333334,strict_group,28.0,94.5,30.75,69.83333333333334,0.42494929006085197,133.58333333333334,0.8128803245436106,True,True,True
3230,1,0.969462559545204,0.08432859071554678,Cadman / Heidelberg Materials,Orchards Plant,WA,Pacific Northwest Region,paving,1000.0,1000,28.0,standard_28,148.0,strict_group,6.0,155.5,151.5,0.0,0.0,0.0,0.0,True,False,False
11564,1,0.9693243355897369,0.08432859071554678,CEMEX,Oldsmar Plant,FL,Southeastern Region,other_or_unspecified,3000.0,3000,28.0,standard_28,133.66666666666666,strict_group,701.0,91.66666666666667,82.66666666666667,41.999999999999986,0.3142144638403989,50.999999999999986,0.3815461346633416,True,True,True
13020,1,0.9688276794082028,0.08432859071554678,CEMEX,Plant City RK Plant,FL,Southeastern Region,other_or_unspecified,4000.0,4000,28.0,standard_28,150.75,strict_group,440.0,77.6875,69.75,73.0625,0.48466003316749584,81.0,0.5373134328358209,True,True,True
30794,1,0.9687526996392868,0.08432859071554678,Four Winds Concrete Inc.,Windgap Plant,PA,Eastern Region,other_or_unspecified,1500.0,1500,28.0,standard_28,172.66666666666666,strict_group,6.0,164.0,160.33333333333334,8.666666666666657,0.05019305019305014,12.333333333333314,0.07142857142857133,True,False,False
21680,1,0.96847898038894,0.08432859071554678,Central Pre-Mix (CPM),Sullivan Plant ,WA,Pacific Northwest Region,other_or_unspecified,1000.0,1000,28.0,standard_28,167.0,strict_group,8.0,156.25,152.2,10.75,0.06437125748502993,14.800000000000011,0.08862275449101803,True,False,False
42373,1,0.967928737832356,0.08432859071554678,Robertson's Ready Mix,Gardena Plant,CA,Pacific Southwest Region,other_or_unspecified,3000.0,3000,28.0,standard_28,135.66666666666666,strict_group,89.0,92.0,80.53333333333333,43.66666666666666,0.3218673218673218,55.133333333333326,0.4063882063882064,True,True,True
45972,1,0.9677643287420816,0.08432859071554678,Titan Virginia Ready-Mix,Sterling RM (Plant 1),VA,Eastern Region,other_or_unspecified,3000.0,3000,28.0,standard_28,132.66666666666666,strict_group,295.0,91.33333333333333,79.06666666666668,41.33333333333333,0.3115577889447236,53.59999999999998,0.40402010050251247,True,True,True
4684,1,0.9677642778266992,0.08432859071554678,Cape Cod Ready Mix,Sandwich Plant,MA,Eastern Region,other_or_unspecified,1500.0,1500,28.0,standard_28,157.33333333333334,strict_group,6.0,164.0,160.33333333333334,0.0,0.0,0.0,0.0,True,False,False
4612,1,0.9677642778266992,0.08432859071554678,Cape Cod Ready Mix,Dennis Plant,MA,Eastern Region,other_or_unspecified,1500.0,1500,28.0,standard_28,166.0,strict_group,6.0,164.0,160.33333333333334,2.0,0.012048192771084338,5.666666666666657,0.0341365461847389,True,False,False
7552,1,0.967658540472386,0.08432859071554678,CEMEX,East Plant/East Naples/East Trail Plant,FL,Southeastern Region,other_or_unspecified,4000.0,4000,28.0,standard_28,133.5,strict_group,440.0,77.6875,69.75,55.8125,0.41807116104868913,63.75,0.47752808988764045,True,True,True
16285,1,0.9673488108548004,0.08432859071554678,CEMEX,Zephyrhills Plant,FL,Southeastern Region,other_or_unspecified,4000.0,4000,28.0,standard_28,148.5,strict_group,440.0,77.6875,69.75,70.8125,0.47685185185185186,78.75,0.5303030303030303,True,True,True
21681,1,0.9668570670824987,0.08432859071554678,Central Pre-Mix (CPM),Sullivan Plant ,WA,Pacific Northwest Region,other_or_unspecified,1000.0,1000,28.0,standard_28,167.0,strict_group,8.0,156.25,152.2,10.75,0.06437125748502993,14.800000000000011,0.08862275449101803,True,False,False
30759,1,0.9660695474194176,0.08432859071554678,Four Winds Concrete Inc.,Bethlehem Plant,PA,Eastern Region,other_or_unspecified,4000.0,4000,28.0,standard_28,156.75,strict_group,636.0,74.75,60.75,82.0,0.5231259968102073,96.0,0.6124401913875598,True,True,True
3288,1,0.9651591612409685,0.08432859071554678,Cadman / Heidelberg Materials,Orchards Plant,WA,Pacific Northwest Region,paving,1000.0,1000,28.0,standard_28,227.0,strict_group,6.0,155.5,151.5,71.5,0.31497797356828194,75.5,0.33259911894273125,True,True,True
12046,0,0.964683988106347,0.08432859071554678,CEMEX,Pembroke Pines Plant,FL,Southeastern Region,other_or_unspecified,3000.0,3000,28.0,standard_28,120.66666666666667,strict_group,701.0,91.66666666666667,82.66666666666667,29.0,0.24033149171270718,38.0,0.3149171270718232,True,True,True
31169,1,0.9645002006331572,0.08432859071554678,Graniterock,Monterey-Seaside Plant,CA,Pacific Southwest Region,other_or_unspecified,3000.0,3000,28.0,standard_28,165.66666666666666,strict_group,89.0,92.0,80.53333333333333,73.66666666666666,0.4446680080482897,85.13333333333333,0.5138832997987928,True,True,True
13181,1,0.9643537543649064,0.08432859071554678,CEMEX,Port Charlotte Plant,FL,Southeastern Region,other_or_unspecified,3000.0,3000,28.0,standard_28,166.33333333333334,strict_group,701.0,91.66666666666667,82.66666666666667,74.66666666666667,0.44889779559118237,83.66666666666667,0.503006012024048,True,True,True
30760,1,0.9639418453238752,0.08432859071554678,Four Winds Concrete Inc.,Bethlehem Plant,PA,Eastern Region,other_or_unspecified,4000.0,4000,28.0,standard_28,160.0,strict_group,636.0,74.75,60.75,85.25,0.5328125,99.25,0.6203125,True,True,True
4576,1,0.9634667115267128,0.08432859071554678,Cape Cod Ready Mix,Carver Plant,MA,Eastern Region,other_or_unspecified,1500.0,1500,28.0,standard_28,163.33333333333334,strict_group,6.0,164.0,160.33333333333334,0.0,0.0,3.0,0.01836734693877551,True,False,False
42630,1,0.9630301817780772,0.08432859071554678,Schuster Concrete,Annapolis Junction Plant,MD,Eastern Region,other_or_unspecified,2000.0,2000,28.0,standard_28,129.5,strict_group,11.0,124.0,93.5,5.5,0.04247104247104247,36.0,0.277992277992278,True,False,False
11495,1,0.9619756825906836,0.08432859071554678,CEMEX,Odessa Plant,FL,Southeastern Region,other_or_unspecified,3000.0,3000,28.0,standard_28,139.0,strict_group,701.0,91.66666666666667,82.66666666666667,47.33333333333333,0.3405275779376499,56.33333333333333,0.4052757793764988,True,True,True
46093,1,0.9606139126198276,0.08432859071554678,Tresca Brothers Concrete,One Plant,MA,Eastern Region,structural,4000.0,4000,28.0,standard_28,127.5,strict_group,8.0,96.9375,87.975,30.5625,0.23970588235294119,39.525000000000006,0.31000000000000005,True,True,True
7604,1,0.959850014392162,0.08432859071554678,CEMEX,Eastport Plant,FL,Southeastern Region,other_or_unspecified,3000.0,3000,28.0,standard_28,134.33333333333334,strict_group,701.0,91.66666666666667,82.66666666666667,42.66666666666667,0.3176178660049628,51.66666666666667,0.38461538461538464,True,True,True
16254,1,0.9594456750921068,0.08432859071554678,CEMEX,Yuma Plant,AZ,Pacific Southwest Region,filler,3000.0,3000,28.0,standard_28,153.33333333333334,strict_group,12.0,92.5,91.39999999999999,60.83333333333334,0.39673913043478265,61.93333333333335,0.40391304347826096,True,True,True
42338,1,0.9592277028394236,0.08432859071554678,Robertson's Ready Mix,Gardena Plant,CA,Pacific Southwest Region,other_or_unspecified,3000.0,3000,28.0,standard_28,135.0,strict_group,89.0,92.0,80.53333333333333,43.0,0.31851851851851853,54.46666666666667,0.4034567901234568,True,True,True
2843,1,0.9589777435142895,0.08432859071554678,Cadman / Heidelberg Materials,Foster Road Plant,OR,Pacific Northwest Region,other_or_unspecified,1000.0,1000,28.0,standard_28,157.0,strict_group,8.0,156.25,152.2,0.75,0.004777070063694267,4.800000000000011,0.030573248407643385,True,False,False
33749,1,0.9584245309422642,0.08432859071554678,Knife River Corporation,McMinnville (Oregon) Plant,OR,Pacific Northwest Region,filler,3500.0,3500,28.0,standard_28,174.85714285714286,strict_group,7.0,100.19444444444444,91.25714285714285,74.66269841269842,0.426992556281772,83.60000000000001,0.4781045751633987,True,True,True
46084,1,0.9577820630163508,0.08432859071554678,Tresca Brothers Concrete,One Plant,MA,Eastern Region,other_or_unspecified,3500.0,3500,28.0,standard_28,149.71428571428572,strict_group,117.0,95.71428571428571,84.05714285714286,54.000000000000014,0.36068702290076343,65.65714285714286,0.4385496183206107,True,True,True
9100,0,0.957302835462602,0.08432859071554678,CEMEX,Lafayette Plant,GA,Southeastern Region,filler,3000.0,3000,28.0,standard_28,122.33333333333333,strict_group,44.0,117.25,105.0,5.083333333333329,0.04155313351498634,17.33333333333333,0.14168937329700268,True,False,False
30934,1,0.957253211442277,0.08432859071554678,Gotham Ready Mix LLC,Brooklyn (A) Plant,NY,Eastern Region,filler,4000.0,4000,28.0,standard_28,129.75,strict_group,83.0,88.0,68.55,41.75,0.3217726396917148,61.2,0.4716763005780347,True,True,True
30933,1,0.957253211442277,0.08432859071554678,Gotham Ready Mix LLC,Brooklyn (A) Plant,NY,Eastern Region,filler,4000.0,4000,28.0,standard_28,129.75,strict_group,83.0,88.0,68.55,41.75,0.3217726396917148,61.2,0.4716763005780347,True,True,True
9340,1,0.9569216770514248,0.08432859071554678,CEMEX,Leesburg RK Plant,FL,Southeastern Region,other_or_unspecified,3000.0,3000,28.0,standard_28,171.0,strict_group,701.0,91.66666666666667,82.66666666666667,79.33333333333333,0.46393762183235865,88.33333333333333,0.5165692007797271,True,True,True
42523,1,0.9568284965335828,0.08432859071554678,Robertson's Ready Mix,Rialto Plant,CA,Pacific Southwest Region,other_or_unspecified,3000.0,3000,28.0,standard_28,124.33333333333333,strict_group,89.0,92.0,80.53333333333333,32.33333333333333,0.260053619302949,43.8,0.3522788203753351,True,True,True
46659,0,0.9563605707125812,0.08432859071554678,US Concrete Mix / Smyrna Ready Mix,Irving Plant,TX,South Central Region,other_or_unspecified,4000.0,4000,28.0,standard_28,118.0,strict_group,125.0,64.75,58.2,53.25,0.451271186440678,59.8,0.5067796610169492,True,True,True
3957,1,0.9563039917017784,0.08432859071554678,Cadman / Heidelberg Materials,Port of Portland Plant,OR,Pacific Northwest Region,other_or_unspecified,1000.0,1000,28.0,standard_28,154.0,strict_group,8.0,156.25,152.2,0.0,0.0,1.8000000000000114,0.011688311688311762,True,False,False
7987,1,0.9556608374653356,0.08432859071554678,CEMEX,Four Corners Plant,FL,Southeastern Region,other_or_unspecified,3000.0,3000,28.0,standard_28,147.0,strict_group,701.0,91.66666666666667,82.66666666666667,55.33333333333333,0.37641723356009066,64.33333333333333,0.43764172335600904,True,True,True
4833,1,0.9554409641906004,0.08432859071554678,CEMEX,56th Street Plant,FL,Southeastern Region,other_or_unspecified,4000.0,4000,28.0,standard_28,153.75,strict_group,440.0,77.6875,69.75,76.0625,0.4947154471544715,84.0,0.5463414634146342,True,True,True
4827,1,0.9545543205594216,0.08432859071554678,CEMEX,56th Street Plant,FL,Southeastern Region,other_or_unspecified,3000.0,3000,28.0,standard_28,133.66666666666666,strict_group,701.0,91.66666666666667,82.66666666666667,41.999999999999986,0.3142144638403989,50.999999999999986,0.3815461346633416,True,True,True
16054,1,0.9535255107889616,0.08432859071554678,CEMEX,Westside Plant,FL,Southeastern Region,filler,3000.0,3000,28.0,standard_28,132.33333333333334,strict_group,44.0,117.25,105.0,15.083333333333343,0.1139798488664988,27.333333333333343,0.20654911838790938,True,True,False
340,1,0.9533495195077284,0.08432859071554678,American Rock Products (ARP),Boardman Plant,OR,Pacific Northwest Region,filler,1500.0,1500,28.0,standard_28,152.0,none,,,,,,,,False,False,False
9338,1,0.952147902222156,0.08432859071554678,CEMEX,Leesburg RK Plant,FL,Southeastern Region,other_or_unspecified,3000.0,3000,28.0,standard_28,142.0,strict_group,701.0,91.66666666666667,82.66666666666667,50.33333333333333,0.35446009389671357,59.33333333333333,0.41784037558685444,True,True,True
5768,1,0.9520804208392912,0.08432859071554678,CEMEX,Berth 150 Plant,FL,Southeastern Region,other_or_unspecified,3000.0,3000,28.0,standard_28,145.0,strict_group,701.0,91.66666666666667,82.66666666666667,53.33333333333333,0.367816091954023,62.33333333333333,0.4298850574712643,True,True,True
12020,1,0.9519286204822476,0.08432859071554678,CEMEX,Panama City Beach - #2 Plant,FL,Southeastern Region,filler,3000.0,3000,28.0,standard_28,142.33333333333334,strict_group,44.0,117.25,105.0,25.083333333333343,0.17622950819672137,37.33333333333334,0.2622950819672132,True,True,False
7069,1,0.9517031361175484,0.08432859071554678,CEMEX,Dallas Plant,GA,Southeastern Region,other_or_unspecified,3000.0,3000,1.0,early,175.66666666666666,strict_group,7.0,134.5,131.86666666666667,41.16666666666666,0.23434535104364324,43.79999999999998,0.24933586337760902,True,True,True
34174,0,0.9514773595961156,0.08432859071554678,Lycon Inc.,Oregon Plant,WI,Great Lakes Region,other_or_unspecified,4000.0,4000,28.0,standard_28,101.5,strict_group,52.0,66.4375,55.7,35.0625,0.34544334975369456,45.8,0.45123152709359604,True,True,True
5400,1,0.9511403568791,0.08432859071554678,CEMEX,Athens Plant,AL,Southeastern Region,other_or_unspecified,3000.0,3000,28.0,standard_28,130.33333333333334,strict_group,701.0,91.66666666666667,82.66666666666667,38.66666666666667,0.2966751918158568,47.66666666666667,0.3657289002557545,True,True,True
4830,1,0.9510608236562276,0.08432859071554678,CEMEX,56th Street Plant,FL,Southeastern Region,other_or_unspecified,3000.0,3000,28.0,standard_28,136.33333333333334,strict_group,701.0,91.66666666666667,82.66666666666667,44.66666666666667,0.3276283618581907,53.66666666666667,0.39364303178484106,True,True,True
43269,1,0.9502884596180792,0.08432859071554678,Silvi Materials,Philadelphia Plant,PA,Eastern Region,filler,4000.0,4000,28.0,standard_28,129.75,strict_group,83.0,88.0,68.55,41.75,0.3217726396917148,61.2,0.4716763005780347,True,True,True
2065,0,0.9496905760988386,0.08432859071554678,Boston Sand & Gravel,Boston Sand & Gravel,MA,Eastern Region,filler,3000.0,3000,28.0,standard_28,85.0,strict_group,28.0,94.5,30.75,0.0,0.0,54.25,0.638235294117647,True,False,False
5398,1,0.9491605769401807,0.08432859071554678,CEMEX,Athens Plant,AL,Southeastern Region,filler,3000.0,3000,28.0,standard_28,126.66666666666667,strict_group,44.0,117.25,105.0,9.416666666666671,0.07434210526315793,21.66666666666667,0.1710526315789474,True,False,False
37866,1,0.94827324894859,0.08432859071554678,National Ready Mix,Santa Clarita Plant,CA,Pacific Southwest Region,other_or_unspecified,2500.0,2500,28.0,standard_28,131.6,strict_group,16.0,102.5,100.8,29.099999999999994,0.22112462006079023,30.799999999999997,0.23404255319148934,True,True,True
15148,0,0.9480995840739056,0.08432859071554678,CEMEX,Sweetwater Plant,FL,Southeastern Region,other_or_unspecified,3000.0,3000,28.0,standard_28,117.66666666666667,strict_group,701.0,91.66666666666667,82.66666666666667,26.0,0.22096317280453256,35.0,0.29745042492917845,True,True,True
10337,1,0.9471674043696072,0.08432859071554678,CEMEX,Monroeville Plant,AL,Southeastern Region,filler,3000.0,3000,28.0,standard_28,155.33333333333334,strict_group,44.0,117.25,105.0,38.08333333333334,0.24517167381974253,50.33333333333334,0.32403433476394855,True,True,True
7569,0,0.9467639204260796,0.08432859071554678,CEMEX,East Plant/East Naples/East Trail Plant,FL,Southeastern Region,other_or_unspecified,3000.0,3000,28.0,standard_28,119.33333333333333,strict_group,701.0,91.66666666666667,82.66666666666667,27.666666666666657,0.23184357541899434,36.66666666666666,0.3072625698324022,True,True,True
7594,1,0.9463771818481722,0.08432859071554678,CEMEX,Eastport Plant,FL,Southeastern Region,other_or_unspecified,3000.0,3000,28.0,standard_28,131.66666666666666,strict_group,701.0,91.66666666666667,82.66666666666667,39.999999999999986,0.3037974683544303,48.999999999999986,0.37215189873417714,True,True,True
9044,1,0.9459151395917156,0.08432859071554678,CEMEX,LaBelle 1 Plant,FL,Southeastern Region,other_or_unspecified,4000.0,4000,28.0,standard_28,125.75,strict_group,440.0,77.6875,69.75,48.0625,0.38220675944334,56.0,0.44532803180914515,True,True,True
8283,1,0.9453138813749976,0.08432859071554678,CEMEX,Habersham Plant,GA,Southeastern Region,other_or_unspecified,4000.0,4000,28.0,standard_28,139.75,strict_group,440.0,77.6875,69.75,62.0625,0.44409660107334525,70.0,0.5008944543828264,True,True,True
13487,0,0.9450869372250617,0.08432859071554678,CEMEX,Russellville Plant,AL,Southeastern Region,filler,1000.0,1000,28.0,standard_28,82.4,strict_group,7.0,105.0,95.96000000000001,0.0,0.0,0.0,0.0,True,False,False
42250,0,0.944702416369924,0.08432859071554678,Robertson's Ready Mix,Anaheim Plant,CA,Pacific Southwest Region,other_or_unspecified,2500.0,2500,28.0,standard_28,74.4,strict_group,16.0,102.5,100.8,0.0,0.0,0.0,0.0,True,False,False
30747,1,0.9423714266192432,0.08432859071554678,Four Winds Concrete Inc.,Bethlehem Plant,PA,Eastern Region,other_or_unspecified,3500.0,3500,28.0,standard_28,167.71428571428572,strict_group,117.0,95.71428571428571,84.05714285714286,72.00000000000001,0.42930153321976156,83.65714285714286,0.4988074957410562,True,True,True
30448,1,0.9419518987130904,0.08432859071554678,Elizabeth River Concrete,Portsmouth Virginia Plant,VA,Eastern Region,filler,4000.0,4000,28.0,standard_28,136.75,strict_group,83.0,88.0,68.55,48.75,0.35648994515539306,68.2,0.4987202925045704,True,True,True
43737,1,0.941177813022649,0.08432859071554678,Smyrna Ready Mix,SCGA Mobile Plant,SC,Southeastern Region,other_or_unspecified,2000.0,2000,28.0,standard_28,127.0,strict_group,9.0,114.0,97.9,13.0,0.10236220472440945,29.099999999999994,0.22913385826771648,True,True,False
33947,1,0.9367476445099452,0.08432859071554678,Knife River Corporation,Wheatland (Oregon) Plant,OR,Pacific Northwest Region,other_or_unspecified,3000.0,3000,3.0,early,193.33333333333334,strict_group,10.0,148.91666666666669,122.13333333333333,44.41666666666666,0.22974137931034477,71.20000000000002,0.36827586206896556,True,True,True
16183,1,0.935668897058274,0.08432859071554678,CEMEX,Winter Park Plant,FL,Southeastern Region,other_or_unspecified,3000.0,3000,28.0,standard_28,166.0,strict_group,701.0,91.66666666666667,82.66666666666667,74.33333333333333,0.4477911646586345,83.33333333333333,0.5020080321285141,True,True,True
7582,1,0.9352668381599452,0.08432859071554678,CEMEX,Eastport Plant,FL,Southeastern Region,other_or_unspecified,4000.0,4000,28.0,standard_28,140.5,strict_group,440.0,77.6875,69.75,62.8125,0.4470640569395018,70.75,0.50355871886121,True,True,True
34004,1,0.9339909297738572,0.08432859071554678,Knife River Corporation,Woodburn (Oregon) Plant,OR,Pacific Northwest Region,filler,3500.0,3500,28.0,standard_28,164.57142857142858,strict_group,7.0,100.19444444444444,91.25714285714285,64.37698412698414,0.39117959104938277,73.31428571428573,0.4454861111111112,True,True,True
6515,0,0.9337122241933606,0.08432859071554678,CEMEX,Columbus - Smith Rd (Vulcan Quarry) Plant,GA,Southeastern Region,other_or_unspecified,2200.0,2000,28.0,standard_28,121.36363636363636,strict_group,9.0,114.0,97.9,7.36363636363636,0.06067415730337076,23.463636363636354,0.19333333333333327,True,False,False
42551,1,0.9332353002152284,0.08432859071554678,Robertson's Ready Mix,Rialto Plant,CA,Pacific Southwest Region,other_or_unspecified,2500.0,2500,28.0,standard_28,152.0,strict_group,16.0,102.5,100.8,49.5,0.3256578947368421,51.2,0.3368421052631579,True,True,True
30739,1,0.9329210796065892,0.08432859071554678,Four Winds Concrete Inc.,Bethlehem Plant,PA,Eastern Region,other_or_unspecified,3000.0,3000,28.0,standard_28,200.0,strict_group,295.0,91.33333333333333,79.06666666666668,108.66666666666667,0.5433333333333333,120.93333333333332,0.6046666666666666,True,True,True
9228,1,0.9324317922343378,0.08432859071554678,CEMEX,Largo II Plant,FL,Southeastern Region,other_or_unspecified,4000.0,4000,28.0,standard_28,144.75,strict_group,440.0,77.6875,69.75,67.0625,0.4632987910189983,75.0,0.5181347150259067,True,True,True
43647,1,0.9311438202161998,0.08432859071554678,Smyrna Ready Mix,Dallas Commerce Plant,TX,South Central Region,other_or_unspecified,4000.0,4000,28.0,standard_28,126.75,strict_group,125.0,64.75,58.2,62.0,0.4891518737672584,68.55,0.5408284023668639,True,True,True
45908,0,0.929450621124454,0.08432859071554678,Titan Virginia Ready-Mix,Sterling RM (Plant 1),VA,Eastern Region,other_or_unspecified,3500.0,3500,28.0,standard_28,122.57142857142857,strict_group,117.0,95.71428571428571,84.05714285714286,26.85714285714286,0.21911421911421916,38.514285714285705,0.31421911421911414,True,True,True
16140,1,0.9277275880863416,0.08432859071554678,CEMEX,Winfield Plant,AL,Southeastern Region,other_or_unspecified,3000.0,3000,28.0,standard_28,132.66666666666666,strict_group,701.0,91.66666666666667,82.66666666666667,40.999999999999986,0.30904522613065316,49.999999999999986,0.3768844221105527,True,True,True
7217,1,0.9243879385350058,0.08432859071554678,CEMEX,Dawsonville - Easy Street Plant,GA,Southeastern Region,other_or_unspecified,3000.0,3000,28.0,standard_28,134.66666666666666,strict_group,701.0,91.66666666666667,82.66666666666667,42.999999999999986,0.3193069306930692,51.999999999999986,0.38613861386138604,True,True,True
33721,1,0.9242918289755644,0.08432859071554678,Knife River Corporation,Linnton Plant,OR,Pacific Northwest Region,other_or_unspecified,4000.0,4000,28.0,standard_28,163.75,strict_group,579.0,63.25,56.7,100.5,0.6137404580152672,107.05,0.6537404580152671,True,True,True
42552,1,0.9232437648768804,0.08432859071554678,Robertson's Ready Mix,Rialto Plant,CA,Pacific Southwest Region,other_or_unspecified,3000.0,3000,28.0,standard_28,135.66666666666666,strict_group,89.0,92.0,80.53333333333333,43.66666666666666,0.3218673218673218,55.133333333333326,0.4063882063882064,True,True,True
42371,0,0.92311079801421,0.08432859071554678,Robertson's Ready Mix,Gardena Plant,CA,Pacific Southwest Region,other_or_unspecified,2500.0,2500,28.0,standard_28,119.6,strict_group,16.0,102.5,100.8,17.099999999999994,0.1429765886287625,18.799999999999997,0.157190635451505,True,True,False
44868,1,0.9211859064133132,0.08432859071554678,Titan Virginia Ready-Mix,Bryan Park Plant,VA,Eastern Region,other_or_unspecified,4000.0,4000,28.0,standard_28,147.75,strict_group,636.0,74.75,60.75,73.0,0.494077834179357,87.0,0.5888324873096447,True,True,True
4515,1,0.9198357742862778,0.08432859071554678,"Callanan Industries, Inc.",Oriskany Plant,NY,Eastern Region,other_or_unspecified,2000.0,2000,28.0,standard_28,134.0,strict_group,11.0,124.0,93.5,10.0,0.07462686567164178,40.5,0.30223880597014924,True,False,False
40722,1,0.9189455714707976,0.08432859071554678,New Enterprise Stone & Lime,"Gateway, NY Plant",NY,Eastern Region,other_or_unspecified,4000.0,4000,28.0,standard_28,138.0,strict_group,636.0,74.75,60.75,63.25,0.4583333333333333,77.25,0.5597826086956522,True,True,True
40685,1,0.9189455714707976,0.08432859071554678,New Enterprise Stone & Lime,"Barton Road, NY Plant",NY,Eastern Region,other_or_unspecified,4000.0,4000,28.0,standard_28,137.0,strict_group,636.0,74.75,60.75,62.25,0.4543795620437956,76.25,0.5565693430656934,True,True,True
33980,1,0.9187978191953778,0.08432859071554678,Knife River Corporation,Woodburn (Oregon) Plant,OR,Pacific Northwest Region,filler,3000.0,3000,28.0,standard_28,161.33333333333334,strict_group,16.0,106.91666666666667,89.33333333333334,54.41666666666667,0.3372933884297521,72.0,0.44628099173553715,True,True,True
33504,1,0.9186949872949682,0.08432859071554678,Knife River Corporation,Boise (Idaho) Plant,ID,Pacific Northwest Region,other_or_unspecified,2200.0,2000,28.0,standard_28,132.72727272727272,strict_group,14.0,122.625,99.0,10.10227272727272,0.07611301369863008,33.72727272727272,0.2541095890410959,True,False,False
11477,1,0.9181040989135304,0.08432859071554678,CEMEX,Odessa Plant,FL,Southeastern Region,other_or_unspecified,3000.0,3000,28.0,standard_28,158.66666666666666,strict_group,701.0,91.66666666666667,82.66666666666667,66.99999999999999,0.42226890756302515,75.99999999999999,0.4789915966386554,True,True,True
15744,1,0.9180178869316756,0.08432859071554678,CEMEX,Waters Avenue Plant,FL,Southeastern Region,other_or_unspecified,4000.0,4000,28.0,standard_28,136.75,strict_group,440.0,77.6875,69.75,59.0625,0.4319012797074954,67.0,0.489945155393053,True,True,True
33562,1,0.917441330018515,0.08432859071554678,Knife River Corporation,Corvallis (Oregon) Plant,OR,Pacific Northwest Region,other_or_unspecified,3000.0,3000,28.0,standard_28,137.33333333333334,strict_group,395.0,71.0,64.13333333333334,66.33333333333334,0.48300970873786414,73.2,0.533009708737864,True,True,True
45703,0,0.9168188738605254,0.08432859071554678,Titan Virginia Ready-Mix,Sterling RM (Plant 1),VA,Eastern Region,other_or_unspecified,2000.0,2000,28.0,standard_28,118.5,strict_group,11.0,124.0,93.5,0.0,0.0,25.0,0.2109704641350211,True,False,False
13182,0,0.9159972671619836,0.08432859071554678,CEMEX,Port Charlotte Plant,FL,Southeastern Region,other_or_unspecified,4000.0,4000,28.0,standard_28,121.75,strict_group,440.0,77.6875,69.75,44.0625,0.36190965092402466,52.0,0.4271047227926078,True,True,True
4823,1,0.915588716901171,0.08432859071554678,CEMEX,56th Street Plant,FL,Southeastern Region,other_or_unspecified,2500.0,2500,28.0,standard_28,127.2,strict_group,212.0,92.7,82.88,34.5,0.2712264150943396,44.32000000000001,0.3484276729559749,True,True,True
9308,1,0.9154182203362085,0.08432859071554678,CEMEX,Lecanto East Plant,FL,Southeastern Region,other_or_unspecified,4000.0,4000,28.0,standard_28,130.0,strict_group,440.0,77.6875,69.75,52.3125,0.40240384615384617,60.25,0.4634615384615385,True,True,True
44892,1,0.9144771488511398,0.08432859071554678,Titan Virginia Ready-Mix,Campostella Plant,VA,Eastern Region,other_or_unspecified,3500.0,3500,28.0,standard_28,136.0,strict_group,117.0,95.71428571428571,84.05714285714286,40.28571428571429,0.29621848739495804,51.942857142857136,0.3819327731092437,True,True,True
2393,1,0.914373556510265,0.08432859071554678,Byram Concrete & Supply LLC,Byram Concrete & Supply LLC Plant,NY,Eastern Region,filler,4000.0,4000,28.0,standard_28,145.75,strict_group,83.0,88.0,68.55,57.75,0.39622641509433965,77.2,0.5296740994854202,True,True,True
5472,0,0.9141837349505696,0.08432859071554678,CEMEX,Auburn (Portable) Plant,AL,Southeastern Region,filler,3000.0,3000,28.0,standard_28,122.66666666666667,strict_group,44.0,117.25,105.0,5.416666666666671,0.04415760869565221,17.66666666666667,0.1440217391304348,True,False,False
9325,0,0.913067123789898,0.08432859071554678,CEMEX,Lecanto East Plant,FL,Southeastern Region,other_or_unspecified,3000.0,3000,28.0,standard_28,121.33333333333333,strict_group,701.0,91.66666666666667,82.66666666666667,29.666666666666657,0.24450549450549444,38.66666666666666,0.3186813186813186,True,True,True
42252,0,0.9117408106061126,0.08432859071554678,Robertson's Ready Mix,Anaheim Plant,CA,Pacific Southwest Region,filler,3000.0,3000,28.0,standard_28,74.33333333333333,strict_group,12.0,92.5,91.39999999999999,0.0,0.0,0.0,0.0,True,False,False
7212,1,0.9116172455059124,0.08432859071554678,CEMEX,Dawsonville - Easy Street Plant,GA,Southeastern Region,filler,3000.0,3000,28.0,standard_28,134.66666666666666,strict_group,44.0,117.25,105.0,17.416666666666657,0.12933168316831678,29.666666666666657,0.22029702970297024,True,True,False
6149,0,0.911410708611592,0.08432859071554678,CEMEX,Card Sound Mine Plant,FL,Southeastern Region,other_or_unspecified,3000.0,3000,28.0,standard_28,118.66666666666667,strict_group,701.0,91.66666666666667,82.66666666666667,27.0,0.22752808988764045,36.0,0.3033707865168539,True,True,True
30636,0,0.9103797334404046,0.08432859071554678,F&F Concrete,F&F Concrete Plant,CT,Eastern Region,other_or_unspecified,4000.0,4000,28.0,standard_28,114.75,strict_group,636.0,74.75,60.75,40.0,0.3485838779956427,54.0,0.47058823529411764,True,True,True
11609,1,0.9098971289758206,0.08432859071554678,CEMEX,Orange City Plant,FL,Southeastern Region,other_or_unspecified,3000.0,3000,28.0,standard_28,162.33333333333334,strict_group,701.0,91.66666666666667,82.66666666666667,70.66666666666667,0.4353182751540041,79.66666666666667,0.49075975359342916,True,True,True
4554,1,0.9084856443802182,0.08432859071554678,Cape Cod Ready Mix,Carver Plant,MA,Eastern Region,other_or_unspecified,2500.0,2500,28.0,standard_28,144.4,strict_group,18.0,103.4,78.72,41.0,0.2839335180055402,65.68,0.4548476454293629,True,True,True
5440,0,0.907861518323754,0.08432859071554678,CEMEX,Atmore Plant,AL,Southeastern Region,other_or_unspecified,3000.0,3000,28.0,standard_28,115.33333333333333,strict_group,701.0,91.66666666666667,82.66666666666667,23.666666666666657,0.20520231213872825,32.66666666666666,0.2832369942196531,True,True,True
4626,1,0.9078553434546808,0.08432859071554678,Cape Cod Ready Mix,Orleans Plant,MA,Eastern Region,other_or_unspecified,2500.0,2500,28.0,standard_28,150.0,strict_group,18.0,103.4,78.72,46.599999999999994,0.31066666666666665,71.28,0.4752,True,True,True
5144,1,0.9069069338968616,0.08432859071554678,CEMEX,Andalusia Plant,AL,Southeastern Region,paving,3000.0,3000,28.0,standard_28,130.0,strict_group,16.0,94.25,87.66666666666666,35.75,0.275,42.33333333333334,0.3256410256410257,True,True,True
33623,1,0.9061862657486152,0.08432859071554678,Knife River Corporation,Eugene (Oregon) Plant,OR,Pacific Northwest Region,filler,3000.0,3000,28.0,standard_28,159.0,strict_group,16.0,106.91666666666667,89.33333333333334,52.08333333333333,0.3275681341719077,69.66666666666666,0.43815513626834374,True,True,True
33588,1,0.9060069233923832,0.08432859071554678,Knife River Corporation,Corvallis (Oregon) Plant,OR,Pacific Northwest Region,filler,3000.0,3000,28.0,standard_28,171.66666666666666,strict_group,16.0,106.91666666666667,89.33333333333334,64.74999999999999,0.3771844660194174,82.33333333333331,0.4796116504854368,True,True,True
31619,1,0.9056089669599898,0.08432859071554678,Graniterock,San Jose Plant,CA,Pacific Southwest Region,other_or_unspecified,3000.0,3000,28.0,standard_28,179.0,strict_group,89.0,92.0,80.53333333333333,87.0,0.4860335195530726,98.46666666666667,0.5500931098696462,True,True,True
31618,1,0.9056089669599898,0.08432859071554678,Graniterock,San Jose Plant,CA,Pacific Southwest Region,other_or_unspecified,3000.0,3000,28.0,standard_28,179.0,strict_group,89.0,92.0,80.53333333333333,87.0,0.4860335195530726,98.46666666666667,0.5500931098696462,True,True,True
31806,1,0.9056089669599898,0.08432859071554678,Graniterock,Santa Cruz Plant,CA,Pacific Southwest Region,other_or_unspecified,3000.0,3000,28.0,standard_28,183.0,strict_group,89.0,92.0,80.53333333333333,91.0,0.4972677595628415,102.46666666666667,0.5599271402550091,True,True,True
31805,1,0.9056089669599898,0.08432859071554678,Graniterock,Santa Cruz Plant,CA,Pacific Southwest Region,other_or_unspecified,3000.0,3000,28.0,standard_28,183.0,strict_group,89.0,92.0,80.53333333333333,91.0,0.4972677595628415,102.46666666666667,0.5599271402550091,True,True,True
42904,1,0.9037926721560778,0.08432859071554678,Silvi Materials,Englishtown Plant,NJ,Eastern Region,filler,3500.0,3500,28.0,standard_28,177.42857142857142,strict_group,21.0,108.28571428571429,99.14285714285714,69.14285714285712,0.3896940418679548,78.28571428571428,0.4412238325281803,True,True,True
43044,1,0.9034946580866046,0.08432859071554678,Silvi Materials,Limerick Plant,PA,Eastern Region,other_or_unspecified,3000.0,3000,28.0,standard_28,126.66666666666667,strict_group,295.0,91.33333333333333,79.06666666666668,35.33333333333334,0.2789473684210527,47.599999999999994,0.37578947368421045,True,True,True
43041,1,0.9034946580866046,0.08432859071554678,Silvi Materials,Limerick Plant,PA,Eastern Region,other_or_unspecified,3000.0,3000,28.0,standard_28,133.33333333333334,strict_group,295.0,91.33333333333333,79.06666666666668,42.000000000000014,0.31500000000000006,54.266666666666666,0.407,True,True,True
43139,1,0.9034946580866046,0.08432859071554678,Silvi Materials,Morrisville Plant,PA,Eastern Region,other_or_unspecified,3000.0,3000,28.0,standard_28,129.66666666666666,strict_group,295.0,91.33333333333333,79.06666666666668,38.33333333333333,0.29562982005141386,50.59999999999998,0.3902313624678662,True,True,True
46073,1,0.9032439607781978,0.08432859071554678,Tresca Brothers Concrete,One Plant,MA,Eastern Region,structural,4000.0,4000,28.0,standard_28,161.0,strict_group,8.0,96.9375,87.975,64.0625,0.39790372670807456,73.025,0.4535714285714286,True,True,True
30630,1,0.9030583918580876,0.08432859071554678,F&F Concrete,F&F Concrete Plant,CT,Eastern Region,other_or_unspecified,3500.0,3500,28.0,standard_28,138.85714285714286,strict_group,117.0,95.71428571428571,84.05714285714286,43.14285714285715,0.31069958847736634,54.8,0.3946502057613168,True,True,True
42872,1,0.9018030392764306,0.08432859071554678,Silver Strike Concrete,Silver Strike Sparks Plant,NV,Pacific Southwest Region,filler,2500.0,2500,28.0,standard_28,165.2,national_spec_group,6.0,110.4,95.80000000000001,54.79999999999998,0.33171912832929773,69.39999999999998,0.420096852300242,True,True,True
33977,1,0.901021146583162,0.08432859071554678,Knife River Corporation,Woodburn (Oregon) Plant,OR,Pacific Northwest Region,other_or_unspecified,3000.0,3000,3.0,early,202.66666666666666,strict_group,10.0,148.91666666666669,122.13333333333333,53.74999999999997,0.26521381578947356,80.53333333333333,0.3973684210526316,True,True,True
42655,0,0.9009229075176488,0.08432859071554678,Schuster Concrete,Portable 18 Plant,DC,Eastern Region,other_or_unspecified,3000.0,3000,28.0,standard_28,120.66666666666667,strict_group,295.0,91.33333333333333,79.06666666666668,29.333333333333343,0.24309392265193377,41.599999999999994,0.34475138121546955,True,True,True
4485,1,0.8995454365807065,0.08432859071554678,"Callanan Industries, Inc.",Latham Plant,NY,Eastern Region,other_or_unspecified,2000.0,2000,28.0,standard_28,144.5,strict_group,11.0,124.0,93.5,20.5,0.14186851211072665,51.0,0.35294117647058826,True,True,False
3258,1,0.8991324256476135,0.08432859071554678,Cadman / Heidelberg Materials,Orchards Plant,WA,Pacific Northwest Region,other_or_unspecified,1000.0,1000,28.0,standard_28,246.0,strict_group,8.0,156.25,152.2,89.75,0.3648373983739837,93.80000000000001,0.3813008130081301,True,True,True
42550,0,0.8982323504479441,0.08432859071554678,Robertson's Ready Mix,Rialto Plant,CA,Pacific Southwest Region,other_or_unspecified,2500.0,2500,28.0,standard_28,120.4,strict_group,16.0,102.5,100.8,17.900000000000006,0.14867109634551498,19.60000000000001,0.16279069767441867,True,True,False
42372,1,0.8981650467696781,0.08432859071554678,Robertson's Ready Mix,Gardena Plant,CA,Pacific Southwest Region,other_or_unspecified,2500.0,2500,28.0,standard_28,151.6,strict_group,16.0,102.5,100.8,49.099999999999994,0.3238786279683377,50.8,0.33509234828496043,True,True,True
9164,1,0.8979738052852041,0.08432859071554678,CEMEX,Lakeland RK Plant,FL,Southeastern Region,other_or_unspecified,2500.0,2500,28.0,standard_28,124.4,strict_group,212.0,92.7,82.88,31.700000000000003,0.25482315112540194,41.52000000000001,0.33376205787781354,True,True,True
33561,1,0.8961818996221177,0.08432859071554678,Knife River Corporation,Corvallis (Oregon) Plant,OR,Pacific Northwest Region,other_or_unspecified,3000.0,3000,28.0,standard_28,124.0,strict_group,395.0,71.0,64.13333333333334,53.0,0.4274193548387097,59.86666666666666,0.4827956989247311,True,True,True
4590,1,0.8954546231558596,0.08432859071554678,Cape Cod Ready Mix,Dennis Plant,MA,Eastern Region,other_or_unspecified,2500.0,2500,28.0,standard_28,144.4,strict_group,18.0,103.4,78.72,41.0,0.2839335180055402,65.68,0.4548476454293629,True,True,True
4662,1,0.8954546231558596,0.08432859071554678,Cape Cod Ready Mix,Sandwich Plant,MA,Eastern Region,other_or_unspecified,2500.0,2500,28.0,standard_28,142.8,strict_group,18.0,103.4,78.72,39.400000000000006,0.2759103641456583,64.08000000000001,0.4487394957983194,True,True,True
9337,0,0.8949578853566387,0.08432859071554678,CEMEX,Leesburg RK Plant,FL,Southeastern Region,other_or_unspecified,3000.0,3000,28.0,standard_28,116.33333333333333,strict_group,701.0,91.66666666666667,82.66666666666667,24.666666666666657,0.21203438395415466,33.66666666666666,0.2893982808022922,True,True,True
7444,1,0.8946555019205623,0.08432859071554678,CEMEX,Downtown Miami Plant,FL,Southeastern Region,other_or_unspecified,3000.0,3000,28.0,standard_28,137.33333333333334,strict_group,701.0,91.66666666666667,82.66666666666667,45.66666666666667,0.3325242718446602,54.66666666666667,0.39805825242718446,True,True,True
42873,1,0.8924007304372645,0.08432859071554678,Silver Strike Concrete,Silver Strike Sparks Plant,NV,Pacific Southwest Region,filler,3000.0,3000,28.0,standard_28,136.66666666666666,strict_group,12.0,92.5,91.39999999999999,44.16666666666666,0.323170731707317,45.266666666666666,0.33121951219512197,True,True,True
7067,1,0.8914769388559294,0.08432859071554678,CEMEX,Dallas Plant,GA,Southeastern Region,filler,3000.0,3000,28.0,standard_28,141.0,strict_group,44.0,117.25,105.0,23.75,0.16843971631205673,36.0,0.2553191489361702,True,True,False
43038,1,0.8912357072436573,0.08432859071554678,Silvi Materials,Limerick Plant,PA,Eastern Region,other_or_unspecified,3000.0,3000,28.0,standard_28,130.66666666666666,strict_group,295.0,91.33333333333333,79.06666666666668,39.33333333333333,0.3010204081632653,51.59999999999998,0.3948979591836733,True,True,True
13018,1,0.8903094751965863,0.08432859071554678,CEMEX,Plant City RK Plant,FL,Southeastern Region,other_or_unspecified,3000.0,3000,28.0,standard_28,164.0,strict_group,701.0,91.66666666666667,82.66666666666667,72.33333333333333,0.4410569105691057,81.33333333333333,0.4959349593495935,True,True,True
30479,1,0.8896774443361941,0.08432859071554678,"Ernst Enterprises, Inc.",Columbus Plant,OH,Great Lakes Region,other_or_unspecified,3500.0,3500,28.0,standard_28,132.57142857142858,strict_group,9.0,74.0,73.48571428571428,58.571428571428584,0.44181034482758624,59.0857142857143,0.4456896551724139,True,True,True
5132,1,0.8871475686559193,0.08432859071554678,CEMEX,Andalusia Plant,AL,Southeastern Region,other_or_unspecified,3000.0,3000,28.0,standard_28,139.66666666666666,strict_group,701.0,91.66666666666667,82.66666666666667,47.999999999999986,0.34367541766109777,56.999999999999986,0.4081145584725536,True,True,True
5518,1,0.8857684704778654,0.08432859071554678,CEMEX,Auburn (Portable) Plant,AL,Southeastern Region,filler,3000.0,3000,28.0,standard_28,133.66666666666666,strict_group,44.0,117.25,105.0,16.416666666666657,0.12281795511221939,28.666666666666657,0.21446384039900243,True,True,False
43224,1,0.8848614095052533,0.08432859071554678,Silvi Materials,Philadelphia Plant,PA,Eastern Region,other_or_unspecified,3000.0,3000,28.0,standard_28,146.66666666666666,strict_group,295.0,91.33333333333333,79.06666666666668,55.33333333333333,0.37727272727272726,67.59999999999998,0.4609090909090908,True,True,True
43037,1,0.8841031946365606,0.08432859071554678,Silvi Materials,Limerick Plant,PA,Eastern Region,other_or_unspecified,3000.0,3000,28.0,standard_28,127.0,strict_group,295.0,91.33333333333333,79.06666666666668,35.66666666666667,0.2808398950131234,47.93333333333332,0.37742782152230964,True,True,True
13017,1,0.8831487342097766,0.08432859071554678,CEMEX,Plant City RK Plant,FL,Southeastern Region,other_or_unspecified,3000.0,3000,28.0,standard_28,133.33333333333334,strict_group,701.0,91.66666666666667,82.66666666666667,41.66666666666667,0.3125,50.66666666666667,0.38,True,True,True
43736,0,0.8825673736824529,0.08432859071554678,Smyrna Ready Mix,SCGA Mobile Plant,SC,Southeastern Region,other_or_unspecified,2000.0,2000,28.0,standard_28,87.5,strict_group,9.0,114.0,97.9,0.0,0.0,0.0,0.0,True,False,False
9930,1,0.8813713651175015,0.08432859071554678,CEMEX,McIntosh Plant,FL,Southeastern Region,filler,3000.0,3000,28.0,standard_28,126.0,strict_group,44.0,117.25,105.0,8.75,0.06944444444444445,21.0,0.16666666666666666,True,False,False
46660,0,0.8798678649573122,0.08432859071554678,US Concrete Mix / Smyrna Ready Mix,Irving Plant,TX,South Central Region,other_or_unspecified,4000.0,4000,28.0,standard_28,116.75,strict_group,125.0,64.75,58.2,52.0,0.44539614561027835,58.55,0.5014989293361884,True,True,True
44890,1,0.8798269169322364,0.08432859071554678,Titan Virginia Ready-Mix,Campostella Plant,VA,Eastern Region,filler,3000.0,3000,28.0,standard_28,169.0,strict_group,28.0,94.5,30.75,74.5,0.4408284023668639,138.25,0.8180473372781065,True,True,True
9165,1,0.8789741332977723,0.08432859071554678,CEMEX,Lakeland RK Plant,FL,Southeastern Region,other_or_unspecified,3000.0,3000,28.0,standard_28,126.0,strict_group,701.0,91.66666666666667,82.66666666666667,34.33333333333333,0.27248677248677244,43.33333333333333,0.3439153439153439,True,True,True
8585,1,0.8789065003718478,0.08432859071554678,CEMEX,Industrial Park Rd (Cartersville - RMUSA) Plant,GA,Southeastern Region,other_or_unspecified,3000.0,3000,1.0,early,163.66666666666666,strict_group,7.0,134.5,131.86666666666667,29.166666666666657,0.17820773930753558,31.799999999999983,0.19429735234215878,True,True,False
30786,0,0.8788884311389913,0.08432859071554678,Four Winds Concrete Inc.,Bethlehem Plant,PA,Eastern Region,filler,3300.0,3500,28.0,standard_28,122.42424242424244,strict_group,21.0,108.28571428571429,99.14285714285714,14.138528138528144,0.11548797736916552,23.281385281385298,0.1901697312588403,True,True,False
15725,0,0.8785843855061869,0.08432859071554678,CEMEX,Vance Plant,AL,Southeastern Region,filler,3000.0,3000,28.0,standard_28,103.0,strict_group,44.0,117.25,105.0,0.0,0.0,0.0,0.0,True,False,False
9901,1,0.878456397144982,0.08432859071554678,CEMEX,McIntosh Plant,FL,Southeastern Region,other_or_unspecified,3000.0,3000,28.0,standard_28,157.0,strict_group,701.0,91.66666666666667,82.66666666666667,65.33333333333333,0.41613588110403393,74.33333333333333,0.47346072186836513,True,True,True
409,1,0.8771344717128635,0.08432859071554678,American Rock Products (ARP),Boardman Plant,OR,Pacific Northwest Region,filler,2000.0,2000,28.0,standard_28,151.0,strict_group,7.0,130.5,125.1,20.5,0.1357615894039735,25.900000000000006,0.17152317880794707,True,True,False
16144,0,0.8754941841713575,0.08432859071554678,CEMEX,Winfield Plant,AL,Southeastern Region,other_or_unspecified,3000.0,3000,28.0,standard_28,114.0,strict_group,701.0,91.66666666666667,82.66666666666667,22.33333333333333,0.19590643274853797,31.33333333333333,0.27485380116959063,True,True,False
33953,0,0.8752206413881283,0.08432859071554678,Knife River Corporation,Wheatland (Oregon) Plant,OR,Pacific Northwest Region,other_or_unspecified,3000.0,3000,28.0,standard_28,123.33333333333333,strict_group,395.0,71.0,64.13333333333334,52.33333333333333,0.4243243243243243,59.19999999999999,0.4799999999999999,True,True,True
15465,0,0.874701883238833,0.08432859071554678,CEMEX,Tuscumbia (Dual) Plant,AL,Southeastern Region,filler,3000.0,3000,28.0,standard_28,110.33333333333333,strict_group,44.0,117.25,105.0,0.0,0.0,5.333333333333329,0.04833836858006038,True,False,False
33860,0,0.8746334877108003,0.08432859071554678,Knife River Corporation,Redmond (Oregon) Plant,OR,Pacific Northwest Region,filler,2000.0,2000,28.0,standard_28,123.0,strict_group,7.0,130.5,125.1,0.0,0.0,0.0,0.0,True,False,False
5537,1,0.8731056730140664,0.08432859071554678,CEMEX,Auburndale Plant,FL,Southeastern Region,other_or_unspecified,4000.0,4000,28.0,standard_28,157.5,strict_group,440.0,77.6875,69.75,79.8125,0.5067460317460317,87.75,0.5571428571428572,True,True,True
10629,1,0.8725995765375857,0.08432859071554678,CEMEX,New Smyrna Plant,FL,Southeastern Region,other_or_unspecified,3000.0,3000,28.0,standard_28,135.0,strict_group,701.0,91.66666666666667,82.66666666666667,43.33333333333333,0.32098765432098764,52.33333333333333,0.3876543209876543,True,True,True
31066,1,0.8725677021542714,0.08432859071554678,Graniterock,Monterey-Seaside Plant,CA,Pacific Southwest Region,other_or_unspecified,3000.0,3000,28.0,standard_28,165.0,strict_group,89.0,92.0,80.53333333333333,73.0,0.44242424242424244,84.46666666666667,0.5119191919191919,True,True,True
31067,1,0.8725677021542714,0.08432859071554678,Graniterock,Monterey-Seaside Plant,CA,Pacific Southwest Region,other_or_unspecified,3000.0,3000,28.0,standard_28,165.0,strict_group,89.0,92.0,80.53333333333333,73.0,0.44242424242424244,84.46666666666667,0.5119191919191919,True,True,True
5753,1,0.8721255119904864,0.08432859071554678,CEMEX,Berth 150 Plant,FL,Southeastern Region,other_or_unspecified,3000.0,3000,28.0,standard_28,201.66666666666666,strict_group,701.0,91.66666666666667,82.66666666666667,109.99999999999999,0.5454545454545454,118.99999999999999,0.5900826446280991,True,True,True
15509,1,0.8710710220324238,0.08432859071554678,CEMEX,Tyrone Plant,GA,Southeastern Region,filler,3000.0,3000,28.0,standard_28,133.33333333333334,strict_group,44.0,117.25,105.0,16.083333333333343,0.12062500000000007,28.333333333333343,0.21250000000000005,True,True,False
45383,1,0.8706819126238531,0.08432859071554678,Titan Virginia Ready-Mix,Oceana Plant,VA,Eastern Region,filler,3000.0,3000,28.0,standard_28,170.33333333333334,strict_group,28.0,94.5,30.75,75.83333333333334,0.44520547945205485,139.58333333333334,0.8194716242661448,True,True,True
33974,1,0.8704499580698637,0.08432859071554678,Knife River Corporation,Wheatland (Oregon) Plant,OR,Pacific Northwest Region,filler,3500.0,3500,28.0,standard_28,156.28571428571428,strict_group,7.0,100.19444444444444,91.25714285714285,56.091269841269835,0.3589020922201909,65.02857142857142,0.41608775137111514,True,True,True
46106,1,0.8687780291833046,0.08432859071554678,Tresca Brothers Concrete,One Plant,MA,Eastern Region,other_or_unspecified,4000.0,4000,28.0,standard_28,155.0,strict_group,636.0,74.75,60.75,80.25,0.5177419354838709,94.25,0.6080645161290322,True,True,True
43046,1,0.8678403826662503,0.08432859071554678,Silvi Materials,Limerick Plant,PA,Eastern Region,filler,3000.0,3000,28.0,standard_28,131.0,strict_group,28.0,94.5,30.75,36.5,0.2786259541984733,100.25,0.7652671755725191,True,True,True
30447,0,0.8671019799851779,0.08432859071554678,Elizabeth River Concrete,Portsmouth Virginia Plant,VA,Eastern Region,filler,4000.0,4000,28.0,standard_28,110.75,strict_group,83.0,88.0,68.55,22.75,0.2054176072234763,42.2,0.381038374717833,True,True,True
12073,0,0.8669920183128225,0.08432859071554678,CEMEX,Pennington Plant,AL,Southeastern Region,filler,3000.0,3000,28.0,standard_28,118.0,strict_group,44.0,117.25,105.0,0.75,0.006355932203389831,13.0,0.11016949152542373,True,False,False
7075,1,0.8656512111111534,0.08432859071554678,CEMEX,Dallas Plant,GA,Southeastern Region,other_or_unspecified,3000.0,3000,28.0,standard_28,137.33333333333334,strict_group,701.0,91.66666666666667,82.66666666666667,45.66666666666667,0.3325242718446602,54.66666666666667,0.39805825242718446,True,True,True
11864,1,0.8656173263491014,0.08432859071554678,CEMEX,Palmomar Oceanside Plant,CA,Pacific Southwest Region,other_or_unspecified,2000.0,2000,28.0,standard_28,126.0,national_spec_group,44.0,106.75,96.6,19.25,0.1527777777777778,29.400000000000006,0.23333333333333336,True,True,False
6979,1,0.8642005524521211,0.08432859071554678,CEMEX,Crestview Plant,FL,Southeastern Region,filler,4000.0,4000,28.0,standard_28,125.75,strict_group,36.0,95.0,86.75,30.75,0.24453280318091453,39.0,0.3101391650099404,True,True,True
21933,1,0.8631661827614412,0.08432859071554678,Century Ready-Mix,Ruston Plant,LA,South Central Region,filler,2000.0,2000,28.0,standard_28,181.0,national_spec_group,17.0,134.5,118.6,46.5,0.2569060773480663,62.400000000000006,0.34475138121546967,True,True,True
45409,1,0.8629647986443263,0.08432859071554678,Titan Virginia Ready-Mix,Port Norfolk Plant,VA,Eastern Region,other_or_unspecified,3500.0,3500,28.0,standard_28,144.28571428571428,strict_group,117.0,95.71428571428571,84.05714285714286,48.57142857142857,0.33663366336633666,60.22857142857141,0.41742574257425735,True,True,True
15742,1,0.8627258119893126,0.08432859071554678,CEMEX,Waters Avenue Plant,FL,Southeastern Region,other_or_unspecified,3000.0,3000,28.0,standard_28,148.0,strict_group,701.0,91.66666666666667,82.66666666666667,56.33333333333333,0.3806306306306306,65.33333333333333,0.44144144144144143,True,True,True
45975,0,0.8621834106488209,0.08432859071554678,Titan Virginia Ready-Mix,Sterling RM (Plant 1),VA,Eastern Region,other_or_unspecified,3500.0,3500,28.0,standard_28,113.71428571428571,strict_group,117.0,95.71428571428571,84.05714285714286,18.0,0.15829145728643218,29.657142857142844,0.2608040201005024,True,True,False
45139,1,0.8611525380601269,0.08432859071554678,Titan Virginia Ready-Mix,Chesterfield Plant,VA,Eastern Region,other_or_unspecified,4000.0,4000,28.0,standard_28,160.0,strict_group,636.0,74.75,60.75,85.25,0.5328125,99.25,0.6203125,True,True,True
10345,1,0.859692434726403,0.08432859071554678,CEMEX,Monroeville Plant,AL,Southeastern Region,filler,3000.0,3000,28.0,standard_28,130.66666666666666,strict_group,44.0,117.25,105.0,13.416666666666657,0.10267857142857137,25.666666666666657,0.19642857142857137,True,True,False
43795,0,0.8594479827647218,0.08432859071554678,Smyrna Ready Mix,TN Mobile Plant,TN,Southeastern Region,other_or_unspecified,2000.0,2000,28.0,standard_28,100.5,strict_group,9.0,114.0,97.9,0.0,0.0,2.5999999999999943,0.025870646766169098,True,False,False
31371,1,0.8594116533321307,0.08432859071554678,Graniterock,Redwood City Plant,CA,Pacific Southwest Region,other_or_unspecified,3000.0,3000,28.0,standard_28,180.66666666666666,strict_group,89.0,92.0,80.53333333333333,88.66666666666666,0.49077490774907745,100.13333333333333,0.5542435424354244,True,True,True
15506,0,0.8593355427042465,0.08432859071554678,CEMEX,Tyrone Plant,GA,Southeastern Region,filler,4000.0,4000,28.0,standard_28,116.75,strict_group,36.0,95.0,86.75,21.75,0.18629550321199143,30.0,0.2569593147751606,True,True,False
15045,1,0.8589782295328964,0.08432859071554678,CEMEX,Stockbridge Plant,GA,Southeastern Region,other_or_unspecified,3000.0,3000,2.0,early,151.33333333333334,strict_group,7.0,134.5,131.86666666666667,16.833333333333343,0.11123348017621151,19.46666666666667,0.12863436123348018,True,True,False
14908,0,0.8584688766322515,0.08432859071554678,CEMEX,St. Cloud Plant,FL,Southeastern Region,other_or_unspecified,2500.0,2500,28.0,standard_28,122.4,strict_group,212.0,92.7,82.88,29.700000000000003,0.2426470588235294,39.52000000000001,0.3228758169934641,True,True,True
42521,1,0.8578370281173617,0.08432859071554678,Robertson's Ready Mix,Rialto Plant,CA,Pacific Southwest Region,other_or_unspecified,3000.0,3000,28.0,standard_28,135.66666666666666,strict_group,89.0,92.0,80.53333333333333,43.66666666666666,0.3218673218673218,55.133333333333326,0.4063882063882064,True,True,True
41880,0,0.8567017346582618,0.08432859071554678,RiverBend Materials,Hilroy Plant,OR,Pacific Northwest Region,other_or_unspecified,3000.0,3000,28.0,standard_28,112.0,strict_group,395.0,71.0,64.13333333333334,41.0,0.36607142857142855,47.86666666666666,0.4273809523809523,True,True,True
43074,1,0.8563754591501573,0.08432859071554678,Silvi Materials,Limerick Plant,PA,Eastern Region,filler,4000.0,4000,28.0,standard_28,160.0,strict_group,83.0,88.0,68.55,72.0,0.45,91.45,0.5715625,True,True,True
43227,1,0.8561611326703561,0.08432859071554678,Silvi Materials,Philadelphia Plant,PA,Eastern Region,other_or_unspecified,3000.0,3000,28.0,standard_28,134.0,strict_group,295.0,91.33333333333333,79.06666666666668,42.66666666666667,0.318407960199005,54.93333333333332,0.4099502487562188,True,True,True
31543,1,0.852687787502351,0.08432859071554678,Graniterock,Salinas Plant,CA,Pacific Southwest Region,other_or_unspecified,3000.0,3000,28.0,standard_28,165.33333333333334,strict_group,89.0,92.0,80.53333333333333,73.33333333333334,0.44354838709677424,84.80000000000001,0.5129032258064516,True,True,True
33567,0,0.8486642803403647,0.08432859071554678,Knife River Corporation,Corvallis (Oregon) Plant,OR,Pacific Northwest Region,other_or_unspecified,3000.0,3000,28.0,standard_28,118.66666666666667,strict_group,395.0,71.0,64.13333333333334,47.66666666666667,0.401685393258427,54.53333333333333,0.4595505617977528,True,True,True
9060,0,0.848468105482567,0.08432859071554678,CEMEX,LaBelle 1 Plant,FL,Southeastern Region,other_or_unspecified,3000.0,3000,28.0,standard_28,112.66666666666667,strict_group,701.0,91.66666666666667,82.66666666666667,21.0,0.18639053254437868,30.0,0.2662721893491124,True,True,False
45132,0,0.8476851902607283,0.08432859071554678,Titan Virginia Ready-Mix,Chesterfield Plant,VA,Eastern Region,other_or_unspecified,4000.0,4000,28.0,standard_28,85.75,strict_group,636.0,74.75,60.75,11.0,0.1282798833819242,25.0,0.2915451895043732,True,True,False
44853,0,0.8476851902607283,0.08432859071554678,Titan Virginia Ready-Mix,Bryan Park Plant,VA,Eastern Region,other_or_unspecified,4000.0,4000,28.0,standard_28,89.0,strict_group,636.0,74.75,60.75,14.25,0.1601123595505618,28.25,0.31741573033707865,True,True,False
42581,0,0.847657280109286,0.08432859071554678,Robertson's Ready Mix,Vernon Plant,CA,Pacific Southwest Region,other_or_unspecified,2500.0,2500,28.0,standard_28,122.8,strict_group,16.0,102.5,100.8,20.299999999999997,0.16530944625407165,22.0,0.1791530944625407,True,True,False
31589,1,0.8448384045410591,0.08432859071554678,Graniterock,San Jose Plant,CA,Pacific Southwest Region,filler,2500.0,2500,28.0,standard_28,155.6,national_spec_group,6.0,110.4,95.80000000000001,45.19999999999999,0.2904884318766066,59.79999999999998,0.38431876606683796,True,True,True
42583,1,0.8447125835195545,0.08432859071554678,Robertson's Ready Mix,Vernon Plant,CA,Pacific Southwest Region,other_or_unspecified,3000.0,3000,28.0,standard_28,137.33333333333334,strict_group,89.0,92.0,80.53333333333333,45.33333333333334,0.3300970873786408,56.80000000000001,0.41359223300970877,True,True,True
16179,0,0.8441579403278064,0.08432859071554678,CEMEX,Winter Park Plant,FL,Southeastern Region,other_or_unspecified,2500.0,2500,28.0,standard_28,118.0,strict_group,212.0,92.7,82.88,25.299999999999997,0.21440677966101693,35.120000000000005,0.2976271186440678,True,True,True
42582,1,0.8440317316173216,0.08432859071554678,Robertson's Ready Mix,Vernon Plant,CA,Pacific Southwest Region,other_or_unspecified,2500.0,2500,28.0,standard_28,154.0,strict_group,16.0,102.5,100.8,51.5,0.3344155844155844,53.2,0.34545454545454546,True,True,True
42558,1,0.8435798958467987,0.08432859071554678,Robertson's Ready Mix,Vernon Plant,CA,Pacific Southwest Region,structural,3000.0,3000,28.0,standard_28,137.33333333333334,national_spec_group,41.0,71.33333333333333,67.0,66.00000000000001,0.4805825242718447,70.33333333333334,0.5121359223300971,True,True,True
42239,0,0.843293754363214,0.08432859071554678,Robertson's Ready Mix,Anaheim Plant,CA,Pacific Southwest Region,other_or_unspecified,3000.0,3000,28.0,standard_28,76.66666666666667,strict_group,89.0,92.0,80.53333333333333,0.0,0.0,0.0,0.0,True,False,False
33932,1,0.842812340872401,0.08432859071554678,Knife River Corporation,Tumalo (Oregon) Plant,OR,Pacific Northwest Region,filler,2000.0,2000,28.0,standard_28,126.5,strict_group,7.0,130.5,125.1,0.0,0.0,1.4000000000000057,0.011067193675889373,True,False,False
12079,1,0.8427890309617602,0.08432859071554678,CEMEX,Pennington Plant,AL,Southeastern Region,filler,3000.0,3000,28.0,standard_28,136.0,strict_group,44.0,117.25,105.0,18.75,0.13786764705882354,31.0,0.22794117647058823,True,True,False
33728,1,0.8424087485377586,0.08432859071554678,Knife River Corporation,McMinnville (Oregon) Plant,OR,Pacific Northwest Region,other_or_unspecified,3000.0,3000,28.0,standard_28,150.33333333333334,strict_group,395.0,71.0,64.13333333333334,79.33333333333334,0.5277161862527716,86.2,0.5733924611973392,True,True,True
33752,0,0.8395941938842062,0.08432859071554678,Knife River Corporation,Medford (Oregon) Plant,OR,Pacific Northwest Region,other_or_unspecified,3000.0,3000,28.0,standard_28,118.0,strict_group,395.0,71.0,64.13333333333334,47.0,0.3983050847457627,53.86666666666666,0.4564971751412429,True,True,True
33725,1,0.8384013426966341,0.08432859071554678,Knife River Corporation,McMinnville (Oregon) Plant,OR,Pacific Northwest Region,filler,3000.0,3000,28.0,standard_28,170.0,strict_group,16.0,106.91666666666667,89.33333333333334,63.08333333333333,0.371078431372549,80.66666666666666,0.47450980392156855,True,True,True
2018,0,0.8372438795432358,0.08432859071554678,Bonded Concrete Inc. / The Clemente Group,Pleasant Valley Plant,NY,Eastern Region,other_or_unspecified,3000.0,3000,28.0,standard_28,108.66666666666667,strict_group,295.0,91.33333333333333,79.06666666666668,17.333333333333343,0.1595092024539878,29.599999999999994,0.27239263803680974,True,True,False
7584,1,0.8372405827675294,0.08432859071554678,CEMEX,Eastport Plant,FL,Southeastern Region,other_or_unspecified,3000.0,3000,28.0,standard_28,125.66666666666667,strict_group,701.0,91.66666666666667,82.66666666666667,34.0,0.27055702917771884,43.0,0.3421750663129973,True,True,True
9086,0,0.8342319520117377,0.08432859071554678,CEMEX,Lafayette Plant,GA,Southeastern Region,other_or_unspecified,2200.0,2000,28.0,standard_28,114.99999999999999,strict_group,9.0,114.0,97.9,0.9999999999999858,0.00869565217391292,17.09999999999998,0.1486956521739129,True,False,False
510,1,0.8336203576699248,0.08432859071554678,American Rock Products (ARP),Hermiston Plant,OR,Pacific Northwest Region,filler,2000.0,2000,28.0,standard_28,160.0,strict_group,7.0,130.5,125.1,29.5,0.184375,34.900000000000006,0.21812500000000004,True,True,False
4892,1,0.8306744711579586,0.08432859071554678,CEMEX,78th Street Plant,FL,Southeastern Region,other_or_unspecified,3000.0,3000,28.0,standard_28,203.66666666666666,strict_group,701.0,91.66666666666667,82.66666666666667,111.99999999999999,0.5499181669394435,120.99999999999999,0.5941080196399345,True,True,True
33954,1,0.8298840203682544,0.08432859071554678,Knife River Corporation,Wheatland (Oregon) Plant,OR,Pacific Northwest Region,other_or_unspecified,3000.0,3000,28.0,standard_28,160.66666666666666,strict_group,395.0,71.0,64.13333333333334,89.66666666666666,0.558091286307054,96.53333333333332,0.6008298755186722,True,True,True
33592,1,0.8296956177352782,0.08432859071554678,Knife River Corporation,Eugene (Oregon) Plant,OR,Pacific Northwest Region,other_or_unspecified,3000.0,3000,3.0,early,180.0,strict_group,10.0,148.91666666666669,122.13333333333333,31.083333333333314,0.17268518518518508,57.866666666666674,0.32148148148148153,True,True,False
15207,1,0.8287592881469913,0.08432859071554678,CEMEX,Thomasville Plant,AL,Southeastern Region,filler,3000.0,3000,28.0,standard_28,129.33333333333334,strict_group,44.0,117.25,105.0,12.083333333333343,0.09342783505154646,24.333333333333343,0.18814432989690727,True,False,False
10340,0,0.82812011820206,0.08432859071554678,CEMEX,Monroeville Plant,AL,Southeastern Region,filler,3000.0,3000,28.0,standard_28,122.66666666666667,strict_group,44.0,117.25,105.0,5.416666666666671,0.04415760869565221,17.66666666666667,0.1440217391304348,True,False,False
414,1,0.828029725524243,0.08432859071554678,American Rock Products (ARP),Boardman Plant,OR,Pacific Northwest Region,other_or_unspecified,3500.0,3500,28.0,standard_28,158.0,strict_group,339.0,68.59126984126985,58.0,89.40873015873015,0.5658780389793048,100.0,0.6329113924050633,True,True,True
42240,0,0.8276189403989361,0.08432859071554678,Robertson's Ready Mix,Anaheim Plant,CA,Pacific Southwest Region,other_or_unspecified,3000.0,3000,28.0,standard_28,77.33333333333333,strict_group,89.0,92.0,80.53333333333333,0.0,0.0,0.0,0.0,True,False,False
44852,0,0.8269437506419954,0.08432859071554678,Titan Virginia Ready-Mix,Bryan Park Plant,VA,Eastern Region,other_or_unspecified,4000.0,4000,28.0,standard_28,97.5,strict_group,636.0,74.75,60.75,22.75,0.23333333333333334,36.75,0.3769230769230769,True,True,True
45131,0,0.8269437506419954,0.08432859071554678,Titan Virginia Ready-Mix,Chesterfield Plant,VA,Eastern Region,other_or_unspecified,4000.0,4000,28.0,standard_28,94.5,strict_group,636.0,74.75,60.75,19.75,0.20899470899470898,33.75,0.35714285714285715,True,True,True
11445,0,0.8268361706640134,0.08432859071554678,CEMEX,Ocala West Plant,FL,Southeastern Region,other_or_unspecified,3000.0,3000,28.0,standard_28,118.66666666666667,strict_group,701.0,91.66666666666667,82.66666666666667,27.0,0.22752808988764045,36.0,0.3033707865168539,True,True,True
33997,1,0.8249452789149087,0.08432859071554678,Knife River Corporation,Woodburn (Oregon) Plant,OR,Pacific Northwest Region,other_or_unspecified,3000.0,3000,28.0,standard_28,152.66666666666666,strict_group,395.0,71.0,64.13333333333334,81.66666666666666,0.5349344978165939,88.53333333333332,0.5799126637554585,True,True,True
13193,0,0.8247272181752243,0.08432859071554678,CEMEX,Port Charlotte Plant,FL,Southeastern Region,other_or_unspecified,3000.0,3000,28.0,standard_28,115.33333333333333,strict_group,701.0,91.66666666666667,82.66666666666667,23.666666666666657,0.20520231213872825,32.66666666666666,0.2832369942196531,True,True,True
5452,0,0.823494912579376,0.08432859071554678,CEMEX,Atmore Plant,AL,Southeastern Region,filler,3000.0,3000,28.0,standard_28,118.66666666666667,strict_group,44.0,117.25,105.0,1.4166666666666714,0.01193820224719105,13.666666666666671,0.11516853932584273,True,False,False
41363,0,0.8212115501409619,0.08432859071554678,"Prairie Material, LLC",Yard 32 Plant,IL,Great Lakes Region,other_or_unspecified,4000.0,4000,28.0,standard_28,120.75,strict_group,52.0,66.4375,55.7,54.3125,0.4497929606625259,65.05,0.5387163561076604,True,True,True
33736,1,0.8160334485590619,0.08432859071554678,Knife River Corporation,McMinnville (Oregon) Plant,OR,Pacific Northwest Region,other_or_unspecified,3500.0,3500,28.0,standard_28,136.57142857142858,strict_group,339.0,68.59126984126985,58.0,67.98015873015873,0.4977626685262668,78.57142857142858,0.5753138075313808,True,True,True
9085,0,0.8158394418588784,0.08432859071554678,CEMEX,Lafayette Plant,GA,Southeastern Region,filler,4000.0,4000,28.0,standard_28,88.5,strict_group,36.0,95.0,86.75,0.0,0.0,1.75,0.01977401129943503,True,False,False
33983,1,0.8147602521239079,0.08432859071554678,Knife River Corporation,Woodburn (Oregon) Plant,OR,Pacific Northwest Region,other_or_unspecified,3000.0,3000,28.0,standard_28,133.66666666666666,strict_group,395.0,71.0,64.13333333333334,62.66666666666666,0.46882793017456353,69.53333333333332,0.5201995012468827,True,True,True
5457,1,0.8147437781329752,0.08432859071554678,CEMEX,Atmore Plant,AL,Southeastern Region,filler,3000.0,3000,28.0,standard_28,126.66666666666667,strict_group,44.0,117.25,105.0,9.416666666666671,0.07434210526315793,21.66666666666667,0.1710526315789474,True,False,False
4828,0,0.8133306409054326,0.08432859071554678,CEMEX,56th Street Plant,FL,Southeastern Region,other_or_unspecified,3000.0,3000,28.0,standard_28,108.0,strict_group,701.0,91.66666666666667,82.66666666666667,16.33333333333333,0.15123456790123452,25.33333333333333,0.23456790123456786,True,True,False
46160,0,0.8125668883024374,0.08432859071554678,United Companies,Delta Plant,CO,Rocky Mountains Region,filler,3000.0,3000,28.0,standard_28,93.0,national_spec_group,106.0,106.75,91.66666666666666,0.0,0.0,1.3333333333333428,0.014336917562724117,True,False,False
33737,1,0.8114132356836715,0.08432859071554678,Knife River Corporation,McMinnville (Oregon) Plant,OR,Pacific Northwest Region,other_or_unspecified,3500.0,3500,28.0,standard_28,136.57142857142858,strict_group,339.0,68.59126984126985,58.0,67.98015873015873,0.4977626685262668,78.57142857142858,0.5753138075313808,True,True,True
11606,0,0.810931353334982,0.08432859071554678,CEMEX,Orange City Plant,FL,Southeastern Region,other_or_unspecified,3000.0,3000,28.0,standard_28,117.0,strict_group,701.0,91.66666666666667,82.66666666666667,25.33333333333333,0.2165242165242165,34.33333333333333,0.2934472934472934,True,True,True
33505,1,0.8095843530840496,0.08432859071554678,Knife River Corporation,Boise (Idaho) Plant,ID,Pacific Northwest Region,other_or_unspecified,2200.0,2000,28.0,standard_28,132.72727272727272,strict_group,14.0,122.625,99.0,10.10227272727272,0.07611301369863008,33.72727272727272,0.2541095890410959,True,False,False
40723,0,0.8083434667300107,0.08432859071554678,"O&G Industries, Inc.",Bridgeport Plant,CT,Eastern Region,other_or_unspecified,4000.0,4000,28.0,standard_28,119.5,strict_group,636.0,74.75,60.75,44.75,0.37447698744769875,58.75,0.4916317991631799,True,True,True
43877,1,0.8077445587515693,0.08432859071554678,Sterling Concrete Corp,Oxford Plant,MA,Eastern Region,other_or_unspecified,4000.0,4000,28.0,standard_28,136.25,strict_group,636.0,74.75,60.75,61.5,0.45137614678899085,75.5,0.5541284403669725,True,True,True
33564,1,0.8076815003935631,0.08432859071554678,Knife River Corporation,Corvallis (Oregon) Plant,OR,Pacific Northwest Region,filler,3000.0,3000,28.0,standard_28,139.66666666666666,strict_group,16.0,106.91666666666667,89.33333333333334,32.749999999999986,0.23448687350835315,50.333333333333314,0.3603818615751789,True,True,True
2162,0,0.8067162625226628,0.08432859071554678,Boston Sand & Gravel,Boston Sand & Gravel,MA,Eastern Region,other_or_unspecified,4000.0,4000,28.0,standard_28,104.0,strict_group,636.0,74.75,60.75,29.25,0.28125,43.25,0.41586538461538464,True,True,True
11861,0,0.8040974185707356,0.08432859071554678,CEMEX,Palmomar Oceanside Plant,CA,Pacific Southwest Region,filler,3000.0,3000,28.0,standard_28,114.0,strict_group,12.0,92.5,91.39999999999999,21.5,0.18859649122807018,22.60000000000001,0.19824561403508778,True,True,False
9137,1,0.802538721069599,0.08432859071554678,CEMEX,Lake Wales Plant,FL,Southeastern Region,other_or_unspecified,3000.0,3000,28.0,standard_28,167.66666666666666,strict_group,701.0,91.66666666666667,82.66666666666667,75.99999999999999,0.45328031809145125,84.99999999999999,0.5069582504970178,True,True,True
33329,0,0.8011450335295199,0.08432859071554678,Ingram Ready Mix,Pearland #35 LLC Plant,TX,South Central Region,other_or_unspecified,2500.0,2500,28.0,standard_28,108.8,national_spec_group,274.0,92.9,80.64,15.899999999999991,0.14613970588235287,28.159999999999997,0.2588235294117647,True,True,False
46284,0,0.8004722783969594,0.08432859071554678,United Companies,Montrose Plant,CO,Rocky Mountains Region,other_or_unspecified,4500.0,4500,28.0,standard_28,75.55555555555556,strict_group,184.0,66.61111111111111,62.733333333333334,8.944444444444443,0.11838235294117645,12.822222222222223,0.16970588235294118,True,True,False
33950,1,0.8004424291441641,0.08432859071554678,Knife River Corporation,Wheatland (Oregon) Plant,OR,Pacific Northwest Region,filler,3000.0,3000,28.0,standard_28,152.0,strict_group,16.0,106.91666666666667,89.33333333333334,45.08333333333333,0.29660087719298245,62.66666666666666,0.4122807017543859,True,True,True
15726,0,0.7994105398214418,0.08432859071554678,CEMEX,Vance Plant,AL,Southeastern Region,filler,4000.0,4000,28.0,standard_28,79.75,strict_group,36.0,95.0,86.75,0.0,0.0,0.0,0.0,True,False,False
7588,0,0.799258084046897,0.08432859071554678,CEMEX,Eastport Plant,FL,Southeastern Region,other_or_unspecified,4000.0,4000,28.0,standard_28,118.5,strict_group,440.0,77.6875,69.75,40.8125,0.3444092827004219,48.75,0.41139240506329117,True,True,True
5465,0,0.7991191575525778,0.08432859071554678,CEMEX,Atmore Plant,AL,Southeastern Region,paving,3000.0,3000,28.0,standard_28,113.66666666666667,strict_group,16.0,94.25,87.66666666666666,19.41666666666667,0.1708211143695015,26.000000000000014,0.22873900293255142,True,True,False
9090,0,0.7987173742582142,0.08432859071554678,CEMEX,Lafayette Plant,GA,Southeastern Region,other_or_unspecified,3000.0,3000,28.0,standard_28,116.66666666666667,strict_group,701.0,91.66666666666667,82.66666666666667,25.0,0.21428571428571427,34.0,0.2914285714285714,True,True,True
16180,0,0.7984373978535612,0.08432859071554678,CEMEX,Winter Park Plant,FL,Southeastern Region,other_or_unspecified,3000.0,3000,28.0,standard_28,121.0,strict_group,701.0,91.66666666666667,82.66666666666667,29.33333333333333,0.24242424242424238,38.33333333333333,0.3168044077134986,True,True,True
33948,1,0.7982583788330238,0.08432859071554678,Knife River Corporation,Wheatland (Oregon) Plant,OR,Pacific Northwest Region,other_or_unspecified,3000.0,3000,28.0,standard_28,133.0,strict_group,395.0,71.0,64.13333333333334,62.0,0.46616541353383456,68.86666666666666,0.5177944862155388,True,True,True
9784,1,0.7981791240319814,0.08432859071554678,CEMEX,Marietta Plant,FL,Southeastern Region,other_or_unspecified,3000.0,3000,28.0,standard_28,131.66666666666666,strict_group,701.0,91.66666666666667,82.66666666666667,39.999999999999986,0.3037974683544303,48.999999999999986,0.37215189873417714,True,True,True
33985,1,0.7971747048558717,0.08432859071554678,Knife River Corporation,Woodburn (Oregon) Plant,OR,Pacific Northwest Region,other_or_unspecified,3000.0,3000,28.0,standard_28,141.66666666666666,strict_group,395.0,71.0,64.13333333333334,70.66666666666666,0.49882352941176467,77.53333333333332,0.5472941176470587,True,True,True
43042,0,0.7971509623781826,0.08432859071554678,Silvi Materials,Limerick Plant,PA,Eastern Region,other_or_unspecified,3000.0,3000,28.0,standard_28,122.66666666666667,strict_group,295.0,91.33333333333333,79.06666666666668,31.333333333333343,0.25543478260869573,43.599999999999994,0.3554347826086956,True,True,True
43137,1,0.7971509623781826,0.08432859071554678,Silvi Materials,Morrisville Plant,PA,Eastern Region,other_or_unspecified,3000.0,3000,28.0,standard_28,129.66666666666666,strict_group,295.0,91.33333333333333,79.06666666666668,38.33333333333333,0.29562982005141386,50.59999999999998,0.3902313624678662,True,True,True
30438,0,0.7971102166238918,0.08432859071554678,Elizabeth River Concrete,Portsmouth Virginia Plant,VA,Eastern Region,other_or_unspecified,3000.0,3000,28.0,standard_28,105.66666666666667,strict_group,295.0,91.33333333333333,79.06666666666668,14.333333333333343,0.13564668769716096,26.599999999999994,0.2517350157728706,True,True,False
33984,1,0.7963043905226599,0.08432859071554678,Knife River Corporation,Woodburn (Oregon) Plant,OR,Pacific Northwest Region,other_or_unspecified,3000.0,3000,28.0,standard_28,170.0,strict_group,395.0,71.0,64.13333333333334,99.0,0.5823529411764706,105.86666666666666,0.6227450980392156,True,True,True
44159,0,0.795496673545156,0.08432859071554678,Tec-Crete Transit Mix Corp.,Long Island City Plant,NY,Eastern Region,other_or_unspecified,3000.0,3000,28.0,standard_28,123.66666666666667,strict_group,295.0,91.33333333333333,79.06666666666668,32.33333333333334,0.26145552560646906,44.599999999999994,0.3606469002695417,True,True,True
43157,1,0.7936228940356087,0.08432859071554678,Silvi Materials,Morrisville Plant,PA,Eastern Region,filler,4000.0,4000,28.0,standard_28,140.5,strict_group,83.0,88.0,68.55,52.5,0.3736654804270463,71.95,0.5120996441281139,True,True,True
45385,0,0.7932566578221307,0.08432859071554678,Titan Virginia Ready-Mix,Oceana Plant,VA,Eastern Region,other_or_unspecified,3500.0,3500,28.0,standard_28,102.28571428571429,strict_group,117.0,95.71428571428571,84.05714285714286,6.571428571428584,0.06424581005586603,18.228571428571428,0.17821229050279327,True,False,False
34144,0,0.793022431409953,0.08432859071554678,Lycon Inc.,Middleton Plant,WI,Great Lakes Region,other_or_unspecified,1500.0,1500,28.0,standard_28,51.0,national_spec_group,13.0,112.0,51.666666666666664,0.0,0.0,0.0,0.0,True,False,False
33978,1,0.7923466790973966,0.08432859071554678,Knife River Corporation,Woodburn (Oregon) Plant,OR,Pacific Northwest Region,other_or_unspecified,3000.0,3000,28.0,standard_28,142.33333333333334,strict_group,395.0,71.0,64.13333333333334,71.33333333333334,0.5011709601873536,78.2,0.5494145199063232,True,True,True
33351,1,0.7895952793618751,0.08432859071554678,Kirkpatrick Concrete,Alabaster Plant,AL,Southeastern Region,other_or_unspecified,2500.0,2500,28.0,standard_28,125.6,strict_group,212.0,92.7,82.88,32.89999999999999,0.26194267515923564,42.72,0.3401273885350318,True,True,True
33416,0,0.7895952793618751,0.08432859071554678,Kirkpatrick Concrete,Highway 280 Plant,AL,Southeastern Region,other_or_unspecified,2500.0,2500,28.0,standard_28,120.4,strict_group,212.0,92.7,82.88,27.700000000000003,0.23006644518272426,37.52000000000001,0.31162790697674425,True,True,True
33438,0,0.7895952793618751,0.08432859071554678,Kirkpatrick Concrete,Lakeshore Plant,AL,Southeastern Region,other_or_unspecified,2500.0,2500,28.0,standard_28,118.4,strict_group,212.0,92.7,82.88,25.700000000000003,0.21706081081081083,35.52000000000001,0.30000000000000004,True,True,True
33394,0,0.7895952793618751,0.08432859071554678,Kirkpatrick Concrete,Gardendale Plant,AL,Southeastern Region,other_or_unspecified,2500.0,2500,28.0,standard_28,120.8,strict_group,212.0,92.7,82.88,28.099999999999994,0.23261589403973507,37.92,0.31390728476821195,True,True,True
15515,1,0.78916083230135,0.08432859071554678,CEMEX,Tyrone Plant,GA,Southeastern Region,other_or_unspecified,3000.0,3000,28.0,standard_28,139.66666666666666,strict_group,701.0,91.66666666666667,82.66666666666667,47.999999999999986,0.34367541766109777,56.999999999999986,0.4081145584725536,True,True,True
40648,1,0.7871995676708954,0.08432859071554678,New Enterprise Stone & Lime,"Barton Road, NY Plant",NY,Eastern Region,other_or_unspecified,2000.0,2000,28.0,standard_28,143.0,strict_group,11.0,124.0,93.5,19.0,0.13286713286713286,49.5,0.34615384615384615,True,True,False
40686,1,0.7871995676708954,0.08432859071554678,New Enterprise Stone & Lime,"Gateway, NY Plant",NY,Eastern Region,other_or_unspecified,2000.0,2000,28.0,standard_28,145.5,strict_group,11.0,124.0,93.5,21.5,0.14776632302405499,52.0,0.35738831615120276,True,True,False
31919,1,0.785966191821744,0.08432859071554678,Graniterock,Santa Cruz Plant,CA,Pacific Southwest Region,other_or_unspecified,4000.0,4000,28.0,standard_28,152.75,strict_group,111.0,78.25,69.0,74.5,0.4877250409165303,83.75,0.5482815057283142,True,True,True
21769,1,0.7857322320517377,0.08432859071554678,Central Pre-Mix (CPM),Sullivan Plant ,WA,Pacific Northwest Region,filler,2000.0,2000,28.0,standard_28,134.5,strict_group,7.0,130.5,125.1,4.0,0.02973977695167286,9.400000000000006,0.06988847583643126,True,False,False
43206,1,0.784562612415117,0.08432859071554678,Silvi Materials,Mt. Holly Plant,NJ,Eastern Region,filler,4000.0,4000,28.0,standard_28,157.0,strict_group,83.0,88.0,68.55,69.0,0.4394904458598726,88.45,0.563375796178344,True,True,True
16165,1,0.7838229020575803,0.08432859071554678,CEMEX,Winfield Plant,AL,Southeastern Region,other_or_unspecified,3000.0,3000,28.0,standard_28,132.33333333333334,strict_group,701.0,91.66666666666667,82.66666666666667,40.66666666666667,0.30730478589420657,49.66666666666667,0.37531486146095716,True,True,True
30895,0,0.7829856703148191,0.08432859071554678,Gotham Ready Mix LLC,Bronx Plant,NY,Eastern Region,other_or_unspecified,4500.0,4500,28.0,standard_28,107.55555555555556,strict_group,203.0,70.0,58.577777777777776,37.55555555555556,0.34917355371900827,48.97777777777778,0.4553719008264463,True,True,True
31735,1,0.7827010580380602,0.08432859071554678,Graniterock,San Jose Plant,CA,Pacific Southwest Region,other_or_unspecified,4000.0,4000,28.0,standard_28,149.5,strict_group,111.0,78.25,69.0,71.25,0.4765886287625418,80.5,0.5384615384615384,True,True,True
44147,0,0.7806216742649529,0.08432859071554678,Tec-Crete Transit Mix Corp.,Jamaica Plant,NY,Eastern Region,other_or_unspecified,3000.0,3000,28.0,standard_28,122.0,strict_group,295.0,91.33333333333333,79.06666666666668,30.66666666666667,0.2513661202185793,42.93333333333332,0.35191256830601086,True,True,True
5464,1,0.7802286872893747,0.08432859071554678,CEMEX,Atmore Plant,AL,Southeastern Region,paving,3000.0,3000,28.0,standard_28,136.0,strict_group,16.0,94.25,87.66666666666666,41.75,0.3069852941176471,48.33333333333334,0.35539215686274517,True,True,True
2217,0,0.7771169764324226,0.08432859071554678,Boston Sand & Gravel,Southeastern Concrete Plant,MA,Eastern Region,other_or_unspecified,4000.0,4000,28.0,standard_28,119.0,strict_group,636.0,74.75,60.75,44.25,0.37184873949579833,58.25,0.4894957983193277,True,True,True
8595,0,0.7767003487853863,0.08432859071554678,CEMEX,Industrial Park Rd (Cartersville - RMUSA) Plant,GA,Southeastern Region,hardscape,3000.0,3000,28.0,standard_28,105.66666666666667,strict_group,42.0,90.75,85.43333333333332,14.916666666666671,0.14116719242902212,20.23333333333335,0.19148264984227142,True,True,False
42358,0,0.7747765850504653,0.08432859071554678,Robertson's Ready Mix,Gardena Plant,CA,Pacific Southwest Region,other_or_unspecified,3250.0,3000,28.0,standard_28,107.6923076923077,strict_group,89.0,92.0,80.53333333333333,15.692307692307693,0.1457142857142857,27.158974358974362,0.25219047619047624,True,True,False
33730,1,0.7747058176875389,0.08432859071554678,Knife River Corporation,McMinnville (Oregon) Plant,OR,Pacific Northwest Region,other_or_unspecified,3000.0,3000,28.0,standard_28,148.0,strict_group,395.0,71.0,64.13333333333334,77.0,0.5202702702702703,83.86666666666666,0.5666666666666667,True,True,True
42339,1,0.7742159076415145,0.08432859071554678,Robertson's Ready Mix,Gardena Plant,CA,Pacific Southwest Region,other_or_unspecified,3000.0,3000,28.0,standard_28,124.0,strict_group,89.0,92.0,80.53333333333333,32.0,0.25806451612903225,43.46666666666667,0.35053763440860214,True,True,True
16283,1,0.7715622257918148,0.08432859071554678,CEMEX,Zephyrhills Plant,FL,Southeastern Region,other_or_unspecified,3000.0,3000,28.0,standard_28,157.33333333333334,strict_group,701.0,91.66666666666667,82.66666666666667,65.66666666666667,0.4173728813559322,74.66666666666667,0.4745762711864407,True,True,True
33565,0,0.7713732223576533,0.08432859071554678,Knife River Corporation,Corvallis (Oregon) Plant,OR,Pacific Northwest Region,other_or_unspecified,3000.0,3000,28.0,standard_28,113.66666666666667,strict_group,395.0,71.0,64.13333333333334,42.66666666666667,0.375366568914956,49.53333333333333,0.4357771260997067,True,True,True
2011,0,0.7709828478861823,0.08432859071554678,Bonded Concrete Inc. / The Clemente Group,Pleasant Valley Plant,NY,Eastern Region,other_or_unspecified,3000.0,3000,28.0,standard_28,116.66666666666667,strict_group,295.0,91.33333333333333,79.06666666666668,25.333333333333343,0.21714285714285722,37.599999999999994,0.32228571428571423,True,True,True
33566,0,0.768507542669734,0.08432859071554678,Knife River Corporation,Corvallis (Oregon) Plant,OR,Pacific Northwest Region,other_or_unspecified,3000.0,3000,28.0,standard_28,113.66666666666667,strict_group,395.0,71.0,64.13333333333334,42.66666666666667,0.375366568914956,49.53333333333333,0.4357771260997067,True,True,True
7079,1,0.7663013403435533,0.08432859071554678,CEMEX,Dallas Plant,GA,Southeastern Region,paving,2200.0,2000,28.0,standard_28,130.9090909090909,regional_strength_group,14.0,114.25,100.5,16.659090909090907,0.12725694444444444,30.409090909090907,0.23229166666666665,True,True,False
5136,1,0.7651233546003713,0.08432859071554678,CEMEX,Andalusia Plant,AL,Southeastern Region,other_or_unspecified,3000.0,3000,28.0,standard_28,131.0,strict_group,701.0,91.66666666666667,82.66666666666667,39.33333333333333,0.3002544529262086,48.33333333333333,0.3689567430025445,True,True,True
9091,0,0.7646624817523557,0.08432859071554678,CEMEX,Lafayette Plant,GA,Southeastern Region,other_or_unspecified,3000.0,3000,28.0,standard_28,116.33333333333333,strict_group,701.0,91.66666666666667,82.66666666666667,24.666666666666657,0.21203438395415466,33.66666666666666,0.2893982808022922,True,True,True
10619,0,0.7618997359868962,0.08432859071554678,CEMEX,New Smyrna Plant,FL,Southeastern Region,other_or_unspecified,3000.0,3000,28.0,standard_28,123.66666666666667,strict_group,701.0,91.66666666666667,82.66666666666667,32.0,0.2587601078167116,41.0,0.33153638814016173,True,True,True
4486,1,0.761630682879121,0.08432859071554678,"Callanan Industries, Inc.",Latham Plant,NY,Eastern Region,other_or_unspecified,2500.0,2500,28.0,standard_28,148.4,strict_group,18.0,103.4,78.72,45.0,0.3032345013477089,69.68,0.4695417789757413,True,True,True
33557,1,0.7614614984115505,0.08432859071554678,Knife River Corporation,Corvallis (Oregon) Plant,OR,Pacific Northwest Region,other_or_unspecified,3000.0,3000,28.0,standard_28,174.66666666666666,strict_group,395.0,71.0,64.13333333333334,103.66666666666666,0.5935114503816794,110.53333333333332,0.6328244274809159,True,True,True
13501,1,0.7611977289346851,0.08432859071554678,CEMEX,Russellville Plant,AL,Southeastern Region,other_or_unspecified,3000.0,3000,28.0,standard_28,125.66666666666667,strict_group,701.0,91.66666666666667,82.66666666666667,34.0,0.27055702917771884,43.0,0.3421750663129973,True,True,True
518,1,0.759386497380475,0.08432859071554678,American Rock Products (ARP),Hermiston Plant,OR,Pacific Northwest Region,other_or_unspecified,3500.0,3500,28.0,standard_28,138.85714285714286,strict_group,339.0,68.59126984126985,58.0,70.26587301587301,0.5060299497027891,80.85714285714286,0.5823045267489712,True,True,True
13496,0,0.7586808580436368,0.08432859071554678,CEMEX,Russellville Plant,AL,Southeastern Region,paving,3000.0,3000,28.0,standard_28,118.66666666666667,strict_group,16.0,94.25,87.66666666666666,24.41666666666667,0.20575842696629218,31.000000000000014,0.26123595505617986,True,True,True
15715,1,0.7586325107031968,0.08432859071554678,CEMEX,Vance Plant,AL,Southeastern Region,filler,3000.0,3000,28.0,standard_28,130.0,strict_group,44.0,117.25,105.0,12.75,0.09807692307692308,25.0,0.19230769230769232,True,False,False
13015,1,0.7580269746671293,0.08432859071554678,CEMEX,Plant City RK Plant,FL,Southeastern Region,other_or_unspecified,2500.0,2500,28.0,standard_28,127.2,strict_group,212.0,92.7,82.88,34.5,0.2712264150943396,44.32000000000001,0.3484276729559749,True,True,True
7242,0,0.7575697990528216,0.08432859071554678,CEMEX,Dawsonville - Easy Street Plant,GA,Southeastern Region,hardscape,3000.0,3000,28.0,standard_28,107.0,strict_group,42.0,90.75,85.43333333333332,16.25,0.15186915887850466,21.566666666666677,0.201557632398754,True,True,False
46800,0,0.7563702095939576,0.08432859071554678,US Concrete Mix / Smyrna Ready Mix,Long Island City Plant,NY,Eastern Region,other_or_unspecified,5000.0,5000,28.0,standard_28,106.2,strict_group,282.0,69.05,57.839999999999996,37.150000000000006,0.34981167608286257,48.36000000000001,0.45536723163841814,True,True,True
2015,0,0.7562959092670472,0.08432859071554678,Bonded Concrete Inc. / The Clemente Group,Pleasant Valley Plant,NY,Eastern Region,other_or_unspecified,3000.0,3000,28.0,standard_28,114.33333333333333,strict_group,295.0,91.33333333333333,79.06666666666668,23.0,0.2011661807580175,35.26666666666665,0.30845481049562673,True,True,True
45980,0,0.7554180414954048,0.08432859071554678,Titan Virginia Ready-Mix,Sterling RM (Plant 1),VA,Eastern Region,other_or_unspecified,4000.0,4000,28.0,standard_28,109.75,strict_group,636.0,74.75,60.75,35.0,0.31890660592255127,49.0,0.44646924829157175,True,True,True
45361,0,0.7554180414954048,0.08432859071554678,Titan Virginia Ready-Mix,Leesburg RM Plant,VA,Eastern Region,other_or_unspecified,4000.0,4000,28.0,standard_28,110.5,strict_group,636.0,74.75,60.75,35.75,0.3235294117647059,49.75,0.4502262443438914,True,True,True
45556,0,0.7554180414954048,0.08432859071554678,Titan Virginia Ready-Mix,Springfield RM (Plant 1),VA,Eastern Region,other_or_unspecified,4000.0,4000,28.0,standard_28,108.0,strict_group,636.0,74.75,60.75,33.25,0.30787037037037035,47.25,0.4375,True,True,True
33750,1,0.7535990011887752,0.08432859071554678,Knife River Corporation,McMinnville (Oregon) Plant,OR,Pacific Northwest Region,other_or_unspecified,4000.0,4000,28.0,standard_28,132.0,strict_group,579.0,63.25,56.7,68.75,0.5208333333333334,75.3,0.5704545454545454,True,True,True
45407,1,0.7535803859992942,0.08432859071554678,Titan Virginia Ready-Mix,Port Norfolk Plant,VA,Eastern Region,filler,3000.0,3000,28.0,standard_28,157.66666666666666,strict_group,28.0,94.5,30.75,63.16666666666666,0.40063424947145876,126.91666666666666,0.804968287526427,True,True,True
16280,0,0.7527052800625266,0.08432859071554678,CEMEX,Zephyrhills Plant,FL,Southeastern Region,other_or_unspecified,2500.0,2500,28.0,standard_28,123.6,strict_group,212.0,92.7,82.88,30.89999999999999,0.24999999999999994,40.72,0.3294498381877023,True,True,True
2014,0,0.7515493451226732,0.08432859071554678,Bonded Concrete Inc. / The Clemente Group,Pleasant Valley Plant,NY,Eastern Region,other_or_unspecified,3000.0,3000,28.0,standard_28,116.66666666666667,strict_group,295.0,91.33333333333333,79.06666666666668,25.333333333333343,0.21714285714285722,37.599999999999994,0.32228571428571423,True,True,True
16282,1,0.7510973217607022,0.08432859071554678,CEMEX,Zephyrhills Plant,FL,Southeastern Region,other_or_unspecified,3000.0,3000,28.0,standard_28,129.33333333333334,strict_group,701.0,91.66666666666667,82.66666666666667,37.66666666666667,0.2912371134020619,46.66666666666667,0.36082474226804123,True,True,True
33330,0,0.7494326932249602,0.08432859071554678,Ingram Ready Mix,Pearland #35 LLC Plant,TX,South Central Region,other_or_unspecified,3000.0,3000,28.0,standard_28,97.0,strict_group,51.0,78.5,68.66666666666667,18.5,0.19072164948453607,28.33333333333333,0.29209621993127144,True,True,False
42590,0,0.7491295287660859,0.08432859071554678,Salmon Bay Sand & Gravel,Salmon Bay Sand and Gravel,WA,Pacific Northwest Region,other_or_unspecified,1500.0,1500,28.0,standard_28,112.0,national_spec_group,13.0,112.0,51.666666666666664,0.0,0.0,60.333333333333336,0.5386904761904762,True,False,False
33343,0,0.7484456372564967,0.08432859071554678,Ingram Ready Mix,Pearland #35 LLC Plant,TX,South Central Region,other_or_unspecified,4500.0,4500,28.0,standard_28,118.66666666666667,strict_group,47.0,64.66666666666667,61.6,54.0,0.4550561797752809,57.06666666666667,0.4808988764044944,True,True,True
7550,1,0.7481787174257177,0.08432859071554678,CEMEX,East Plant/East Naples/East Trail Plant,FL,Southeastern Region,other_or_unspecified,3000.0,3000,28.0,standard_28,135.0,strict_group,701.0,91.66666666666667,82.66666666666667,43.33333333333333,0.32098765432098764,52.33333333333333,0.3876543209876543,True,True,True
5930,1,0.7455219881878932,0.08432859071554678,CEMEX,Bristol Plant,VA,Eastern Region,other_or_unspecified,3000.0,3000,1.0,early,197.0,national_spec_group,19.0,138.5,128.6,58.5,0.2969543147208122,68.4,0.3472081218274112,True,True,True
43228,1,0.7442272063267865,0.08432859071554678,Silvi Materials,Philadelphia Plant,PA,Eastern Region,other_or_unspecified,3000.0,3000,28.0,standard_28,128.66666666666666,strict_group,295.0,91.33333333333333,79.06666666666668,37.33333333333333,0.29015544041450775,49.59999999999998,0.38549222797927446,True,True,True
33722,1,0.7430662939573927,0.08432859071554678,Knife River Corporation,McMinnville (Oregon) Plant,OR,Pacific Northwest Region,other_or_unspecified,3000.0,3000,3.0,early,216.33333333333334,strict_group,10.0,148.91666666666669,122.13333333333333,67.41666666666666,0.311633281972265,94.20000000000002,0.43543913713405247,True,True,True
5495,0,0.741175029842464,0.08432859071554678,CEMEX,Auburn (Portable) Plant,AL,Southeastern Region,filler,4000.0,4000,28.0,standard_28,106.5,strict_group,36.0,95.0,86.75,11.5,0.107981220657277,19.75,0.18544600938967137,True,True,False
5785,1,0.7408422575119432,0.08432859071554678,CEMEX,Bessemer - CEMCO #7 Plant,AL,Southeastern Region,filler,3000.0,3000,28.0,standard_28,137.33333333333334,strict_group,44.0,117.25,105.0,20.083333333333343,0.14623786407766995,32.33333333333334,0.23543689320388356,True,True,False
43035,1,0.7405821426072844,0.08432859071554678,Silvi Materials,Limerick Plant,PA,Eastern Region,filler,3000.0,3000,28.0,standard_28,130.0,strict_group,28.0,94.5,30.75,35.5,0.27307692307692305,99.25,0.7634615384615384,True,True,True
7210,0,0.7367842848777273,0.08432859071554678,CEMEX,Dawsonville - Easy Street Plant,GA,Southeastern Region,filler,4000.0,4000,28.0,standard_28,108.75,strict_group,36.0,95.0,86.75,13.75,0.12643678160919541,22.0,0.20229885057471264,True,True,False
14909,0,0.7358700568420653,0.08432859071554678,CEMEX,St. Cloud Plant,FL,Southeastern Region,other_or_unspecified,3000.0,3000,28.0,standard_28,123.66666666666667,strict_group,701.0,91.66666666666667,82.66666666666667,32.0,0.2587601078167116,41.0,0.33153638814016173,True,True,True
42589,1,0.7353507961944736,0.08432859071554678,Salmon Bay Sand & Gravel,Salmon Bay Sand and Gravel,WA,Pacific Northwest Region,other_or_unspecified,3000.0,3000,1.0,early,124.33333333333333,strict_group,10.0,148.91666666666669,122.13333333333333,0.0,0.0,2.200000000000003,0.017694369973190373,True,False,False
2161,0,0.735156227428864,0.08432859071554678,Boston Sand & Gravel,Boston Sand & Gravel,MA,Eastern Region,other_or_unspecified,4000.0,4000,28.0,standard_28,104.25,strict_group,636.0,74.75,60.75,29.5,0.2829736211031175,43.5,0.4172661870503597,True,True,True
11863,0,0.731980376916906,0.08432859071554678,CEMEX,Palmomar Oceanside Plant,CA,Pacific Southwest Region,other_or_unspecified,2500.0,2500,28.0,standard_28,100.8,strict_group,16.0,102.5,100.8,0.0,0.0,0.0,0.0,True,False,False
43040,1,0.7314466997119294,0.08432859071554678,Silvi Materials,Limerick Plant,PA,Eastern Region,other_or_unspecified,3000.0,3000,28.0,standard_28,134.0,strict_group,295.0,91.33333333333333,79.06666666666668,42.66666666666667,0.318407960199005,54.93333333333332,0.4099502487562188,True,True,True
43135,1,0.7314466997119294,0.08432859071554678,Silvi Materials,Morrisville Plant,PA,Eastern Region,other_or_unspecified,3000.0,3000,28.0,standard_28,133.66666666666666,strict_group,295.0,91.33333333333333,79.06666666666668,42.33333333333333,0.3167082294264339,54.59999999999998,0.4084788029925186,True,True,True
43039,1,0.7314466997119294,0.08432859071554678,Silvi Materials,Limerick Plant,PA,Eastern Region,other_or_unspecified,3000.0,3000,28.0,standard_28,126.33333333333333,strict_group,295.0,91.33333333333333,79.06666666666668,35.0,0.2770448548812665,47.26666666666665,0.3741424802110817,True,True,True
15741,0,0.730598830708273,0.08432859071554678,CEMEX,Waters Avenue Plant,FL,Southeastern Region,other_or_unspecified,3000.0,3000,28.0,standard_28,123.66666666666667,strict_group,701.0,91.66666666666667,82.66666666666667,32.0,0.2587601078167116,41.0,0.33153638814016173,True,True,True
33466,0,0.7298411141394308,0.08432859071554678,Knife River Corporation,Boise (Idaho) Plant,ID,Pacific Northwest Region,other_or_unspecified,3000.0,3000,28.0,standard_28,109.0,strict_group,395.0,71.0,64.13333333333334,38.0,0.3486238532110092,44.86666666666666,0.4116207951070336,True,True,True
15519,1,0.729743716551749,0.08432859071554678,CEMEX,Tyrone Plant,GA,Southeastern Region,paving,2200.0,2000,28.0,standard_28,131.8181818181818,regional_strength_group,14.0,114.25,100.5,17.568181818181813,0.1332758620689655,31.318181818181813,0.2375862068965517,True,True,False
5461,1,0.7266857295745482,0.08432859071554678,CEMEX,Atmore Plant,AL,Southeastern Region,filler,4000.0,4000,28.0,standard_28,125.5,strict_group,36.0,95.0,86.75,30.5,0.24302788844621515,38.75,0.30876494023904383,True,True,True
43225,1,0.7266140726314434,0.08432859071554678,Silvi Materials,Philadelphia Plant,PA,Eastern Region,other_or_unspecified,3000.0,3000,28.0,standard_28,128.66666666666666,strict_group,295.0,91.33333333333333,79.06666666666668,37.33333333333333,0.29015544041450775,49.59999999999998,0.38549222797927446,True,True,True
2708,1,0.7194482098014716,0.08432859071554678,Cadman / Heidelberg Materials,Foster Road Plant,OR,Pacific Northwest Region,other_or_unspecified,2000.0,2000,28.0,standard_28,178.0,strict_group,14.0,122.625,99.0,55.375,0.31109550561797755,79.0,0.4438202247191011,True,True,True
42931,1,0.7184903603361379,0.08432859071554678,Silvi Materials,Englishtown Plant,NJ,Eastern Region,filler,4000.0,4000,28.0,standard_28,142.0,strict_group,83.0,88.0,68.55,54.0,0.38028169014084506,73.45,0.5172535211267606,True,True,True
2013,0,0.7172896651707436,0.08432859071554678,Bonded Concrete Inc. / The Clemente Group,Pleasant Valley Plant,NY,Eastern Region,other_or_unspecified,3000.0,3000,28.0,standard_28,109.66666666666667,strict_group,295.0,91.33333333333333,79.06666666666668,18.333333333333343,0.16717325227963534,30.599999999999994,0.2790273556231002,True,True,False
11732,0,0.7153415375844884,0.08432859071554678,CEMEX,Orlando (Atlanta Ave) Plant,FL,Southeastern Region,other_or_unspecified,3000.0,3000,28.0,standard_28,116.66666666666667,strict_group,701.0,91.66666666666667,82.66666666666667,25.0,0.21428571428571427,34.0,0.2914285714285714,True,True,True
9225,0,0.7137532353338119,0.08432859071554678,CEMEX,Largo II Plant,FL,Southeastern Region,other_or_unspecified,3000.0,3000,28.0,standard_28,118.33333333333333,strict_group,701.0,91.66666666666667,82.66666666666667,26.666666666666657,0.22535211267605626,35.66666666666666,0.3014084507042253,True,True,True
16364,0,0.7136088968264396,0.08432859071554678,Cemstone,Minneapolis Plant ,MN,North Central Region,other_or_unspecified,4500.0,4500,28.0,standard_28,72.88888888888889,strict_group,35.0,65.55555555555554,60.62222222222222,7.333333333333343,0.1006097560975611,12.266666666666666,0.16829268292682925,True,True,False
44160,1,0.7131085520831083,0.08432859071554678,Tec-Crete Transit Mix Corp.,Long Island City Plant,NY,Eastern Region,filler,3000.0,3000,28.0,standard_28,138.0,strict_group,28.0,94.5,30.75,43.5,0.31521739130434784,107.25,0.7771739130434783,True,True,True
13429,1,0.712650273447027,0.08432859071554678,CEMEX,Rome Plant,GA,Southeastern Region,other_or_unspecified,3000.0,3000,1.0,early,191.33333333333334,strict_group,7.0,134.5,131.86666666666667,56.83333333333334,0.29703832752613246,59.46666666666667,0.31080139372822296,True,True,True
4630,0,0.7100134838810338,0.08432859071554678,Cape Cod Ready Mix,Orleans Plant,MA,Eastern Region,filler,3000.0,3000,28.0,standard_28,31.3,strict_group,28.0,94.5,30.75,0.0,0.0,0.5500000000000007,0.017571884984025583,True,False,False
30830,0,0.7076971659710062,0.08432859071554678,Four Winds Concrete Inc.,Windgap Plant,PA,Eastern Region,filler,4000.0,4000,28.0,standard_28,117.75,strict_group,83.0,88.0,68.55,29.75,0.2526539278131635,49.2,0.4178343949044586,True,True,True
45986,0,0.7075170491245436,0.08432859071554678,Titan Virginia Ready-Mix,Sterling RM (Plant 1),VA,Eastern Region,other_or_unspecified,4000.0,4000,28.0,standard_28,102.5,strict_group,636.0,74.75,60.75,27.75,0.2707317073170732,41.75,0.4073170731707317,True,True,True
8285,1,0.7045965951336935,0.08432859071554678,CEMEX,Habersham Plant,GA,Southeastern Region,other_or_unspecified,3000.0,3000,28.0,standard_28,129.0,strict_group,701.0,91.66666666666667,82.66666666666667,37.33333333333333,0.28940568475452194,46.33333333333333,0.35917312661498707,True,True,True
7216,1,0.7037670403062637,0.08432859071554678,CEMEX,Dawsonville - Easy Street Plant,GA,Southeastern Region,other_or_unspecified,3000.0,3000,28.0,standard_28,134.0,strict_group,701.0,91.66666666666667,82.66666666666667,42.33333333333333,0.3159203980099502,51.33333333333333,0.38308457711442784,True,True,True
33933,1,0.7024773824445849,0.08432859071554678,Knife River Corporation,Tumalo (Oregon) Plant,OR,Pacific Northwest Region,other_or_unspecified,3000.0,3000,28.0,standard_28,146.66666666666666,strict_group,395.0,71.0,64.13333333333334,75.66666666666666,0.5159090909090909,82.53333333333332,0.5627272727272726,True,True,True
33955,1,0.698205313414117,0.08432859071554678,Knife River Corporation,Wheatland (Oregon) Plant,OR,Pacific Northwest Region,other_or_unspecified,3000.0,3000,28.0,standard_28,132.0,strict_group,395.0,71.0,64.13333333333334,61.0,0.4621212121212121,67.86666666666666,0.5141414141414141,True,True,True
9269,1,0.6963717012424245,0.08432859071554678,CEMEX,Lawrenceville Plant,GA,Southeastern Region,paving,2200.0,2000,28.0,standard_28,124.54545454545453,regional_strength_group,14.0,114.25,100.5,10.295454545454533,0.08266423357664224,24.045454545454533,0.19306569343065685,True,False,False
9781,0,0.6933239354770255,0.08432859071554678,CEMEX,Marietta Plant,FL,Southeastern Region,other_or_unspecified,3000.0,3000,28.0,standard_28,119.66666666666667,strict_group,701.0,91.66666666666667,82.66666666666667,28.0,0.233983286908078,37.0,0.30919220055710306,True,True,True
5791,0,0.6931298696283503,0.08432859071554678,CEMEX,Bessemer - CEMCO #7 Plant,AL,Southeastern Region,filler,3000.0,3000,28.0,standard_28,111.66666666666667,strict_group,44.0,117.25,105.0,0.0,0.0,6.666666666666671,0.05970149253731347,True,False,False
43030,0,0.691038214872541,0.08432859071554678,Silvi Materials,Limerick Plant,PA,Eastern Region,other_or_unspecified,3000.0,3000,28.0,standard_28,120.66666666666667,strict_group,295.0,91.33333333333333,79.06666666666668,29.333333333333343,0.24309392265193377,41.599999999999994,0.34475138121546955,True,True,True
43131,1,0.691038214872541,0.08432859071554678,Silvi Materials,Morrisville Plant,PA,Eastern Region,other_or_unspecified,3000.0,3000,28.0,standard_28,128.33333333333334,strict_group,295.0,91.33333333333333,79.06666666666668,37.000000000000014,0.2883116883116884,49.266666666666666,0.38389610389610385,True,True,True
43133,1,0.6894048760842544,0.08432859071554678,Silvi Materials,Morrisville Plant,PA,Eastern Region,other_or_unspecified,3000.0,3000,28.0,standard_28,128.66666666666666,strict_group,295.0,91.33333333333333,79.06666666666668,37.33333333333333,0.29015544041450775,49.59999999999998,0.38549222797927446,True,True,True
43032,0,0.6894048760842544,0.08432859071554678,Silvi Materials,Limerick Plant,PA,Eastern Region,other_or_unspecified,3000.0,3000,28.0,standard_28,121.66666666666667,strict_group,295.0,91.33333333333333,79.06666666666668,30.333333333333343,0.24931506849315074,42.599999999999994,0.3501369863013698,True,True,True
5751,1,0.6885347977612362,0.08432859071554678,CEMEX,Berth 150 Plant,FL,Southeastern Region,other_or_unspecified,3000.0,3000,28.0,standard_28,135.33333333333334,strict_group,701.0,91.66666666666667,82.66666666666667,43.66666666666667,0.3226600985221675,52.66666666666667,0.3891625615763547,True,True,True
46116,0,0.685606742421418,0.08432859071554678,United Companies,Crested Butte Plant,CO,Rocky Mountains Region,other_or_unspecified,3000.0,3000,28.0,standard_28,113.66666666666667,strict_group,53.0,77.66666666666667,65.4,36.0,0.31671554252199413,48.266666666666666,0.424633431085044,True,True,True
4516,0,0.6848219910062824,0.08432859071554678,"Callanan Industries, Inc.",Oriskany Plant,NY,Eastern Region,other_or_unspecified,2500.0,2500,28.0,standard_28,112.4,strict_group,18.0,103.4,78.72,9.0,0.08007117437722419,33.68000000000001,0.299644128113879,True,False,False
33992,1,0.6837171199735442,0.08432859071554678,Knife River Corporation,Woodburn (Oregon) Plant,OR,Pacific Northwest Region,other_or_unspecified,3500.0,3500,28.0,standard_28,130.28571428571428,strict_group,339.0,68.59126984126985,58.0,61.69444444444443,0.4735319200779726,72.28571428571428,0.5548245614035088,True,True,True
42653,0,0.6831363625695696,0.08432859071554678,Schuster Concrete,Portable 18 Plant,DC,Eastern Region,other_or_unspecified,2000.0,2000,28.0,standard_28,74.5,strict_group,11.0,124.0,93.5,0.0,0.0,0.0,0.0,True,False,False
970,0,0.682062794777929,0.08432859071554678,Amrize,Metairie Plant,LA,South Central Region,other_or_unspecified,4000.0,4000,1.0,early,93.5,strict_group,5.0,86.0,84.2,7.5,0.08021390374331551,9.299999999999997,0.0994652406417112,True,False,False
10613,0,0.6784012915434008,0.08432859071554678,CEMEX,New Smyrna Plant,FL,Southeastern Region,other_or_unspecified,4000.0,4000,28.0,standard_28,111.5,strict_group,440.0,77.6875,69.75,33.8125,0.3032511210762332,41.75,0.3744394618834081,True,True,True
5421,1,0.6758298612133803,0.08432859071554678,CEMEX,Athens Plant,AL,Southeastern Region,other_or_unspecified,3000.0,3000,28.0,standard_28,144.0,strict_group,701.0,91.66666666666667,82.66666666666667,52.33333333333333,0.3634259259259259,61.33333333333333,0.4259259259259259,True,True,True
44849,0,0.6747865968364796,0.08432859071554678,Titan Virginia Ready-Mix,Bryan Park Plant,VA,Eastern Region,other_or_unspecified,4000.0,4000,28.0,standard_28,108.25,strict_group,636.0,74.75,60.75,33.5,0.3094688221709007,47.5,0.4387990762124711,True,True,True
45128,0,0.6747865968364796,0.08432859071554678,Titan Virginia Ready-Mix,Chesterfield Plant,VA,Eastern Region,other_or_unspecified,4000.0,4000,28.0,standard_28,106.25,strict_group,636.0,74.75,60.75,31.5,0.2964705882352941,45.5,0.42823529411764705,True,True,True
415,1,0.6732644462846153,0.08432859071554678,American Rock Products (ARP),Boardman Plant,OR,Pacific Northwest Region,other_or_unspecified,3500.0,3500,28.0,standard_28,135.71428571428572,strict_group,339.0,68.59126984126985,58.0,67.12301587301587,0.49459064327485375,77.71428571428572,0.5726315789473685,True,True,True
40684,1,0.673180325142799,0.08432859071554678,New Enterprise Stone & Lime,"Barton Road, NY Plant",NY,Eastern Region,other_or_unspecified,4000.0,4000,28.0,standard_28,132.0,strict_group,636.0,74.75,60.75,57.25,0.4337121212121212,71.25,0.5397727272727273,True,True,True
40721,1,0.673180325142799,0.08432859071554678,New Enterprise Stone & Lime,"Gateway, NY Plant",NY,Eastern Region,other_or_unspecified,4000.0,4000,28.0,standard_28,133.0,strict_group,636.0,74.75,60.75,58.25,0.43796992481203006,72.25,0.543233082706767,True,True,True
33507,1,0.6729768778300151,0.08432859071554678,Knife River Corporation,Boise (Idaho) Plant,ID,Pacific Northwest Region,other_or_unspecified,3000.0,3000,28.0,standard_28,124.33333333333333,strict_group,395.0,71.0,64.13333333333334,53.33333333333333,0.42895442359249325,60.19999999999999,0.48418230563002673,True,True,True
13488,0,0.6725810353962903,0.08432859071554678,CEMEX,Russellville Plant,AL,Southeastern Region,filler,2000.0,2000,28.0,standard_28,100.5,national_spec_group,17.0,134.5,118.6,0.0,0.0,0.0,0.0,True,False,False
10047,0,0.6721214296804644,0.08432859071554678,CEMEX,Milton Plant,FL,Southeastern Region,other_or_unspecified,3000.0,3000,28.0,standard_28,119.66666666666667,strict_group,701.0,91.66666666666667,82.66666666666667,28.0,0.233983286908078,37.0,0.30919220055710306,True,True,True
10032,0,0.6709688821963238,0.08432859071554678,CEMEX,Milton Plant,FL,Southeastern Region,other_or_unspecified,3000.0,3000,28.0,standard_28,123.0,strict_group,701.0,91.66666666666667,82.66666666666667,31.33333333333333,0.2547425474254742,40.33333333333333,0.3279132791327913,True,True,True
4491,0,0.6666904653072995,0.08432859071554678,"Callanan Industries, Inc.",Latham Plant,NY,Eastern Region,other_or_unspecified,3000.0,3000,28.0,standard_28,123.0,strict_group,295.0,91.33333333333333,79.06666666666668,31.66666666666667,0.25745257452574527,43.93333333333332,0.3571815718157181,True,True,True
4490,1,0.6666904653072995,0.08432859071554678,"Callanan Industries, Inc.",Latham Plant,NY,Eastern Region,other_or_unspecified,3000.0,3000,28.0,standard_28,124.66666666666667,strict_group,295.0,91.33333333333333,79.06666666666668,33.33333333333334,0.2673796791443851,45.599999999999994,0.36577540106951867,True,True,True
46203,0,0.6664008136490264,0.08432859071554678,United Companies,Gypsum Plant,CO,Rocky Mountains Region,other_or_unspecified,3000.0,3000,28.0,standard_28,83.33333333333333,strict_group,53.0,77.66666666666667,65.4,5.666666666666657,0.0679999999999999,17.933333333333323,0.2151999999999999,True,False,False
44869,1,0.6636152486958293,0.08432859071554678,Titan Virginia Ready-Mix,Bryan Park Plant,VA,Eastern Region,other_or_unspecified,4000.0,4000,28.0,standard_28,141.75,strict_group,636.0,74.75,60.75,67.0,0.47266313932980597,81.0,0.5714285714285714,True,True,True
15146,0,0.6627970365952456,0.08432859071554678,CEMEX,Sweetwater Plant,FL,Southeastern Region,other_or_unspecified,2500.0,2500,28.0,standard_28,101.2,strict_group,212.0,92.7,82.88,8.5,0.08399209486166008,18.320000000000007,0.1810276679841898,True,False,False
9765,0,0.6621048863366714,0.08432859071554678,CEMEX,Marietta Plant,FL,Southeastern Region,other_or_unspecified,4000.0,4000,28.0,standard_28,111.5,strict_group,440.0,77.6875,69.75,33.8125,0.3032511210762332,41.75,0.3744394618834081,True,True,True
33967,1,0.6567564479948428,0.08432859071554678,Knife River Corporation,Wheatland (Oregon) Plant,OR,Pacific Northwest Region,other_or_unspecified,3000.0,3000,28.0,standard_28,143.33333333333334,strict_group,395.0,71.0,64.13333333333334,72.33333333333334,0.5046511627906977,79.2,0.5525581395348838,True,True,True
46110,1,0.6538967041673607,0.08432859071554678,Tresca Brothers Concrete,One Plant,MA,Eastern Region,structural,4000.0,4000,28.0,standard_28,135.0,strict_group,8.0,96.9375,87.975,38.0625,0.28194444444444444,47.025000000000006,0.3483333333333334,True,True,True
33979,1,0.6535048377832398,0.08432859071554678,Knife River Corporation,Woodburn (Oregon) Plant,OR,Pacific Northwest Region,other_or_unspecified,3000.0,3000,28.0,standard_28,139.66666666666666,strict_group,395.0,71.0,64.13333333333334,68.66666666666666,0.4916467780429594,75.53333333333332,0.5408114558472553,True,True,True
43215,1,0.6524526717802935,0.08432859071554678,Silvi Materials,Philadelphia Plant,PA,Eastern Region,other_or_unspecified,3000.0,3000,28.0,standard_28,131.0,strict_group,295.0,91.33333333333333,79.06666666666668,39.66666666666667,0.3027989821882952,51.93333333333332,0.3964376590330788,True,True,True
33634,0,0.6511396616385645,0.08432859071554678,Knife River Corporation,Fruitland (Idaho) Plant,ID,Pacific Northwest Region,other_or_unspecified,3000.0,3000,28.0,standard_28,100.66666666666667,strict_group,395.0,71.0,64.13333333333334,29.66666666666667,0.2947019867549669,36.53333333333333,0.3629139072847682,True,True,True
2002,0,0.6507996490674766,0.08432859071554678,Bonded Concrete Inc. / The Clemente Group,Colonie Plant,NY,Eastern Region,other_or_unspecified,3000.0,3000,28.0,standard_28,109.0,strict_group,295.0,91.33333333333333,79.06666666666668,17.66666666666667,0.16207951070336396,29.933333333333323,0.274617737003058,True,True,False
46793,0,0.6486973100504115,0.08432859071554678,US Concrete Mix / Smyrna Ready Mix,Long Island City Plant,NY,Eastern Region,other_or_unspecified,4000.0,4000,28.0,standard_28,90.75,strict_group,636.0,74.75,60.75,16.0,0.1763085399449036,30.0,0.3305785123966942,True,True,False
33654,0,0.6480399460120579,0.08432859071554678,Knife River Corporation,Fruitland (Idaho) Plant,ID,Pacific Northwest Region,other_or_unspecified,3000.0,3000,28.0,standard_28,119.0,strict_group,395.0,71.0,64.13333333333334,48.0,0.40336134453781514,54.86666666666666,0.4610644257703081,True,True,True
42887,1,0.6449142719330951,0.08432859071554678,Silvi Materials,Downingtown Plant,PA,Eastern Region,filler,4000.0,4000,28.0,standard_28,157.0,strict_group,83.0,88.0,68.55,69.0,0.4394904458598726,88.45,0.563375796178344,True,True,True
2068,0,0.6424868254644542,0.08432859071554678,Boston Sand & Gravel,Boston Sand & Gravel,MA,Eastern Region,filler,3000.0,3000,28.0,standard_28,91.0,strict_group,28.0,94.5,30.75,0.0,0.0,60.25,0.6620879120879121,True,False,False
5921,1,0.6398464493176623,0.08432859071554678,CEMEX,Brewton Plant,AL,Southeastern Region,filler,4000.0,4000,28.0,standard_28,130.25,strict_group,36.0,95.0,86.75,35.25,0.2706333973128599,43.5,0.33397312859884837,True,True,True
45130,0,0.6387621921580706,0.08432859071554678,Titan Virginia Ready-Mix,Chesterfield Plant,VA,Eastern Region,other_or_unspecified,4000.0,4000,28.0,standard_28,104.75,strict_group,636.0,74.75,60.75,30.0,0.2863961813842482,44.0,0.4200477326968974,True,True,True
46153,0,0.6383816228923476,0.08432859071554678,United Companies,Delta Plant,CO,Rocky Mountains Region,filler,4000.0,4000,28.0,standard_28,66.0,strict_group,32.0,83.125,79.625,0.0,0.0,0.0,0.0,True,False,False
33949,1,0.6374991752270689,0.08432859071554678,Knife River Corporation,Wheatland (Oregon) Plant,OR,Pacific Northwest Region,other_or_unspecified,3000.0,3000,28.0,standard_28,130.0,strict_group,395.0,71.0,64.13333333333334,59.0,0.45384615384615384,65.86666666666666,0.5066666666666666,True,True,True
9900,1,0.6372660027915751,0.08432859071554678,CEMEX,McIntosh Plant,FL,Southeastern Region,other_or_unspecified,3000.0,3000,28.0,standard_28,127.66666666666667,strict_group,701.0,91.66666666666667,82.66666666666667,36.0,0.2819843342036553,45.0,0.3524804177545692,True,True,True
43304,0,0.6368293843249773,0.08432859071554678,Silvi Materials,Philadelphia Plant,PA,Eastern Region,other_or_unspecified,4500.0,4500,28.0,standard_28,108.0,strict_group,203.0,70.0,58.577777777777776,38.0,0.35185185185185186,49.422222222222224,0.4576131687242799,True,True,True
45127,0,0.6355000740371408,0.08432859071554678,Titan Virginia Ready-Mix,Chesterfield Plant,VA,Eastern Region,other_or_unspecified,4000.0,4000,28.0,standard_28,107.5,strict_group,636.0,74.75,60.75,32.75,0.30465116279069765,46.75,0.43488372093023253,True,True,True
16108,1,0.634181059515334,0.08432859071554678,CEMEX,Wildwood Plant,FL,Southeastern Region,other_or_unspecified,3000.0,3000,28.0,standard_28,135.33333333333334,strict_group,701.0,91.66666666666667,82.66666666666667,43.66666666666667,0.3226600985221675,52.66666666666667,0.3891625615763547,True,True,True
33723,1,0.634116721052886,0.08432859071554678,Knife River Corporation,McMinnville (Oregon) Plant,OR,Pacific Northwest Region,other_or_unspecified,3000.0,3000,28.0,standard_28,149.0,strict_group,395.0,71.0,64.13333333333334,78.0,0.5234899328859061,84.86666666666666,0.5695749440715884,True,True,True
33481,1,0.6334963511361331,0.08432859071554678,Knife River Corporation,Boise (Idaho) Plant,ID,Pacific Northwest Region,other_or_unspecified,3000.0,3000,28.0,standard_28,124.33333333333333,strict_group,395.0,71.0,64.13333333333334,53.33333333333333,0.42895442359249325,60.19999999999999,0.48418230563002673,True,True,True
6983,1,0.6326224457802081,0.08432859071554678,CEMEX,Crestview Plant,FL,Southeastern Region,other_or_unspecified,2000.0,2000,28.0,standard_28,131.0,strict_group,9.0,114.0,97.9,17.0,0.1297709923664122,33.099999999999994,0.2526717557251908,True,True,False
7985,0,0.6316819164398604,0.08432859071554678,CEMEX,Four Corners Plant,FL,Southeastern Region,other_or_unspecified,2500.0,2500,28.0,standard_28,119.6,strict_group,212.0,92.7,82.88,26.89999999999999,0.22491638795986615,36.72,0.30702341137123745,True,True,True
33600,1,0.6311207717256841,0.08432859071554678,Knife River Corporation,Eugene (Oregon) Plant,OR,Pacific Northwest Region,other_or_unspecified,3000.0,3000,28.0,standard_28,128.33333333333334,strict_group,395.0,71.0,64.13333333333334,57.33333333333334,0.4467532467532468,64.2,0.5002597402597403,True,True,True
5415,0,0.6303449116884814,0.08432859071554678,CEMEX,Athens Plant,AL,Southeastern Region,other_or_unspecified,3000.0,3000,28.0,standard_28,104.33333333333333,strict_group,701.0,91.66666666666667,82.66666666666667,12.666666666666657,0.12140575079872196,21.666666666666657,0.2076677316293929,True,True,False
42913,1,0.6297560723832435,0.08432859071554678,Silvi Materials,Englishtown Plant,NJ,Eastern Region,filler,3500.0,3500,28.0,standard_28,127.71428571428571,strict_group,21.0,108.28571428571429,99.14285714285714,19.428571428571416,0.15212527964205808,28.57142857142857,0.22371364653243847,True,True,False
43231,1,0.6214736959275778,0.08432859071554678,Silvi Materials,Philadelphia Plant,PA,Eastern Region,filler,3000.0,3000,28.0,standard_28,129.66666666666666,strict_group,28.0,94.5,30.75,35.16666666666666,0.27120822622107965,98.91666666666666,0.762853470437018,True,True,True
30831,0,0.6194933926149229,0.08432859071554678,Four Winds Concrete Inc.,Windgap Plant,PA,Eastern Region,filler,4000.0,4000,28.0,standard_28,33.5,strict_group,83.0,88.0,68.55,0.0,0.0,0.0,0.0,True,False,False
33729,1,0.6193952374124966,0.08432859071554678,Knife River Corporation,McMinnville (Oregon) Plant,OR,Pacific Northwest Region,other_or_unspecified,3000.0,3000,28.0,standard_28,179.66666666666666,strict_group,395.0,71.0,64.13333333333334,108.66666666666666,0.6048237476808905,115.53333333333332,0.6430426716141001,True,True,True
7489,1,0.6165945846519908,0.08432859071554678,CEMEX,Downtown Miami Plant,FL,Southeastern Region,other_or_unspecified,3000.0,3000,28.0,standard_28,131.66666666666666,strict_group,701.0,91.66666666666667,82.66666666666667,39.999999999999986,0.3037974683544303,48.999999999999986,0.37215189873417714,True,True,True
33373,0,0.6136251469664914,0.08432859071554678,Kirkpatrick Concrete,Alton Plant,AL,Southeastern Region,other_or_unspecified,2500.0,2500,28.0,standard_28,120.8,strict_group,212.0,92.7,82.88,28.099999999999994,0.23261589403973507,37.92,0.31390728476821195,True,True,True
45381,1,0.6064959863297886,0.08432859071554678,Titan Virginia Ready-Mix,Oceana Plant,VA,Eastern Region,other_or_unspecified,3000.0,3000,1.0,early,171.66666666666666,national_spec_group,19.0,138.5,128.6,33.16666666666666,0.19320388349514558,43.06666666666666,0.250873786407767,True,True,False
42559,1,0.6048864996212326,0.08432859071554678,Robertson's Ready Mix,Vernon Plant,CA,Pacific Southwest Region,other_or_unspecified,3000.0,3000,28.0,standard_28,126.33333333333333,strict_group,89.0,92.0,80.53333333333333,34.33333333333333,0.27176781002638517,45.8,0.362532981530343,True,True,True
33560,0,0.6042536676807457,0.08432859071554678,Knife River Corporation,Corvallis (Oregon) Plant,OR,Pacific Northwest Region,other_or_unspecified,3000.0,3000,28.0,standard_28,120.66666666666667,strict_group,395.0,71.0,64.13333333333334,49.66666666666667,0.4116022099447514,56.53333333333333,0.4685082872928176,True,True,True
33598,0,0.6042536676807457,0.08432859071554678,Knife River Corporation,Eugene (Oregon) Plant,OR,Pacific Northwest Region,other_or_unspecified,3000.0,3000,28.0,standard_28,115.33333333333333,strict_group,395.0,71.0,64.13333333333334,44.33333333333333,0.38439306358381503,51.19999999999999,0.44393063583815023,True,True,True
812,0,0.6036627249107464,0.08432859071554678,Amrize,Choctaw Plant,LA,South Central Region,other_or_unspecified,4000.0,4000,1.0,early,86.0,strict_group,5.0,86.0,84.2,0.0,0.0,1.7999999999999972,0.020930232558139503,True,False,False
43270,0,0.6032414299374174,0.08432859071554678,Silvi Materials,Philadelphia Plant,PA,Eastern Region,other_or_unspecified,4000.0,4000,28.0,standard_28,115.5,strict_group,636.0,74.75,60.75,40.75,0.3528138528138528,54.75,0.474025974025974,True,True,True
43034,0,0.6031598306238922,0.08432859071554678,Silvi Materials,Limerick Plant,PA,Eastern Region,other_or_unspecified,3000.0,3000,28.0,standard_28,121.66666666666667,strict_group,295.0,91.33333333333333,79.06666666666668,30.333333333333343,0.24931506849315074,42.599999999999994,0.3501369863013698,True,True,True
9223,0,0.6030344614933416,0.08432859071554678,CEMEX,Largo II Plant,FL,Southeastern Region,other_or_unspecified,2500.0,2500,28.0,standard_28,116.8,strict_group,212.0,92.7,82.88,24.099999999999994,0.20633561643835613,33.92,0.2904109589041096,True,True,True
4558,0,0.6025517380336984,0.08432859071554678,Cape Cod Ready Mix,Carver Plant,MA,Eastern Region,filler,3000.0,3000,28.0,standard_28,25.133333333333336,strict_group,28.0,94.5,30.75,0.0,0.0,0.0,0.0,True,False,False
5749,1,0.5973210011514163,0.08432859071554678,CEMEX,Berth 150 Plant,FL,Southeastern Region,other_or_unspecified,2500.0,2500,28.0,standard_28,131.2,strict_group,212.0,92.7,82.88,38.499999999999986,0.2934451219512194,48.31999999999999,0.36829268292682926,True,True,True
7681,0,0.593559731323208,0.08432859071554678,CEMEX,Englewood Plant,TX,South Central Region,other_or_unspecified,2000.0,2000,28.0,standard_28,103.0,strict_group,5.0,103.0,98.8,0.0,0.0,4.200000000000003,0.04077669902912624,True,False,False
37854,1,0.5882916259108639,0.08432859071554678,National Ready Mix,Santa Clarita Plant,CA,Pacific Southwest Region,other_or_unspecified,2500.0,2500,28.0,standard_28,127.2,strict_group,16.0,102.5,100.8,24.700000000000003,0.19418238993710693,26.400000000000006,0.2075471698113208,True,True,False
9143,1,0.5877384816260354,0.08432859071554678,CEMEX,Lake Wales Plant,FL,Southeastern Region,other_or_unspecified,3000.0,3000,28.0,standard_28,126.0,strict_group,701.0,91.66666666666667,82.66666666666667,34.33333333333333,0.27248677248677244,43.33333333333333,0.3439153439153439,True,True,True
13504,0,0.5842323012254028,0.08432859071554678,CEMEX,Russellville Plant,AL,Southeastern Region,other_or_unspecified,3000.0,3000,28.0,standard_28,106.33333333333333,strict_group,701.0,91.66666666666667,82.66666666666667,14.666666666666657,0.13793103448275854,23.666666666666657,0.22257053291536041,True,True,False
2056,0,0.5835275381345757,0.08432859071554678,Boro Sand & Stone Corp,Boro Sand & Stone (North Attleboro) Plant,MA,Eastern Region,other_or_unspecified,3000.0,3000,28.0,standard_28,108.66666666666667,strict_group,295.0,91.33333333333333,79.06666666666668,17.333333333333343,0.1595092024539878,29.599999999999994,0.27239263803680974,True,True,False
511,1,0.5822018411057448,0.08432859071554678,American Rock Products (ARP),Hermiston Plant,OR,Pacific Northwest Region,filler,2500.0,2500,28.0,standard_28,157.6,national_spec_group,6.0,110.4,95.80000000000001,47.19999999999999,0.299492385786802,61.79999999999998,0.3921319796954314,True,True,True
43303,0,0.5821532518509521,0.08432859071554678,Silvi Materials,Philadelphia Plant,PA,Eastern Region,filler,4500.0,4500,28.0,standard_28,121.55555555555556,strict_group,14.0,93.88888888888889,78.75555555555556,27.66666666666667,0.22760511882998175,42.8,0.35210237659963434,True,True,True
2017,0,0.5808582643635005,0.08432859071554678,Bonded Concrete Inc. / The Clemente Group,Pleasant Valley Plant,NY,Eastern Region,other_or_unspecified,3000.0,3000,28.0,standard_28,104.0,strict_group,295.0,91.33333333333333,79.06666666666668,12.666666666666671,0.12179487179487183,24.933333333333323,0.23974358974358964,True,True,False
2066,0,0.5802341410366215,0.08432859071554678,Boston Sand & Gravel,Boston Sand & Gravel,MA,Eastern Region,filler,4000.0,4000,28.0,standard_28,84.75,strict_group,83.0,88.0,68.55,0.0,0.0,16.200000000000003,0.19115044247787613,True,False,False
31237,1,0.5801425696412111,0.08432859071554678,Graniterock,Redwood City Plant,CA,Pacific Southwest Region,other_or_unspecified,3000.0,3000,28.0,standard_28,178.66666666666666,strict_group,89.0,92.0,80.53333333333333,86.66666666666666,0.4850746268656716,98.13333333333333,0.5492537313432836,True,True,True
31236,1,0.5801425696412111,0.08432859071554678,Graniterock,Redwood City Plant,CA,Pacific Southwest Region,other_or_unspecified,3000.0,3000,28.0,standard_28,178.66666666666666,strict_group,89.0,92.0,80.53333333333333,86.66666666666666,0.4850746268656716,98.13333333333333,0.5492537313432836,True,True,True
43230,1,0.57929067579518,0.08432859071554678,Silvi Materials,Philadelphia Plant,PA,Eastern Region,filler,3000.0,3000,28.0,standard_28,129.66666666666666,strict_group,28.0,94.5,30.75,35.16666666666666,0.27120822622107965,98.91666666666666,0.762853470437018,True,True,True
9336,0,0.5787483528056266,0.08432859071554678,CEMEX,Leesburg RK Plant,FL,Southeastern Region,other_or_unspecified,2500.0,2500,28.0,standard_28,116.8,strict_group,212.0,92.7,82.88,24.099999999999994,0.20633561643835613,33.92,0.2904109589041096,True,True,True
21702,1,0.574907069359833,0.08432859071554678,Central Pre-Mix (CPM),Sullivan Plant ,WA,Pacific Northwest Region,other_or_unspecified,2000.0,2000,28.0,standard_28,134.5,strict_group,14.0,122.625,99.0,11.875,0.08828996282527882,35.5,0.26394052044609667,True,False,False
5127,1,0.5720829801798286,0.08432859071554678,CEMEX,Andalusia Plant,AL,Southeastern Region,other_or_unspecified,3000.0,3000,28.0,standard_28,155.0,strict_group,701.0,91.66666666666667,82.66666666666667,63.33333333333333,0.4086021505376344,72.33333333333333,0.4666666666666666,True,True,True
15051,0,0.5716697823653974,0.08432859071554678,CEMEX,Stockbridge Plant,GA,Southeastern Region,other_or_unspecified,3000.0,3000,28.0,standard_28,119.0,strict_group,701.0,91.66666666666667,82.66666666666667,27.33333333333333,0.22969187675070024,36.33333333333333,0.3053221288515406,True,True,True
5103,1,0.5697543680928085,0.08432859071554678,CEMEX,Andalusia Plant,AL,Southeastern Region,other_or_unspecified,2500.0,2500,28.0,standard_28,125.6,strict_group,212.0,92.7,82.88,32.89999999999999,0.26194267515923564,42.72,0.3401273885350318,True,True,True
33968,0,0.5696920530298776,0.08432859071554678,Knife River Corporation,Wheatland (Oregon) Plant,OR,Pacific Northwest Region,other_or_unspecified,3500.0,3500,28.0,standard_28,122.57142857142857,strict_group,339.0,68.59126984126985,58.0,53.98015873015872,0.4403975653975653,64.57142857142857,0.5268065268065268,True,True,True
9761,0,0.5691770799967748,0.08432859071554678,CEMEX,Marietta Plant,FL,Southeastern Region,other_or_unspecified,3000.0,3000,28.0,standard_28,112.66666666666667,strict_group,701.0,91.66666666666667,82.66666666666667,21.0,0.18639053254437868,30.0,0.2662721893491124,True,True,False
22099,0,0.5678941578004572,0.08432859071554678,Conewago Manufacturing,Conewago Manufacturing Plant,PA,Eastern Region,filler,3000.0,3000,28.0,standard_28,103.0,strict_group,28.0,94.5,30.75,8.5,0.0825242718446602,72.25,0.7014563106796117,True,False,False
34125,0,0.5674988560312407,0.08432859071554678,Lycon Inc.,Madison Plant,WI,Great Lakes Region,other_or_unspecified,1500.0,1500,28.0,standard_28,51.666666666666664,national_spec_group,13.0,112.0,51.666666666666664,0.0,0.0,0.0,0.0,True,False,False
6374,1,0.5661450078391702,0.08432859071554678,CEMEX,Clermont RK Plant,FL,Southeastern Region,other_or_unspecified,3000.0,3000,28.0,standard_28,125.66666666666667,strict_group,701.0,91.66666666666667,82.66666666666667,34.0,0.27055702917771884,43.0,0.3421750663129973,True,True,True
33508,1,0.565902472224779,0.08432859071554678,Knife River Corporation,Boise (Idaho) Plant,ID,Pacific Northwest Region,other_or_unspecified,3000.0,3000,28.0,standard_28,124.33333333333333,strict_group,395.0,71.0,64.13333333333334,53.33333333333333,0.42895442359249325,60.19999999999999,0.48418230563002673,True,True,True
4843,0,0.5658503382979218,0.08432859071554678,CEMEX,56th Street Plant,FL,Southeastern Region,other_or_unspecified,3000.0,3000,28.0,standard_28,121.33333333333333,strict_group,701.0,91.66666666666667,82.66666666666667,29.666666666666657,0.24450549450549444,38.66666666666666,0.3186813186813186,True,True,True
11604,0,0.5654790550273678,0.08432859071554678,CEMEX,Orange City Plant,FL,Southeastern Region,other_or_unspecified,3000.0,3000,28.0,standard_28,114.66666666666667,strict_group,701.0,91.66666666666667,82.66666666666667,23.0,0.2005813953488372,32.0,0.27906976744186046,True,True,True
30803,0,0.5628467309951802,0.08432859071554678,Four Winds Concrete Inc.,Windgap Plant,PA,Eastern Region,other_or_unspecified,3000.0,3000,28.0,standard_28,108.66666666666667,strict_group,295.0,91.33333333333333,79.06666666666668,17.333333333333343,0.1595092024539878,29.599999999999994,0.27239263803680974,True,True,False
1985,0,0.5600111560071068,0.08432859071554678,Bonded Concrete Inc. / The Clemente Group,Colonie Plant,NY,Eastern Region,other_or_unspecified,3000.0,3000,28.0,standard_28,100.33333333333333,strict_group,295.0,91.33333333333333,79.06666666666668,9.0,0.08970099667774087,21.26666666666665,0.2119601328903653,True,False,False
1986,0,0.5600111560071068,0.08432859071554678,Bonded Concrete Inc. / The Clemente Group,Colonie Plant,NY,Eastern Region,other_or_unspecified,3000.0,3000,28.0,standard_28,96.0,strict_group,295.0,91.33333333333333,79.06666666666668,4.666666666666671,0.04861111111111116,16.933333333333323,0.1763888888888888,True,False,False
33336,0,0.5591230026941442,0.08432859071554678,Ingram Ready Mix,Pearland #35 LLC Plant,TX,South Central Region,other_or_unspecified,3000.0,3000,28.0,standard_28,87.0,strict_group,51.0,78.5,68.66666666666667,8.5,0.09770114942528736,18.33333333333333,0.21072796934865895,True,False,False
6486,0,0.5571775428688389,0.08432859071554678,CEMEX,Columbus - Smith Rd (Vulcan Quarry) Plant,GA,Southeastern Region,other_or_unspecified,3000.0,3000,28.0,standard_28,112.0,strict_group,701.0,91.66666666666667,82.66666666666667,20.33333333333333,0.181547619047619,29.33333333333333,0.26190476190476186,True,True,False
44148,1,0.5566607585381407,0.08432859071554678,Tec-Crete Transit Mix Corp.,Jamaica Plant,NY,Eastern Region,filler,3000.0,3000,28.0,standard_28,142.66666666666666,strict_group,28.0,94.5,30.75,48.16666666666666,0.3376168224299065,111.91666666666666,0.7844626168224299,True,True,True
31439,1,0.5511397620519546,0.08432859071554678,Graniterock,Salinas Plant,CA,Pacific Southwest Region,other_or_unspecified,3000.0,3000,28.0,standard_28,164.66666666666666,strict_group,89.0,92.0,80.53333333333333,72.66666666666666,0.4412955465587044,84.13333333333333,0.5109311740890689,True,True,True
31438,1,0.5511397620519546,0.08432859071554678,Graniterock,Salinas Plant,CA,Pacific Southwest Region,other_or_unspecified,3000.0,3000,28.0,standard_28,164.66666666666666,strict_group,89.0,92.0,80.53333333333333,72.66666666666666,0.4412955465587044,84.13333333333333,0.5109311740890689,True,True,True
4538,1,0.5484991797456555,0.08432859071554678,"Callanan Industries, Inc.",Port of Albany Plant,NY,Eastern Region,other_or_unspecified,2500.0,2500,28.0,standard_28,149.2,strict_group,18.0,103.4,78.72,45.79999999999998,0.30697050938337794,70.47999999999999,0.4723860589812332,True,True,True
4824,0,0.5474400481013826,0.08432859071554678,CEMEX,56th Street Plant,FL,Southeastern Region,other_or_unspecified,2500.0,2500,28.0,standard_28,122.4,strict_group,212.0,92.7,82.88,29.700000000000003,0.2426470588235294,39.52000000000001,0.3228758169934641,True,True,True
8302,1,0.5463755178737676,0.08432859071554678,CEMEX,Habersham Plant,GA,Southeastern Region,other_or_unspecified,3000.0,3000,28.0,standard_28,133.66666666666666,strict_group,701.0,91.66666666666667,82.66666666666667,41.999999999999986,0.3142144638403989,50.999999999999986,0.3815461346633416,True,True,True
11545,0,0.5456431946153946,0.08432859071554678,CEMEX,Oldsmar Plant,FL,Southeastern Region,other_or_unspecified,3000.0,3000,28.0,standard_28,122.0,strict_group,701.0,91.66666666666667,82.66666666666667,30.33333333333333,0.24863387978142074,39.33333333333333,0.3224043715846994,True,True,True
4907,1,0.5455247370348673,0.08432859071554678,CEMEX,78th Street Plant,FL,Southeastern Region,other_or_unspecified,3000.0,3000,28.0,standard_28,144.0,strict_group,701.0,91.66666666666667,82.66666666666667,52.33333333333333,0.3634259259259259,61.33333333333333,0.4259259259259259,True,True,True
45360,0,0.5450506329590372,0.08432859071554678,Titan Virginia Ready-Mix,Leesburg RM Plant,VA,Eastern Region,other_or_unspecified,4000.0,4000,28.0,standard_28,110.5,strict_group,636.0,74.75,60.75,35.75,0.3235294117647059,49.75,0.4502262443438914,True,True,True
45555,0,0.5450506329590372,0.08432859071554678,Titan Virginia Ready-Mix,Springfield RM (Plant 1),VA,Eastern Region,other_or_unspecified,4000.0,4000,28.0,standard_28,107.75,strict_group,636.0,74.75,60.75,33.0,0.3062645011600928,47.0,0.4361948955916473,True,True,True
33861,1,0.5444681935196118,0.08432859071554678,Knife River Corporation,Redmond (Oregon) Plant,OR,Pacific Northwest Region,other_or_unspecified,3000.0,3000,28.0,standard_28,129.66666666666666,strict_group,395.0,71.0,64.13333333333334,58.66666666666666,0.4524421593830334,65.53333333333332,0.5053984575835475,True,True,True
7682,0,0.5433347233529117,0.08432859071554678,CEMEX,Englewood Plant,TX,South Central Region,other_or_unspecified,2000.0,2000,28.0,standard_28,103.0,strict_group,5.0,103.0,98.8,0.0,0.0,4.200000000000003,0.04077669902912624,True,False,False
42911,1,0.5433197707452193,0.08432859071554678,Silvi Materials,Englishtown Plant,NJ,Eastern Region,filler,3500.0,3500,28.0,standard_28,125.71428571428571,strict_group,21.0,108.28571428571429,99.14285714285714,17.428571428571416,0.13863636363636356,26.57142857142857,0.21136363636363636,True,True,False
33991,1,0.5420638650066166,0.08432859071554678,Knife River Corporation,Woodburn (Oregon) Plant,OR,Pacific Northwest Region,other_or_unspecified,3500.0,3500,28.0,standard_28,130.0,strict_group,339.0,68.59126984126985,58.0,61.40873015873015,0.4723748473748473,72.0,0.5538461538461539,True,True,True
33597,1,0.5364188488002524,0.08432859071554678,Knife River Corporation,Eugene (Oregon) Plant,OR,Pacific Northwest Region,other_or_unspecified,3000.0,3000,28.0,standard_28,126.0,strict_group,395.0,71.0,64.13333333333334,55.0,0.4365079365079365,61.86666666666666,0.49100529100529094,True,True,True
33724,1,0.5347213840351479,0.08432859071554678,Knife River Corporation,McMinnville (Oregon) Plant,OR,Pacific Northwest Region,other_or_unspecified,3000.0,3000,28.0,standard_28,145.66666666666666,strict_group,395.0,71.0,64.13333333333334,74.66666666666666,0.5125858123569794,81.53333333333332,0.5597254004576658,True,True,True
11476,1,0.5345996090020009,0.08432859071554678,CEMEX,Odessa Plant,FL,Southeastern Region,other_or_unspecified,3000.0,3000,28.0,standard_28,127.0,strict_group,701.0,91.66666666666667,82.66666666666667,35.33333333333333,0.27821522309711283,44.33333333333333,0.3490813648293963,True,True,True
5105,1,0.5343051101862617,0.08432859071554678,CEMEX,Andalusia Plant,AL,Southeastern Region,other_or_unspecified,3000.0,3000,28.0,standard_28,132.33333333333334,strict_group,701.0,91.66666666666667,82.66666666666667,40.66666666666667,0.30730478589420657,49.66666666666667,0.37531486146095716,True,True,True
15206,0,0.5324417082935606,0.08432859071554678,CEMEX,Thomasville Plant,AL,Southeastern Region,filler,3000.0,3000,28.0,standard_28,109.66666666666667,strict_group,44.0,117.25,105.0,0.0,0.0,4.666666666666671,0.04255319148936174,True,False,False
45129,0,0.5321119803354692,0.08432859071554678,Titan Virginia Ready-Mix,Chesterfield Plant,VA,Eastern Region,other_or_unspecified,4000.0,4000,28.0,standard_28,104.5,strict_group,636.0,74.75,60.75,29.75,0.284688995215311,43.75,0.41866028708133973,True,True,True
44850,0,0.5321119803354692,0.08432859071554678,Titan Virginia Ready-Mix,Bryan Park Plant,VA,Eastern Region,other_or_unspecified,4000.0,4000,28.0,standard_28,106.25,strict_group,636.0,74.75,60.75,31.5,0.2964705882352941,45.5,0.42823529411764705,True,True,True
5913,1,0.531628901437659,0.08432859071554678,CEMEX,Brewton Plant,AL,Southeastern Region,other_or_unspecified,3000.0,3000,28.0,standard_28,124.66666666666667,strict_group,701.0,91.66666666666667,82.66666666666667,33.0,0.2647058823529412,42.0,0.33689839572192515,True,True,True
13204,0,0.5292684585465978,0.08432859071554678,CEMEX,Port Charlotte Plant,FL,Southeastern Region,filler,3000.0,3000,28.0,standard_28,95.33333333333333,strict_group,44.0,117.25,105.0,0.0,0.0,0.0,0.0,True,False,False
5752,1,0.52669902826181,0.08432859071554678,CEMEX,Berth 150 Plant,FL,Southeastern Region,other_or_unspecified,3000.0,3000,28.0,standard_28,163.66666666666666,strict_group,701.0,91.66666666666667,82.66666666666667,71.99999999999999,0.4399185336048879,80.99999999999999,0.4949083503054989,True,True,True
15749,0,0.5261994009410296,0.08432859071554678,CEMEX,Waters Avenue Plant,FL,Southeastern Region,other_or_unspecified,3000.0,3000,28.0,standard_28,110.33333333333333,strict_group,701.0,91.66666666666667,82.66666666666667,18.666666666666657,0.1691842900302114,27.666666666666657,0.25075528700906335,True,True,False
45979,0,0.5248637565553835,0.08432859071554678,Titan Virginia Ready-Mix,Sterling RM (Plant 1),VA,Eastern Region,other_or_unspecified,4000.0,4000,28.0,standard_28,109.75,strict_group,636.0,74.75,60.75,35.0,0.31890660592255127,49.0,0.44646924829157175,True,True,True
30732,1,0.5246993923511166,0.08432859071554678,Four Winds Concrete Inc.,Bethlehem Plant,PA,Eastern Region,other_or_unspecified,2500.0,2500,28.0,standard_28,134.8,strict_group,18.0,103.4,78.72,31.400000000000006,0.23293768545994067,56.08000000000001,0.4160237388724036,True,True,True
33865,1,0.5246562112166354,0.08432859071554678,Knife River Corporation,Redmond (Oregon) Plant,OR,Pacific Northwest Region,paving,4000.0,4000,28.0,standard_28,148.25,strict_group,74.0,64.4375,54.825,83.8125,0.565345699831366,93.425,0.630185497470489,True,True,True
33961,0,0.5233662314859694,0.08432859071554678,Knife River Corporation,Wheatland (Oregon) Plant,OR,Pacific Northwest Region,other_or_unspecified,3500.0,3500,28.0,standard_28,122.0,strict_group,339.0,68.59126984126985,58.0,53.40873015873015,0.43777647671090286,64.0,0.5245901639344263,True,True,True
21902,1,0.5227291899097201,0.08432859071554678,CENTRE CONCRETE CO,State College Plant,PA,Eastern Region,other_or_unspecified,4000.0,4000,28.0,standard_28,149.25,strict_group,636.0,74.75,60.75,74.5,0.4991624790619765,88.5,0.592964824120603,True,True,True
43240,1,0.5200138463925039,0.08432859071554678,Silvi Materials,Philadelphia Plant,PA,Eastern Region,filler,3500.0,3500,28.0,standard_28,129.42857142857142,strict_group,21.0,108.28571428571429,99.14285714285714,21.142857142857125,0.16335540838852083,30.285714285714278,0.23399558498896242,True,True,False
34707,0,0.519059107429706,0.08432859071554678,Milpitas Materials Co,Milpitas Plant,CA,Pacific Southwest Region,other_or_unspecified,2500.0,2500,28.0,standard_28,113.2,strict_group,16.0,102.5,100.8,10.700000000000003,0.09452296819787988,12.400000000000006,0.10954063604240287,True,False,False
43058,0,0.5155557504550914,0.08432859071554678,Silvi Materials,Limerick Plant,PA,Eastern Region,filler,3500.0,3500,28.0,standard_28,122.28571428571429,strict_group,21.0,108.28571428571429,99.14285714285714,14.0,0.11448598130841121,23.142857142857153,0.1892523364485982,True,True,False
1984,0,0.5149091918793123,0.08432859071554678,Bonded Concrete Inc. / The Clemente Group,Colonie Plant,NY,Eastern Region,other_or_unspecified,3000.0,3000,28.0,standard_28,100.0,strict_group,295.0,91.33333333333333,79.06666666666668,8.666666666666671,0.08666666666666671,20.933333333333323,0.20933333333333323,True,False,False
5944,1,0.5132637439034593,0.08432859071554678,CEMEX,Brooksville Plant,FL,Southeastern Region,other_or_unspecified,3000.0,3000,28.0,standard_28,129.33333333333334,strict_group,701.0,91.66666666666667,82.66666666666667,37.66666666666667,0.2912371134020619,46.66666666666667,0.36082474226804123,True,True,True
30785,0,0.5126127224485805,0.08432859071554678,Four Winds Concrete Inc.,Bethlehem Plant,PA,Eastern Region,filler,4000.0,4000,28.0,standard_28,38.75,strict_group,83.0,88.0,68.55,0.0,0.0,0.0,0.0,True,False,False
33962,0,0.507683644533868,0.08432859071554678,Knife River Corporation,Wheatland (Oregon) Plant,OR,Pacific Northwest Region,other_or_unspecified,3500.0,3500,28.0,standard_28,122.0,strict_group,339.0,68.59126984126985,58.0,53.40873015873015,0.43777647671090286,64.0,0.5245901639344263,True,True,True
4555,0,0.5059373679775826,0.08432859071554678,Cape Cod Ready Mix,Carver Plant,MA,Eastern Region,other_or_unspecified,3000.0,3000,28.0,standard_28,108.0,strict_group,295.0,91.33333333333333,79.06666666666668,16.66666666666667,0.15432098765432103,28.933333333333323,0.26790123456790116,True,True,False
410,1,0.5054658780952931,0.08432859071554678,American Rock Products (ARP),Boardman Plant,OR,Pacific Northwest Region,filler,2500.0,2500,28.0,standard_28,152.4,national_spec_group,6.0,110.4,95.80000000000001,42.0,0.2755905511811024,56.599999999999994,0.3713910761154855,True,True,True
11546,1,0.5045556575356684,0.08432859071554678,CEMEX,Oldsmar Plant,FL,Southeastern Region,other_or_unspecified,3000.0,3000,28.0,standard_28,153.0,strict_group,701.0,91.66666666666667,82.66666666666667,61.33333333333333,0.40087145969498905,70.33333333333333,0.45969498910675377,True,True,True
43217,1,0.5044502982706511,0.08432859071554678,Silvi Materials,Philadelphia Plant,PA,Eastern Region,filler,3000.0,3000,28.0,standard_28,134.33333333333334,strict_group,28.0,94.5,30.75,39.83333333333334,0.29652605459057074,103.58333333333334,0.7710918114143921,True,True,True
33440,0,0.5037264655133836,0.08432859071554678,Kirkpatrick Concrete,Lakeshore Plant,AL,Southeastern Region,other_or_unspecified,3000.0,3000,28.0,standard_28,108.33333333333333,strict_group,701.0,91.66666666666667,82.66666666666667,16.666666666666657,0.15384615384615377,25.666666666666657,0.23692307692307685,True,True,False
33418,0,0.5037264655133836,0.08432859071554678,Kirkpatrick Concrete,Highway 280 Plant,AL,Southeastern Region,other_or_unspecified,3000.0,3000,28.0,standard_28,110.0,strict_group,701.0,91.66666666666667,82.66666666666667,18.33333333333333,0.16666666666666663,27.33333333333333,0.24848484848484845,True,True,False
33353,0,0.5037264655133836,0.08432859071554678,Kirkpatrick Concrete,Alabaster Plant,AL,Southeastern Region,other_or_unspecified,3000.0,3000,28.0,standard_28,114.33333333333333,strict_group,701.0,91.66666666666667,82.66666666666667,22.666666666666657,0.19825072886297368,31.666666666666657,0.27696793002915443,True,True,False
33396,0,0.5037264655133836,0.08432859071554678,Kirkpatrick Concrete,Gardendale Plant,AL,Southeastern Region,other_or_unspecified,3000.0,3000,28.0,standard_28,110.33333333333333,strict_group,701.0,91.66666666666667,82.66666666666667,18.666666666666657,0.1691842900302114,27.666666666666657,0.25075528700906335,True,True,False
7238,0,0.4984579619207774,0.08432859071554678,CEMEX,Dawsonville - Easy Street Plant,GA,Southeastern Region,other_or_unspecified,3000.0,3000,28.0,standard_28,110.66666666666667,strict_group,701.0,91.66666666666667,82.66666666666667,19.0,0.1716867469879518,28.0,0.25301204819277107,True,True,False
15739,0,0.4980496823907933,0.08432859071554678,CEMEX,Waters Avenue Plant,FL,Southeastern Region,other_or_unspecified,2500.0,2500,28.0,standard_28,112.8,strict_group,212.0,92.7,82.88,20.099999999999994,0.1781914893617021,29.92,0.2652482269503546,True,True,False
46202,0,0.4964159407393849,0.08432859071554678,United Companies,Gypsum Plant,CO,Rocky Mountains Region,other_or_unspecified,3000.0,3000,28.0,standard_28,86.66666666666667,strict_group,53.0,77.66666666666667,65.4,9.0,0.10384615384615384,21.266666666666666,0.24538461538461537,True,True,False
44161,0,0.4957216123574273,0.08432859071554678,Tec-Crete Transit Mix Corp.,Long Island City Plant,NY,Eastern Region,other_or_unspecified,3500.0,3500,28.0,standard_28,113.42857142857143,strict_group,117.0,95.71428571428571,84.05714285714286,17.714285714285722,0.15617128463476077,29.371428571428567,0.2589420654911838,True,True,False
33563,0,0.4952173604594439,0.08432859071554678,Knife River Corporation,Corvallis (Oregon) Plant,OR,Pacific Northwest Region,filler,3000.0,3000,28.0,standard_28,123.33333333333333,strict_group,16.0,106.91666666666667,89.33333333333334,16.416666666666657,0.13310810810810803,33.999999999999986,0.2756756756756756,True,True,False
43057,0,0.4951520424260806,0.08432859071554678,Silvi Materials,Limerick Plant,PA,Eastern Region,filler,3500.0,3500,28.0,standard_28,117.42857142857143,strict_group,21.0,108.28571428571429,99.14285714285714,9.142857142857139,0.07785888077858877,18.285714285714292,0.15571776155717768,True,False,False
5117,0,0.49139290946793,0.08432859071554678,CEMEX,Andalusia Plant,AL,Southeastern Region,other_or_unspecified,3000.0,3000,28.0,standard_28,112.0,strict_group,701.0,91.66666666666667,82.66666666666667,20.33333333333333,0.181547619047619,29.33333333333333,0.26190476190476186,True,True,False
2895,1,0.4908272546928726,0.08432859071554678,Cadman / Heidelberg Materials,Foster Road Plant,OR,Pacific Northwest Region,other_or_unspecified,2000.0,2000,28.0,standard_28,156.5,strict_group,14.0,122.625,99.0,33.875,0.21645367412140576,57.5,0.36741214057507987,True,True,True
46128,0,0.4899568094639859,0.08432859071554678,United Companies,Crested Butte Plant,CO,Rocky Mountains Region,filler,3500.0,3500,28.0,standard_28,117.14285714285714,strict_group,6.0,88.0,85.71428571428572,29.14285714285714,0.24878048780487802,31.428571428571416,0.2682926829268292,True,True,True
33506,0,0.4884247404875166,0.08432859071554678,Knife River Corporation,Boise (Idaho) Plant,ID,Pacific Northwest Region,other_or_unspecified,3000.0,3000,28.0,standard_28,115.33333333333333,strict_group,395.0,71.0,64.13333333333334,44.33333333333333,0.38439306358381503,51.19999999999999,0.44393063583815023,True,True,True
10348,0,0.4839210135404552,0.08432859071554678,CEMEX,Monroeville Plant,AL,Southeastern Region,other_or_unspecified,3000.0,3000,28.0,standard_28,118.33333333333333,strict_group,701.0,91.66666666666667,82.66666666666667,26.666666666666657,0.22535211267605626,35.66666666666666,0.3014084507042253,True,True,True
7230,1,0.4837896157124594,0.08432859071554678,CEMEX,Dawsonville - Easy Street Plant,GA,Southeastern Region,other_or_unspecified,3000.0,3000,3.0,early,129.66666666666666,strict_group,7.0,134.5,131.86666666666667,0.0,0.0,0.0,0.0,True,False,False
4891,1,0.482065614139569,0.08432859071554678,CEMEX,78th Street Plant,FL,Southeastern Region,other_or_unspecified,3000.0,3000,28.0,standard_28,163.0,strict_group,701.0,91.66666666666667,82.66666666666667,71.33333333333333,0.4376278118609407,80.33333333333333,0.492842535787321,True,True,True
5009,1,0.4724884654106839,0.08432859071554678,CEMEX,Alexander City Plant,AL,Southeastern Region,other_or_unspecified,2500.0,2500,28.0,standard_28,126.4,strict_group,212.0,92.7,82.88,33.7,0.26661392405063294,43.52000000000001,0.3443037974683545,True,True,True
7449,0,0.4706252440235914,0.08432859071554678,CEMEX,Downtown Miami Plant,FL,Southeastern Region,other_or_unspecified,3000.0,3000,28.0,standard_28,92.0,strict_group,701.0,91.66666666666667,82.66666666666667,0.3333333333333286,0.00362318840579705,9.333333333333329,0.10144927536231879,True,False,False
9898,1,0.4704490099484077,0.08432859071554678,CEMEX,McIntosh Plant,FL,Southeastern Region,other_or_unspecified,2500.0,2500,28.0,standard_28,126.8,strict_group,212.0,92.7,82.88,34.099999999999994,0.2689274447949526,43.92,0.3463722397476341,True,True,True
8295,1,0.4685073231543487,0.08432859071554678,CEMEX,Habersham Plant,GA,Southeastern Region,other_or_unspecified,3000.0,3000,28.0,standard_28,134.33333333333334,strict_group,701.0,91.66666666666667,82.66666666666667,42.66666666666667,0.3176178660049628,51.66666666666667,0.38461538461538464,True,True,True
4890,1,0.4677358948484973,0.08432859071554678,CEMEX,78th Street Plant,FL,Southeastern Region,other_or_unspecified,3000.0,3000,28.0,standard_28,133.66666666666666,strict_group,701.0,91.66666666666667,82.66666666666667,41.999999999999986,0.3142144638403989,50.999999999999986,0.3815461346633416,True,True,True
21903,1,0.467343391244665,0.08432859071554678,CENTRE CONCRETE CO,State College Plant,PA,Eastern Region,other_or_unspecified,4000.0,4000,28.0,standard_28,149.25,strict_group,636.0,74.75,60.75,74.5,0.4991624790619765,88.5,0.592964824120603,True,True,True
15505,0,0.4659693427104747,0.08432859071554678,CEMEX,Tuscumbia (Dual) Plant,AL,Southeastern Region,other_or_unspecified,2000.0,2000,28.0,standard_28,115.5,strict_group,9.0,114.0,97.9,1.5,0.012987012987012988,17.599999999999994,0.15238095238095234,True,False,False
1982,0,0.4658609349640413,0.08432859071554678,Bonded Concrete Inc. / The Clemente Group,Colonie Plant,NY,Eastern Region,other_or_unspecified,2500.0,2500,28.0,standard_28,110.0,strict_group,18.0,103.4,78.72,6.599999999999994,0.05999999999999995,31.28,0.2843636363636364,True,False,False
1981,0,0.4658609349640413,0.08432859071554678,Bonded Concrete Inc. / The Clemente Group,Colonie Plant,NY,Eastern Region,other_or_unspecified,2500.0,2500,28.0,standard_28,80.4,strict_group,18.0,103.4,78.72,0.0,0.0,1.6800000000000068,0.020895522388059785,True,False,False
33748,1,0.4657623777296034,0.08432859071554678,Knife River Corporation,McMinnville (Oregon) Plant,OR,Pacific Northwest Region,other_or_unspecified,4000.0,4000,28.0,standard_28,128.0,strict_group,579.0,63.25,56.7,64.75,0.505859375,71.3,0.55703125,True,True,True
4580,0,0.4645296669968836,0.08432859071554678,Cape Cod Ready Mix,Carver Plant,MA,Eastern Region,other_or_unspecified,3000.0,3000,28.0,standard_28,116.0,strict_group,295.0,91.33333333333333,79.06666666666668,24.66666666666667,0.21264367816091959,36.93333333333332,0.3183908045977011,True,True,True
4579,0,0.4645296669968836,0.08432859071554678,Cape Cod Ready Mix,Carver Plant,MA,Eastern Region,other_or_unspecified,3000.0,3000,28.0,standard_28,111.0,strict_group,295.0,91.33333333333333,79.06666666666668,19.66666666666667,0.1771771771771772,31.933333333333323,0.2876876876876876,True,True,False
33757,0,0.4626182223240115,0.08432859071554678,Knife River Corporation,Nampa (Idaho) Plant,ID,Pacific Northwest Region,other_or_unspecified,3000.0,3000,28.0,standard_28,103.66666666666667,strict_group,395.0,71.0,64.13333333333334,32.66666666666667,0.31511254019292606,39.53333333333333,0.3813504823151125,True,True,True
33354,0,0.4589084749718327,0.08432859071554678,Kirkpatrick Concrete,Alabaster Plant,AL,Southeastern Region,other_or_unspecified,3000.0,3000,28.0,standard_28,114.66666666666667,strict_group,701.0,91.66666666666667,82.66666666666667,23.0,0.2005813953488372,32.0,0.27906976744186046,True,True,True
33419,0,0.4589084749718327,0.08432859071554678,Kirkpatrick Concrete,Highway 280 Plant,AL,Southeastern Region,other_or_unspecified,3000.0,3000,28.0,standard_28,110.33333333333333,strict_group,701.0,91.66666666666667,82.66666666666667,18.666666666666657,0.1691842900302114,27.666666666666657,0.25075528700906335,True,True,False
33441,0,0.4589084749718327,0.08432859071554678,Kirkpatrick Concrete,Lakeshore Plant,AL,Southeastern Region,other_or_unspecified,3000.0,3000,28.0,standard_28,108.66666666666667,strict_group,701.0,91.66666666666667,82.66666666666667,17.0,0.15644171779141103,26.0,0.23926380368098157,True,True,False
33397,0,0.4589084749718327,0.08432859071554678,Kirkpatrick Concrete,Gardendale Plant,AL,Southeastern Region,other_or_unspecified,3000.0,3000,28.0,standard_28,110.66666666666667,strict_group,701.0,91.66666666666667,82.66666666666667,19.0,0.1716867469879518,28.0,0.25301204819277107,True,True,False
33851,0,0.454769447727129,0.08432859071554678,Knife River Corporation,Redmond (Oregon) Plant,OR,Pacific Northwest Region,other_or_unspecified,3000.0,3000,28.0,standard_28,112.0,strict_group,395.0,71.0,64.13333333333334,41.0,0.36607142857142855,47.86666666666666,0.4273809523809523,True,True,True
10664,1,0.4539497574457323,0.08432859071554678,CEMEX,New Tazewell Plant,TN,Southeastern Region,other_or_unspecified,3000.0,3000,28.0,standard_28,140.33333333333334,strict_group,701.0,91.66666666666667,82.66666666666667,48.66666666666667,0.34679334916864607,57.66666666666667,0.41092636579572445,True,True,True
4594,0,0.452777299742823,0.08432859071554678,Cape Cod Ready Mix,Dennis Plant,MA,Eastern Region,filler,3000.0,3000,28.0,standard_28,29.46666666666667,strict_group,28.0,94.5,30.75,0.0,0.0,0.0,0.0,True,False,False
4666,0,0.452777299742823,0.08432859071554678,Cape Cod Ready Mix,Sandwich Plant,MA,Eastern Region,filler,3000.0,3000,28.0,standard_28,22.866666666666664,strict_group,28.0,94.5,30.75,0.0,0.0,0.0,0.0,True,False,False
45985,0,0.4510769314249854,0.08432859071554678,Titan Virginia Ready-Mix,Sterling RM (Plant 1),VA,Eastern Region,other_or_unspecified,4000.0,4000,28.0,standard_28,102.25,strict_group,636.0,74.75,60.75,27.5,0.26894865525672373,41.5,0.4058679706601467,True,True,True
12069,1,0.4510707461417244,0.08432859071554678,CEMEX,Pennington Plant,AL,Southeastern Region,other_or_unspecified,3000.0,3000,28.0,standard_28,124.66666666666667,strict_group,701.0,91.66666666666667,82.66666666666667,33.0,0.2647058823529412,42.0,0.33689839572192515,True,True,True
30741,0,0.4474534746350282,0.08432859071554678,Four Winds Concrete Inc.,Bethlehem Plant,PA,Eastern Region,other_or_unspecified,3000.0,3000,28.0,standard_28,118.0,strict_group,295.0,91.33333333333333,79.06666666666668,26.66666666666667,0.22598870056497178,38.93333333333332,0.3299435028248587,True,True,True
8281,1,0.4468617998251254,0.08432859071554678,CEMEX,Habersham Plant,GA,Southeastern Region,other_or_unspecified,2500.0,2500,28.0,standard_28,126.4,strict_group,212.0,92.7,82.88,33.7,0.26661392405063294,43.52000000000001,0.3443037974683545,True,True,True
4888,1,0.4461512454875701,0.08432859071554678,CEMEX,78th Street Plant,FL,Southeastern Region,other_or_unspecified,2500.0,2500,28.0,standard_28,127.2,strict_group,212.0,92.7,82.88,34.5,0.2712264150943396,44.32000000000001,0.3484276729559749,True,True,True
42588,0,0.4461406477054242,0.08432859071554678,Salmon Bay Sand & Gravel,Salmon Bay Sand and Gravel,WA,Pacific Northwest Region,other_or_unspecified,3000.0,3000,3.0,early,102.33333333333333,strict_group,10.0,148.91666666666669,122.13333333333333,0.0,0.0,0.0,0.0,True,False,False
2680,0,0.4433833326792067,0.08432859071554678,Cadman / Heidelberg Materials,Foster Road Plant,OR,Pacific Northwest Region,other_or_unspecified,2000.0,2000,28.0,standard_28,122.5,strict_group,14.0,122.625,99.0,0.0,0.0,23.5,0.19183673469387755,True,False,False
7088,0,0.4422672832567684,0.08432859071554678,CEMEX,Dallas Plant,GA,Southeastern Region,other_or_unspecified,3000.0,3000,28.0,standard_28,113.0,strict_group,701.0,91.66666666666667,82.66666666666667,21.33333333333333,0.18879056047197637,30.33333333333333,0.2684365781710914,True,True,False
3816,1,0.4418851268075605,0.08432859071554678,Cadman / Heidelberg Materials,Port of Portland Plant,OR,Pacific Northwest Region,other_or_unspecified,2000.0,2000,28.0,standard_28,163.0,strict_group,14.0,122.625,99.0,40.375,0.2476993865030675,64.0,0.39263803680981596,True,True,True
34163,0,0.4414554015607384,0.08432859071554678,Lycon Inc.,Oregon Plant,WI,Great Lakes Region,other_or_unspecified,1500.0,1500,28.0,standard_28,51.666666666666664,national_spec_group,13.0,112.0,51.666666666666664,0.0,0.0,0.0,0.0,True,False,False
5521,0,0.4411463606968062,0.08432859071554678,CEMEX,Auburn (Portable) Plant,AL,Southeastern Region,filler,4000.0,4000,28.0,standard_28,116.25,strict_group,36.0,95.0,86.75,21.25,0.1827956989247312,29.5,0.2537634408602151,True,True,False
46114,0,0.4405597219254179,0.08432859071554678,United Companies,Crested Butte Plant,CO,Rocky Mountains Region,other_or_unspecified,3000.0,3000,28.0,standard_28,117.0,strict_group,53.0,77.66666666666667,65.4,39.33333333333333,0.3361823361823361,51.599999999999994,0.44102564102564096,True,True,True
10470,0,0.4393358499418884,0.08432859071554678,CEMEX,Mosielee Plant,TX,South Central Region,other_or_unspecified,2000.0,2000,28.0,standard_28,108.0,strict_group,5.0,103.0,98.8,5.0,0.046296296296296294,9.200000000000003,0.08518518518518521,True,False,False
10471,0,0.4393358499418884,0.08432859071554678,CEMEX,Mosielee Plant,TX,South Central Region,other_or_unspecified,2000.0,2000,28.0,standard_28,108.0,strict_group,5.0,103.0,98.8,5.0,0.046296296296296294,9.200000000000003,0.08518518518518521,True,False,False
33595,1,0.4378156776848863,0.08432859071554678,Knife River Corporation,Eugene (Oregon) Plant,OR,Pacific Northwest Region,other_or_unspecified,3000.0,3000,28.0,standard_28,128.33333333333334,strict_group,395.0,71.0,64.13333333333334,57.33333333333334,0.4467532467532468,64.2,0.5002597402597403,True,True,True
4519,0,0.4352071155661025,0.08432859071554678,"Callanan Industries, Inc.",Oriskany Plant,NY,Eastern Region,other_or_unspecified,3000.0,3000,28.0,standard_28,99.0,strict_group,295.0,91.33333333333333,79.06666666666668,7.666666666666671,0.07744107744107749,19.933333333333323,0.20134680134680125,True,False,False
6518,0,0.4323828740794659,0.08432859071554678,CEMEX,Columbus - Smith Rd (Vulcan Quarry) Plant,GA,Southeastern Region,other_or_unspecified,3000.0,3000,28.0,standard_28,101.66666666666667,strict_group,701.0,91.66666666666667,82.66666666666667,10.0,0.09836065573770492,19.0,0.18688524590163932,True,False,False
30738,1,0.4302359232117348,0.08432859071554678,Four Winds Concrete Inc.,Bethlehem Plant,PA,Eastern Region,other_or_unspecified,3000.0,3000,28.0,standard_28,125.0,strict_group,295.0,91.33333333333333,79.06666666666668,33.66666666666667,0.26933333333333337,45.93333333333332,0.3674666666666666,True,True,True
21691,0,0.4295448313034266,0.08432859071554678,Central Pre-Mix (CPM),Sullivan Plant ,WA,Pacific Northwest Region,filler,3000.0,3000,28.0,standard_28,107.0,strict_group,16.0,106.91666666666667,89.33333333333334,0.0833333333333286,0.0007788161993769028,17.666666666666657,0.16510903426791268,True,False,False
4012,1,0.4267374472297563,0.08432859071554678,Cadman / Heidelberg Materials,Port of Portland Plant,OR,Pacific Northwest Region,other_or_unspecified,2000.0,2000,28.0,standard_28,156.5,strict_group,14.0,122.625,99.0,33.875,0.21645367412140576,57.5,0.36741214057507987,True,True,True
3270,1,0.4248775109118612,0.08432859071554678,Cadman / Heidelberg Materials,Orchards Plant,WA,Pacific Northwest Region,other_or_unspecified,2000.0,2000,28.0,standard_28,181.5,strict_group,14.0,122.625,99.0,58.875,0.3243801652892562,82.5,0.45454545454545453,True,True,True
42656,0,0.4236344038864728,0.08432859071554678,Schuster Concrete,Portable 18 Plant,DC,Eastern Region,other_or_unspecified,4500.0,4500,28.0,standard_28,87.55555555555556,strict_group,203.0,70.0,58.577777777777776,17.555555555555557,0.200507614213198,28.97777777777778,0.3309644670050762,True,True,True
5411,0,0.4223514931549126,0.08432859071554678,CEMEX,Athens Plant,AL,Southeastern Region,other_or_unspecified,3000.0,3000,28.0,standard_28,110.66666666666667,strict_group,701.0,91.66666666666667,82.66666666666667,19.0,0.1716867469879518,28.0,0.25301204819277107,True,True,False
33960,0,0.417975665084116,0.08432859071554678,Knife River Corporation,Wheatland (Oregon) Plant,OR,Pacific Northwest Region,other_or_unspecified,3500.0,3500,28.0,standard_28,122.0,strict_group,339.0,68.59126984126985,58.0,53.40873015873015,0.43777647671090286,64.0,0.5245901639344263,True,True,True
1983,0,0.4177833782787595,0.08432859071554678,Bonded Concrete Inc. / The Clemente Group,Colonie Plant,NY,Eastern Region,other_or_unspecified,3000.0,3000,28.0,standard_28,105.33333333333333,strict_group,295.0,91.33333333333333,79.06666666666668,14.0,0.1329113924050633,26.26666666666665,0.2493670886075948,True,True,False
9136,1,0.4163073760681944,0.08432859071554678,CEMEX,Lake Wales Plant,FL,Southeastern Region,other_or_unspecified,3000.0,3000,28.0,standard_28,138.0,strict_group,701.0,91.66666666666667,82.66666666666667,46.33333333333333,0.3357487922705314,55.33333333333333,0.4009661835748792,True,True,True
6483,0,0.4149087259305385,0.08432859071554678,CEMEX,Columbus - Smith Rd (Vulcan Quarry) Plant,GA,Southeastern Region,other_or_unspecified,3000.0,3000,28.0,standard_28,100.33333333333333,strict_group,701.0,91.66666666666667,82.66666666666667,8.666666666666657,0.08637873754152815,17.666666666666657,0.176079734219269,True,False,False
4616,0,0.4110070997041603,0.08432859071554678,Cape Cod Ready Mix,Dennis Plant,MA,Eastern Region,other_or_unspecified,3000.0,3000,28.0,standard_28,115.66666666666667,strict_group,295.0,91.33333333333333,79.06666666666668,24.333333333333343,0.21037463976945253,36.599999999999994,0.31642651296829966,True,True,True
4686,0,0.4110070997041603,0.08432859071554678,Cape Cod Ready Mix,Sandwich Plant,MA,Eastern Region,other_or_unspecified,3000.0,3000,28.0,standard_28,106.66666666666667,strict_group,295.0,91.33333333333333,79.06666666666668,15.333333333333343,0.14375000000000007,27.599999999999994,0.2587499999999999,True,True,False
4614,0,0.4110070997041603,0.08432859071554678,Cape Cod Ready Mix,Dennis Plant,MA,Eastern Region,other_or_unspecified,3000.0,3000,28.0,standard_28,108.33333333333333,strict_group,295.0,91.33333333333333,79.06666666666668,17.0,0.15692307692307694,29.26666666666665,0.270153846153846,True,True,False
4615,0,0.4110070997041603,0.08432859071554678,Cape Cod Ready Mix,Dennis Plant,MA,Eastern Region,other_or_unspecified,3000.0,3000,28.0,standard_28,111.33333333333333,strict_group,295.0,91.33333333333333,79.06666666666668,20.0,0.17964071856287425,32.26666666666665,0.289820359281437,True,True,False
4687,0,0.4110070997041603,0.08432859071554678,Cape Cod Ready Mix,Sandwich Plant,MA,Eastern Region,other_or_unspecified,3000.0,3000,28.0,standard_28,110.0,strict_group,295.0,91.33333333333333,79.06666666666668,18.66666666666667,0.16969696969696973,30.933333333333323,0.28121212121212114,True,True,False
4688,0,0.4110070997041603,0.08432859071554678,Cape Cod Ready Mix,Sandwich Plant,MA,Eastern Region,other_or_unspecified,3000.0,3000,28.0,standard_28,113.33333333333333,strict_group,295.0,91.33333333333333,79.06666666666668,22.0,0.19411764705882353,34.26666666666665,0.3023529411764705,True,True,False
9305,0,0.4104329677892426,0.08432859071554678,CEMEX,Lecanto East Plant,FL,Southeastern Region,other_or_unspecified,3000.0,3000,28.0,standard_28,111.0,strict_group,701.0,91.66666666666667,82.66666666666667,19.33333333333333,0.17417417417417413,28.33333333333333,0.2552552552552552,True,True,False
15154,0,0.4094175361182051,0.08432859071554678,CEMEX,Sweetwater Plant,FL,Southeastern Region,filler,4000.0,4000,28.0,standard_28,94.25,strict_group,36.0,95.0,86.75,0.0,0.0,7.5,0.07957559681697612,True,False,False
4632,1,0.4076235924989578,0.08432859071554678,Cape Cod Ready Mix,Orleans Plant,MA,Eastern Region,hardscape,3500.0,3500,28.0,standard_28,125.71428571428571,national_spec_group,17.0,84.85714285714286,81.82857142857144,40.85714285714285,0.32499999999999996,43.88571428571427,0.349090909090909,True,True,True
7225,0,0.4072722919249247,0.08432859071554678,CEMEX,Dawsonville - Easy Street Plant,GA,Southeastern Region,other_or_unspecified,3000.0,3000,28.0,standard_28,103.0,strict_group,701.0,91.66666666666667,82.66666666666667,11.333333333333329,0.11003236245954688,20.33333333333333,0.1974110032362459,True,True,False
33559,0,0.4068998836997239,0.08432859071554678,Knife River Corporation,Corvallis (Oregon) Plant,OR,Pacific Northwest Region,other_or_unspecified,3000.0,3000,28.0,standard_28,118.66666666666667,strict_group,395.0,71.0,64.13333333333334,47.66666666666667,0.401685393258427,54.53333333333333,0.4595505617977528,True,True,True
33596,0,0.4068998836997239,0.08432859071554678,Knife River Corporation,Eugene (Oregon) Plant,OR,Pacific Northwest Region,other_or_unspecified,3000.0,3000,28.0,standard_28,113.33333333333333,strict_group,395.0,71.0,64.13333333333334,42.33333333333333,0.37352941176470583,49.19999999999999,0.43411764705882344,True,True,True
33952,0,0.4068760428991128,0.08432859071554678,Knife River Corporation,Wheatland (Oregon) Plant,OR,Pacific Northwest Region,other_or_unspecified,3000.0,3000,28.0,standard_28,123.33333333333333,strict_group,395.0,71.0,64.13333333333334,52.33333333333333,0.4243243243243243,59.19999999999999,0.4799999999999999,True,True,True
11730,0,0.4025622261095932,0.08432859071554678,CEMEX,Orlando (Atlanta Ave) Plant,FL,Southeastern Region,other_or_unspecified,3000.0,3000,28.0,standard_28,114.0,strict_group,701.0,91.66666666666667,82.66666666666667,22.33333333333333,0.19590643274853797,31.33333333333333,0.27485380116959063,True,True,False
6519,0,0.401555703906455,0.08432859071554678,CEMEX,Columbus - Smith Rd (Vulcan Quarry) Plant,GA,Southeastern Region,other_or_unspecified,3750.0,4000,2.0,early,118.13333333333334,strict_group,6.0,103.46666666666667,101.86666666666667,14.666666666666671,0.12415349887133185,16.266666666666666,0.13769751693002255,True,True,False
964,0,0.4014078770047392,0.08432859071554678,Amrize,Metairie Plant,LA,South Central Region,other_or_unspecified,4000.0,4000,1.0,early,97.75,strict_group,5.0,86.0,84.2,11.75,0.12020460358056266,13.549999999999997,0.13861892583120203,True,True,False
42905,1,0.3996888908606748,0.08432859071554678,Silvi Materials,Englishtown Plant,NJ,Eastern Region,filler,3500.0,3500,28.0,standard_28,157.42857142857142,strict_group,21.0,108.28571428571429,99.14285714285714,49.142857142857125,0.3121597096188747,58.28571428571428,0.3702359346642468,True,True,True
33344,0,0.3995814377620443,0.08432859071554678,Ingram Ready Mix,Pearland #35 LLC Plant,TX,South Central Region,other_or_unspecified,4500.0,4500,28.0,standard_28,119.11111111111111,strict_group,47.0,64.66666666666667,61.6,54.44444444444444,0.45708955223880593,57.51111111111111,0.4828358208955224,True,True,True
4540,0,0.3982764812724834,0.08432859071554678,"Callanan Industries, Inc.",Port of Albany Plant,NY,Eastern Region,other_or_unspecified,3000.0,3000,28.0,standard_28,123.33333333333333,strict_group,295.0,91.33333333333333,79.06666666666668,32.0,0.2594594594594595,44.26666666666665,0.3589189189189188,True,True,True
7549,0,0.3975300283793164,0.08432859071554678,CEMEX,East Plant/East Naples/East Trail Plant,FL,Southeastern Region,other_or_unspecified,3000.0,3000,28.0,standard_28,109.0,strict_group,701.0,91.66666666666667,82.66666666666667,17.33333333333333,0.1590214067278287,26.33333333333333,0.24159021406727824,True,True,False
9907,0,0.3959377175406587,0.08432859071554678,CEMEX,McIntosh Plant,FL,Southeastern Region,other_or_unspecified,3000.0,3000,28.0,standard_28,118.66666666666667,strict_group,701.0,91.66666666666667,82.66666666666667,27.0,0.22752808988764045,36.0,0.3033707865168539,True,True,True
33908,0,0.3940594330995465,0.08432859071554678,Knife River Corporation,Sundial Plant,OR,Pacific Northwest Region,other_or_unspecified,3500.0,3500,28.0,standard_28,96.0,strict_group,339.0,68.59126984126985,58.0,27.40873015873015,0.28550760582010576,38.0,0.3958333333333333,True,True,True
42525,0,0.3922783050391263,0.08432859071554678,Robertson's Ready Mix,Rialto Plant,CA,Pacific Southwest Region,other_or_unspecified,3000.0,3000,28.0,standard_28,101.0,strict_group,89.0,92.0,80.53333333333333,9.0,0.0891089108910891,20.46666666666667,0.20264026402640267,True,False,False
5964,0,0.3899985601571046,0.08432859071554678,CEMEX,Brooksville Plant,FL,Southeastern Region,other_or_unspecified,3000.0,3000,28.0,standard_28,114.66666666666667,strict_group,701.0,91.66666666666667,82.66666666666667,23.0,0.2005813953488372,32.0,0.27906976744186046,True,True,True
5916,1,0.3899559383872627,0.08432859071554678,CEMEX,Brewton Plant,AL,Southeastern Region,other_or_unspecified,3000.0,3000,28.0,standard_28,125.0,strict_group,701.0,91.66666666666667,82.66666666666667,33.33333333333333,0.2666666666666666,42.33333333333333,0.3386666666666666,True,True,True
11731,0,0.3896101863188648,0.08432859071554678,CEMEX,Orlando (Atlanta Ave) Plant,FL,Southeastern Region,other_or_unspecified,2500.0,2500,28.0,standard_28,112.4,strict_group,212.0,92.7,82.88,19.700000000000003,0.17526690391459077,29.52000000000001,0.2626334519572954,True,True,False
45359,0,0.3884814550368768,0.08432859071554678,Titan Virginia Ready-Mix,Leesburg RM Plant,VA,Eastern Region,other_or_unspecified,4000.0,4000,28.0,standard_28,116.75,strict_group,636.0,74.75,60.75,42.0,0.35974304068522484,56.0,0.4796573875802998,True,True,True
45978,0,0.3884814550368768,0.08432859071554678,Titan Virginia Ready-Mix,Sterling RM (Plant 1),VA,Eastern Region,other_or_unspecified,4000.0,4000,28.0,standard_28,115.75,strict_group,636.0,74.75,60.75,41.0,0.3542116630669546,55.0,0.47516198704103674,True,True,True
45102,0,0.3884814550368768,0.08432859071554678,Titan Virginia Ready-Mix,Centreville RM Plant,VA,Eastern Region,other_or_unspecified,4000.0,4000,28.0,standard_28,116.75,strict_group,636.0,74.75,60.75,42.0,0.35974304068522484,56.0,0.4796573875802998,True,True,True
9461,0,0.3880721213220402,0.08432859071554678,CEMEX,Livingston Plant,AL,Southeastern Region,filler,3000.0,3000,28.0,standard_28,113.33333333333333,strict_group,44.0,117.25,105.0,0.0,0.0,8.333333333333329,0.07352941176470584,True,False,False
2022,0,0.3875704838711196,0.08432859071554678,Bonded Concrete Inc. / The Clemente Group,Pleasant Valley Plant,NY,Eastern Region,other_or_unspecified,3500.0,3500,28.0,standard_28,104.85714285714286,strict_group,117.0,95.71428571428571,84.05714285714286,9.142857142857153,0.08719346049046331,20.799999999999997,0.19836512261580377,True,False,False
22113,0,0.3847267228184928,0.08432859071554678,Conewago Manufacturing,Conewago Manufacturing Plant,PA,Eastern Region,filler,3000.0,3000,28.0,standard_28,110.0,strict_group,28.0,94.5,30.75,15.5,0.1409090909090909,79.25,0.7204545454545455,True,True,False
16178,0,0.3845659851689588,0.08432859071554678,CEMEX,Winter Park Plant,FL,Southeastern Region,other_or_unspecified,3000.0,3000,28.0,standard_28,118.0,strict_group,701.0,91.66666666666667,82.66666666666667,26.33333333333333,0.22316384180790957,35.33333333333333,0.29943502824858753,True,True,True
33727,1,0.3827968902438468,0.08432859071554678,Knife River Corporation,McMinnville (Oregon) Plant,OR,Pacific Northwest Region,other_or_unspecified,3000.0,3000,28.0,standard_28,138.33333333333334,strict_group,395.0,71.0,64.13333333333334,67.33333333333334,0.48674698795180726,74.2,0.5363855421686747,True,True,True
8289,0,0.3813001358691372,0.08432859071554678,CEMEX,Habersham Plant,GA,Southeastern Region,other_or_unspecified,4000.0,4000,28.0,standard_28,118.25,strict_group,440.0,77.6875,69.75,40.5625,0.3430232558139535,48.5,0.41014799154334036,True,True,True
4539,1,0.380785829214527,0.08432859071554678,"Callanan Industries, Inc.",Port of Albany Plant,NY,Eastern Region,other_or_unspecified,3000.0,3000,28.0,standard_28,125.66666666666667,strict_group,295.0,91.33333333333333,79.06666666666668,34.33333333333334,0.2732095490716181,46.599999999999994,0.3708222811671087,True,True,True
5911,1,0.379435185387415,0.08432859071554678,CEMEX,Brewton Plant,AL,Southeastern Region,other_or_unspecified,2500.0,2500,28.0,standard_28,137.6,strict_group,212.0,92.7,82.88,44.89999999999999,0.3263081395348837,54.72,0.3976744186046512,True,True,True
33745,1,0.3790552339834098,0.08432859071554678,Knife River Corporation,McMinnville (Oregon) Plant,OR,Pacific Northwest Region,hardscape,3300.0,3500,28.0,standard_28,156.66666666666669,strict_group,9.0,82.85714285714286,80.11428571428571,73.80952380952382,0.4711246200607903,76.55238095238097,0.48863221884498487,True,True,True
44162,0,0.3789969996914258,0.08432859071554678,Tec-Crete Transit Mix Corp.,Long Island City Plant,NY,Eastern Region,other_or_unspecified,4000.0,4000,28.0,standard_28,108.0,strict_group,636.0,74.75,60.75,33.25,0.30787037037037035,47.25,0.4375,True,True,True
12065,1,0.3787159597228557,0.08432859071554678,CEMEX,Pembroke Pines Plant,FL,Southeastern Region,other_or_unspecified,3000.0,3000,28.0,standard_28,127.66666666666667,strict_group,701.0,91.66666666666667,82.66666666666667,36.0,0.2819843342036553,45.0,0.3524804177545692,True,True,True
6147,0,0.3786129533988888,0.08432859071554678,CEMEX,Card Sound Mine Plant,FL,Southeastern Region,other_or_unspecified,2500.0,2500,28.0,standard_28,102.4,strict_group,212.0,92.7,82.88,9.700000000000003,0.09472656250000003,19.52000000000001,0.1906250000000001,True,False,False
46801,0,0.3775843078827475,0.08432859071554678,US Concrete Mix / Smyrna Ready Mix,Long Island City Plant,NY,Eastern Region,other_or_unspecified,5000.0,5000,28.0,standard_28,108.4,strict_group,282.0,69.05,57.839999999999996,39.35000000000001,0.3630073800738008,50.56000000000001,0.46642066420664213,True,True,True
33775,0,0.3761475245021228,0.08432859071554678,Knife River Corporation,Nampa (Idaho) Plant,ID,Pacific Northwest Region,other_or_unspecified,3000.0,3000,28.0,standard_28,118.33333333333333,strict_group,395.0,71.0,64.13333333333334,47.33333333333333,0.39999999999999997,54.19999999999999,0.45802816901408444,True,True,True
41350,0,0.3757141519611873,0.08432859071554678,"Prairie Material, LLC",Yard 32 Plant,IL,Great Lakes Region,other_or_unspecified,2000.0,2000,28.0,standard_28,98.0,national_spec_group,44.0,106.75,96.6,0.0,0.0,1.4000000000000057,0.014285714285714344,True,False,False
2016,0,0.3746091041268155,0.08432859071554678,Bonded Concrete Inc. / The Clemente Group,Pleasant Valley Plant,NY,Eastern Region,other_or_unspecified,3000.0,3000,28.0,standard_28,100.33333333333333,strict_group,295.0,91.33333333333333,79.06666666666668,9.0,0.08970099667774087,21.26666666666665,0.2119601328903653,True,False,False
5129,1,0.3705991200586943,0.08432859071554678,CEMEX,Andalusia Plant,AL,Southeastern Region,other_or_unspecified,3000.0,3000,28.0,standard_28,126.0,strict_group,701.0,91.66666666666667,82.66666666666667,34.33333333333333,0.27248677248677244,43.33333333333333,0.3439153439153439,True,True,True
33990,1,0.3701850729890553,0.08432859071554678,Knife River Corporation,Woodburn (Oregon) Plant,OR,Pacific Northwest Region,other_or_unspecified,3500.0,3500,28.0,standard_28,130.0,strict_group,339.0,68.59126984126985,58.0,61.40873015873015,0.4723748473748473,72.0,0.5538461538461539,True,True,True
33957,0,0.3696063687441797,0.08432859071554678,Knife River Corporation,Wheatland (Oregon) Plant,OR,Pacific Northwest Region,other_or_unspecified,3500.0,3500,28.0,standard_28,122.0,strict_group,339.0,68.59126984126985,58.0,53.40873015873015,0.43777647671090286,64.0,0.5245901639344263,True,True,True
516,0,0.3651987614272965,0.08432859071554678,American Rock Products (ARP),Hermiston Plant,OR,Pacific Northwest Region,filler,3000.0,3000,28.0,standard_28,106.66666666666667,strict_group,16.0,106.91666666666667,89.33333333333334,0.0,0.0,17.33333333333333,0.16249999999999995,True,False,False
33959,1,0.3641605745607832,0.08432859071554678,Knife River Corporation,Wheatland (Oregon) Plant,OR,Pacific Northwest Region,other_or_unspecified,3500.0,3500,28.0,standard_28,126.57142857142857,strict_group,339.0,68.59126984126985,58.0,57.98015873015872,0.45808251818409823,68.57142857142857,0.5417607223476298,True,True,True
40064,0,0.3636636304291755,0.08432859071554678,National Ready Mix,Vernon Plant,CA,Pacific Southwest Region,other_or_unspecified,3000.0,3000,28.0,standard_28,123.0,strict_group,89.0,92.0,80.53333333333333,31.0,0.25203252032520324,42.46666666666667,0.3452574525745258,True,True,True
11543,0,0.3628384666273893,0.08432859071554678,CEMEX,Oldsmar Plant,FL,Southeastern Region,other_or_unspecified,2500.0,2500,28.0,standard_28,121.6,strict_group,212.0,92.7,82.88,28.89999999999999,0.23766447368421048,38.72,0.31842105263157894,True,True,True
33938,1,0.3621350937092457,0.08432859071554678,Knife River Corporation,Tumalo (Oregon) Plant,OR,Pacific Northwest Region,paving,4000.0,4000,28.0,standard_28,149.75,strict_group,74.0,64.4375,54.825,85.3125,0.5696994991652755,94.925,0.6338898163606009,True,True,True
33558,0,0.3618885567323996,0.08432859071554678,Knife River Corporation,Corvallis (Oregon) Plant,OR,Pacific Northwest Region,other_or_unspecified,3000.0,3000,28.0,standard_28,121.66666666666667,strict_group,395.0,71.0,64.13333333333334,50.66666666666667,0.41643835616438357,57.53333333333333,0.4728767123287671,True,True,True
43214,1,0.3609305946115293,0.08432859071554678,Silvi Materials,Philadelphia Plant,PA,Eastern Region,other_or_unspecified,3000.0,3000,28.0,standard_28,132.33333333333334,strict_group,295.0,91.33333333333333,79.06666666666668,41.000000000000014,0.3098236775818641,53.266666666666666,0.4025188916876574,True,True,True
11603,0,0.359404870250134,0.08432859071554678,CEMEX,Orange City Plant,FL,Southeastern Region,other_or_unspecified,2500.0,2500,28.0,standard_28,98.4,strict_group,212.0,92.7,82.88,5.700000000000003,0.05792682926829271,15.52000000000001,0.15772357723577246,True,False,False
42894,0,0.358056315016857,0.08432859071554678,Silvi Materials,Englishtown Plant,NJ,Eastern Region,other_or_unspecified,3000.0,3000,28.0,standard_28,119.66666666666667,strict_group,295.0,91.33333333333333,79.06666666666668,28.333333333333343,0.23676880222841232,40.599999999999994,0.33927576601671305,True,True,True
13180,1,0.3571482106566099,0.08432859071554678,CEMEX,Port Charlotte Plant,FL,Southeastern Region,other_or_unspecified,3000.0,3000,28.0,standard_28,130.66666666666666,strict_group,701.0,91.66666666666667,82.66666666666667,38.999999999999986,0.29846938775510196,47.999999999999986,0.3673469387755101,True,True,True
16301,1,0.3534447227130679,0.08432859071554678,CEMEX,Zephyrhills Plant,FL,Southeastern Region,other_or_unspecified,3000.0,3000,28.0,standard_28,139.33333333333334,strict_group,701.0,91.66666666666667,82.66666666666667,47.66666666666667,0.34210526315789475,56.66666666666667,0.40669856459330145,True,True,True
43172,0,0.3533204598325803,0.08432859071554678,Silvi Materials,Morrisville Plant,PA,Eastern Region,filler,4000.0,4000,28.0,standard_28,118.0,strict_group,83.0,88.0,68.55,30.0,0.2542372881355932,49.45,0.4190677966101695,True,True,True
33975,0,0.3521148085593573,0.08432859071554678,Knife River Corporation,Wheatland (Oregon) Plant,OR,Pacific Northwest Region,other_or_unspecified,4000.0,4000,28.0,standard_28,117.75,strict_group,579.0,63.25,56.7,54.5,0.46284501061571126,61.05,0.5184713375796178,True,True,True
13177,0,0.3500134313718282,0.08432859071554678,CEMEX,Port Charlotte Plant,FL,Southeastern Region,other_or_unspecified,2500.0,2500,28.0,standard_28,106.8,strict_group,212.0,92.7,82.88,14.099999999999994,0.13202247191011232,23.92,0.22397003745318353,True,True,False
3788,0,0.3496045947849219,0.08432859071554678,Cadman / Heidelberg Materials,Port of Portland Plant,OR,Pacific Northwest Region,other_or_unspecified,2000.0,2000,28.0,standard_28,123.0,strict_group,14.0,122.625,99.0,0.375,0.003048780487804878,24.0,0.1951219512195122,True,False,False
5758,0,0.3489030224680782,0.08432859071554678,CEMEX,Berth 150 Plant,FL,Southeastern Region,other_or_unspecified,3000.0,3000,28.0,standard_28,123.33333333333333,strict_group,701.0,91.66666666666667,82.66666666666667,31.666666666666657,0.2567567567567567,40.66666666666666,0.3297297297297297,True,True,True
30797,1,0.3488922626332668,0.08432859071554678,Four Winds Concrete Inc.,Windgap Plant,PA,Eastern Region,other_or_unspecified,2500.0,2500,28.0,standard_28,125.6,strict_group,18.0,103.4,78.72,22.19999999999999,0.1767515923566878,46.879999999999995,0.3732484076433121,True,True,False
33568,1,0.3482481391373881,0.08432859071554678,Knife River Corporation,Corvallis (Oregon) Plant,OR,Pacific Northwest Region,paving,3300.0,3500,28.0,standard_28,126.66666666666667,strict_group,24.0,76.96969696969697,61.70562770562771,49.6969696969697,0.39234449760765555,64.96103896103895,0.5128503075871496,True,True,True
43051,1,0.3468955621287663,0.08432859071554678,Silvi Materials,Limerick Plant,PA,Eastern Region,filler,3500.0,3500,28.0,standard_28,150.28571428571428,strict_group,21.0,108.28571428571429,99.14285714285714,41.999999999999986,0.27946768060836497,51.14285714285714,0.34030418250950567,True,True,True
3243,1,0.3467293894172794,0.08432859071554678,Cadman / Heidelberg Materials,Orchards Plant,WA,Pacific Northwest Region,other_or_unspecified,2000.0,2000,28.0,standard_28,127.5,strict_group,14.0,122.625,99.0,4.875,0.03823529411764706,28.5,0.2235294117647059,True,False,False
2696,0,0.3444867077103499,0.08432859071554678,Cadman / Heidelberg Materials,Foster Road Plant,OR,Pacific Northwest Region,other_or_unspecified,2200.0,2000,28.0,standard_28,100.9090909090909,strict_group,14.0,122.625,99.0,0.0,0.0,1.9090909090909065,0.018918918918918892,True,False,False
41851,0,0.3438811474811439,0.08432859071554678,RiverBend Materials,Hilroy Plant,OR,Pacific Northwest Region,other_or_unspecified,4000.0,4000,28.0,standard_28,89.0,strict_group,579.0,63.25,56.7,25.75,0.2893258426966292,32.3,0.3629213483146067,True,True,True
15713,0,0.3430509439852434,0.08432859071554678,CEMEX,Vance Plant,AL,Southeastern Region,other_or_unspecified,3000.0,3000,28.0,standard_28,102.33333333333333,strict_group,701.0,91.66666666666667,82.66666666666667,10.666666666666657,0.10423452768729632,19.666666666666657,0.1921824104234527,True,True,False
4518,0,0.3428378952306647,0.08432859071554678,"Callanan Industries, Inc.",Oriskany Plant,NY,Eastern Region,other_or_unspecified,3000.0,3000,28.0,standard_28,103.66666666666667,strict_group,295.0,91.33333333333333,79.06666666666668,12.333333333333343,0.11897106109324768,24.599999999999994,0.23729903536977484,True,True,False
42907,0,0.3427074481530699,0.08432859071554678,Silvi Materials,Englishtown Plant,NJ,Eastern Region,other_or_unspecified,3500.0,3500,28.0,standard_28,122.28571428571429,strict_group,117.0,95.71428571428571,84.05714285714286,26.571428571428584,0.2172897196261683,38.22857142857143,0.3126168224299065,True,True,True
33743,1,0.341031836818525,0.08432859071554678,Knife River Corporation,McMinnville (Oregon) Plant,OR,Pacific Northwest Region,other_or_unspecified,3500.0,3500,28.0,standard_28,137.42857142857142,strict_group,339.0,68.59126984126985,58.0,68.83730158730157,0.5008951258951257,79.42857142857142,0.5779625779625779,True,True,True
4578,0,0.3399297736821931,0.08432859071554678,Cape Cod Ready Mix,Carver Plant,MA,Eastern Region,other_or_unspecified,3000.0,3000,28.0,standard_28,109.0,strict_group,295.0,91.33333333333333,79.06666666666668,17.66666666666667,0.16207951070336396,29.933333333333323,0.274617737003058,True,True,False
42357,0,0.33948286997721,0.08432859071554678,Robertson's Ready Mix,Gardena Plant,CA,Pacific Southwest Region,other_or_unspecified,3250.0,3000,28.0,standard_28,107.6923076923077,strict_group,89.0,92.0,80.53333333333333,15.692307692307693,0.1457142857142857,27.158974358974362,0.25219047619047624,True,True,False
15716,0,0.3390743839398359,0.08432859071554678,CEMEX,Vance Plant,AL,Southeastern Region,other_or_unspecified,3000.0,3000,28.0,standard_28,106.33333333333333,strict_group,701.0,91.66666666666667,82.66666666666667,14.666666666666657,0.13793103448275854,23.666666666666657,0.22257053291536041,True,True,False
5142,0,0.3376699755823761,0.08432859071554678,CEMEX,Andalusia Plant,AL,Southeastern Region,paving,4000.0,4000,28.0,standard_28,112.75,strict_group,22.0,79.8125,75.8,32.9375,0.29212860310421285,36.95,0.32771618625277166,True,True,True
40649,1,0.3375049084028388,0.08432859071554678,New Enterprise Stone & Lime,"Barton Road, NY Plant",NY,Eastern Region,other_or_unspecified,2000.0,2000,28.0,standard_28,130.0,strict_group,11.0,124.0,93.5,6.0,0.046153846153846156,36.5,0.28076923076923077,True,False,False
40687,1,0.3375049084028388,0.08432859071554678,New Enterprise Stone & Lime,"Gateway, NY Plant",NY,Eastern Region,other_or_unspecified,2000.0,2000,28.0,standard_28,132.5,strict_group,11.0,124.0,93.5,8.5,0.06415094339622641,39.0,0.2943396226415094,True,False,False
6501,0,0.336422028069557,0.08432859071554678,CEMEX,Columbus - Smith Rd (Vulcan Quarry) Plant,GA,Southeastern Region,other_or_unspecified,3000.0,3000,28.0,standard_28,100.33333333333333,strict_group,701.0,91.66666666666667,82.66666666666667,8.666666666666657,0.08637873754152815,17.666666666666657,0.176079734219269,True,False,False
44149,0,0.3361792922868524,0.08432859071554678,Tec-Crete Transit Mix Corp.,Jamaica Plant,NY,Eastern Region,other_or_unspecified,3500.0,3500,28.0,standard_28,112.28571428571429,strict_group,117.0,95.71428571428571,84.05714285714286,16.571428571428584,0.1475826972010179,28.228571428571428,0.25139949109414755,True,True,False
6148,0,0.3355792719110788,0.08432859071554678,CEMEX,Card Sound Mine Plant,FL,Southeastern Region,other_or_unspecified,3000.0,3000,28.0,standard_28,105.33333333333333,strict_group,701.0,91.66666666666667,82.66666666666667,13.666666666666657,0.1297468354430379,22.666666666666657,0.21518987341772144,True,True,False
43232,0,0.3344528023157842,0.08432859071554678,Silvi Materials,Philadelphia Plant,PA,Eastern Region,filler,3000.0,3000,28.0,standard_28,113.66666666666667,strict_group,28.0,94.5,30.75,19.16666666666667,0.16862170087976544,82.91666666666667,0.7294721407624634,True,True,False
43271,0,0.3320392652446759,0.08432859071554678,Silvi Materials,Philadelphia Plant,PA,Eastern Region,filler,4000.0,4000,28.0,standard_28,118.75,strict_group,83.0,88.0,68.55,30.75,0.25894736842105265,50.2,0.4227368421052632,True,True,True
33776,0,0.3290746853226967,0.08432859071554678,Knife River Corporation,Nampa (Idaho) Plant,ID,Pacific Northwest Region,other_or_unspecified,3000.0,3000,28.0,standard_28,118.33333333333333,strict_group,395.0,71.0,64.13333333333334,47.33333333333333,0.39999999999999997,54.19999999999999,0.45802816901408444,True,True,True
15147,0,0.3287028401911972,0.08432859071554678,CEMEX,Sweetwater Plant,FL,Southeastern Region,other_or_unspecified,3000.0,3000,28.0,standard_28,103.66666666666667,strict_group,701.0,91.66666666666667,82.66666666666667,12.0,0.1157556270096463,21.0,0.20257234726688103,True,True,False
43121,0,0.3270471293766685,0.08432859071554678,Silvi Materials,Logan Plant,NJ,Eastern Region,other_or_unspecified,3000.0,3000,28.0,standard_28,116.0,strict_group,295.0,91.33333333333333,79.06666666666668,24.66666666666667,0.21264367816091959,36.93333333333332,0.3183908045977011,True,True,True
43352,1,0.3270471293766685,0.08432859071554678,Silvi Materials,South Plainfield Plant,NJ,Eastern Region,other_or_unspecified,3000.0,3000,28.0,standard_28,124.0,strict_group,295.0,91.33333333333333,79.06666666666668,32.66666666666667,0.2634408602150538,44.93333333333332,0.36236559139784935,True,True,True
33594,1,0.3266169727300523,0.08432859071554678,Knife River Corporation,Eugene (Oregon) Plant,OR,Pacific Northwest Region,other_or_unspecified,3000.0,3000,3.0,early,171.66666666666666,strict_group,10.0,148.91666666666669,122.13333333333333,22.74999999999997,0.13252427184466004,49.53333333333333,0.2885436893203884,True,True,False
30806,0,0.3263245748071048,0.08432859071554678,Four Winds Concrete Inc.,Windgap Plant,PA,Eastern Region,other_or_unspecified,3500.0,3500,28.0,standard_28,101.71428571428571,strict_group,117.0,95.71428571428571,84.05714285714286,6.0,0.058988764044943826,17.657142857142844,0.1735955056179774,True,False,False
5912,1,0.3261392945996358,0.08432859071554678,CEMEX,Brewton Plant,AL,Southeastern Region,other_or_unspecified,3000.0,3000,28.0,standard_28,124.33333333333333,strict_group,701.0,91.66666666666667,82.66666666666667,32.66666666666666,0.2627345844504021,41.66666666666666,0.33512064343163533,True,True,True
30435,0,0.3242093375013114,0.08432859071554678,Elizabeth River Concrete,Portsmouth Virginia Plant,VA,Eastern Region,other_or_unspecified,3000.0,3000,28.0,standard_28,100.66666666666667,strict_group,295.0,91.33333333333333,79.06666666666668,9.333333333333343,0.09271523178807956,21.599999999999994,0.214569536423841,True,False,False
5936,1,0.3240120077378413,0.08432859071554678,CEMEX,Bristol Plant,VA,Eastern Region,hardscape,3000.0,3000,28.0,standard_28,126.66666666666667,national_spec_group,50.0,91.08333333333333,85.2,35.58333333333334,0.280921052631579,41.46666666666667,0.3273684210526316,True,True,True
8587,0,0.3230810311817004,0.08432859071554678,CEMEX,Industrial Park Rd (Cartersville - RMUSA) Plant,GA,Southeastern Region,other_or_unspecified,3000.0,3000,28.0,standard_28,103.66666666666667,strict_group,701.0,91.66666666666667,82.66666666666667,12.0,0.1157556270096463,21.0,0.20257234726688103,True,True,False
3685,0,0.3229503605256561,0.08432859071554678,Cadman / Heidelberg Materials,Port of Portland Plant,OR,Pacific Northwest Region,other_or_unspecified,3000.0,3000,28.0,standard_28,77.66666666666667,strict_group,395.0,71.0,64.13333333333334,6.666666666666671,0.08583690987124469,13.533333333333331,0.17424892703862657,True,False,False
9457,0,0.3205530164176745,0.08432859071554678,CEMEX,Livingston Plant,AL,Southeastern Region,other_or_unspecified,3000.0,3000,28.0,standard_28,121.0,strict_group,701.0,91.66666666666667,82.66666666666667,29.33333333333333,0.24242424242424238,38.33333333333333,0.3168044077134986,True,True,True
2219,0,0.3191355300017074,0.08432859071554678,Boston Sand & Gravel,Southeastern Concrete Plant,MA,Eastern Region,other_or_unspecified,5000.0,5000,28.0,standard_28,104.4,strict_group,282.0,69.05,57.839999999999996,35.35000000000001,0.3386015325670499,46.56000000000001,0.44597701149425295,True,True,True
9897,1,0.3180303591944572,0.08432859071554678,CEMEX,McIntosh Plant,FL,Southeastern Region,other_or_unspecified,2500.0,2500,28.0,standard_28,124.4,strict_group,212.0,92.7,82.88,31.700000000000003,0.25482315112540194,41.52000000000001,0.33376205787781354,True,True,True
2575,0,0.317991076402536,0.08432859071554678,Cadman / Heidelberg Materials,Foster Road Plant,OR,Pacific Northwest Region,other_or_unspecified,3000.0,3000,28.0,standard_28,78.0,strict_group,395.0,71.0,64.13333333333334,7.0,0.08974358974358974,13.86666666666666,0.1777777777777777,True,False,False
15273,0,0.3167901075156809,0.08432859071554678,CEMEX,Tremont Plant,CA,Pacific Southwest Region,other_or_unspecified,4000.0,4000,28.0,standard_28,106.0,strict_group,111.0,78.25,69.0,27.75,0.2617924528301887,37.0,0.3490566037735849,True,True,True
13435,0,0.3164112284471973,0.08432859071554678,CEMEX,Rome Plant,GA,Southeastern Region,hardscape,3000.0,3000,28.0,standard_28,117.0,strict_group,42.0,90.75,85.43333333333332,26.25,0.22435897435897437,31.566666666666677,0.2698005698005699,True,True,True
4844,0,0.3142656348732796,0.08432859071554678,CEMEX,56th Street Plant,FL,Southeastern Region,other_or_unspecified,3000.0,3000,28.0,standard_28,106.0,strict_group,701.0,91.66666666666667,82.66666666666667,14.333333333333329,0.13522012578616346,23.33333333333333,0.22012578616352196,True,True,False
33734,1,0.313472244677808,0.08432859071554678,Knife River Corporation,McMinnville (Oregon) Plant,OR,Pacific Northwest Region,other_or_unspecified,3500.0,3500,28.0,standard_28,148.57142857142858,strict_group,339.0,68.59126984126985,58.0,79.98015873015873,0.5383279914529915,90.57142857142858,0.6096153846153847,True,True,True
7601,1,0.3132584220637218,0.08432859071554678,CEMEX,Eastport Plant,FL,Southeastern Region,other_or_unspecified,3000.0,3000,28.0,standard_28,129.33333333333334,strict_group,701.0,91.66666666666667,82.66666666666667,37.66666666666667,0.2912371134020619,46.66666666666667,0.36082474226804123,True,True,True
33583,0,0.3120036584580244,0.08432859071554678,Knife River Corporation,Corvallis (Oregon) Plant,OR,Pacific Northwest Region,other_or_unspecified,3500.0,3500,28.0,standard_28,114.0,strict_group,339.0,68.59126984126985,58.0,45.40873015873015,0.3983221943748259,56.0,0.49122807017543857,True,True,True
33989,1,0.3110733685135879,0.08432859071554678,Knife River Corporation,Woodburn (Oregon) Plant,OR,Pacific Northwest Region,other_or_unspecified,3500.0,3500,28.0,standard_28,135.14285714285714,strict_group,339.0,68.59126984126985,58.0,66.55158730158729,0.4924536058256988,77.14285714285714,0.5708245243128964,True,True,True
15197,0,0.3105148947069743,0.08432859071554678,CEMEX,Temecula Plant,CA,Pacific Southwest Region,other_or_unspecified,4000.0,4000,28.0,standard_28,113.75,strict_group,111.0,78.25,69.0,35.5,0.3120879120879121,44.75,0.3934065934065934,True,True,True
5534,1,0.3100930932032371,0.08432859071554678,CEMEX,Auburndale Plant,FL,Southeastern Region,other_or_unspecified,3000.0,3000,28.0,standard_28,135.0,strict_group,701.0,91.66666666666667,82.66666666666667,43.33333333333333,0.32098765432098764,52.33333333333333,0.3876543209876543,True,True,True
33970,1,0.3094366682709858,0.08432859071554678,Knife River Corporation,Wheatland (Oregon) Plant,OR,Pacific Northwest Region,hardscape,3300.0,3500,28.0,standard_28,140.0,strict_group,9.0,82.85714285714286,80.11428571428571,57.14285714285714,0.4081632653061224,59.885714285714286,0.42775510204081635,True,True,True
9296,0,0.3068346105753021,0.08432859071554678,CEMEX,Lawrenceville Plant,GA,Southeastern Region,hardscape,3000.0,3000,28.0,standard_28,112.33333333333333,strict_group,42.0,90.75,85.43333333333332,21.58333333333333,0.19213649851632045,26.900000000000006,0.23946587537091993,True,True,False
43138,0,0.3064732992460073,0.08432859071554678,Silvi Materials,Morrisville Plant,PA,Eastern Region,other_or_unspecified,3000.0,3000,28.0,standard_28,118.33333333333333,strict_group,295.0,91.33333333333333,79.06666666666668,27.0,0.22816901408450704,39.26666666666665,0.3318309859154928,True,True,True
9042,1,0.3058642285284465,0.08432859071554678,CEMEX,LaBelle 1 Plant,FL,Southeastern Region,other_or_unspecified,3000.0,3000,28.0,standard_28,128.33333333333334,strict_group,701.0,91.66666666666667,82.66666666666667,36.66666666666667,0.28571428571428575,45.66666666666667,0.35584415584415585,True,True,True
45134,0,0.3049913512209514,0.08432859071554678,Titan Virginia Ready-Mix,Chesterfield Plant,VA,Eastern Region,other_or_unspecified,5000.0,5000,28.0,standard_28,78.8,strict_group,282.0,69.05,57.839999999999996,9.75,0.12373096446700509,20.96,0.2659898477157361,True,True,False
44855,0,0.3049913512209514,0.08432859071554678,Titan Virginia Ready-Mix,Bryan Park Plant,VA,Eastern Region,other_or_unspecified,5000.0,5000,28.0,standard_28,81.8,strict_group,282.0,69.05,57.839999999999996,12.75,0.1558679706601467,23.96,0.29290953545232273,True,True,False
4496,0,0.3039990948325394,0.08432859071554678,"Callanan Industries, Inc.",Latham Plant,NY,Eastern Region,other_or_unspecified,3500.0,3500,28.0,standard_28,114.28571428571429,strict_group,117.0,95.71428571428571,84.05714285714286,18.571428571428584,0.1625000000000001,30.228571428571428,0.26449999999999996,True,True,False
4494,0,0.3039990948325394,0.08432859071554678,"Callanan Industries, Inc.",Latham Plant,NY,Eastern Region,other_or_unspecified,3500.0,3500,28.0,standard_28,115.71428571428571,strict_group,117.0,95.71428571428571,84.05714285714286,20.0,0.17283950617283952,31.657142857142844,0.2735802469135801,True,True,False
34713,0,0.3031267917294942,0.08432859071554678,Milpitas Materials Co,Milpitas Plant,CA,Pacific Southwest Region,other_or_unspecified,3000.0,3000,28.0,standard_28,116.0,strict_group,89.0,92.0,80.53333333333333,24.0,0.20689655172413793,35.46666666666667,0.30574712643678165,True,True,True
3804,0,0.3005897723222036,0.08432859071554678,Cadman / Heidelberg Materials,Port of Portland Plant,OR,Pacific Northwest Region,other_or_unspecified,2200.0,2000,28.0,standard_28,98.18181818181817,strict_group,14.0,122.625,99.0,0.0,0.0,0.0,0.0,True,False,False
5104,0,0.2990121786283098,0.08432859071554678,CEMEX,Andalusia Plant,AL,Southeastern Region,other_or_unspecified,3000.0,3000,28.0,standard_28,110.66666666666667,strict_group,701.0,91.66666666666667,82.66666666666667,19.0,0.1716867469879518,28.0,0.25301204819277107,True,True,False
7547,0,0.2983751221608473,0.08432859071554678,CEMEX,East Plant/East Naples/East Trail Plant,FL,Southeastern Region,other_or_unspecified,2500.0,2500,28.0,standard_28,108.8,strict_group,212.0,92.7,82.88,16.099999999999994,0.14797794117647053,25.92,0.23823529411764707,True,True,False
16139,0,0.2958644508619196,0.08432859071554678,CEMEX,Winfield Plant,AL,Southeastern Region,other_or_unspecified,3000.0,3000,28.0,standard_28,108.0,strict_group,701.0,91.66666666666667,82.66666666666667,16.33333333333333,0.15123456790123452,25.33333333333333,0.23456790123456786,True,True,False
33608,1,0.2957015144839456,0.08432859071554678,Knife River Corporation,Eugene (Oregon) Plant,OR,Pacific Northwest Region,other_or_unspecified,3500.0,3500,28.0,standard_28,124.28571428571429,strict_group,339.0,68.59126984126985,58.0,55.69444444444444,0.4481162196679438,66.28571428571429,0.5333333333333333,True,True,True
33726,1,0.2955980291474696,0.08432859071554678,Knife River Corporation,McMinnville (Oregon) Plant,OR,Pacific Northwest Region,other_or_unspecified,3000.0,3000,28.0,standard_28,139.0,strict_group,395.0,71.0,64.13333333333334,68.0,0.4892086330935252,74.86666666666666,0.5386091127098321,True,True,True
43054,0,0.2948420404515373,0.08432859071554678,Silvi Materials,Limerick Plant,PA,Eastern Region,other_or_unspecified,3500.0,3500,28.0,standard_28,113.42857142857143,strict_group,117.0,95.71428571428571,84.05714285714286,17.714285714285722,0.15617128463476077,29.371428571428567,0.2589420654911838,True,True,False
11552,0,0.2934712039900505,0.08432859071554678,CEMEX,Oldsmar Plant,FL,Southeastern Region,other_or_unspecified,3000.0,3000,28.0,standard_28,113.66666666666667,strict_group,701.0,91.66666666666667,82.66666666666667,22.0,0.1935483870967742,31.0,0.2727272727272727,True,True,False
42360,0,0.2923383805662731,0.08432859071554678,Robertson's Ready Mix,Gardena Plant,CA,Pacific Southwest Region,filler,3000.0,3000,28.0,standard_28,91.33333333333333,strict_group,12.0,92.5,91.39999999999999,0.0,0.0,0.0,0.0,True,False,False
33951,1,0.292310872064923,0.08432859071554678,Knife River Corporation,Wheatland (Oregon) Plant,OR,Pacific Northwest Region,other_or_unspecified,3000.0,3000,28.0,standard_28,124.0,strict_group,395.0,71.0,64.13333333333334,53.0,0.4274193548387097,59.86666666666666,0.4827956989247311,True,True,True
15467,0,0.290320156040097,0.08432859071554678,CEMEX,Tuscumbia (Dual) Plant,AL,Southeastern Region,other_or_unspecified,3000.0,3000,28.0,standard_28,109.66666666666667,strict_group,701.0,91.66666666666667,82.66666666666667,18.0,0.1641337386018237,27.0,0.24620060790273554,True,True,False
5943,0,0.2891516845641079,0.08432859071554678,CEMEX,Brooksville Plant,FL,Southeastern Region,other_or_unspecified,3000.0,3000,28.0,standard_28,105.0,strict_group,701.0,91.66666666666667,82.66666666666667,13.333333333333329,0.12698412698412695,22.33333333333333,0.21269841269841266,True,True,False
8216,0,0.2886422212650224,0.08432859071554678,CEMEX,Grand Parkway Plant,TX,South Central Region,other_or_unspecified,2000.0,2000,28.0,standard_28,96.0,strict_group,5.0,103.0,98.8,0.0,0.0,0.0,0.0,True,False,False
8594,0,0.2884185876662533,0.08432859071554678,CEMEX,Industrial Park Rd (Cartersville - RMUSA) Plant,GA,Southeastern Region,other_or_unspecified,3000.0,3000,28.0,standard_28,111.33333333333333,strict_group,701.0,91.66666666666667,82.66666666666667,19.666666666666657,0.17664670658682627,28.666666666666657,0.2574850299401197,True,True,False
9290,0,0.2872375399055871,0.08432859071554678,CEMEX,Lawrenceville Plant,GA,Southeastern Region,other_or_unspecified,2000.0,2000,28.0,standard_28,116.0,strict_group,9.0,114.0,97.9,2.0,0.017241379310344827,18.099999999999994,0.15603448275862064,True,False,False
2051,0,0.2865565033020281,0.08432859071554678,Boro Sand & Stone Corp,Boro Sand & Stone (Easton) Plant,MA,Eastern Region,other_or_unspecified,3000.0,3000,28.0,standard_28,112.66666666666667,strict_group,295.0,91.33333333333333,79.06666666666668,21.333333333333343,0.18934911242603558,33.599999999999994,0.29822485207100585,True,True,False
30805,0,0.2864245121601161,0.08432859071554678,Four Winds Concrete Inc.,Windgap Plant,PA,Eastern Region,other_or_unspecified,3500.0,3500,28.0,standard_28,116.57142857142857,strict_group,117.0,95.71428571428571,84.05714285714286,20.85714285714286,0.178921568627451,32.514285714285705,0.27892156862745093,True,True,False
42909,0,0.2852716816294159,0.08432859071554678,Silvi Materials,Englishtown Plant,NJ,Eastern Region,other_or_unspecified,3500.0,3500,28.0,standard_28,122.28571428571429,strict_group,117.0,95.71428571428571,84.05714285714286,26.571428571428584,0.2172897196261683,38.22857142857143,0.3126168224299065,True,True,True
42906,1,0.2852716816294159,0.08432859071554678,Silvi Materials,Englishtown Plant,NJ,Eastern Region,other_or_unspecified,3500.0,3500,28.0,standard_28,129.71428571428572,strict_group,117.0,95.71428571428571,84.05714285714286,34.000000000000014,0.262114537444934,45.65714285714286,0.3519823788546255,True,True,True
43008,0,0.2844075774409725,0.08432859071554678,Silvi Materials,Kingston Plant,NJ,Eastern Region,other_or_unspecified,3000.0,3000,28.0,standard_28,117.33333333333333,strict_group,295.0,91.33333333333333,79.06666666666668,26.0,0.2215909090909091,38.26666666666665,0.3261363636363635,True,True,True
43362,0,0.2844075774409725,0.08432859071554678,Silvi Materials,Southampton Plant,NJ,Eastern Region,other_or_unspecified,3000.0,3000,28.0,standard_28,122.0,strict_group,295.0,91.33333333333333,79.06666666666668,30.66666666666667,0.2513661202185793,42.93333333333332,0.35191256830601086,True,True,True
2800,1,0.2838897257743373,0.08432859071554678,Cadman / Heidelberg Materials,Foster Road Plant,OR,Pacific Northwest Region,filler,3000.0,3000,28.0,standard_28,135.66666666666666,strict_group,16.0,106.91666666666667,89.33333333333334,28.749999999999986,0.21191646191646182,46.333333333333314,0.3415233415233414,True,True,True
42344,0,0.2833766754467844,0.08432859071554678,Robertson's Ready Mix,Gardena Plant,CA,Pacific Southwest Region,other_or_unspecified,4000.0,4000,28.0,standard_28,117.75,strict_group,111.0,78.25,69.0,39.5,0.3354564755838641,48.75,0.4140127388535032,True,True,True
33956,0,0.2828271739290662,0.08432859071554678,Knife River Corporation,Wheatland (Oregon) Plant,OR,Pacific Northwest Region,other_or_unspecified,3500.0,3500,28.0,standard_28,114.57142857142857,strict_group,339.0,68.59126984126985,58.0,45.98015873015872,0.401323081185924,56.57142857142857,0.4937655860349127,True,True,True
12029,0,0.2804652250778317,0.08432859071554678,CEMEX,Panama City Beach - #2 Plant,FL,Southeastern Region,other_or_unspecified,3000.0,3000,28.0,standard_28,118.33333333333333,strict_group,701.0,91.66666666666667,82.66666666666667,26.666666666666657,0.22535211267605626,35.66666666666666,0.3014084507042253,True,True,True
33417,0,0.2801149867854262,0.08432859071554678,Kirkpatrick Concrete,Highway 280 Plant,AL,Southeastern Region,other_or_unspecified,2500.0,2500,28.0,standard_28,97.2,strict_group,212.0,92.7,82.88,4.5,0.046296296296296294,14.320000000000007,0.1473251028806585,True,False,False
33439,0,0.2801149867854262,0.08432859071554678,Kirkpatrick Concrete,Lakeshore Plant,AL,Southeastern Region,other_or_unspecified,2500.0,2500,28.0,standard_28,95.2,strict_group,212.0,92.7,82.88,2.5,0.026260504201680673,12.320000000000007,0.12941176470588242,True,False,False
33395,0,0.2801149867854262,0.08432859071554678,Kirkpatrick Concrete,Gardendale Plant,AL,Southeastern Region,other_or_unspecified,2500.0,2500,28.0,standard_28,97.6,strict_group,212.0,92.7,82.88,4.8999999999999915,0.0502049180327868,14.719999999999999,0.15081967213114753,True,False,False
33352,0,0.2801149867854262,0.08432859071554678,Kirkpatrick Concrete,Alabaster Plant,AL,Southeastern Region,other_or_unspecified,2500.0,2500,28.0,standard_28,102.4,strict_group,212.0,92.7,82.88,9.700000000000003,0.09472656250000003,19.52000000000001,0.1906250000000001,True,False,False
30632,0,0.2796741287250438,0.08432859071554678,F&F Concrete,F&F Concrete Plant,CT,Eastern Region,other_or_unspecified,5000.0,5000,28.0,standard_28,117.0,strict_group,282.0,69.05,57.839999999999996,47.95,0.40982905982905987,59.160000000000004,0.5056410256410256,True,True,True
43196,1,0.2784346292896547,0.08432859071554678,Silvi Materials,Morrisville Plant,PA,Eastern Region,filler,4000.0,4000,28.0,standard_28,125.5,strict_group,83.0,88.0,68.55,37.5,0.29880478087649404,56.95,0.45378486055776895,True,True,True
43195,1,0.2784346292896547,0.08432859071554678,Silvi Materials,Morrisville Plant,PA,Eastern Region,filler,4000.0,4000,28.0,standard_28,125.5,strict_group,83.0,88.0,68.55,37.5,0.29880478087649404,56.95,0.45378486055776895,True,True,True
46071,0,0.2781611494423034,0.08432859071554678,Tresca Brothers Concrete,One Plant,MA,Eastern Region,other_or_unspecified,3000.0,3000,28.0,standard_28,120.0,strict_group,295.0,91.33333333333333,79.06666666666668,28.66666666666667,0.23888888888888893,40.93333333333332,0.34111111111111103,True,True,True
11838,1,0.2777852555058997,0.08432859071554678,CEMEX,Palmetto Plant,FL,Southeastern Region,other_or_unspecified,3000.0,3000,28.0,standard_28,166.66666666666666,strict_group,701.0,91.66666666666667,82.66666666666667,74.99999999999999,0.44999999999999996,83.99999999999999,0.5039999999999999,True,True,True
46286,0,0.2768540873023915,0.08432859071554678,United Companies,Montrose Plant,CO,Rocky Mountains Region,filler,4000.0,4000,28.0,standard_28,90.5,strict_group,32.0,83.125,79.625,7.375,0.08149171270718232,10.875,0.12016574585635359,True,False,False
42899,1,0.276522474195676,0.08432859071554678,Silvi Materials,Englishtown Plant,NJ,Eastern Region,filler,3500.0,3500,28.0,standard_28,124.85714285714286,strict_group,21.0,108.28571428571429,99.14285714285714,16.57142857142857,0.13272311212814644,25.714285714285722,0.20594965675057214,True,True,False
15205,0,0.2754108489274849,0.08432859071554678,CEMEX,Thomasville Plant,AL,Southeastern Region,other_or_unspecified,3000.0,3000,28.0,standard_28,117.33333333333333,strict_group,701.0,91.66666666666667,82.66666666666667,25.666666666666657,0.21874999999999992,34.66666666666666,0.29545454545454536,True,True,True
15731,0,0.2751516817270562,0.08432859071554678,CEMEX,Walnut Plant,CA,Pacific Southwest Region,hardscape,2500.0,2500,28.0,standard_28,120.4,regional_strength_group,21.0,105.2,100.8,15.200000000000003,0.12624584717607976,19.60000000000001,0.16279069767441867,True,True,False
5025,1,0.2749187738227214,0.08432859071554678,CEMEX,Alexander City Plant,AL,Southeastern Region,other_or_unspecified,3000.0,3000,28.0,standard_28,132.0,strict_group,701.0,91.66666666666667,82.66666666666667,40.33333333333333,0.3055555555555555,49.33333333333333,0.3737373737373737,True,True,True
6485,0,0.2746987715083746,0.08432859071554678,CEMEX,Columbus - Smith Rd (Vulcan Quarry) Plant,GA,Southeastern Region,other_or_unspecified,3000.0,3000,28.0,standard_28,112.0,strict_group,701.0,91.66666666666667,82.66666666666667,20.33333333333333,0.181547619047619,29.33333333333333,0.26190476190476186,True,True,False
413,0,0.2743644119246872,0.08432859071554678,American Rock Products (ARP),Boardman Plant,OR,Pacific Northwest Region,filler,3000.0,3000,28.0,standard_28,101.0,strict_group,16.0,106.91666666666667,89.33333333333334,0.0,0.0,11.666666666666657,0.11551155115511542,True,False,False
2012,0,0.2728089619041557,0.08432859071554678,Bonded Concrete Inc. / The Clemente Group,Pleasant Valley Plant,NY,Eastern Region,other_or_unspecified,3000.0,3000,28.0,standard_28,95.33333333333333,strict_group,295.0,91.33333333333333,79.06666666666668,4.0,0.04195804195804196,16.26666666666665,0.17062937062937047,True,False,False
33922,0,0.2728016674625081,0.08432859071554678,Knife River Corporation,Tumalo (Oregon) Plant,OR,Pacific Northwest Region,other_or_unspecified,3000.0,3000,28.0,standard_28,112.33333333333333,strict_group,395.0,71.0,64.13333333333334,41.33333333333333,0.36795252225519287,48.19999999999999,0.4290801186943619,True,True,True
6530,0,0.2718715436576624,0.08432859071554678,CEMEX,Columbus - Smith Rd (Vulcan Quarry) Plant,GA,Southeastern Region,other_or_unspecified,3000.0,3000,28.0,standard_28,76.33333333333333,strict_group,701.0,91.66666666666667,82.66666666666667,0.0,0.0,0.0,0.0,True,False,False
6529,0,0.2718715436576624,0.08432859071554678,CEMEX,Columbus - Smith Rd (Vulcan Quarry) Plant,GA,Southeastern Region,other_or_unspecified,3000.0,3000,28.0,standard_28,80.33333333333333,strict_group,701.0,91.66666666666667,82.66666666666667,0.0,0.0,0.0,0.0,True,False,False
46117,0,0.2713530307139245,0.08432859071554678,United Companies,Crested Butte Plant,CO,Rocky Mountains Region,structural,3000.0,3000,28.0,standard_28,111.66666666666667,strict_group,10.0,71.33333333333333,71.16666666666666,40.33333333333334,0.36119402985074633,40.500000000000014,0.36268656716417924,True,True,True
4884,0,0.271318232044521,0.08432859071554678,CEMEX,56th Street Plant,FL,Southeastern Region,filler,3000.0,3000,28.0,standard_28,99.66666666666667,strict_group,44.0,117.25,105.0,0.0,0.0,0.0,0.0,True,False,False
42891,0,0.2710340295034665,0.08432859071554678,Silvi Materials,Downingtown Plant,PA,Eastern Region,other_or_unspecified,4000.0,4000,28.0,standard_28,29.25,strict_group,636.0,74.75,60.75,0.0,0.0,0.0,0.0,True,False,False
4553,0,0.2710184229877648,0.08432859071554678,Cape Cod Ready Mix,Carver Plant,MA,Eastern Region,filler,4000.0,4000,28.0,standard_28,121.25,strict_group,83.0,88.0,68.55,33.25,0.27422680412371137,52.7,0.434639175257732,True,True,True
33602,0,0.2707490225597291,0.08432859071554678,Knife River Corporation,Eugene (Oregon) Plant,OR,Pacific Northwest Region,other_or_unspecified,3000.0,3000,28.0,standard_28,122.33333333333333,strict_group,395.0,71.0,64.13333333333334,51.33333333333333,0.4196185286103542,58.19999999999999,0.47574931880108984,True,True,True
43222,0,0.2706628406249606,0.08432859071554678,Silvi Materials,Philadelphia Plant,PA,Eastern Region,other_or_unspecified,3000.0,3000,28.0,standard_28,121.0,strict_group,295.0,91.33333333333333,79.06666666666668,29.66666666666667,0.24517906336088158,41.93333333333332,0.346556473829201,True,True,True
40083,0,0.2684951242666009,0.08432859071554678,National Ready Mix,Vernon Plant,CA,Pacific Southwest Region,other_or_unspecified,4000.0,4000,28.0,standard_28,62.0,strict_group,111.0,78.25,69.0,0.0,0.0,0.0,0.0,True,False,False
9039,0,0.2682983412417014,0.08432859071554678,CEMEX,LaBelle 1 Plant,FL,Southeastern Region,other_or_unspecified,2500.0,2500,28.0,standard_28,102.4,strict_group,212.0,92.7,82.88,9.700000000000003,0.09472656250000003,19.52000000000001,0.1906250000000001,True,False,False
5141,1,0.2662995720526702,0.08432859071554678,CEMEX,Andalusia Plant,AL,Southeastern Region,other_or_unspecified,3000.0,3000,28.0,standard_28,124.66666666666667,strict_group,701.0,91.66666666666667,82.66666666666667,33.0,0.2647058823529412,42.0,0.33689839572192515,True,True,True
4663,0,0.2645142693920886,0.08432859071554678,Cape Cod Ready Mix,Sandwich Plant,MA,Eastern Region,other_or_unspecified,3000.0,3000,28.0,standard_28,106.66666666666667,strict_group,295.0,91.33333333333333,79.06666666666668,15.333333333333343,0.14375000000000007,27.599999999999994,0.2587499999999999,True,True,False
4591,0,0.2645142693920886,0.08432859071554678,Cape Cod Ready Mix,Dennis Plant,MA,Eastern Region,other_or_unspecified,3000.0,3000,28.0,standard_28,108.33333333333333,strict_group,295.0,91.33333333333333,79.06666666666668,17.0,0.15692307692307694,29.26666666666665,0.270153846153846,True,True,False
9306,1,0.2644894141411354,0.08432859071554678,CEMEX,Lecanto East Plant,FL,Southeastern Region,other_or_unspecified,3000.0,3000,28.0,standard_28,138.33333333333334,strict_group,701.0,91.66666666666667,82.66666666666667,46.66666666666667,0.3373493975903615,55.66666666666667,0.40240963855421685,True,True,True
3259,0,0.2635758757670381,0.08432859071554678,Cadman / Heidelberg Materials,Orchards Plant,WA,Pacific Northwest Region,other_or_unspecified,2200.0,2000,28.0,standard_28,85.0,strict_group,14.0,122.625,99.0,0.0,0.0,0.0,0.0,True,False,False
33574,1,0.2632684432140441,0.08432859071554678,Knife River Corporation,Corvallis (Oregon) Plant,OR,Pacific Northwest Region,other_or_unspecified,3500.0,3500,28.0,standard_28,136.0,strict_group,339.0,68.59126984126985,58.0,67.40873015873015,0.4956524276377217,78.0,0.5735294117647058,True,True,True
33918,0,0.2615199164417551,0.08432859071554678,Knife River Corporation,Tumalo (Oregon) Plant,OR,Pacific Northwest Region,other_or_unspecified,2500.0,2500,28.0,standard_28,96.8,strict_group,23.0,87.2,80.0,9.599999999999994,0.09917355371900821,16.799999999999997,0.17355371900826444,True,False,False
33998,1,0.2605882594613911,0.08432859071554678,Knife River Corporation,Woodburn (Oregon) Plant,OR,Pacific Northwest Region,other_or_unspecified,3500.0,3500,28.0,standard_28,130.85714285714286,strict_group,339.0,68.59126984126985,58.0,62.26587301587301,0.4758309073265405,72.85714285714286,0.5567685589519651,True,True,True
4520,0,0.2602011614269142,0.08432859071554678,"Callanan Industries, Inc.",Oriskany Plant,NY,Eastern Region,other_or_unspecified,3000.0,3000,28.0,standard_28,103.0,strict_group,295.0,91.33333333333333,79.06666666666668,11.666666666666671,0.11326860841423952,23.933333333333323,0.23236245954692547,True,True,False
1988,0,0.2601066904349421,0.08432859071554678,Bonded Concrete Inc. / The Clemente Group,Colonie Plant,NY,Eastern Region,other_or_unspecified,3500.0,3500,28.0,standard_28,90.85714285714286,strict_group,117.0,95.71428571428571,84.05714285714286,0.0,0.0,6.799999999999997,0.07484276729559745,True,False,False
42631,0,0.2595151441511716,0.08432859071554678,Schuster Concrete,Annapolis Junction Plant,MD,Eastern Region,other_or_unspecified,3000.0,3000,28.0,standard_28,84.0,strict_group,295.0,91.33333333333333,79.06666666666668,0.0,0.0,4.933333333333323,0.058730158730158605,True,False,False
5401,0,0.256517252205462,0.08432859071554678,CEMEX,Athens Plant,AL,Southeastern Region,other_or_unspecified,3000.0,3000,28.0,standard_28,110.33333333333333,strict_group,701.0,91.66666666666667,82.66666666666667,18.666666666666657,0.1691842900302114,27.666666666666657,0.25075528700906335,True,True,False
5110,1,0.2564754189299991,0.08432859071554678,CEMEX,Andalusia Plant,AL,Southeastern Region,other_or_unspecified,3000.0,3000,28.0,standard_28,124.33333333333333,strict_group,701.0,91.66666666666667,82.66666666666667,32.66666666666666,0.2627345844504021,41.66666666666666,0.33512064343163533,True,True,True
42624,0,0.2549614680180858,0.08432859071554678,Schuster Concrete,Annapolis Junction Plant,MD,Eastern Region,filler,3000.0,3000,28.0,standard_28,79.0,strict_group,28.0,94.5,30.75,0.0,0.0,48.25,0.6107594936708861,True,False,False
43323,0,0.2538489132449609,0.08432859071554678,Silvi Materials,Philadelphia Plant,PA,Eastern Region,other_or_unspecified,5000.0,5000,28.0,standard_28,111.4,strict_group,282.0,69.05,57.839999999999996,42.35000000000001,0.3801615798922801,53.56000000000001,0.48078994614003595,True,True,True
11444,0,0.2533076598759773,0.08432859071554678,CEMEX,Ocala West Plant,FL,Southeastern Region,other_or_unspecified,3000.0,3000,28.0,standard_28,97.66666666666667,strict_group,701.0,91.66666666666667,82.66666666666667,6.0,0.06143344709897611,15.0,0.15358361774744025,True,False,False
4625,1,0.2526217193659626,0.08432859071554678,Cape Cod Ready Mix,Orleans Plant,MA,Eastern Region,filler,4000.0,4000,28.0,standard_28,124.75,strict_group,83.0,88.0,68.55,36.75,0.29458917835671344,56.2,0.45050100200400806,True,True,True
15730,0,0.2517108261693835,0.08432859071554678,CEMEX,Walnut Plant,CA,Pacific Southwest Region,other_or_unspecified,3250.0,3000,28.0,standard_28,110.15384615384616,strict_group,89.0,92.0,80.53333333333333,18.15384615384616,0.16480446927374306,29.62051282051283,0.2689013035381751,True,True,False
33986,0,0.251424990445223,0.08432859071554678,Knife River Corporation,Woodburn (Oregon) Plant,OR,Pacific Northwest Region,other_or_unspecified,3500.0,3500,28.0,standard_28,122.57142857142857,strict_group,339.0,68.59126984126985,58.0,53.98015873015872,0.4403975653975653,64.57142857142857,0.5268065268065268,True,True,True
6491,0,0.2509416990270694,0.08432859071554678,CEMEX,Columbus - Smith Rd (Vulcan Quarry) Plant,GA,Southeastern Region,other_or_unspecified,2500.0,2500,28.0,standard_28,100.4,strict_group,212.0,92.7,82.88,7.700000000000003,0.0766932270916335,17.52000000000001,0.1745019920318726,True,False,False
33973,0,0.2508408199898666,0.08432859071554678,Knife River Corporation,Wheatland (Oregon) Plant,OR,Pacific Northwest Region,other_or_unspecified,4000.0,4000,28.0,standard_28,114.25,strict_group,579.0,63.25,56.7,51.0,0.44638949671772427,57.55,0.5037199124726477,True,True,True
9303,0,0.2476416423676122,0.08432859071554678,CEMEX,Lecanto East Plant,FL,Southeastern Region,other_or_unspecified,2500.0,2500,28.0,standard_28,107.2,strict_group,212.0,92.7,82.88,14.5,0.13526119402985073,24.320000000000007,0.2268656716417911,True,True,False
7441,0,0.2471652147921753,0.08432859071554678,CEMEX,Downtown Miami Plant,FL,Southeastern Region,other_or_unspecified,2500.0,2500,28.0,standard_28,110.8,strict_group,212.0,92.7,82.88,18.099999999999994,0.16335740072202162,27.92,0.25198555956678703,True,True,False
16107,0,0.2454371602660499,0.08432859071554678,CEMEX,Wildwood Plant,FL,Southeastern Region,other_or_unspecified,3000.0,3000,28.0,standard_28,110.66666666666667,strict_group,701.0,91.66666666666667,82.66666666666667,19.0,0.1716867469879518,28.0,0.25301204819277107,True,True,False
33914,0,0.2443026443834606,0.08432859071554678,Knife River Corporation,Sundial Plant,OR,Pacific Northwest Region,other_or_unspecified,4000.0,4000,28.0,standard_28,103.25,strict_group,579.0,63.25,56.7,40.0,0.387409200968523,46.55,0.45084745762711864,True,True,True
5426,0,0.2436753305440799,0.08432859071554678,CEMEX,Atmore Plant,AL,Southeastern Region,other_or_unspecified,3000.0,3000,28.0,standard_28,118.33333333333333,strict_group,701.0,91.66666666666667,82.66666666666667,26.666666666666657,0.22535211267605626,35.66666666666666,0.3014084507042253,True,True,True
33572,0,0.2427753406240245,0.08432859071554678,Knife River Corporation,Corvallis (Oregon) Plant,OR,Pacific Northwest Region,other_or_unspecified,3500.0,3500,28.0,standard_28,117.71428571428571,strict_group,339.0,68.59126984126985,58.0,49.12301587301586,0.4173071736785328,59.71428571428571,0.5072815533980582,True,True,True
11605,0,0.2410605268267425,0.08432859071554678,CEMEX,Orange City Plant,FL,Southeastern Region,other_or_unspecified,2500.0,2500,28.0,standard_28,114.0,strict_group,212.0,92.7,82.88,21.299999999999997,0.18684210526315786,31.120000000000005,0.27298245614035094,True,True,False
9270,1,0.2407105807084833,0.08432859071554678,CEMEX,Lawrenceville Plant,GA,Southeastern Region,filler,3000.0,3000,28.0,standard_28,132.33333333333334,strict_group,44.0,117.25,105.0,15.083333333333343,0.1139798488664988,27.333333333333343,0.20654911838790938,True,True,False
43055,0,0.2405886572040617,0.08432859071554678,Silvi Materials,Limerick Plant,PA,Eastern Region,other_or_unspecified,3500.0,3500,28.0,standard_28,113.42857142857143,strict_group,117.0,95.71428571428571,84.05714285714286,17.714285714285722,0.15617128463476077,29.371428571428567,0.2589420654911838,True,True,False
43052,0,0.2405886572040617,0.08432859071554678,Silvi Materials,Limerick Plant,PA,Eastern Region,other_or_unspecified,3500.0,3500,28.0,standard_28,120.85714285714286,strict_group,117.0,95.71428571428571,84.05714285714286,25.142857142857153,0.20803782505910173,36.8,0.30449172576832145,True,True,True
9278,0,0.2403951672914148,0.08432859071554678,CEMEX,Lawrenceville Plant,GA,Southeastern Region,other_or_unspecified,3000.0,3000,28.0,standard_28,113.66666666666667,strict_group,701.0,91.66666666666667,82.66666666666667,22.0,0.1935483870967742,31.0,0.2727272727272727,True,True,False
15042,0,0.2398960380507057,0.08432859071554678,CEMEX,Stockbridge Plant,GA,Southeastern Region,other_or_unspecified,3000.0,3000,28.0,standard_28,113.66666666666667,strict_group,701.0,91.66666666666667,82.66666666666667,22.0,0.1935483870967742,31.0,0.2727272727272727,True,True,False
33982,1,0.2390677508272506,0.08432859071554678,Knife River Corporation,Woodburn (Oregon) Plant,OR,Pacific Northwest Region,other_or_unspecified,3000.0,3000,28.0,standard_28,133.0,strict_group,395.0,71.0,64.13333333333334,62.0,0.46616541353383456,68.86666666666666,0.5177944862155388,True,True,True
42943,0,0.2380551334981562,0.08432859071554678,Silvi Materials,Englishtown Plant,NJ,Eastern Region,filler,4000.0,4000,28.0,standard_28,119.75,strict_group,83.0,88.0,68.55,31.75,0.2651356993736952,51.2,0.42755741127348645,True,True,True
39566,0,0.2374612134027753,0.08432859071554678,National Ready Mix,Vernon Plant,CA,Pacific Southwest Region,other_or_unspecified,4000.0,4000,28.0,standard_28,70.25,strict_group,111.0,78.25,69.0,0.0,0.0,1.25,0.017793594306049824,True,False,False
13200,0,0.2372783173806801,0.08432859071554678,CEMEX,Port Charlotte Plant,FL,Southeastern Region,other_or_unspecified,2500.0,2500,28.0,standard_28,85.6,strict_group,212.0,92.7,82.88,0.0,0.0,2.719999999999999,0.031775700934579425,True,False,False
33963,0,0.2372163646899074,0.08432859071554678,Knife River Corporation,Wheatland (Oregon) Plant,OR,Pacific Northwest Region,other_or_unspecified,4000.0,4000,28.0,standard_28,110.5,strict_group,579.0,63.25,56.7,47.25,0.4276018099547511,53.8,0.48687782805429863,True,True,True
30545,0,0.236726650851457,0.08432859071554678,"Ernst Enterprises, Inc.",Truro Station Plant,OH,Great Lakes Region,other_or_unspecified,3000.0,3000,28.0,standard_28,83.0,strict_group,24.0,70.0,54.86666666666667,13.0,0.1566265060240964,28.133333333333333,0.3389558232931727,True,True,False
2026,0,0.2360151684842905,0.08432859071554678,Bonded Concrete Inc. / The Clemente Group,Pleasant Valley Plant,NY,Eastern Region,other_or_unspecified,3500.0,3500,28.0,standard_28,98.28571428571429,strict_group,117.0,95.71428571428571,84.05714285714286,2.5714285714285836,0.02616279069767454,14.228571428571428,0.1447674418604651,True,False,False
42625,0,0.2347544593928063,0.08432859071554678,Schuster Concrete,Annapolis Junction Plant,MD,Eastern Region,other_or_unspecified,3000.0,3000,28.0,standard_28,79.66666666666667,strict_group,295.0,91.33333333333333,79.06666666666668,0.0,0.0,0.5999999999999943,0.007531380753138003,True,False,False
33848,0,0.2337556540730537,0.08432859071554678,Knife River Corporation,Redmond (Oregon) Plant,OR,Pacific Northwest Region,other_or_unspecified,2500.0,2500,28.0,standard_28,96.0,strict_group,23.0,87.2,80.0,8.799999999999997,0.09166666666666663,16.0,0.16666666666666666,True,False,False
43119,0,0.230492729324316,0.08432859071554678,Silvi Materials,Limerick Plant,PA,Eastern Region,other_or_unspecified,4000.0,4000,28.0,standard_28,31.5,strict_group,636.0,74.75,60.75,0.0,0.0,0.0,0.0,True,False,False
43742,0,0.2296523602187657,0.08432859071554678,Smyrna Ready Mix,SCGA Mobile Plant,SC,Southeastern Region,infrastructure,3000.0,3000,28.0,standard_28,110.66666666666667,strict_group,5.0,56.0,54.6,54.66666666666667,0.49397590361445787,56.06666666666667,0.5066265060240964,True,True,True
33499,1,0.2264627200555845,0.08432859071554678,Knife River Corporation,Boise (Idaho) Plant,ID,Pacific Northwest Region,filler,5000.0,5000,28.0,standard_28,136.0,strict_group,56.0,65.95,62.3,70.05,0.5150735294117647,73.7,0.5419117647058824,True,True,True
11844,1,0.2259568400580376,0.08432859071554678,CEMEX,Palmetto Plant,FL,Southeastern Region,other_or_unspecified,3000.0,3000,28.0,standard_28,128.0,strict_group,701.0,91.66666666666667,82.66666666666667,36.33333333333333,0.28385416666666663,45.33333333333333,0.35416666666666663,True,True,True
11862,0,0.2257213234343866,0.08432859071554678,CEMEX,Palmomar Oceanside Plant,CA,Pacific Southwest Region,other_or_unspecified,3250.0,3000,28.0,standard_28,122.46153846153847,strict_group,89.0,92.0,80.53333333333333,30.461538461538467,0.24874371859296485,41.928205128205136,0.34237855946398665,True,True,True
3912,1,0.2234723332368267,0.08432859071554678,Cadman / Heidelberg Materials,Port of Portland Plant,OR,Pacific Northwest Region,filler,3000.0,3000,28.0,standard_28,133.0,strict_group,16.0,106.91666666666667,89.33333333333334,26.08333333333333,0.19611528822055135,43.66666666666666,0.32832080200501246,True,True,False
43203,0,0.2227750050511707,0.08432859071554678,Silvi Materials,Mt. Holly Plant,NJ,Eastern Region,other_or_unspecified,3000.0,3000,28.0,standard_28,118.33333333333333,strict_group,295.0,91.33333333333333,79.06666666666668,27.0,0.22816901408450704,39.26666666666665,0.3318309859154928,True,True,True
3820,1,0.2220954206161454,0.08432859071554678,Cadman / Heidelberg Materials,Port of Portland Plant,OR,Pacific Northwest Region,other_or_unspecified,3000.0,3000,1.0,early,141.33333333333334,strict_group,10.0,148.91666666666669,122.13333333333333,0.0,0.0,19.200000000000017,0.1358490566037737,True,False,False
5535,1,0.2220039478257269,0.08432859071554678,CEMEX,Auburndale Plant,FL,Southeastern Region,other_or_unspecified,3000.0,3000,28.0,standard_28,165.33333333333334,strict_group,701.0,91.66666666666667,82.66666666666667,73.66666666666667,0.44556451612903225,82.66666666666667,0.5,True,True,True
7986,0,0.2210801853004248,0.08432859071554678,CEMEX,Four Corners Plant,FL,Southeastern Region,other_or_unspecified,3000.0,3000,28.0,standard_28,121.66666666666667,strict_group,701.0,91.66666666666667,82.66666666666667,30.0,0.2465753424657534,39.0,0.3205479452054794,True,True,True
4493,0,0.2206526827645236,0.08432859071554678,"Callanan Industries, Inc.",Latham Plant,NY,Eastern Region,other_or_unspecified,3000.0,3000,28.0,standard_28,104.66666666666667,strict_group,295.0,91.33333333333333,79.06666666666668,13.333333333333343,0.12738853503184722,25.599999999999994,0.24458598726114644,True,True,False
5128,0,0.2200222255981636,0.08432859071554678,CEMEX,Andalusia Plant,AL,Southeastern Region,other_or_unspecified,3000.0,3000,28.0,standard_28,123.66666666666667,strict_group,701.0,91.66666666666667,82.66666666666667,32.0,0.2587601078167116,41.0,0.33153638814016173,True,True,True
15712,0,0.2196618872123411,0.08432859071554678,CEMEX,Vance Plant,AL,Southeastern Region,other_or_unspecified,2500.0,2500,28.0,standard_28,82.4,strict_group,212.0,92.7,82.88,0.0,0.0,0.0,0.0,True,False,False
2003,0,0.2194942314652783,0.08432859071554678,Bonded Concrete Inc. / The Clemente Group,Colonie Plant,NY,Eastern Region,structural,4000.0,4000,28.0,standard_28,93.75,strict_group,8.0,96.9375,87.975,0.0,0.0,5.775000000000006,0.06160000000000006,True,False,False
4557,1,0.2193083634537475,0.08432859071554678,Cape Cod Ready Mix,Carver Plant,MA,Eastern Region,other_or_unspecified,3000.0,3000,28.0,standard_28,145.66666666666666,strict_group,295.0,91.33333333333333,79.06666666666668,54.33333333333333,0.3729977116704805,66.59999999999998,0.4572082379862699,True,True,True
46368,0,0.2184032464783228,0.08432859071554678,United Companies,River Road Plant,CO,Rocky Mountains Region,filler,3500.0,3500,28.0,standard_28,93.14285714285714,strict_group,6.0,88.0,85.71428571428572,5.142857142857139,0.05521472392638033,7.428571428571416,0.07975460122699374,True,False,False
10659,0,0.2183895128557759,0.08432859071554678,CEMEX,New Tazewell Plant,TN,Southeastern Region,other_or_unspecified,3000.0,3000,28.0,standard_28,100.33333333333333,strict_group,701.0,91.66666666666667,82.66666666666667,8.666666666666657,0.08637873754152815,17.666666666666657,0.176079734219269,True,False,False
5952,0,0.2182973219921397,0.08432859071554678,CEMEX,Brooksville Plant,FL,Southeastern Region,other_or_unspecified,3000.0,3000,28.0,standard_28,98.66666666666667,strict_group,701.0,91.66666666666667,82.66666666666667,7.0,0.07094594594594594,16.0,0.16216216216216214,True,False,False
42654,0,0.2169895249361045,0.08432859071554678,Schuster Concrete,Portable 18 Plant,DC,Eastern Region,other_or_unspecified,3000.0,3000,28.0,standard_28,55.333333333333336,strict_group,295.0,91.33333333333333,79.06666666666668,0.0,0.0,0.0,0.0,True,False,False
33510,1,0.2145233467612604,0.08432859071554678,Knife River Corporation,Boise (Idaho) Plant,ID,Pacific Northwest Region,other_or_unspecified,3000.0,3000,28.0,standard_28,124.0,strict_group,395.0,71.0,64.13333333333334,53.0,0.4274193548387097,59.86666666666666,0.4827956989247311,True,True,True
33446,0,0.2135731171362766,0.08432859071554678,Kirkpatrick Concrete,Lakeshore Plant,AL,Southeastern Region,other_or_unspecified,3500.0,3500,28.0,standard_28,98.0,strict_group,155.0,78.0,71.42857142857143,20.0,0.20408163265306123,26.57142857142857,0.27113702623906705,True,True,True
33359,0,0.2135731171362766,0.08432859071554678,Kirkpatrick Concrete,Alabaster Plant,AL,Southeastern Region,other_or_unspecified,3500.0,3500,28.0,standard_28,103.14285714285714,strict_group,155.0,78.0,71.42857142857143,25.14285714285714,0.24376731301939056,31.714285714285708,0.30747922437673125,True,True,True
33424,0,0.2135731171362766,0.08432859071554678,Kirkpatrick Concrete,Highway 280 Plant,AL,Southeastern Region,other_or_unspecified,3500.0,3500,28.0,standard_28,99.42857142857143,strict_group,155.0,78.0,71.42857142857143,21.42857142857143,0.21551724137931036,28.0,0.28160919540229884,True,True,True
33402,0,0.2135731171362766,0.08432859071554678,Kirkpatrick Concrete,Gardendale Plant,AL,Southeastern Region,other_or_unspecified,3500.0,3500,28.0,standard_28,99.71428571428571,strict_group,155.0,78.0,71.42857142857143,21.714285714285708,0.21776504297994265,28.285714285714278,0.28366762177650423,True,True,True
43226,0,0.212387776868462,0.08432859071554678,Silvi Materials,Philadelphia Plant,PA,Eastern Region,other_or_unspecified,3000.0,3000,28.0,standard_28,108.66666666666667,strict_group,295.0,91.33333333333333,79.06666666666668,17.333333333333343,0.1595092024539878,29.599999999999994,0.27239263803680974,True,True,False
5026,0,0.2118583556089064,0.08432859071554678,CEMEX,Alexander City Plant,AL,Southeastern Region,other_or_unspecified,2000.0,2000,28.0,standard_28,114.0,strict_group,9.0,114.0,97.9,0.0,0.0,16.099999999999994,0.14122807017543854,True,False,False
34638,0,0.2107043347166336,0.08432859071554678,Miles Sand & Gravel,Everett Plant,WA,Pacific Northwest Region,other_or_unspecified,3000.0,3000,28.0,standard_28,70.33333333333333,strict_group,395.0,71.0,64.13333333333334,0.0,0.0,6.199999999999989,0.08815165876777235,True,False,False
34001,1,0.2099236985470813,0.08432859071554678,Knife River Corporation,Woodburn (Oregon) Plant,OR,Pacific Northwest Region,other_or_unspecified,3500.0,3500,28.0,standard_28,139.71428571428572,strict_group,339.0,68.59126984126985,58.0,71.12301587301587,0.509060440808907,81.71428571428572,0.5848670756646217,True,True,True
41740,0,0.2098810458454889,0.08432859071554678,RiverBend Materials,Hilroy Plant,OR,Pacific Northwest Region,other_or_unspecified,4000.0,4000,28.0,standard_28,100.0,strict_group,579.0,63.25,56.7,36.75,0.3675,43.3,0.433,True,True,True
33607,1,0.2098294009744003,0.08432859071554678,Knife River Corporation,Eugene (Oregon) Plant,OR,Pacific Northwest Region,other_or_unspecified,3500.0,3500,28.0,standard_28,124.28571428571429,strict_group,339.0,68.59126984126985,58.0,55.69444444444444,0.4481162196679438,66.28571428571429,0.5333333333333333,True,True,True
13179,0,0.209569947473916,0.08432859071554678,CEMEX,Port Charlotte Plant,FL,Southeastern Region,other_or_unspecified,3000.0,3000,28.0,standard_28,105.66666666666667,strict_group,701.0,91.66666666666667,82.66666666666667,14.0,0.13249211356466875,23.0,0.21766561514195581,True,True,False
11474,1,0.2088495983228716,0.08432859071554678,CEMEX,Odessa Plant,FL,Southeastern Region,other_or_unspecified,2500.0,2500,28.0,standard_28,124.4,strict_group,212.0,92.7,82.88,31.700000000000003,0.25482315112540194,41.52000000000001,0.33376205787781354,True,True,True
30802,0,0.2083325942129892,0.08432859071554678,Four Winds Concrete Inc.,Windgap Plant,PA,Eastern Region,filler,3000.0,3000,28.0,standard_28,118.66666666666667,strict_group,28.0,94.5,30.75,24.16666666666667,0.20365168539325845,87.91666666666667,0.7408707865168539,True,True,True
33467,0,0.2062499363094444,0.08432859071554678,Knife River Corporation,Boise (Idaho) Plant,ID,Pacific Northwest Region,other_or_unspecified,3000.0,3000,28.0,standard_28,105.0,strict_group,395.0,71.0,64.13333333333334,34.0,0.3238095238095238,40.86666666666666,0.38920634920634917,True,True,True
43136,0,0.2060256907808377,0.08432859071554678,Silvi Materials,Morrisville Plant,PA,Eastern Region,other_or_unspecified,3000.0,3000,28.0,standard_28,116.33333333333333,strict_group,295.0,91.33333333333333,79.06666666666668,25.0,0.21489971346704873,37.26666666666665,0.32034383954154716,True,True,True
33652,0,0.2046787032660641,0.08432859071554678,Knife River Corporation,Fruitland (Idaho) Plant,ID,Pacific Northwest Region,filler,4000.0,4000,28.0,standard_28,97.25,strict_group,29.0,72.75,71.5,24.5,0.2519280205655527,25.75,0.2647814910025707,True,True,True
36105,0,0.2044615023077216,0.08432859071554678,National Ready Mix,Glendale Plant,CA,Pacific Southwest Region,filler,4000.0,4000,28.0,standard_28,88.0,strict_group,6.0,90.1875,88.875,0.0,0.0,0.0,0.0,True,False,False
30740,1,0.2043921221116398,0.08432859071554678,Four Winds Concrete Inc.,Bethlehem Plant,PA,Eastern Region,filler,3000.0,3000,28.0,standard_28,126.33333333333333,strict_group,28.0,94.5,30.75,31.83333333333333,0.2519788918205804,95.58333333333333,0.7565963060686016,True,True,True
46115,0,0.20436806891459,0.08432859071554678,United Companies,Crested Butte Plant,CO,Rocky Mountains Region,other_or_unspecified,3500.0,3500,28.0,standard_28,98.0,strict_group,66.0,73.71428571428571,67.85714285714286,24.285714285714292,0.24781341107871727,30.14285714285714,0.30758017492711365,True,True,True
21701,1,0.2041513042891996,0.08432859071554678,Central Pre-Mix (CPM),Sullivan Plant ,WA,Pacific Northwest Region,filler,3000.0,3000,28.0,standard_28,138.66666666666666,strict_group,16.0,106.91666666666667,89.33333333333334,31.749999999999986,0.22896634615384606,49.333333333333314,0.35576923076923067,True,True,True
9087,0,0.2039000503003622,0.08432859071554678,CEMEX,Lafayette Plant,GA,Southeastern Region,other_or_unspecified,3000.0,3000,28.0,standard_28,93.0,strict_group,701.0,91.66666666666667,82.66666666666667,1.3333333333333286,0.014336917562723964,10.333333333333329,0.11111111111111106,True,False,False
44163,0,0.2029241471906578,0.08432859071554678,Tec-Crete Transit Mix Corp.,Long Island City Plant,NY,Eastern Region,filler,4000.0,4000,28.0,standard_28,111.25,strict_group,83.0,88.0,68.55,23.25,0.20898876404494382,42.7,0.38382022471910116,True,True,True
2009,0,0.2024349818513832,0.08432859071554678,Bonded Concrete Inc. / The Clemente Group,Colonie Plant,NY,Eastern Region,other_or_unspecified,4000.0,4000,28.0,standard_28,95.5,strict_group,636.0,74.75,60.75,20.75,0.21727748691099477,34.75,0.36387434554973824,True,True,True
5554,1,0.2003697318764717,0.08432859071554678,CEMEX,Auburndale Plant,FL,Southeastern Region,other_or_unspecified,3000.0,3000,28.0,standard_28,145.33333333333334,strict_group,701.0,91.66666666666667,82.66666666666667,53.66666666666667,0.36926605504587157,62.66666666666667,0.43119266055045874,True,True,True
4589,0,0.1982230284971124,0.08432859071554678,Cape Cod Ready Mix,Dennis Plant,MA,Eastern Region,filler,4000.0,4000,28.0,standard_28,118.5,strict_group,83.0,88.0,68.55,30.5,0.25738396624472576,49.95,0.4215189873417722,True,True,True
4661,0,0.1982230284971124,0.08432859071554678,Cape Cod Ready Mix,Sandwich Plant,MA,Eastern Region,filler,4000.0,4000,28.0,standard_28,119.25,strict_group,83.0,88.0,68.55,31.25,0.2620545073375262,50.7,0.42515723270440253,True,True,True
5013,1,0.1977926147701006,0.08432859071554678,CEMEX,Alexander City Plant,AL,Southeastern Region,other_or_unspecified,3000.0,3000,28.0,standard_28,160.66666666666666,strict_group,701.0,91.66666666666667,82.66666666666667,68.99999999999999,0.429460580912863,77.99999999999999,0.48547717842323646,True,True,True
9226,1,0.1977833522876592,0.08432859071554678,CEMEX,Largo II Plant,FL,Southeastern Region,other_or_unspecified,3000.0,3000,28.0,standard_28,147.66666666666666,strict_group,701.0,91.66666666666667,82.66666666666667,55.999999999999986,0.37923250564334077,64.99999999999999,0.44018058690744916,True,True,True
9094,0,0.1966387492586997,0.08432859071554678,CEMEX,Lafayette Plant,GA,Southeastern Region,other_or_unspecified,3000.0,3000,28.0,standard_28,98.66666666666667,strict_group,701.0,91.66666666666667,82.66666666666667,7.0,0.07094594594594594,16.0,0.16216216216216214,True,False,False
11853,1,0.1960149344863403,0.08432859071554678,CEMEX,Palmetto Plant,FL,Southeastern Region,other_or_unspecified,3000.0,3000,28.0,standard_28,148.0,strict_group,701.0,91.66666666666667,82.66666666666667,56.33333333333333,0.3806306306306306,65.33333333333333,0.44144144144144143,True,True,True
2134,0,0.1956680710171583,0.08432859071554678,Boston Sand & Gravel,Boston Sand & Gravel,MA,Eastern Region,other_or_unspecified,3000.0,3000,28.0,standard_28,61.666666666666664,strict_group,295.0,91.33333333333333,79.06666666666668,0.0,0.0,0.0,0.0,True,False,False
33375,0,0.1951653366246964,0.08432859071554678,Kirkpatrick Concrete,Alton Plant,AL,Southeastern Region,other_or_unspecified,3000.0,3000,28.0,standard_28,110.33333333333333,strict_group,701.0,91.66666666666667,82.66666666666667,18.666666666666657,0.1691842900302114,27.666666666666657,0.25075528700906335,True,True,False
33635,0,0.1948548140795047,0.08432859071554678,Knife River Corporation,Fruitland (Idaho) Plant,ID,Pacific Northwest Region,other_or_unspecified,3000.0,3000,28.0,standard_28,104.33333333333333,strict_group,395.0,71.0,64.13333333333334,33.33333333333333,0.3194888178913738,40.19999999999999,0.3853035143769967,True,True,True
34671,1,0.194765051194735,0.08432859071554678,Miles Sand & Gravel,Lacey Plant,WA,Pacific Northwest Region,filler,4000.0,4000,28.0,standard_28,130.5,strict_group,29.0,72.75,71.5,57.75,0.4425287356321839,59.0,0.4521072796934866,True,True,True
43170,0,0.1944895215001021,0.08432859071554678,Silvi Materials,Morrisville Plant,PA,Eastern Region,filler,4000.0,4000,28.0,standard_28,117.5,strict_group,83.0,88.0,68.55,29.5,0.251063829787234,48.95,0.4165957446808511,True,True,True
2775,0,0.1939719274006439,0.08432859071554678,Cadman / Heidelberg Materials,Foster Road Plant,OR,Pacific Northwest Region,other_or_unspecified,3000.0,3000,28.0,standard_28,108.66666666666667,strict_group,395.0,71.0,64.13333333333334,37.66666666666667,0.3466257668711657,44.53333333333333,0.40981595092024536,True,True,True
14747,0,0.1928050615548705,0.08432859071554678,CEMEX,Sierra Vista Plant,AZ,Pacific Southwest Region,filler,3000.0,3000,28.0,standard_28,100.33333333333333,strict_group,12.0,92.5,91.39999999999999,7.833333333333329,0.07807308970099663,8.933333333333337,0.08903654485049838,True,False,False
44150,0,0.1914537927735397,0.08432859071554678,Tec-Crete Transit Mix Corp.,Jamaica Plant,NY,Eastern Region,other_or_unspecified,4000.0,4000,28.0,standard_28,107.25,strict_group,636.0,74.75,60.75,32.5,0.30303030303030304,46.5,0.43356643356643354,True,True,True
2131,0,0.1898887029330487,0.08432859071554678,Boston Sand & Gravel,Boston Sand & Gravel,MA,Eastern Region,other_or_unspecified,2500.0,2500,28.0,standard_28,74.8,strict_group,18.0,103.4,78.72,0.0,0.0,0.0,0.0,True,False,False
2103,0,0.1898887029330487,0.08432859071554678,Boston Sand & Gravel,Boston Sand & Gravel,MA,Eastern Region,other_or_unspecified,2500.0,2500,28.0,standard_28,73.6,strict_group,18.0,103.4,78.72,0.0,0.0,0.0,0.0,True,False,False
33571,0,0.1888119622857005,0.08432859071554678,Knife River Corporation,Corvallis (Oregon) Plant,OR,Pacific Northwest Region,other_or_unspecified,3500.0,3500,28.0,standard_28,111.14285714285714,strict_group,339.0,68.59126984126985,58.0,42.55158730158729,0.3828548986003998,53.14285714285714,0.4781491002570694,True,True,True
11483,0,0.1872450633631975,0.08432859071554678,CEMEX,Odessa Plant,FL,Southeastern Region,other_or_unspecified,3000.0,3000,28.0,standard_28,117.33333333333333,strict_group,701.0,91.66666666666667,82.66666666666667,25.666666666666657,0.21874999999999992,34.66666666666666,0.29545454545454536,True,True,True
9163,1,0.1868635454693936,0.08432859071554678,CEMEX,Lakeland RK Plant,FL,Southeastern Region,other_or_unspecified,3000.0,3000,28.0,standard_28,125.33333333333333,strict_group,701.0,91.66666666666667,82.66666666666667,33.66666666666666,0.2686170212765957,42.66666666666666,0.34042553191489355,True,True,True
33907,0,0.1868434527351833,0.08432859071554678,Knife River Corporation,Sundial Plant,OR,Pacific Northwest Region,other_or_unspecified,3500.0,3500,28.0,standard_28,96.28571428571429,strict_group,339.0,68.59126984126985,58.0,27.694444444444443,0.2876277612924497,38.28571428571429,0.39762611275964393,True,True,True
3366,1,0.1855821626810758,0.08432859071554678,Cadman / Heidelberg Materials,Orchards Plant,WA,Pacific Northwest Region,filler,3000.0,3000,28.0,standard_28,137.66666666666666,strict_group,16.0,106.91666666666667,89.33333333333334,30.749999999999986,0.22336561743341396,48.333333333333314,0.35108958837772386,True,True,True
5748,1,0.1855362806119657,0.08432859071554678,CEMEX,Berth 150 Plant,FL,Southeastern Region,other_or_unspecified,2500.0,2500,28.0,standard_28,129.2,strict_group,212.0,92.7,82.88,36.499999999999986,0.2825077399380804,46.31999999999999,0.35851393188854486,True,True,True
45987,0,0.1845644408652064,0.08432859071554678,Titan Virginia Ready-Mix,Sterling RM (Plant 1),VA,Eastern Region,other_or_unspecified,5000.0,5000,28.0,standard_28,92.2,strict_group,282.0,69.05,57.839999999999996,23.150000000000006,0.2510845986984816,34.36000000000001,0.37266811279826473,True,True,True
41876,0,0.1840014860977315,0.08432859071554678,RiverBend Materials,Hilroy Plant,OR,Pacific Northwest Region,other_or_unspecified,3500.0,3500,28.0,standard_28,95.71428571428571,strict_group,339.0,68.59126984126985,58.0,27.12301587301586,0.2833747927031508,37.71428571428571,0.3940298507462686,True,True,True
41862,0,0.1840014860977315,0.08432859071554678,RiverBend Materials,Hilroy Plant,OR,Pacific Northwest Region,other_or_unspecified,3500.0,3500,28.0,standard_28,108.85714285714286,strict_group,339.0,68.59126984126985,58.0,40.26587301587301,0.369896471274424,50.85714285714286,0.4671916010498688,True,True,True
2163,0,0.1832793477198067,0.08432859071554678,Boston Sand & Gravel,Boston Sand & Gravel,MA,Eastern Region,other_or_unspecified,5000.0,5000,28.0,standard_28,85.2,strict_group,282.0,69.05,57.839999999999996,16.150000000000006,0.1895539906103287,27.360000000000007,0.32112676056338035,True,True,False
4119,0,0.183164537210367,0.08432859071554678,Cadman / Heidelberg Materials,Port of Portland Plant,OR,Pacific Northwest Region,other_or_unspecified,3000.0,3000,28.0,standard_28,69.33333333333333,strict_group,395.0,71.0,64.13333333333334,0.0,0.0,5.199999999999989,0.07499999999999984,True,False,False
33376,0,0.18265507695927,0.08432859071554678,Kirkpatrick Concrete,Alton Plant,AL,Southeastern Region,other_or_unspecified,3000.0,3000,28.0,standard_28,110.66666666666667,strict_group,701.0,91.66666666666667,82.66666666666667,19.0,0.1716867469879518,28.0,0.25301204819277107,True,True,False
15183,0,0.1826433712691502,0.08432859071554678,CEMEX,Sweetwater Plant,FL,Southeastern Region,other_or_unspecified,2500.0,2500,28.0,standard_28,99.6,strict_group,212.0,92.7,82.88,6.8999999999999915,0.06927710843373486,16.72,0.1678714859437751,True,False,False
5410,0,0.1824396177348322,0.08432859071554678,CEMEX,Athens Plant,AL,Southeastern Region,other_or_unspecified,3000.0,3000,28.0,standard_28,109.66666666666667,strict_group,701.0,91.66666666666667,82.66666666666667,18.0,0.1641337386018237,27.0,0.24620060790273554,True,True,False
6373,0,0.1818940582736863,0.08432859071554678,CEMEX,Clermont RK Plant,FL,Southeastern Region,other_or_unspecified,2500.0,2500,28.0,standard_28,121.6,strict_group,212.0,92.7,82.88,28.89999999999999,0.23766447368421048,38.72,0.31842105263157894,True,True,True
9041,0,0.1818541793835329,0.08432859071554678,CEMEX,LaBelle 1 Plant,FL,Southeastern Region,other_or_unspecified,3000.0,3000,28.0,standard_28,104.33333333333333,strict_group,701.0,91.66666666666667,82.66666666666667,12.666666666666657,0.12140575079872196,21.666666666666657,0.2076677316293929,True,True,False
33421,0,0.1813158166395825,0.08432859071554678,Kirkpatrick Concrete,Highway 280 Plant,AL,Southeastern Region,other_or_unspecified,3000.0,3000,28.0,standard_28,92.33333333333333,strict_group,701.0,91.66666666666667,82.66666666666667,0.6666666666666572,0.007220216606498093,9.666666666666657,0.10469314079422373,True,False,False
33443,0,0.1813158166395825,0.08432859071554678,Kirkpatrick Concrete,Lakeshore Plant,AL,Southeastern Region,other_or_unspecified,3000.0,3000,28.0,standard_28,91.0,strict_group,701.0,91.66666666666667,82.66666666666667,0.0,0.0,8.333333333333329,0.09157509157509153,True,False,False
33399,0,0.1813158166395825,0.08432859071554678,Kirkpatrick Concrete,Gardendale Plant,AL,Southeastern Region,other_or_unspecified,3000.0,3000,28.0,standard_28,93.0,strict_group,701.0,91.66666666666667,82.66666666666667,1.3333333333333286,0.014336917562723964,10.333333333333329,0.11111111111111106,True,False,False
33356,0,0.1813158166395825,0.08432859071554678,Kirkpatrick Concrete,Alabaster Plant,AL,Southeastern Region,other_or_unspecified,3000.0,3000,28.0,standard_28,96.66666666666667,strict_group,701.0,91.66666666666667,82.66666666666667,5.0,0.05172413793103448,14.0,0.14482758620689654,True,False,False
6372,1,0.1813121454711111,0.08432859071554678,CEMEX,Clermont RK Plant,FL,Southeastern Region,other_or_unspecified,3000.0,3000,28.0,standard_28,124.66666666666667,strict_group,701.0,91.66666666666667,82.66666666666667,33.0,0.2647058823529412,42.0,0.33689839572192515,True,True,True
43193,1,0.1811155309979647,0.08432859071554678,Silvi Materials,Morrisville Plant,PA,Eastern Region,filler,4000.0,4000,28.0,standard_28,125.0,strict_group,83.0,88.0,68.55,37.0,0.296,56.45,0.4516,True,True,True
33742,1,0.1808794547933105,0.08432859071554678,Knife River Corporation,McMinnville (Oregon) Plant,OR,Pacific Northwest Region,other_or_unspecified,3000.0,3000,28.0,standard_28,160.33333333333334,strict_group,395.0,71.0,64.13333333333334,89.33333333333334,0.5571725571725572,96.2,0.6,True,True,True
33658,0,0.1805175998338041,0.08432859071554678,Knife River Corporation,Fruitland (Idaho) Plant,ID,Pacific Northwest Region,other_or_unspecified,4000.0,4000,28.0,standard_28,91.75,strict_group,579.0,63.25,56.7,28.5,0.3106267029972752,35.05,0.38201634877384194,True,True,True
2004,0,0.1794538988674932,0.08432859071554678,Bonded Concrete Inc. / The Clemente Group,Colonie Plant,NY,Eastern Region,hardscape,4000.0,4000,28.0,standard_28,105.0,strict_group,8.0,81.25,75.325,23.75,0.2261904761904762,29.674999999999997,0.2826190476190476,True,True,True
42901,1,0.1782107086110997,0.08432859071554678,Silvi Materials,Englishtown Plant,NJ,Eastern Region,filler,3500.0,3500,28.0,standard_28,124.85714285714286,strict_group,21.0,108.28571428571429,99.14285714285714,16.57142857142857,0.13272311212814644,25.714285714285722,0.20594965675057214,True,True,False
42902,0,0.1781073982411429,0.08432859071554678,Silvi Materials,Englishtown Plant,NJ,Eastern Region,other_or_unspecified,3500.0,3500,28.0,standard_28,120.85714285714286,strict_group,117.0,95.71428571428571,84.05714285714286,25.142857142857153,0.20803782505910173,36.8,0.30449172576832145,True,True,True
4560,0,0.1777917350947904,0.08432859071554678,Cape Cod Ready Mix,Carver Plant,MA,Eastern Region,hardscape,3500.0,3500,28.0,standard_28,121.14285714285714,national_spec_group,17.0,84.85714285714286,81.82857142857144,36.28571428571428,0.2995283018867924,39.3142857142857,0.3245283018867924,True,True,True
7236,0,0.177482260915478,0.08432859071554678,CEMEX,Dawsonville - Easy Street Plant,GA,Southeastern Region,other_or_unspecified,2500.0,2500,28.0,standard_28,116.4,strict_group,212.0,92.7,82.88,23.700000000000003,0.20360824742268044,33.52000000000001,0.2879725085910654,True,True,True
9299,0,0.1756048809660998,0.08432859071554678,CEMEX,Lawrenceville Plant,GA,Southeastern Region,other_or_unspecified,3000.0,3000,28.0,standard_28,122.66666666666667,strict_group,701.0,91.66666666666667,82.66666666666667,31.0,0.25271739130434784,40.0,0.32608695652173914,True,True,True
45376,0,0.1751562766374677,0.08432859071554678,Titan Virginia Ready-Mix,Oceana Plant,VA,Eastern Region,other_or_unspecified,3000.0,3000,28.0,standard_28,119.66666666666667,strict_group,295.0,91.33333333333333,79.06666666666668,28.333333333333343,0.23676880222841232,40.599999999999994,0.33927576601671305,True,True,True
2023,0,0.1747561872807939,0.08432859071554678,Bonded Concrete Inc. / The Clemente Group,Pleasant Valley Plant,NY,Eastern Region,other_or_unspecified,3500.0,3500,28.0,standard_28,108.85714285714286,strict_group,117.0,95.71428571428571,84.05714285714286,13.142857142857153,0.12073490813648304,24.799999999999997,0.22782152230971126,True,True,False
9783,0,0.1745339037829675,0.08432859071554678,CEMEX,Marietta Plant,FL,Southeastern Region,other_or_unspecified,2500.0,2500,28.0,standard_28,77.6,strict_group,212.0,92.7,82.88,0.0,0.0,0.0,0.0,True,False,False
33577,0,0.1741847942022525,0.08432859071554678,Knife River Corporation,Corvallis (Oregon) Plant,OR,Pacific Northwest Region,other_or_unspecified,4000.0,4000,28.0,standard_28,113.75,strict_group,579.0,63.25,56.7,50.5,0.44395604395604393,57.05,0.5015384615384615,True,True,True
33576,0,0.1741847942022525,0.08432859071554678,Knife River Corporation,Corvallis (Oregon) Plant,OR,Pacific Northwest Region,other_or_unspecified,4000.0,4000,28.0,standard_28,101.0,strict_group,579.0,63.25,56.7,37.75,0.37376237623762376,44.3,0.43861386138613856,True,True,True
33618,0,0.1741847942022525,0.08432859071554678,Knife River Corporation,Eugene (Oregon) Plant,OR,Pacific Northwest Region,other_or_unspecified,4000.0,4000,28.0,standard_28,109.0,strict_group,579.0,63.25,56.7,45.75,0.4197247706422018,52.3,0.4798165137614679,True,True,True
7081,1,0.1731133763505744,0.08432859071554678,CEMEX,Dallas Plant,GA,Southeastern Region,filler,4000.0,4000,28.0,standard_28,134.0,strict_group,36.0,95.0,86.75,39.0,0.291044776119403,47.25,0.35261194029850745,True,True,True
16106,0,0.173085212864106,0.08432859071554678,CEMEX,Wildwood Plant,FL,Southeastern Region,other_or_unspecified,2500.0,2500,28.0,standard_28,110.4,strict_group,212.0,92.7,82.88,17.700000000000003,0.16032608695652176,27.52000000000001,0.24927536231884065,True,True,False
15171,0,0.1730461387069145,0.08432859071554678,CEMEX,Sweetwater Plant,FL,Southeastern Region,other_or_unspecified,2500.0,2500,28.0,standard_28,98.0,strict_group,212.0,92.7,82.88,5.299999999999997,0.05408163265306119,15.120000000000005,0.15428571428571433,True,False,False
46433,0,0.1729635880727979,0.08432859071554678,United Companies,Telluride Plant,CO,Rocky Mountains Region,filler,4000.0,4000,28.0,standard_28,91.5,strict_group,32.0,83.125,79.625,8.375,0.09153005464480875,11.875,0.12978142076502733,True,False,False
16059,0,0.1729613400977921,0.08432859071554678,CEMEX,Westside Plant,FL,Southeastern Region,other_or_unspecified,2500.0,2500,28.0,standard_28,99.2,strict_group,212.0,92.7,82.88,6.5,0.0655241935483871,16.320000000000007,0.16451612903225812,True,False,False
13203,0,0.1718477500653182,0.08432859071554678,CEMEX,Port Charlotte Plant,FL,Southeastern Region,other_or_unspecified,3000.0,3000,28.0,standard_28,87.0,strict_group,701.0,91.66666666666667,82.66666666666667,0.0,0.0,4.333333333333329,0.049808429118773895,True,False,False
34000,1,0.1706471639458917,0.08432859071554678,Knife River Corporation,Woodburn (Oregon) Plant,OR,Pacific Northwest Region,hardscape,3300.0,3500,28.0,standard_28,148.4848484848485,strict_group,9.0,82.85714285714286,80.11428571428571,65.62770562770564,0.44198250728862976,68.37056277056278,0.46045481049562687,True,True,True
16289,0,0.1704574564104757,0.08432859071554678,CEMEX,Zephyrhills Plant,FL,Southeastern Region,other_or_unspecified,3000.0,3000,28.0,standard_28,117.66666666666667,strict_group,701.0,91.66666666666667,82.66666666666667,26.0,0.22096317280453256,35.0,0.29745042492917845,True,True,True
33569,0,0.1694712609226931,0.08432859071554678,Knife River Corporation,Corvallis (Oregon) Plant,OR,Pacific Northwest Region,hardscape,3500.0,3500,28.0,standard_28,120.57142857142857,strict_group,9.0,82.85714285714286,80.11428571428571,37.71428571428571,0.31279620853080564,40.457142857142856,0.33554502369668243,True,True,True
22105,0,0.1693695167497877,0.08432859071554678,Conewago Manufacturing,Conewago Manufacturing Plant,PA,Eastern Region,other_or_unspecified,2500.0,2500,28.0,standard_28,110.8,strict_group,18.0,103.4,78.72,7.3999999999999915,0.06678700361010823,32.08,0.2895306859205776,True,False,False
46120,0,0.1693394241460421,0.08432859071554678,United Companies,Crested Butte Plant,CO,Rocky Mountains Region,other_or_unspecified,4000.0,4000,28.0,standard_28,91.75,strict_group,220.0,71.5,66.5,20.25,0.22070844686648503,25.25,0.27520435967302453,True,True,True
46162,0,0.1690241195778255,0.08432859071554678,United Companies,Delta Plant,CO,Rocky Mountains Region,other_or_unspecified,4000.0,4000,28.0,standard_28,80.75,strict_group,220.0,71.5,66.5,9.25,0.11455108359133127,14.25,0.17647058823529413,True,True,False
46154,0,0.1689152391848211,0.08432859071554678,United Companies,Delta Plant,CO,Rocky Mountains Region,other_or_unspecified,4000.0,4000,28.0,standard_28,66.5,strict_group,220.0,71.5,66.5,0.0,0.0,0.0,0.0,True,False,False
46161,0,0.1689152391848211,0.08432859071554678,United Companies,Delta Plant,CO,Rocky Mountains Region,other_or_unspecified,4000.0,4000,28.0,standard_28,70.0,strict_group,220.0,71.5,66.5,0.0,0.0,3.5,0.05,True,False,False
43220,0,0.1664161755107006,0.08432859071554678,Silvi Materials,Philadelphia Plant,PA,Eastern Region,other_or_unspecified,3000.0,3000,28.0,standard_28,121.0,strict_group,295.0,91.33333333333333,79.06666666666668,29.66666666666667,0.24517906336088158,41.93333333333332,0.346556473829201,True,True,True
30859,0,0.1663483793938462,0.08432859071554678,Gotham Ready Mix LLC,Bronx Plant,NY,Eastern Region,filler,4000.0,4000,28.0,standard_28,97.5,strict_group,83.0,88.0,68.55,9.5,0.09743589743589744,28.950000000000003,0.29692307692307696,True,False,False
9174,0,0.1658154403143841,0.08432859071554678,CEMEX,Lakeland RK Plant,FL,Southeastern Region,other_or_unspecified,3000.0,3000,28.0,standard_28,91.33333333333333,strict_group,701.0,91.66666666666667,82.66666666666667,0.0,0.0,8.666666666666657,0.09489051094890501,True,False,False
9335,0,0.1656405801638563,0.08432859071554678,CEMEX,Leesburg RK Plant,FL,Southeastern Region,other_or_unspecified,3000.0,3000,28.0,standard_28,117.33333333333333,strict_group,701.0,91.66666666666667,82.66666666666667,25.666666666666657,0.21874999999999992,34.66666666666666,0.29545454545454536,True,True,True
6505,0,0.1654924630462891,0.08432859071554678,CEMEX,Columbus - Smith Rd (Vulcan Quarry) Plant,GA,Southeastern Region,other_or_unspecified,3000.0,3000,28.0,standard_28,85.33333333333333,strict_group,701.0,91.66666666666667,82.66666666666667,0.0,0.0,2.666666666666657,0.03124999999999989,True,False,False
12033,1,0.1650324136697775,0.08432859071554678,CEMEX,Panama City Beach - #2 Plant,FL,Southeastern Region,other_or_unspecified,3000.0,3000,1.0,early,135.66666666666666,strict_group,7.0,134.5,131.86666666666667,1.1666666666666572,0.00859950859950853,3.799999999999983,0.028009828009827886,True,False,False
43218,0,0.1644644700035234,0.08432859071554678,Silvi Materials,Philadelphia Plant,PA,Eastern Region,other_or_unspecified,3000.0,3000,28.0,standard_28,121.0,strict_group,295.0,91.33333333333333,79.06666666666668,29.66666666666667,0.24517906336088158,41.93333333333332,0.346556473829201,True,True,True
15029,0,0.1631391579422509,0.08432859071554678,CEMEX,Stockbridge Plant,GA,Southeastern Region,other_or_unspecified,3000.0,3000,28.0,standard_28,106.66666666666667,strict_group,701.0,91.66666666666667,82.66666666666667,15.0,0.140625,24.0,0.22499999999999998,True,True,False
42607,0,0.1629116821923213,0.08432859071554678,Salmon Bay Sand & Gravel,Salmon Bay Sand and Gravel,WA,Pacific Northwest Region,other_or_unspecified,3000.0,3000,28.0,standard_28,98.0,strict_group,395.0,71.0,64.13333333333334,27.0,0.2755102040816326,33.86666666666666,0.3455782312925169,True,True,True
9134,1,0.1627616283151829,0.08432859071554678,CEMEX,Lake Wales Plant,FL,Southeastern Region,other_or_unspecified,2500.0,2500,28.0,standard_28,135.6,strict_group,212.0,92.7,82.88,42.89999999999999,0.31637168141592914,52.72,0.3887905604719764,True,True,True
30742,1,0.1624454375551753,0.08432859071554678,Four Winds Concrete Inc.,Bethlehem Plant,PA,Eastern Region,other_or_unspecified,3000.0,3000,28.0,standard_28,132.66666666666666,strict_group,295.0,91.33333333333333,79.06666666666668,41.33333333333333,0.3115577889447236,53.59999999999998,0.40402010050251247,True,True,True
521,0,0.1619783145851937,0.08432859071554678,American Rock Products (ARP),Hermiston Plant,OR,Pacific Northwest Region,paving,3000.0,3000,28.0,standard_28,106.66666666666667,strict_group,7.0,87.66666666666666,86.26666666666667,19.000000000000014,0.17812500000000012,20.400000000000006,0.19125000000000003,True,True,False
9093,0,0.1605377802837201,0.08432859071554678,CEMEX,Lafayette Plant,GA,Southeastern Region,other_or_unspecified,4000.0,4000,28.0,standard_28,96.75,strict_group,440.0,77.6875,69.75,19.0625,0.19702842377260982,27.0,0.27906976744186046,True,True,False
30437,0,0.1601224982969141,0.08432859071554678,Elizabeth River Concrete,Portsmouth Virginia Plant,VA,Eastern Region,structural,3000.0,3000,28.0,standard_28,99.33333333333333,national_spec_group,41.0,71.33333333333333,67.0,28.0,0.2818791946308725,32.33333333333333,0.32550335570469796,True,True,True
33589,1,0.1599034158506569,0.08432859071554678,Knife River Corporation,Corvallis (Oregon) Plant,OR,Pacific Northwest Region,hardscape,4000.0,4000,28.0,standard_28,124.0,strict_group,10.0,74.1875,72.925,49.8125,0.4017137096774194,51.075,0.4118951612903226,True,True,True
14907,0,0.1598482989607966,0.08432859071554678,CEMEX,St. Cloud Plant,FL,Southeastern Region,other_or_unspecified,3000.0,3000,28.0,standard_28,122.66666666666667,strict_group,701.0,91.66666666666667,82.66666666666667,31.0,0.25271739130434784,40.0,0.32608695652173914,True,True,True
46287,0,0.1596729025562212,0.08432859071554678,United Companies,Montrose Plant,CO,Rocky Mountains Region,filler,4000.0,4000,28.0,standard_28,93.75,strict_group,32.0,83.125,79.625,10.625,0.11333333333333333,14.125,0.15066666666666667,True,True,False
42609,0,0.15925413646257,0.08432859071554678,Salmon Bay Sand & Gravel,Salmon Bay Sand and Gravel,WA,Pacific Northwest Region,other_or_unspecified,3000.0,3000,28.0,standard_28,118.0,strict_group,395.0,71.0,64.13333333333334,47.0,0.3983050847457627,53.86666666666666,0.4564971751412429,True,True,True
15810,1,0.1585601969738788,0.08432859071554678,CEMEX,West Knoxville Plant,TN,Southeastern Region,other_or_unspecified,3000.0,3000,28.0,standard_28,137.33333333333334,strict_group,701.0,91.66666666666667,82.66666666666667,45.66666666666667,0.3325242718446602,54.66666666666667,0.39805825242718446,True,True,True
5140,1,0.1585584117608426,0.08432859071554678,CEMEX,Andalusia Plant,AL,Southeastern Region,filler,4000.0,4000,28.0,standard_28,135.5,strict_group,36.0,95.0,86.75,40.5,0.2988929889298893,48.75,0.35977859778597787,True,True,True
9291,0,0.1584465594682597,0.08432859071554678,CEMEX,Lawrenceville Plant,GA,Southeastern Region,other_or_unspecified,2500.0,2500,28.0,standard_28,120.4,strict_group,212.0,92.7,82.88,27.700000000000003,0.23006644518272426,37.52000000000001,0.31162790697674425,True,True,True
43483,1,0.1583808489053879,0.08432859071554678,Smyrna Ready Mix,Quivas Plant,CO,Rocky Mountains Region,filler,3000.0,3000,28.0,standard_28,142.33333333333334,national_spec_group,106.0,106.75,91.66666666666666,35.58333333333334,0.25000000000000006,50.666666666666686,0.35597189695550363,True,True,True
22106,0,0.1578596699744298,0.08432859071554678,Conewago Manufacturing,Conewago Manufacturing Plant,PA,Eastern Region,other_or_unspecified,2500.0,2500,28.0,standard_28,111.2,strict_group,18.0,103.4,78.72,7.799999999999997,0.0701438848920863,32.480000000000004,0.2920863309352518,True,False,False
12015,0,0.1578417510314023,0.08432859071554678,CEMEX,Panama City Beach - #2 Plant,FL,Southeastern Region,filler,3000.0,3000,28.0,standard_28,115.0,strict_group,44.0,117.25,105.0,0.0,0.0,10.0,0.08695652173913043,True,False,False
6986,0,0.1576761452679405,0.08432859071554678,CEMEX,Crestview Plant,FL,Southeastern Region,filler,3000.0,3000,28.0,standard_28,116.0,strict_group,44.0,117.25,105.0,0.0,0.0,11.0,0.09482758620689655,True,False,False
15717,0,0.1572452695653092,0.08432859071554678,CEMEX,Vance Plant,AL,Southeastern Region,other_or_unspecified,3000.0,3000,28.0,standard_28,105.66666666666667,strict_group,701.0,91.66666666666667,82.66666666666667,14.0,0.13249211356466875,23.0,0.21766561514195581,True,True,False
10053,0,0.1553459966298273,0.08432859071554678,CEMEX,Milton Plant,FL,Southeastern Region,other_or_unspecified,2500.0,2500,28.0,standard_28,95.6,strict_group,212.0,92.7,82.88,2.8999999999999915,0.030334728033472716,12.719999999999999,0.13305439330543933,True,False,False
33981,1,0.1549955627294458,0.08432859071554678,Knife River Corporation,Woodburn (Oregon) Plant,OR,Pacific Northwest Region,other_or_unspecified,3000.0,3000,28.0,standard_28,133.33333333333334,strict_group,395.0,71.0,64.13333333333334,62.33333333333334,0.4675,69.2,0.519,True,True,True
30787,0,0.1546356076651972,0.08432859071554678,Four Winds Concrete Inc.,Bethlehem Plant,PA,Eastern Region,filler,3300.0,3500,28.0,standard_28,40.0,strict_group,21.0,108.28571428571429,99.14285714285714,0.0,0.0,0.0,0.0,True,False,False
9074,0,0.1544748761817724,0.08432859071554678,CEMEX,Lafayette Plant,GA,Southeastern Region,other_or_unspecified,3000.0,3000,28.0,standard_28,99.33333333333333,strict_group,701.0,91.66666666666667,82.66666666666667,7.666666666666657,0.07718120805369118,16.666666666666657,0.16778523489932878,True,False,False
2019,0,0.1538355556896346,0.08432859071554678,Bonded Concrete Inc. / The Clemente Group,Pleasant Valley Plant,NY,Eastern Region,other_or_unspecified,3500.0,3500,28.0,standard_28,106.0,strict_group,117.0,95.71428571428571,84.05714285714286,10.285714285714292,0.0970350404312669,21.942857142857136,0.2070080862533692,True,False,False
9244,1,0.1535146151457705,0.08432859071554678,CEMEX,Largo II Plant,FL,Southeastern Region,other_or_unspecified,3000.0,3000,28.0,standard_28,130.0,strict_group,701.0,91.66666666666667,82.66666666666667,38.33333333333333,0.2948717948717948,47.33333333333333,0.3641025641025641,True,True,True
5451,0,0.1533985018265171,0.08432859071554678,CEMEX,Atmore Plant,AL,Southeastern Region,filler,4000.0,4000,28.0,standard_28,90.75,strict_group,36.0,95.0,86.75,0.0,0.0,4.0,0.0440771349862259,True,False,False
45133,0,0.1532262698875423,0.08432859071554678,Titan Virginia Ready-Mix,Chesterfield Plant,VA,Eastern Region,other_or_unspecified,5000.0,5000,28.0,standard_28,90.8,strict_group,282.0,69.05,57.839999999999996,21.75,0.2395374449339207,32.96,0.3629955947136564,True,True,True
4489,0,0.1531875872789253,0.08432859071554678,"Callanan Industries, Inc.",Latham Plant,NY,Eastern Region,other_or_unspecified,3000.0,3000,28.0,standard_28,106.0,strict_group,295.0,91.33333333333333,79.06666666666668,14.666666666666671,0.1383647798742139,26.933333333333323,0.2540880503144653,True,True,False
1991,0,0.1531545673020241,0.08432859071554678,Bonded Concrete Inc. / The Clemente Group,Colonie Plant,NY,Eastern Region,other_or_unspecified,4000.0,4000,28.0,standard_28,89.0,strict_group,636.0,74.75,60.75,14.25,0.1601123595505618,28.25,0.31741573033707865,True,True,False
33601,0,0.1528210846023497,0.08432859071554678,Knife River Corporation,Eugene (Oregon) Plant,OR,Pacific Northwest Region,other_or_unspecified,3000.0,3000,28.0,standard_28,91.33333333333333,strict_group,395.0,71.0,64.13333333333334,20.33333333333333,0.22262773722627732,27.19999999999999,0.29781021897810206,True,True,True
15189,0,0.1527277574957829,0.08432859071554678,CEMEX,Temecula Plant,CA,Pacific Southwest Region,other_or_unspecified,3250.0,3000,28.0,standard_28,113.84615384615384,strict_group,89.0,92.0,80.53333333333333,21.84615384615384,0.19189189189189185,33.31282051282051,0.29261261261261257,True,True,False
40724,1,0.1523080506042272,0.08432859071554678,"O&G Industries, Inc.",Bridgeport Plant,CT,Eastern Region,other_or_unspecified,3000.0,3000,28.0,standard_28,134.66666666666666,strict_group,295.0,91.33333333333333,79.06666666666668,43.33333333333333,0.3217821782178218,55.59999999999998,0.41287128712871274,True,True,True
15508,0,0.1515813149801874,0.08432859071554678,CEMEX,Tyrone Plant,GA,Southeastern Region,filler,4000.0,4000,28.0,standard_28,123.0,strict_group,36.0,95.0,86.75,28.0,0.22764227642276422,36.25,0.29471544715447157,True,True,True
34708,0,0.1511248137380655,0.08432859071554678,Milpitas Materials Co,Milpitas Plant,CA,Pacific Southwest Region,other_or_unspecified,3000.0,3000,28.0,standard_28,112.0,strict_group,89.0,92.0,80.53333333333333,20.0,0.17857142857142858,31.46666666666667,0.28095238095238095,True,True,False
15182,0,0.1494689184178802,0.08432859071554678,CEMEX,Sweetwater Plant,FL,Southeastern Region,other_or_unspecified,2500.0,2500,28.0,standard_28,96.0,strict_group,212.0,92.7,82.88,3.299999999999997,0.03437499999999997,13.120000000000005,0.13666666666666671,True,False,False
13176,0,0.1492139908536103,0.08432859071554678,CEMEX,Port Charlotte Plant,FL,Southeastern Region,other_or_unspecified,2500.0,2500,28.0,standard_28,96.8,strict_group,212.0,92.7,82.88,4.099999999999994,0.04235537190082639,13.920000000000002,0.143801652892562,True,False,False
9511,0,0.1484940234200296,0.08432859071554678,CEMEX,Lodi Plant,CA,Pacific Southwest Region,other_or_unspecified,3000.0,3000,28.0,standard_28,90.33333333333333,strict_group,89.0,92.0,80.53333333333333,0.0,0.0,9.799999999999997,0.10848708487084868,True,False,False
22114,0,0.1483600510115328,0.08432859071554678,Conewago Manufacturing,Conewago Manufacturing Plant,PA,Eastern Region,other_or_unspecified,3000.0,3000,28.0,standard_28,96.0,strict_group,295.0,91.33333333333333,79.06666666666668,4.666666666666671,0.04861111111111116,16.933333333333323,0.1763888888888888,True,False,False
952,0,0.1482913357286223,0.08432859071554678,Amrize,Metairie Plant,LA,South Central Region,other_or_unspecified,4000.0,4000,2.0,early,93.75,strict_group,5.0,86.0,84.2,7.75,0.08266666666666667,9.549999999999997,0.10186666666666663,True,False,False
34686,0,0.1476084741455801,0.08432859071554678,Miles Sand & Gravel,Pacific Plant,WA,Pacific Northwest Region,filler,2500.0,2500,28.0,standard_28,95.2,national_spec_group,6.0,110.4,95.80000000000001,0.0,0.0,0.0,0.0,True,False,False
46777,0,0.1472159037152604,0.08432859071554678,US Concrete Mix / Smyrna Ready Mix,Long Island City Plant,NY,Eastern Region,filler,4000.0,4000,28.0,standard_28,66.5,strict_group,83.0,88.0,68.55,0.0,0.0,0.0,0.0,True,False,False
43158,1,0.1471616943019081,0.08432859071554678,Silvi Materials,Morrisville Plant,PA,Eastern Region,other_or_unspecified,4000.0,4000,28.0,standard_28,146.25,strict_group,636.0,74.75,60.75,71.5,0.4888888888888889,85.5,0.5846153846153846,True,True,True
33758,0,0.1467280826574724,0.08432859071554678,Knife River Corporation,Nampa (Idaho) Plant,ID,Pacific Northwest Region,other_or_unspecified,3000.0,3000,28.0,standard_28,100.0,strict_group,395.0,71.0,64.13333333333334,29.0,0.29,35.86666666666666,0.3586666666666666,True,True,True
9259,0,0.1459499852052094,0.08432859071554678,CEMEX,Lawrenceville Plant,GA,Southeastern Region,other_or_unspecified,3000.0,3000,28.0,standard_28,120.0,strict_group,701.0,91.66666666666667,82.66666666666667,28.33333333333333,0.23611111111111108,37.33333333333333,0.31111111111111106,True,True,True
15196,0,0.1459396573941454,0.08432859071554678,CEMEX,Temecula Plant,CA,Pacific Southwest Region,other_or_unspecified,3500.0,3500,28.0,standard_28,109.71428571428571,strict_group,46.0,79.42857142857143,74.71428571428572,30.285714285714278,0.27604166666666663,34.999999999999986,0.3190104166666666,True,True,True
4542,0,0.1458191890305874,0.08432859071554678,"Callanan Industries, Inc.",Port of Albany Plant,NY,Eastern Region,other_or_unspecified,3500.0,3500,28.0,standard_28,114.85714285714286,strict_group,117.0,95.71428571428571,84.05714285714286,19.142857142857153,0.16666666666666674,30.799999999999997,0.26815920398009946,True,True,False
34667,0,0.1455592742428504,0.08432859071554678,Miles Sand & Gravel,Lacey Plant,WA,Pacific Northwest Region,paving,3000.0,3000,28.0,standard_28,106.66666666666667,strict_group,7.0,87.66666666666666,86.26666666666667,19.000000000000014,0.17812500000000012,20.400000000000006,0.19125000000000003,True,True,False
33778,0,0.1453246699406711,0.08432859071554678,Knife River Corporation,Nampa (Idaho) Plant,ID,Pacific Northwest Region,other_or_unspecified,3000.0,3000,28.0,standard_28,118.33333333333333,strict_group,395.0,71.0,64.13333333333334,47.33333333333333,0.39999999999999997,54.19999999999999,0.45802816901408444,True,True,True
7215,0,0.145120417628262,0.08432859071554678,CEMEX,Dawsonville - Easy Street Plant,GA,Southeastern Region,filler,4000.0,4000,28.0,standard_28,105.75,strict_group,36.0,95.0,86.75,10.75,0.1016548463356974,19.0,0.17966903073286053,True,True,False
33657,0,0.1446338664191005,0.08432859071554678,Knife River Corporation,Fruitland (Idaho) Plant,ID,Pacific Northwest Region,other_or_unspecified,4000.0,4000,28.0,standard_28,93.25,strict_group,579.0,63.25,56.7,30.0,0.32171581769436997,36.55,0.3919571045576407,True,True,True
6504,0,0.1445094484260841,0.08432859071554678,CEMEX,Columbus - Smith Rd (Vulcan Quarry) Plant,GA,Southeastern Region,other_or_unspecified,3000.0,3000,28.0,standard_28,105.33333333333333,strict_group,701.0,91.66666666666667,82.66666666666667,13.666666666666657,0.1297468354430379,22.666666666666657,0.21518987341772144,True,True,False
11869,0,0.1444031323311268,0.08432859071554678,CEMEX,Palmomar Oceanside Plant,CA,Pacific Southwest Region,other_or_unspecified,4000.0,4000,28.0,standard_28,109.5,strict_group,111.0,78.25,69.0,31.25,0.2853881278538813,40.5,0.3698630136986301,True,True,True
34002,0,0.1441164074229123,0.08432859071554678,Knife River Corporation,Woodburn (Oregon) Plant,OR,Pacific Northwest Region,other_or_unspecified,4000.0,4000,28.0,standard_28,122.25,strict_group,579.0,63.25,56.7,59.0,0.48261758691206547,65.55,0.5361963190184049,True,True,True
4897,0,0.1435536454684616,0.08432859071554678,CEMEX,78th Street Plant,FL,Southeastern Region,other_or_unspecified,3000.0,3000,28.0,standard_28,121.33333333333333,strict_group,701.0,91.66666666666667,82.66666666666667,29.666666666666657,0.24450549450549444,38.66666666666666,0.3186813186813186,True,True,True
34679,0,0.1432564991358443,0.08432859071554678,Miles Sand & Gravel,Lacey Plant,WA,Pacific Northwest Region,other_or_unspecified,2500.0,2500,28.0,standard_28,110.4,strict_group,23.0,87.2,80.0,23.200000000000003,0.2101449275362319,30.400000000000006,0.27536231884057977,True,True,True
16177,0,0.1425288928316406,0.08432859071554678,CEMEX,Winter Park Plant,FL,Southeastern Region,other_or_unspecified,2500.0,2500,28.0,standard_28,101.6,strict_group,212.0,92.7,82.88,8.899999999999991,0.08759842519685032,18.72,0.18425196850393702,True,False,False
9095,0,0.1417106735205084,0.08432859071554678,CEMEX,Lafayette Plant,GA,Southeastern Region,other_or_unspecified,3000.0,3000,28.0,standard_28,98.33333333333333,strict_group,701.0,91.66666666666667,82.66666666666667,6.666666666666657,0.06779661016949143,15.666666666666657,0.159322033898305,True,False,False
42606,0,0.1414365977546391,0.08432859071554678,Salmon Bay Sand & Gravel,Salmon Bay Sand and Gravel,WA,Pacific Northwest Region,other_or_unspecified,3000.0,3000,28.0,standard_28,117.33333333333333,strict_group,395.0,71.0,64.13333333333334,46.33333333333333,0.3948863636363636,53.19999999999999,0.4534090909090908,True,True,True
46158,0,0.1414018285543767,0.08432859071554678,United Companies,Delta Plant,CO,Rocky Mountains Region,other_or_unspecified,3500.0,3500,28.0,standard_28,97.14285714285714,strict_group,66.0,73.71428571428571,67.85714285714286,23.42857142857143,0.24117647058823533,29.285714285714278,0.30147058823529405,True,True,True
806,0,0.1412772385197208,0.08432859071554678,Amrize,Choctaw Plant,LA,South Central Region,paving,3000.0,3000,28.0,standard_28,71.0,national_spec_group,28.0,87.83333333333333,83.16666666666667,0.0,0.0,0.0,0.0,True,False,False
41877,0,0.1404635706751614,0.08432859071554678,RiverBend Materials,Hilroy Plant,OR,Pacific Northwest Region,other_or_unspecified,3500.0,3500,28.0,standard_28,83.71428571428571,strict_group,339.0,68.59126984126985,58.0,15.12301587301586,0.18065036025786865,25.714285714285708,0.3071672354948805,True,True,False
41870,0,0.1404635706751614,0.08432859071554678,RiverBend Materials,Hilroy Plant,OR,Pacific Northwest Region,other_or_unspecified,3500.0,3500,28.0,standard_28,100.57142857142857,strict_group,339.0,68.59126984126985,58.0,31.98015873015872,0.31798453282828276,42.57142857142857,0.42329545454545453,True,True,True
30737,1,0.1402553625716923,0.08432859071554678,Four Winds Concrete Inc.,Bethlehem Plant,PA,Eastern Region,other_or_unspecified,3000.0,3000,28.0,standard_28,132.66666666666666,strict_group,295.0,91.33333333333333,79.06666666666668,41.33333333333333,0.3115577889447236,53.59999999999998,0.40402010050251247,True,True,True
13201,0,0.1396401602934096,0.08432859071554678,CEMEX,Port Charlotte Plant,FL,Southeastern Region,other_or_unspecified,3000.0,3000,28.0,standard_28,74.0,strict_group,701.0,91.66666666666667,82.66666666666667,0.0,0.0,0.0,0.0,True,False,False
5780,1,0.1395353422967578,0.08432859071554678,CEMEX,Bessemer - CEMCO #7 Plant,AL,Southeastern Region,filler,3000.0,3000,28.0,standard_28,157.66666666666666,strict_group,44.0,117.25,105.0,40.41666666666666,0.2563424947145877,52.66666666666666,0.3340380549682875,True,True,True
43305,0,0.1389087124447045,0.08432859071554678,Silvi Materials,Philadelphia Plant,PA,Eastern Region,filler,4500.0,4500,28.0,standard_28,110.88888888888889,strict_group,14.0,93.88888888888889,78.75555555555556,17.0,0.15330661322645292,32.133333333333326,0.28977955911823644,True,True,False
43053,0,0.1388227365848451,0.08432859071554678,Silvi Materials,Limerick Plant,PA,Eastern Region,other_or_unspecified,3500.0,3500,28.0,standard_28,114.57142857142857,strict_group,117.0,95.71428571428571,84.05714285714286,18.85714285714286,0.16458852867830429,30.514285714285705,0.2663341645885286,True,True,False
16067,0,0.138013863525728,0.08432859071554678,CEMEX,Westside Plant,FL,Southeastern Region,other_or_unspecified,2500.0,2500,28.0,standard_28,96.0,strict_group,212.0,92.7,82.88,3.299999999999997,0.03437499999999997,13.120000000000005,0.13666666666666671,True,False,False
43878,0,0.137891502166281,0.08432859071554678,Sterling Concrete Corp,Oxford Plant,MA,Eastern Region,other_or_unspecified,4000.0,4000,28.0,standard_28,117.75,strict_group,636.0,74.75,60.75,43.0,0.3651804670912951,57.0,0.4840764331210191,True,True,True
37862,0,0.1378267618699423,0.08432859071554678,National Ready Mix,Santa Clarita Plant,CA,Pacific Southwest Region,other_or_unspecified,3000.0,3000,28.0,standard_28,113.66666666666667,strict_group,89.0,92.0,80.53333333333333,21.66666666666667,0.19061583577712612,33.13333333333334,0.2914956011730206,True,True,False
9271,1,0.1373508925972952,0.08432859071554678,CEMEX,Lawrenceville Plant,GA,Southeastern Region,structural,3000.0,3000,1.0,early,150.33333333333334,regional_strength_group,823.0,92.16666666666666,84.0,58.166666666666686,0.3869179600886919,66.33333333333334,0.4412416851441242,True,True,True
30745,0,0.1367754200511299,0.08432859071554678,Four Winds Concrete Inc.,Bethlehem Plant,PA,Eastern Region,other_or_unspecified,3500.0,3500,28.0,standard_28,123.42857142857143,strict_group,117.0,95.71428571428571,84.05714285714286,27.714285714285722,0.2245370370370371,39.37142857142857,0.3189814814814814,True,True,True
33337,0,0.1363667759262832,0.08432859071554678,Ingram Ready Mix,Pearland #35 LLC Plant,TX,South Central Region,hardscape,4000.0,4000,28.0,standard_28,75.75,national_spec_group,37.0,72.75,67.4,3.0,0.039603960396039604,8.349999999999994,0.11023102310231016,True,False,False
8280,0,0.1360255776998163,0.08432859071554678,CEMEX,Habersham Plant,GA,Southeastern Region,other_or_unspecified,3000.0,3000,28.0,standard_28,110.33333333333333,strict_group,701.0,91.66666666666667,82.66666666666667,18.666666666666657,0.1691842900302114,27.666666666666657,0.25075528700906335,True,True,False
5133,0,0.1358191519572286,0.08432859071554678,CEMEX,Andalusia Plant,AL,Southeastern Region,other_or_unspecified,3000.0,3000,28.0,standard_28,120.66666666666667,strict_group,701.0,91.66666666666667,82.66666666666667,29.0,0.24033149171270718,38.0,0.3149171270718232,True,True,True
15226,0,0.1356145405827689,0.08432859071554678,CEMEX,Thomasville Plant,AL,Southeastern Region,other_or_unspecified,4000.0,4000,28.0,standard_28,114.0,strict_group,440.0,77.6875,69.75,36.3125,0.31853070175438597,44.25,0.3881578947368421,True,True,True
42610,0,0.1349723033684417,0.08432859071554678,Salmon Bay Sand & Gravel,Salmon Bay Sand and Gravel,WA,Pacific Northwest Region,other_or_unspecified,3000.0,3000,28.0,standard_28,94.66666666666667,strict_group,395.0,71.0,64.13333333333334,23.66666666666667,0.25000000000000006,30.53333333333333,0.3225352112676056,True,True,True
9066,0,0.1347472805855915,0.08432859071554678,CEMEX,Lafayette Plant,GA,Southeastern Region,other_or_unspecified,3000.0,3000,28.0,standard_28,93.33333333333333,strict_group,701.0,91.66666666666667,82.66666666666667,1.6666666666666572,0.017857142857142756,10.666666666666657,0.11428571428571419,True,False,False
4821,1,0.1346398850617348,0.08432859071554678,CEMEX,56th Street Plant,FL,Southeastern Region,other_or_unspecified,2500.0,2500,28.0,standard_28,126.8,strict_group,212.0,92.7,82.88,34.099999999999994,0.2689274447949526,43.92,0.3463722397476341,True,True,True
46148,0,0.1344946087331959,0.08432859071554678,United Companies,Delta Plant,CO,Rocky Mountains Region,other_or_unspecified,3500.0,3500,28.0,standard_28,78.28571428571429,strict_group,66.0,73.71428571428571,67.85714285714286,4.571428571428584,0.05839416058394176,10.42857142857143,0.1332116788321168,True,False,False
33573,1,0.1342112215793934,0.08432859071554678,Knife River Corporation,Corvallis (Oregon) Plant,OR,Pacific Northwest Region,other_or_unspecified,3500.0,3500,28.0,standard_28,125.14285714285714,strict_group,339.0,68.59126984126985,58.0,56.55158730158729,0.451896245560629,67.14285714285714,0.5365296803652968,True,True,True
10042,0,0.1339371859458412,0.08432859071554678,CEMEX,Milton Plant,FL,Southeastern Region,other_or_unspecified,2500.0,2500,28.0,standard_28,100.8,strict_group,212.0,92.7,82.88,8.099999999999994,0.08035714285714281,17.92,0.1777777777777778,True,False,False
43140,0,0.1337204090653787,0.08432859071554678,Silvi Materials,Morrisville Plant,PA,Eastern Region,other_or_unspecified,3000.0,3000,28.0,standard_28,114.66666666666667,strict_group,295.0,91.33333333333333,79.06666666666668,23.333333333333343,0.20348837209302334,35.599999999999994,0.3104651162790697,True,True,True
43879,0,0.132075885211086,0.08432859071554678,Sterling Concrete Corp,Oxford Plant,MA,Eastern Region,other_or_unspecified,4000.0,4000,28.0,standard_28,114.5,strict_group,636.0,74.75,60.75,39.75,0.3471615720524017,53.75,0.46943231441048033,True,True,True
11473,0,0.1317531434339169,0.08432859071554678,CEMEX,Odessa Plant,FL,Southeastern Region,other_or_unspecified,2500.0,2500,28.0,standard_28,121.2,strict_group,212.0,92.7,82.88,28.5,0.23514851485148514,38.32000000000001,0.3161716171617162,True,True,True
12044,0,0.1314174668327155,0.08432859071554678,CEMEX,Pembroke Pines Plant,FL,Southeastern Region,other_or_unspecified,2500.0,2500,28.0,standard_28,103.2,strict_group,212.0,92.7,82.88,10.5,0.10174418604651163,20.320000000000007,0.19689922480620162,True,True,False
22096,0,0.1311197403574639,0.08432859071554678,Conewago Manufacturing,Conewago Manufacturing Plant,PA,Eastern Region,other_or_unspecified,3000.0,3000,28.0,standard_28,117.66666666666667,strict_group,295.0,91.33333333333333,79.06666666666668,26.333333333333343,0.22379603399433434,38.599999999999994,0.3280453257790368,True,True,True
46122,0,0.1298373061625717,0.08432859071554678,United Companies,Crested Butte Plant,CO,Rocky Mountains Region,other_or_unspecified,4000.0,4000,28.0,standard_28,97.25,strict_group,220.0,71.5,66.5,25.75,0.2647814910025707,30.75,0.3161953727506427,True,True,True
9757,0,0.1295295745721132,0.08432859071554678,CEMEX,Marietta Plant,FL,Southeastern Region,other_or_unspecified,2500.0,2500,28.0,standard_28,110.4,strict_group,212.0,92.7,82.88,17.700000000000003,0.16032608695652176,27.52000000000001,0.24927536231884065,True,True,False
9926,0,0.1293758323301132,0.08432859071554678,CEMEX,McIntosh Plant,FL,Southeastern Region,other_or_unspecified,2500.0,2500,28.0,standard_28,94.4,strict_group,212.0,92.7,82.88,1.7000000000000028,0.018008474576271215,11.52000000000001,0.12203389830508485,True,False,False
2385,0,0.1291615521887127,0.08432859071554678,Byram Concrete & Supply LLC,Byram Concrete & Supply LLC Plant,NY,Eastern Region,filler,3000.0,3000,28.0,standard_28,106.33333333333333,strict_group,28.0,94.5,30.75,11.833333333333329,0.11128526645768021,75.58333333333333,0.7108150470219435,True,True,False
15732,0,0.1283224489613368,0.08432859071554678,CEMEX,Walnut Plant,CA,Pacific Southwest Region,paving,2500.0,2500,28.0,standard_28,116.0,regional_strength_group,21.0,105.2,100.8,10.799999999999997,0.09310344827586205,15.200000000000003,0.1310344827586207,True,False,False
7211,0,0.1276301873405069,0.08432859071554678,CEMEX,Dawsonville - Easy Street Plant,GA,Southeastern Region,filler,4000.0,4000,28.0,standard_28,123.5,strict_group,36.0,95.0,86.75,28.5,0.23076923076923078,36.75,0.2975708502024291,True,True,True
4556,0,0.1269360540739301,0.08432859071554678,Cape Cod Ready Mix,Carver Plant,MA,Eastern Region,other_or_unspecified,3000.0,3000,28.0,standard_28,114.0,strict_group,295.0,91.33333333333333,79.06666666666668,22.66666666666667,0.1988304093567252,34.93333333333332,0.3064327485380116,True,True,False
22110,0,0.1262074835668301,0.08432859071554678,Conewago Manufacturing,Conewago Manufacturing Plant,PA,Eastern Region,filler,3000.0,3000,28.0,standard_28,97.0,strict_group,28.0,94.5,30.75,2.5,0.02577319587628866,66.25,0.6829896907216495,True,False,False
33222,0,0.1261581195701232,0.08432859071554678,Hood River Sand and Gravel,The Dalles Plant,OR,Pacific Northwest Region,paving,4000.0,4000,28.0,standard_28,101.5,strict_group,74.0,64.4375,54.825,37.0625,0.36514778325123154,46.675,0.45985221674876847,True,True,True
13205,0,0.1258365234083737,0.08432859071554678,CEMEX,Port Charlotte Plant,FL,Southeastern Region,other_or_unspecified,3000.0,3000,28.0,standard_28,87.0,strict_group,701.0,91.66666666666667,82.66666666666667,0.0,0.0,4.333333333333329,0.049808429118773895,True,False,False
43359,0,0.124640840691312,0.08432859071554678,Silvi Materials,South Plainfield Plant,NJ,Eastern Region,filler,4000.0,4000,28.0,standard_28,120.25,strict_group,83.0,88.0,68.55,32.25,0.2681912681912682,51.7,0.42993762993762996,True,True,True
30746,0,0.1240518938340993,0.08432859071554678,Four Winds Concrete Inc.,Bethlehem Plant,PA,Eastern Region,other_or_unspecified,3500.0,3500,28.0,standard_28,108.28571428571429,strict_group,117.0,95.71428571428571,84.05714285714286,12.571428571428584,0.11609498680738797,24.228571428571428,0.22374670184696568,True,True,False
13493,0,0.1236704414851504,0.08432859071554678,CEMEX,Russellville Plant,AL,Southeastern Region,other_or_unspecified,4000.0,4000,28.0,standard_28,89.0,strict_group,440.0,77.6875,69.75,11.3125,0.1271067415730337,19.25,0.21629213483146068,True,True,False
42536,0,0.1231367551243994,0.08432859071554678,Robertson's Ready Mix,Rialto Plant,CA,Pacific Southwest Region,other_or_unspecified,4000.0,4000,28.0,standard_28,90.5,strict_group,111.0,78.25,69.0,12.25,0.13535911602209943,21.5,0.23756906077348067,True,True,False
43244,0,0.1230670422182092,0.08432859071554678,Silvi Materials,Philadelphia Plant,PA,Eastern Region,other_or_unspecified,3500.0,3500,28.0,standard_28,113.42857142857143,strict_group,117.0,95.71428571428571,84.05714285714286,17.714285714285722,0.15617128463476077,29.371428571428567,0.2589420654911838,True,True,False
10058,0,0.1227217325296902,0.08432859071554678,CEMEX,Milton Plant,FL,Southeastern Region,other_or_unspecified,2500.0,2500,28.0,standard_28,122.8,strict_group,212.0,92.7,82.88,30.099999999999994,0.24511400651465795,39.92,0.32508143322475574,True,True,True
13024,0,0.1225976918622069,0.08432859071554678,CEMEX,Plant City RK Plant,FL,Southeastern Region,other_or_unspecified,3000.0,3000,28.0,standard_28,121.33333333333333,strict_group,701.0,91.66666666666667,82.66666666666667,29.666666666666657,0.24450549450549444,38.66666666666666,0.3186813186813186,True,True,True
33969,0,0.1220174390916141,0.08432859071554678,Knife River Corporation,Wheatland (Oregon) Plant,OR,Pacific Northwest Region,other_or_unspecified,4000.0,4000,28.0,standard_28,123.0,strict_group,579.0,63.25,56.7,59.75,0.48577235772357724,66.3,0.5390243902439024,True,True,True
43361,1,0.1218484680788211,0.08432859071554678,Silvi Materials,Southampton Plant,NJ,Eastern Region,other_or_unspecified,3000.0,3000,28.0,standard_28,125.66666666666667,strict_group,295.0,91.33333333333333,79.06666666666668,34.33333333333334,0.2732095490716181,46.599999999999994,0.3708222811671087,True,True,True
43007,0,0.1218484680788211,0.08432859071554678,Silvi Materials,Kingston Plant,NJ,Eastern Region,other_or_unspecified,3000.0,3000,28.0,standard_28,120.33333333333333,strict_group,295.0,91.33333333333333,79.06666666666668,29.0,0.2409972299168975,41.26666666666665,0.34293628808864257,True,True,True
41866,0,0.1217581495845085,0.08432859071554678,RiverBend Materials,Hilroy Plant,OR,Pacific Northwest Region,other_or_unspecified,3000.0,3000,28.0,standard_28,108.0,strict_group,395.0,71.0,64.13333333333334,37.0,0.3425925925925926,43.86666666666666,0.4061728395061728,True,True,True
5922,0,0.1212106622682349,0.08432859071554678,CEMEX,Brewton Plant,AL,Southeastern Region,paving,4000.0,4000,28.0,standard_28,114.0,strict_group,22.0,79.8125,75.8,34.1875,0.29989035087719296,38.2,0.33508771929824566,True,True,True
42890,0,0.1204307128764945,0.08432859071554678,Silvi Materials,Downingtown Plant,PA,Eastern Region,filler,4000.0,4000,28.0,standard_28,117.0,strict_group,83.0,88.0,68.55,29.0,0.24786324786324787,48.45,0.41410256410256413,True,True,True
33971,1,0.1193280772220967,0.08432859071554678,Knife River Corporation,Wheatland (Oregon) Plant,OR,Pacific Northwest Region,other_or_unspecified,3500.0,3500,28.0,standard_28,131.71428571428572,strict_group,339.0,68.59126984126985,58.0,63.12301587301587,0.4792419860207279,73.71428571428572,0.559652928416486,True,True,True
40960,0,0.1189716898615813,0.08432859071554678,Peak Ready Mix,Silverthorne (MCR) Plant,CO,Rocky Mountains Region,filler,4000.0,4000,28.0,standard_28,90.25,strict_group,32.0,83.125,79.625,7.125,0.07894736842105263,10.625,0.11772853185595568,True,False,False
45404,1,0.1186025698095348,0.08432859071554678,Titan Virginia Ready-Mix,Port Norfolk Plant,VA,Eastern Region,other_or_unspecified,3000.0,3000,28.0,standard_28,180.33333333333334,strict_group,295.0,91.33333333333333,79.06666666666668,89.00000000000001,0.4935304990757856,101.26666666666667,0.5615526802218114,True,True,True
10466,0,0.1183075768147522,0.08432859071554678,CEMEX,Mosielee Plant,TX,South Central Region,other_or_unspecified,3500.0,3500,28.0,standard_28,105.14285714285714,strict_group,35.0,68.57142857142857,65.25714285714285,36.57142857142857,0.34782608695652173,39.885714285714286,0.37934782608695655,True,True,True
10318,0,0.1182797183622678,0.08432859071554678,CEMEX,Monroeville Plant,AL,Southeastern Region,other_or_unspecified,3000.0,3000,28.0,standard_28,119.0,strict_group,701.0,91.66666666666667,82.66666666666667,27.33333333333333,0.22969187675070024,36.33333333333333,0.3053221288515406,True,True,True
30616,0,0.1182537280612997,0.08432859071554678,F&F Concrete,F&F Concrete Plant,CT,Eastern Region,other_or_unspecified,3000.0,3000,28.0,standard_28,107.0,strict_group,295.0,91.33333333333333,79.06666666666668,15.666666666666671,0.1464174454828661,27.933333333333323,0.2610591900311526,True,True,False
12045,0,0.11685023542085,0.08432859071554678,CEMEX,Pembroke Pines Plant,FL,Southeastern Region,other_or_unspecified,3000.0,3000,28.0,standard_28,106.33333333333333,strict_group,701.0,91.66666666666667,82.66666666666667,14.666666666666657,0.13793103448275854,23.666666666666657,0.22257053291536041,True,True,False
43116,0,0.1165986458079585,0.08432859071554678,Silvi Materials,Limerick Plant,PA,Eastern Region,other_or_unspecified,4000.0,4000,28.0,standard_28,120.0,strict_group,636.0,74.75,60.75,45.25,0.3770833333333333,59.25,0.49375,True,True,True
16324,0,0.1163880514809424,0.08432859071554678,Cemstone,Childs Road Plant,MN,North Central Region,other_or_unspecified,3000.0,3000,28.0,standard_28,85.66666666666667,strict_group,15.0,75.16666666666666,67.13333333333333,10.500000000000014,0.12256809338521417,18.533333333333346,0.216342412451362,True,True,False
34651,0,0.1161433043793593,0.08432859071554678,Miles Sand & Gravel,Lacey Plant,WA,Pacific Northwest Region,other_or_unspecified,3000.0,3000,28.0,standard_28,83.0,strict_group,395.0,71.0,64.13333333333334,12.0,0.14457831325301204,18.86666666666666,0.2273092369477911,True,True,False
1987,0,0.1153484979350987,0.08432859071554678,Bonded Concrete Inc. / The Clemente Group,Colonie Plant,NY,Eastern Region,other_or_unspecified,3500.0,3500,28.0,standard_28,90.57142857142857,strict_group,117.0,95.71428571428571,84.05714285714286,0.0,0.0,6.514285714285705,0.07192429022082009,True,False,False
803,0,0.1152933649877921,0.08432859071554678,Amrize,Choctaw Plant,LA,South Central Region,structural,3000.0,3000,28.0,standard_28,77.0,strict_group,6.0,73.16666666666667,72.66666666666666,3.8333333333333286,0.04978354978354972,4.333333333333343,0.0562770562770564,True,False,False
3140,0,0.1150220863967561,0.08432859071554678,Cadman / Heidelberg Materials,Orchards Plant,WA,Pacific Northwest Region,other_or_unspecified,3000.0,3000,28.0,standard_28,81.0,strict_group,395.0,71.0,64.13333333333334,10.0,0.12345679012345678,16.86666666666666,0.20823045267489704,True,True,False
43128,1,0.1148131889682799,0.08432859071554678,Silvi Materials,Logan Plant,NJ,Eastern Region,filler,4000.0,4000,28.0,standard_28,125.75,strict_group,83.0,88.0,68.55,37.75,0.30019880715705766,57.2,0.45487077534791254,True,True,True
42608,0,0.1148019415925783,0.08432859071554678,Salmon Bay Sand & Gravel,Salmon Bay Sand and Gravel,WA,Pacific Northwest Region,other_or_unspecified,3000.0,3000,28.0,standard_28,108.0,strict_group,395.0,71.0,64.13333333333334,37.0,0.3425925925925926,43.86666666666666,0.4061728395061728,True,True,True
46188,0,0.1145759130852477,0.08432859071554678,United Companies,Gunnison Plant,CO,Rocky Mountains Region,filler,3500.0,3500,28.0,standard_28,102.28571428571429,strict_group,6.0,88.0,85.71428571428572,14.285714285714292,0.1396648044692738,16.57142857142857,0.1620111731843575,True,True,False
8586,1,0.1144173407100296,0.08432859071554678,CEMEX,Industrial Park Rd (Cartersville - RMUSA) Plant,GA,Southeastern Region,filler,4000.0,4000,28.0,standard_28,125.0,strict_group,36.0,95.0,86.75,30.0,0.24,38.25,0.306,True,True,True
5143,0,0.1143619936107208,0.08432859071554678,CEMEX,Andalusia Plant,AL,Southeastern Region,paving,3000.0,3000,28.0,standard_28,104.0,strict_group,16.0,94.25,87.66666666666666,9.75,0.09375,16.333333333333343,0.15705128205128213,True,False,False
33422,0,0.1128604191584827,0.08432859071554678,Kirkpatrick Concrete,Highway 280 Plant,AL,Southeastern Region,other_or_unspecified,3500.0,3500,28.0,standard_28,99.14285714285714,strict_group,155.0,78.0,71.42857142857143,21.14285714285714,0.21325648414985587,27.714285714285708,0.2795389048991354,True,True,True
33357,0,0.1128604191584827,0.08432859071554678,Kirkpatrick Concrete,Alabaster Plant,AL,Southeastern Region,other_or_unspecified,3500.0,3500,28.0,standard_28,102.85714285714286,strict_group,155.0,78.0,71.42857142857143,24.85714285714286,0.2416666666666667,31.42857142857143,0.3055555555555556,True,True,True
33444,0,0.1128604191584827,0.08432859071554678,Kirkpatrick Concrete,Lakeshore Plant,AL,Southeastern Region,other_or_unspecified,3500.0,3500,28.0,standard_28,97.71428571428571,strict_group,155.0,78.0,71.42857142857143,19.714285714285708,0.20175438596491224,26.285714285714278,0.2690058479532163,True,True,True
33400,0,0.1128604191584827,0.08432859071554678,Kirkpatrick Concrete,Gardendale Plant,AL,Southeastern Region,other_or_unspecified,3500.0,3500,28.0,standard_28,99.42857142857143,strict_group,155.0,78.0,71.42857142857143,21.42857142857143,0.21551724137931036,28.0,0.28160919540229884,True,True,True
362,0,0.1128597221308008,0.08432859071554678,American Rock Products (ARP),Boardman Plant,OR,Pacific Northwest Region,other_or_unspecified,2500.0,2500,28.0,standard_28,98.0,strict_group,23.0,87.2,80.0,10.799999999999997,0.11020408163265304,18.0,0.1836734693877551,True,True,False
34694,0,0.1120797440046669,0.08432859071554678,Miles Sand & Gravel,Shine RM Plant,WA,Pacific Northwest Region,paving,4000.0,4000,28.0,standard_28,102.75,strict_group,74.0,64.4375,54.825,38.3125,0.3728710462287105,47.925,0.46642335766423354,True,True,True
5468,0,0.1116928638875826,0.08432859071554678,CEMEX,Auburn (Portable) Plant,AL,Southeastern Region,other_or_unspecified,3000.0,3000,28.0,standard_28,103.0,strict_group,701.0,91.66666666666667,82.66666666666667,11.333333333333329,0.11003236245954688,20.33333333333333,0.1974110032362459,True,True,False
43229,0,0.1113903820234169,0.08432859071554678,Silvi Materials,Philadelphia Plant,PA,Eastern Region,other_or_unspecified,3000.0,3000,28.0,standard_28,102.33333333333333,strict_group,295.0,91.33333333333333,79.06666666666668,11.0,0.10749185667752444,23.26666666666665,0.22736156351791517,True,True,False
30580,0,0.1104674494699708,0.08432859071554678,"Ernst Enterprises, Inc.",Wilson Road Plant,OH,Great Lakes Region,structural,3000.0,3000,28.0,standard_28,84.66666666666667,strict_group,13.0,67.0,64.06666666666666,17.66666666666667,0.2086614173228347,20.60000000000001,0.24330708661417333,True,True,True
30470,0,0.1104674494699708,0.08432859071554678,"Ernst Enterprises, Inc.",Columbus Plant,OH,Great Lakes Region,structural,3000.0,3000,28.0,standard_28,83.33333333333333,strict_group,13.0,67.0,64.06666666666666,16.33333333333333,0.19599999999999995,19.266666666666666,0.2312,True,True,False
16154,0,0.1100220641889455,0.08432859071554678,CEMEX,Winfield Plant,AL,Southeastern Region,other_or_unspecified,3500.0,3500,28.0,standard_28,100.85714285714286,strict_group,155.0,78.0,71.42857142857143,22.85714285714286,0.226628895184136,29.42857142857143,0.29178470254957506,True,True,True
5055,0,0.1099890636762052,0.08432859071554678,CEMEX,Alexander City Plant,AL,Southeastern Region,other_or_unspecified,2500.0,2500,28.0,standard_28,99.2,strict_group,212.0,92.7,82.88,6.5,0.0655241935483871,16.320000000000007,0.16451612903225812,True,False,False
33972,0,0.1098982297998178,0.08432859071554678,Knife River Corporation,Wheatland (Oregon) Plant,OR,Pacific Northwest Region,other_or_unspecified,4000.0,4000,28.0,standard_28,115.25,strict_group,579.0,63.25,56.7,52.0,0.4511930585683297,58.55,0.5080260303687635,True,True,True
43219,0,0.1097382763424275,0.08432859071554678,Silvi Materials,Philadelphia Plant,PA,Eastern Region,other_or_unspecified,3000.0,3000,28.0,standard_28,103.0,strict_group,295.0,91.33333333333333,79.06666666666668,11.666666666666671,0.11326860841423952,23.933333333333323,0.23236245954692547,True,True,False
7237,0,0.1088276398402811,0.08432859071554678,CEMEX,Dawsonville - Easy Street Plant,GA,Southeastern Region,other_or_unspecified,3000.0,3000,28.0,standard_28,102.66666666666667,strict_group,701.0,91.66666666666667,82.66666666666667,11.0,0.10714285714285714,20.0,0.1948051948051948,True,True,False
9146,0,0.1081544669659488,0.08432859071554678,CEMEX,Lake Wales Plant,FL,Southeastern Region,other_or_unspecified,3000.0,3000,28.0,standard_28,118.0,strict_group,701.0,91.66666666666667,82.66666666666667,26.33333333333333,0.22316384180790957,35.33333333333333,0.29943502824858753,True,True,True
30451,0,0.1081448190764026,0.08432859071554678,Elizabeth River Concrete,Portsmouth Virginia Plant,VA,Eastern Region,other_or_unspecified,4000.0,4000,28.0,standard_28,86.25,strict_group,636.0,74.75,60.75,11.5,0.13333333333333333,25.5,0.2956521739130435,True,True,False
22109,0,0.1070341344715084,0.08432859071554678,Conewago Manufacturing,Conewago Manufacturing Plant,PA,Eastern Region,other_or_unspecified,3000.0,3000,28.0,standard_28,104.0,strict_group,295.0,91.33333333333333,79.06666666666668,12.666666666666671,0.12179487179487183,24.933333333333323,0.23974358974358964,True,True,False
43216,0,0.1061093283873573,0.08432859071554678,Silvi Materials,Philadelphia Plant,PA,Eastern Region,other_or_unspecified,3000.0,3000,28.0,standard_28,119.0,strict_group,295.0,91.33333333333333,79.06666666666668,27.66666666666667,0.2324929971988796,39.93333333333332,0.33557422969187667,True,True,True
15478,0,0.1058094302960342,0.08432859071554678,CEMEX,Tuscumbia (Dual) Plant,AL,Southeastern Region,other_or_unspecified,3000.0,3000,28.0,standard_28,101.66666666666667,strict_group,701.0,91.66666666666667,82.66666666666667,10.0,0.09836065573770492,19.0,0.18688524590163932,True,False,False
31813,0,0.1054315005614603,0.08432859071554678,Graniterock,Santa Cruz Plant,CA,Pacific Southwest Region,other_or_unspecified,3500.0,3500,28.0,standard_28,119.71428571428571,strict_group,46.0,79.42857142857143,74.71428571428572,40.28571428571428,0.3365155131264916,44.999999999999986,0.3758949880668257,True,True,True
31626,0,0.1054315005614603,0.08432859071554678,Graniterock,San Jose Plant,CA,Pacific Southwest Region,other_or_unspecified,3500.0,3500,28.0,standard_28,115.71428571428571,strict_group,46.0,79.42857142857143,74.71428571428572,36.28571428571428,0.3135802469135802,40.999999999999986,0.3543209876543209,True,True,True
42537,0,0.1045222946341804,0.08432859071554678,Robertson's Ready Mix,Rialto Plant,CA,Pacific Southwest Region,other_or_unspecified,3000.0,3000,28.0,standard_28,106.33333333333333,strict_group,89.0,92.0,80.53333333333333,14.333333333333329,0.13479623824451406,25.799999999999997,0.24263322884012536,True,True,False
42570,0,0.1040299006812705,0.08432859071554678,Robertson's Ready Mix,Vernon Plant,CA,Pacific Southwest Region,other_or_unspecified,3000.0,3000,28.0,standard_28,107.66666666666667,strict_group,89.0,92.0,80.53333333333333,15.666666666666671,0.14551083591331274,27.13333333333334,0.25201238390092884,True,True,False
45375,0,0.1038461500992732,0.08432859071554678,Titan Virginia Ready-Mix,Oceana Plant,VA,Eastern Region,other_or_unspecified,3000.0,3000,28.0,standard_28,111.33333333333333,strict_group,295.0,91.33333333333333,79.06666666666668,20.0,0.17964071856287425,32.26666666666665,0.289820359281437,True,True,False
44875,0,0.1038461500992732,0.08432859071554678,Titan Virginia Ready-Mix,Campostella Plant,VA,Eastern Region,other_or_unspecified,3000.0,3000,28.0,standard_28,108.66666666666667,strict_group,295.0,91.33333333333333,79.06666666666668,17.333333333333343,0.1595092024539878,29.599999999999994,0.27239263803680974,True,True,False
42942,0,0.1036323362306025,0.08432859071554678,Silvi Materials,Englishtown Plant,NJ,Eastern Region,filler,4000.0,4000,28.0,standard_28,120.0,strict_group,83.0,88.0,68.55,32.0,0.26666666666666666,51.45,0.42875,True,True,True
3751,0,0.1027462046680751,0.08432859071554678,Cadman / Heidelberg Materials,Port of Portland Plant,OR,Pacific Northwest Region,other_or_unspecified,3000.0,3000,28.0,standard_28,72.66666666666667,strict_group,395.0,71.0,64.13333333333334,1.6666666666666714,0.022935779816513825,8.533333333333331,0.11743119266055042,True,False,False
42242,0,0.1025745351488861,0.08432859071554678,Robertson's Ready Mix,Anaheim Plant,CA,Pacific Southwest Region,other_or_unspecified,4000.0,4000,28.0,standard_28,47.25,strict_group,111.0,78.25,69.0,0.0,0.0,0.0,0.0,True,False,False
43000,1,0.1023925909372865,0.08432859071554678,Silvi Materials,Englishtown Plant,NJ,Eastern Region,other_or_unspecified,4000.0,4000,28.0,standard_28,126.25,strict_group,636.0,74.75,60.75,51.5,0.4079207920792079,65.5,0.5188118811881188,True,True,True
33311,0,0.1023331259479684,0.08432859071554678,Ingram Ready Mix,Pearland #35 LLC Plant,TX,South Central Region,hardscape,3000.0,3000,28.0,standard_28,83.0,national_spec_group,50.0,91.08333333333333,85.2,0.0,0.0,0.0,0.0,True,False,False
10469,0,0.1022378333427278,0.08432859071554678,CEMEX,Mosielee Plant,TX,South Central Region,other_or_unspecified,4000.0,4000,28.0,standard_28,100.0,strict_group,125.0,64.75,58.2,35.25,0.3525,41.8,0.418,True,True,True
43242,0,0.1019140696432217,0.08432859071554678,Silvi Materials,Philadelphia Plant,PA,Eastern Region,other_or_unspecified,3500.0,3500,28.0,standard_28,120.28571428571429,strict_group,117.0,95.71428571428571,84.05714285714286,24.571428571428584,0.20427553444180532,36.22857142857143,0.301187648456057,True,True,True
33613,0,0.1017404344989454,0.08432859071554678,Knife River Corporation,Eugene (Oregon) Plant,OR,Pacific Northwest Region,filler,3500.0,3500,28.0,standard_28,109.42857142857143,strict_group,7.0,100.19444444444444,91.25714285714285,9.234126984126988,0.08438497243980275,18.171428571428578,0.16605744125326377,True,False,False
9050,0,0.1017254442945341,0.08432859071554678,CEMEX,LaBelle 1 Plant,FL,Southeastern Region,other_or_unspecified,3000.0,3000,28.0,standard_28,96.0,strict_group,701.0,91.66666666666667,82.66666666666667,4.333333333333329,0.04513888888888884,13.333333333333329,0.13888888888888884,True,False,False
15198,0,0.1015108546097614,0.08432859071554678,CEMEX,Temecula Plant,CA,Pacific Southwest Region,other_or_unspecified,3600.0,3500,28.0,standard_28,107.77777777777777,strict_group,46.0,79.42857142857143,74.71428571428572,28.34920634920634,0.26303387334315165,33.06349206349205,0.30677466863033864,True,True,True
2724,0,0.1007641566468892,0.08432859071554678,Cadman / Heidelberg Materials,Foster Road Plant,OR,Pacific Northwest Region,hardscape,3000.0,3000,28.0,standard_28,92.33333333333333,national_spec_group,50.0,91.08333333333333,85.2,1.25,0.013537906137184115,7.133333333333326,0.0772563176895306,True,False,False
44151,0,0.1001325763286214,0.08432859071554678,Tec-Crete Transit Mix Corp.,Jamaica Plant,NY,Eastern Region,filler,4000.0,4000,28.0,standard_28,115.0,strict_group,83.0,88.0,68.55,27.0,0.23478260869565218,46.45,0.4039130434782609,True,True,True
961,0,0.1000615256033351,0.08432859071554678,Amrize,Metairie Plant,LA,South Central Region,structural,3000.0,3000,28.0,standard_28,88.0,strict_group,6.0,73.16666666666667,72.66666666666666,14.833333333333329,0.168560606060606,15.333333333333343,0.17424242424242434,True,True,False
42998,1,0.0996273236127925,0.08432859071554678,Silvi Materials,Englishtown Plant,NJ,Eastern Region,other_or_unspecified,4000.0,4000,28.0,standard_28,126.25,strict_group,636.0,74.75,60.75,51.5,0.4079207920792079,65.5,0.5188118811881188,True,True,True
9293,0,0.0990759967100795,0.08432859071554678,CEMEX,Lawrenceville Plant,GA,Southeastern Region,other_or_unspecified,3000.0,3000,28.0,standard_28,117.0,strict_group,701.0,91.66666666666667,82.66666666666667,25.33333333333333,0.2165242165242165,34.33333333333333,0.2934472934472934,True,True,True
9256,1,0.0988217145692061,0.08432859071554678,CEMEX,Lawrenceville Plant,GA,Southeastern Region,structural,3000.0,3000,1.0,early,140.0,regional_strength_group,823.0,92.16666666666666,84.0,47.83333333333334,0.34166666666666673,56.0,0.4,True,True,True
11443,0,0.0986920015724542,0.08432859071554678,CEMEX,Ocala West Plant,FL,Southeastern Region,other_or_unspecified,2500.0,2500,28.0,standard_28,94.4,strict_group,212.0,92.7,82.88,1.7000000000000028,0.018008474576271215,11.52000000000001,0.12203389830508485,True,False,False
7091,1,0.0985072226790981,0.08432859071554678,CEMEX,Dallas Plant,GA,Southeastern Region,other_or_unspecified,3000.0,3000,3.0,early,133.33333333333334,strict_group,7.0,134.5,131.86666666666667,0.0,0.0,1.4666666666666686,0.011000000000000013,True,False,False
7580,0,0.0980285235106754,0.08432859071554678,CEMEX,Eastport Plant,FL,Southeastern Region,other_or_unspecified,2500.0,2500,28.0,standard_28,118.4,strict_group,212.0,92.7,82.88,25.700000000000003,0.21706081081081083,35.52000000000001,0.30000000000000004,True,True,True
9038,0,0.0969831327566802,0.08432859071554678,CEMEX,LaBelle 1 Plant,FL,Southeastern Region,other_or_unspecified,2500.0,2500,28.0,standard_28,103.2,strict_group,212.0,92.7,82.88,10.5,0.10174418604651163,20.320000000000007,0.19689922480620162,True,True,False
11441,0,0.0968738325471893,0.08432859071554678,CEMEX,Ocala West Plant,FL,Southeastern Region,other_or_unspecified,2500.0,2500,28.0,standard_28,81.6,strict_group,212.0,92.7,82.88,0.0,0.0,0.0,0.0,True,False,False
2021,0,0.0968586551683753,0.08432859071554678,Bonded Concrete Inc. / The Clemente Group,Pleasant Valley Plant,NY,Eastern Region,other_or_unspecified,3500.0,3500,28.0,standard_28,94.57142857142857,strict_group,117.0,95.71428571428571,84.05714285714286,0.0,0.0,10.514285714285705,0.11117824773413888,True,False,False
43154,0,0.0965357992637474,0.08432859071554678,Silvi Materials,Morrisville Plant,PA,Eastern Region,filler,4000.0,4000,28.0,standard_28,116.5,strict_group,83.0,88.0,68.55,28.5,0.2446351931330472,47.95,0.41158798283261805,True,True,True
43070,0,0.0965357992637474,0.08432859071554678,Silvi Materials,Limerick Plant,PA,Eastern Region,filler,4000.0,4000,28.0,standard_28,112.0,strict_group,83.0,88.0,68.55,24.0,0.21428571428571427,43.45,0.3879464285714286,True,True,True
9302,0,0.0964372072373866,0.08432859071554678,CEMEX,Lecanto East Plant,FL,Southeastern Region,other_or_unspecified,2500.0,2500,28.0,standard_28,99.2,strict_group,212.0,92.7,82.88,6.5,0.0655241935483871,16.320000000000007,0.16451612903225812,True,False,False
33512,0,0.0962667318959819,0.08432859071554678,Knife River Corporation,Boise (Idaho) Plant,ID,Pacific Northwest Region,hardscape,4000.0,4000,28.0,standard_28,95.0,strict_group,10.0,74.1875,72.925,20.8125,0.21907894736842104,22.075000000000003,0.2323684210526316,True,True,True
16044,0,0.0960975172511623,0.08432859071554678,CEMEX,Westside Plant,FL,Southeastern Region,other_or_unspecified,2500.0,2500,28.0,standard_28,102.8,strict_group,212.0,92.7,82.88,10.099999999999994,0.09824902723735403,19.92,0.1937743190661479,True,False,False
7096,0,0.0956687862076991,0.08432859071554678,CEMEX,Dallas Plant,GA,Southeastern Region,other_or_unspecified,3000.0,3000,28.0,standard_28,105.33333333333333,strict_group,701.0,91.66666666666667,82.66666666666667,13.666666666666657,0.1297468354430379,22.666666666666657,0.21518987341772144,True,True,False
8218,0,0.0954459029649115,0.08432859071554678,CEMEX,Grand Parkway Plant,TX,South Central Region,other_or_unspecified,2500.0,2500,28.0,standard_28,101.6,national_spec_group,274.0,92.9,80.64,8.699999999999989,0.08562992125984241,20.959999999999994,0.20629921259842515,True,False,False
46121,0,0.0950681983168202,0.08432859071554678,United Companies,Crested Butte Plant,CO,Rocky Mountains Region,structural,3500.0,3500,28.0,standard_28,104.0,strict_group,15.0,73.14285714285714,72.0,30.85714285714286,0.29670329670329676,32.0,0.3076923076923077,True,True,True
36400,0,0.0949934648744657,0.08432859071554678,National Ready Mix,Irvine Plant,CA,Pacific Southwest Region,other_or_unspecified,4000.0,4000,56.0,extended_56,88.25,national_spec_group,21.0,63.5,52.25,24.75,0.2804532577903683,36.0,0.40793201133144474,True,True,True
40962,0,0.0944482373181931,0.08432859071554678,Peak Ready Mix,Silverthorne (MCR) Plant,CO,Rocky Mountains Region,filler,4000.0,4000,28.0,standard_28,81.0,strict_group,32.0,83.125,79.625,0.0,0.0,1.375,0.016975308641975308,True,False,False
6516,0,0.0940271734821287,0.08432859071554678,CEMEX,Columbus - Smith Rd (Vulcan Quarry) Plant,GA,Southeastern Region,other_or_unspecified,4000.0,4000,28.0,standard_28,95.25,strict_group,440.0,77.6875,69.75,17.5625,0.18438320209973752,25.5,0.2677165354330709,True,True,False
33987,1,0.0934598925511545,0.08432859071554678,Knife River Corporation,Woodburn (Oregon) Plant,OR,Pacific Northwest Region,other_or_unspecified,3500.0,3500,28.0,standard_28,130.28571428571428,strict_group,339.0,68.59126984126985,58.0,61.69444444444443,0.4735319200779726,72.28571428571428,0.5548245614035088,True,True,True
9036,0,0.0927846276209446,0.08432859071554678,CEMEX,LaBelle 1 Plant,FL,Southeastern Region,other_or_unspecified,2500.0,2500,28.0,standard_28,94.4,strict_group,212.0,92.7,82.88,1.7000000000000028,0.018008474576271215,11.52000000000001,0.12203389830508485,True,False,False
15184,0,0.0924725200661469,0.08432859071554678,CEMEX,Sweetwater Plant,FL,Southeastern Region,other_or_unspecified,2500.0,2500,28.0,standard_28,84.4,strict_group,212.0,92.7,82.88,0.0,0.0,1.5200000000000102,0.018009478672985902,True,False,False
33315,0,0.0921918278630177,0.08432859071554678,Ingram Ready Mix,Pearland #35 LLC Plant,TX,South Central Region,other_or_unspecified,3000.0,3000,28.0,standard_28,88.0,strict_group,51.0,78.5,68.66666666666667,9.5,0.10795454545454546,19.33333333333333,0.21969696969696964,True,True,False
42893,0,0.0915810747456195,0.08432859071554678,Silvi Materials,Englishtown Plant,NJ,Eastern Region,other_or_unspecified,3000.0,3000,28.0,standard_28,123.0,strict_group,295.0,91.33333333333333,79.06666666666668,31.66666666666667,0.25745257452574527,43.93333333333332,0.3571815718157181,True,True,True
2386,0,0.0914243977882769,0.08432859071554678,Byram Concrete & Supply LLC,Byram Concrete & Supply LLC Plant,NY,Eastern Region,other_or_unspecified,3500.0,3500,28.0,standard_28,95.71428571428571,strict_group,117.0,95.71428571428571,84.05714285714286,0.0,0.0,11.657142857142844,0.12179104477611928,True,False,False
43152,0,0.0910615733974636,0.08432859071554678,Silvi Materials,Morrisville Plant,PA,Eastern Region,filler,4000.0,4000,28.0,standard_28,117.0,strict_group,83.0,88.0,68.55,29.0,0.24786324786324787,48.45,0.41410256410256413,True,True,True
43202,0,0.0901003457513115,0.08432859071554678,Silvi Materials,Mt. Holly Plant,NJ,Eastern Region,other_or_unspecified,3000.0,3000,28.0,standard_28,121.66666666666667,strict_group,295.0,91.33333333333333,79.06666666666668,30.333333333333343,0.24931506849315074,42.599999999999994,0.3501369863013698,True,True,True
2007,0,0.0896535075897405,0.08432859071554678,Bonded Concrete Inc. / The Clemente Group,Colonie Plant,NY,Eastern Region,other_or_unspecified,4000.0,4000,28.0,standard_28,88.75,strict_group,636.0,74.75,60.75,14.0,0.15774647887323945,28.0,0.3154929577464789,True,True,False
13509,0,0.0895926900350125,0.08432859071554678,CEMEX,Russellville Plant,AL,Southeastern Region,other_or_unspecified,3000.0,3000,28.0,standard_28,100.33333333333333,strict_group,701.0,91.66666666666667,82.66666666666667,8.666666666666657,0.08637873754152815,17.666666666666657,0.176079734219269,True,False,False
33610,0,0.0894590124128334,0.08432859071554678,Knife River Corporation,Eugene (Oregon) Plant,OR,Pacific Northwest Region,other_or_unspecified,4000.0,4000,28.0,standard_28,105.0,strict_group,579.0,63.25,56.7,41.75,0.3976190476190476,48.3,0.45999999999999996,True,True,True
15221,0,0.0892828391015285,0.08432859071554678,CEMEX,Thomasville Plant,AL,Southeastern Region,other_or_unspecified,4000.0,4000,28.0,standard_28,94.5,strict_group,440.0,77.6875,69.75,16.8125,0.1779100529100529,24.75,0.2619047619047619,True,True,False
9276,0,0.0889093350630852,0.08432859071554678,CEMEX,Lawrenceville Plant,GA,Southeastern Region,other_or_unspecified,3000.0,3000,28.0,standard_28,106.0,strict_group,701.0,91.66666666666667,82.66666666666667,14.333333333333329,0.13522012578616346,23.33333333333333,0.22012578616352196,True,True,False
10038,0,0.0887846454155575,0.08432859071554678,CEMEX,Milton Plant,FL,Southeastern Region,filler,3000.0,3000,28.0,standard_28,119.0,strict_group,44.0,117.25,105.0,1.75,0.014705882352941176,14.0,0.11764705882352941,True,False,False
22103,1,0.0886106311583682,0.08432859071554678,Conewago Manufacturing,Conewago Manufacturing Plant,PA,Eastern Region,filler,5000.0,5000,28.0,standard_28,124.6,strict_group,49.0,59.2,55.76,65.39999999999999,0.5248796147672552,68.84,0.5524879614767255,True,True,True
4541,0,0.088491236536097,0.08432859071554678,"Callanan Industries, Inc.",Port of Albany Plant,NY,Eastern Region,other_or_unspecified,3000.0,3000,28.0,standard_28,104.0,strict_group,295.0,91.33333333333333,79.06666666666668,12.666666666666671,0.12179487179487183,24.933333333333323,0.23974358974358964,True,True,False
37164,0,0.0883090142168526,0.08432859071554678,National Ready Mix,Irwindale Plant,CA,Pacific Southwest Region,other_or_unspecified,3000.0,3000,28.0,standard_28,97.33333333333333,strict_group,89.0,92.0,80.53333333333333,5.333333333333329,0.05479452054794516,16.799999999999997,0.17260273972602738,True,False,False
7557,0,0.0880126327042146,0.08432859071554678,CEMEX,East Plant/East Naples/East Trail Plant,FL,Southeastern Region,other_or_unspecified,3000.0,3000,28.0,standard_28,102.33333333333333,strict_group,701.0,91.66666666666667,82.66666666666667,10.666666666666657,0.10423452768729632,19.666666666666657,0.1921824104234527,True,True,False
13174,0,0.0878765094193272,0.08432859071554678,CEMEX,Port Charlotte Plant,FL,Southeastern Region,other_or_unspecified,2500.0,2500,28.0,standard_28,93.6,strict_group,212.0,92.7,82.88,0.8999999999999915,0.009615384615384526,10.719999999999999,0.11452991452991453,True,False,False
33753,0,0.0877867082799502,0.08432859071554678,Knife River Corporation,Medford (Oregon) Plant,OR,Pacific Northwest Region,other_or_unspecified,3500.0,3500,28.0,standard_28,112.85714285714286,strict_group,339.0,68.59126984126985,58.0,44.26587301587301,0.3922292545710267,54.85714285714286,0.48607594936708864,True,True,True
34636,0,0.0877487570550746,0.08432859071554678,Miles Sand & Gravel,Canyon Plant,WA,Pacific Northwest Region,filler,2500.0,2500,28.0,standard_28,96.4,national_spec_group,6.0,110.4,95.80000000000001,0.0,0.0,0.5999999999999943,0.006224066390041434,True,False,False
33516,0,0.0876352617044332,0.08432859071554678,Knife River Corporation,Boise (Idaho) Plant,ID,Pacific Northwest Region,other_or_unspecified,4000.0,4000,28.0,standard_28,104.25,strict_group,579.0,63.25,56.7,41.0,0.3932853717026379,47.55,0.45611510791366905,True,True,True
41048,0,0.0874725538561284,0.08432859071554678,Pete Lien & Sons,Gillette Ready Mix (CCC),WY,Rocky Mountains Region,filler,3000.0,3000,28.0,standard_28,114.33333333333333,national_spec_group,106.0,106.75,91.66666666666666,7.583333333333329,0.06632653061224486,22.66666666666667,0.19825072886297382,True,False,False
30512,0,0.0874406901611631,0.08432859071554678,"Ernst Enterprises, Inc.",Delaware Plant,OH,Great Lakes Region,other_or_unspecified,3000.0,3000,28.0,standard_28,85.66666666666667,strict_group,24.0,70.0,54.86666666666667,15.666666666666671,0.18287937743190666,30.800000000000004,0.35953307392996114,True,True,False
5146,0,0.0871001062564046,0.08432859071554678,CEMEX,Andalusia Plant,AL,Southeastern Region,paving,4000.0,4000,28.0,standard_28,107.75,strict_group,22.0,79.8125,75.8,27.9375,0.25928074245939675,31.950000000000003,0.29651972157772627,True,True,True
42342,0,0.0861298868985143,0.08432859071554678,Robertson's Ready Mix,Gardena Plant,CA,Pacific Southwest Region,other_or_unspecified,4000.0,4000,42.0,extended_56,73.0,national_spec_group,21.0,63.5,52.25,9.5,0.13013698630136986,20.75,0.2842465753424658,True,True,False
40915,0,0.0859333319730107,0.08432859071554678,Peak Ready Mix,Clear Creek Plant,CO,Rocky Mountains Region,other_or_unspecified,3000.0,3000,28.0,standard_28,103.33333333333333,strict_group,53.0,77.66666666666667,65.4,25.666666666666657,0.24838709677419346,37.93333333333332,0.3670967741935483,True,True,True
33514,0,0.0856791637562283,0.08432859071554678,Knife River Corporation,Boise (Idaho) Plant,ID,Pacific Northwest Region,other_or_unspecified,4000.0,4000,28.0,standard_28,93.25,strict_group,579.0,63.25,56.7,30.0,0.32171581769436997,36.55,0.3919571045576407,True,True,True
15471,0,0.0854856663343504,0.08432859071554678,CEMEX,Tuscumbia (Dual) Plant,AL,Southeastern Region,other_or_unspecified,3000.0,3000,28.0,standard_28,102.33333333333333,strict_group,701.0,91.66666666666667,82.66666666666667,10.666666666666657,0.10423452768729632,19.666666666666657,0.1921824104234527,True,True,False
14750,0,0.0854126202853998,0.08432859071554678,CEMEX,Sierra Vista Plant,AZ,Pacific Southwest Region,other_or_unspecified,2500.0,2500,28.0,standard_28,112.4,strict_group,16.0,102.5,100.8,9.900000000000006,0.08807829181494667,11.600000000000009,0.10320284697508904,True,False,False
33915,0,0.0848296899745994,0.08432859071554678,Knife River Corporation,Sundial Plant,OR,Pacific Northwest Region,other_or_unspecified,4000.0,4000,28.0,standard_28,93.0,strict_group,579.0,63.25,56.7,29.75,0.31989247311827956,36.3,0.39032258064516123,True,True,True
39226,0,0.0847701078959195,0.08432859071554678,National Ready Mix,Van Nuys Plant,CA,Pacific Southwest Region,other_or_unspecified,3000.0,3000,28.0,standard_28,96.66666666666667,strict_group,89.0,92.0,80.53333333333333,4.666666666666671,0.048275862068965565,16.13333333333334,0.166896551724138,True,False,False
8279,0,0.0845907315132021,0.08432859071554678,CEMEX,Habersham Plant,GA,Southeastern Region,other_or_unspecified,2500.0,2500,28.0,standard_28,107.2,strict_group,212.0,92.7,82.88,14.5,0.13526119402985073,24.320000000000007,0.2268656716417911,True,True,False
2996,0,0.0838304097785916,0.08432859071554678,Cadman / Heidelberg Materials,Foster Road Plant,OR,Pacific Northwest Region,other_or_unspecified,3000.0,3000,28.0,standard_28,76.66666666666667,strict_group,395.0,71.0,64.13333333333334,5.666666666666671,0.07391304347826093,12.533333333333331,0.16347826086956518,True,False,False
38708,0,0.0838132489633276,0.08432859071554678,National Ready Mix,Sun Valley Plant,CA,Pacific Southwest Region,other_or_unspecified,3000.0,3000,28.0,standard_28,89.66666666666667,strict_group,89.0,92.0,80.53333333333333,0.0,0.0,9.13333333333334,0.10185873605947962,True,False,False
42569,0,0.0836694613845825,0.08432859071554678,Robertson's Ready Mix,Vernon Plant,CA,Pacific Southwest Region,other_or_unspecified,4000.0,4000,28.0,standard_28,91.75,strict_group,111.0,78.25,69.0,13.5,0.14713896457765668,22.75,0.24795640326975477,True,True,False
33735,1,0.0835374200349295,0.08432859071554678,Knife River Corporation,McMinnville (Oregon) Plant,OR,Pacific Northwest Region,other_or_unspecified,3500.0,3500,28.0,standard_28,136.57142857142858,strict_group,339.0,68.59126984126985,58.0,67.98015873015873,0.4977626685262668,78.57142857142858,0.5753138075313808,True,True,True
5459,0,0.0834829855909489,0.08432859071554678,CEMEX,Atmore Plant,AL,Southeastern Region,other_or_unspecified,2500.0,2500,28.0,standard_28,103.2,strict_group,212.0,92.7,82.88,10.5,0.10174418604651163,20.320000000000007,0.19689922480620162,True,True,False
15041,0,0.0834388674527151,0.08432859071554678,CEMEX,Stockbridge Plant,GA,Southeastern Region,other_or_unspecified,3000.0,3000,28.0,standard_28,106.0,strict_group,701.0,91.66666666666667,82.66666666666667,14.333333333333329,0.13522012578616346,23.33333333333333,0.22012578616352196,True,True,False
5145,0,0.0830185417294466,0.08432859071554678,CEMEX,Andalusia Plant,AL,Southeastern Region,paving,4000.0,4000,28.0,standard_28,84.75,strict_group,22.0,79.8125,75.8,4.9375,0.05825958702064897,8.950000000000003,0.10560471976401184,True,False,False
33603,0,0.0827289130383805,0.08432859071554678,Knife River Corporation,Eugene (Oregon) Plant,OR,Pacific Northwest Region,other_or_unspecified,4000.0,4000,28.0,standard_28,100.0,strict_group,579.0,63.25,56.7,36.75,0.3675,43.3,0.433,True,True,True
33617,0,0.0827289130383805,0.08432859071554678,Knife River Corporation,Eugene (Oregon) Plant,OR,Pacific Northwest Region,other_or_unspecified,4000.0,4000,28.0,standard_28,98.75,strict_group,579.0,63.25,56.7,35.5,0.3594936708860759,42.05,0.42582278481012653,True,True,True
33575,0,0.0827289130383805,0.08432859071554678,Knife River Corporation,Corvallis (Oregon) Plant,OR,Pacific Northwest Region,other_or_unspecified,4000.0,4000,28.0,standard_28,97.25,strict_group,579.0,63.25,56.7,34.0,0.3496143958868895,40.55,0.41696658097686373,True,True,True
15721,0,0.0825554411417386,0.08432859071554678,CEMEX,Vance Plant,AL,Southeastern Region,other_or_unspecified,4000.0,4000,28.0,standard_28,87.75,strict_group,440.0,77.6875,69.75,10.0625,0.11467236467236468,18.0,0.20512820512820512,True,True,False
7984,1,0.0821637405391649,0.08432859071554678,CEMEX,Four Corners Plant,FL,Southeastern Region,other_or_unspecified,3000.0,3000,28.0,standard_28,124.66666666666667,strict_group,701.0,91.66666666666667,82.66666666666667,33.0,0.2647058823529412,42.0,0.33689839572192515,True,True,True
2618,1,0.0819993846110355,0.08432859071554678,Cadman / Heidelberg Materials,Foster Road Plant,OR,Pacific Northwest Region,other_or_unspecified,2500.0,2500,28.0,standard_28,126.8,strict_group,23.0,87.2,80.0,39.599999999999994,0.3123028391167192,46.8,0.36908517350157727,True,True,True
33570,0,0.0819346205418155,0.08432859071554678,Knife River Corporation,Corvallis (Oregon) Plant,OR,Pacific Northwest Region,other_or_unspecified,3500.0,3500,28.0,standard_28,106.0,strict_group,339.0,68.59126984126985,58.0,37.40873015873015,0.35291254866726557,48.0,0.4528301886792453,True,True,True
33614,0,0.0817306516553398,0.08432859071554678,Knife River Corporation,Eugene (Oregon) Plant,OR,Pacific Northwest Region,filler,3600.0,3500,28.0,standard_28,106.38888888888889,strict_group,7.0,100.19444444444444,91.25714285714285,6.194444444444443,0.05822454308093993,15.131746031746033,0.14223051100335699,True,False,False
13014,0,0.0815115850897917,0.08432859071554678,CEMEX,Plant City RK Plant,FL,Southeastern Region,other_or_unspecified,2500.0,2500,28.0,standard_28,119.2,strict_group,212.0,92.7,82.88,26.5,0.22231543624161074,36.32000000000001,0.3046979865771813,True,True,True
33428,0,0.0814602057321998,0.08432859071554678,Kirkpatrick Concrete,Highway 280 Plant,AL,Southeastern Region,other_or_unspecified,4000.0,4000,28.0,standard_28,92.5,strict_group,440.0,77.6875,69.75,14.8125,0.16013513513513514,22.75,0.24594594594594596,True,True,False
33363,0,0.0814602057321998,0.08432859071554678,Kirkpatrick Concrete,Alabaster Plant,AL,Southeastern Region,other_or_unspecified,4000.0,4000,28.0,standard_28,95.75,strict_group,440.0,77.6875,69.75,18.0625,0.18864229765013055,26.0,0.27154046997389036,True,True,False
33406,0,0.0814602057321998,0.08432859071554678,Kirkpatrick Concrete,Gardendale Plant,AL,Southeastern Region,other_or_unspecified,4000.0,4000,28.0,standard_28,92.75,strict_group,440.0,77.6875,69.75,15.0625,0.1623989218328841,23.0,0.24797843665768193,True,True,False
33450,0,0.0814602057321998,0.08432859071554678,Kirkpatrick Concrete,Lakeshore Plant,AL,Southeastern Region,other_or_unspecified,4000.0,4000,28.0,standard_28,91.25,strict_group,440.0,77.6875,69.75,13.5625,0.14863013698630137,21.5,0.2356164383561644,True,True,False
30469,0,0.081311769026968,0.08432859071554678,"Ernst Enterprises, Inc.",Columbus Plant,OH,Great Lakes Region,other_or_unspecified,3000.0,3000,28.0,standard_28,81.0,strict_group,24.0,70.0,54.86666666666667,11.0,0.13580246913580246,26.133333333333333,0.3226337448559671,True,True,False
30579,0,0.081311769026968,0.08432859071554678,"Ernst Enterprises, Inc.",Wilson Road Plant,OH,Great Lakes Region,other_or_unspecified,3000.0,3000,28.0,standard_28,82.66666666666667,strict_group,24.0,70.0,54.86666666666667,12.666666666666671,0.15322580645161296,27.800000000000004,0.3362903225806452,True,True,False
807,0,0.0811839918743564,0.08432859071554678,Amrize,Choctaw Plant,LA,South Central Region,structural,3000.0,3000,28.0,standard_28,73.66666666666667,strict_group,6.0,73.16666666666667,72.66666666666666,0.5,0.006787330316742081,1.0000000000000142,0.013574660633484356,True,False,False
805,0,0.080639715293984,0.08432859071554678,Amrize,Choctaw Plant,LA,South Central Region,other_or_unspecified,3000.0,3000,28.0,standard_28,65.0,strict_group,51.0,78.5,68.66666666666667,0.0,0.0,0.0,0.0,True,False,False
43392,0,0.0806255891632306,0.08432859071554678,Smyrna Ready Mix,Hollinsghead Harbor Plant,TN,Southeastern Region,other_or_unspecified,3000.0,3000,28.0,standard_28,53.0,strict_group,701.0,91.66666666666667,82.66666666666667,0.0,0.0,0.0,0.0,True,False,False
9096,0,0.0805815521085891,0.08432859071554678,CEMEX,Lafayette Plant,GA,Southeastern Region,other_or_unspecified,4000.0,4000,28.0,standard_28,82.0,strict_group,440.0,77.6875,69.75,4.3125,0.052591463414634144,12.25,0.14939024390243902,True,False,False
9098,0,0.0804526238814692,0.08432859071554678,CEMEX,Lafayette Plant,GA,Southeastern Region,hardscape,3000.0,3000,28.0,standard_28,76.0,strict_group,42.0,90.75,85.43333333333332,0.0,0.0,0.0,0.0,True,False,False
33217,0,0.0802865516405667,0.08432859071554678,Hood River Sand and Gravel,The Dalles Plant,OR,Pacific Northwest Region,other_or_unspecified,4000.0,4000,28.0,standard_28,100.25,strict_group,579.0,63.25,56.7,37.0,0.3690773067331671,43.55,0.43441396508728175,True,True,True
33513,0,0.0801010111783289,0.08432859071554678,Knife River Corporation,Boise (Idaho) Plant,ID,Pacific Northwest Region,other_or_unspecified,4000.0,4000,28.0,standard_28,93.25,strict_group,579.0,63.25,56.7,30.0,0.32171581769436997,36.55,0.3919571045576407,True,True,True
15017,1,0.0798448583261915,0.08432859071554678,CEMEX,Stockbridge Plant,GA,Southeastern Region,structural,3000.0,3000,1.0,early,136.66666666666666,regional_strength_group,823.0,92.16666666666666,84.0,44.5,0.325609756097561,52.66666666666666,0.38536585365853654,True,True,True
33605,0,0.079815830734596,0.08432859071554678,Knife River Corporation,Eugene (Oregon) Plant,OR,Pacific Northwest Region,other_or_unspecified,4000.0,4000,28.0,standard_28,106.5,strict_group,579.0,63.25,56.7,43.25,0.4061032863849765,49.8,0.4676056338028169,True,True,True
15185,0,0.0791110045654163,0.08432859071554678,CEMEX,Sweetwater Plant,FL,Southeastern Region,other_or_unspecified,2500.0,2500,28.0,standard_28,83.6,strict_group,212.0,92.7,82.88,0.0,0.0,0.7199999999999989,0.008612440191387547,True,False,False
5532,1,0.078885486634227,0.08432859071554678,CEMEX,Auburndale Plant,FL,Southeastern Region,other_or_unspecified,2500.0,2500,28.0,standard_28,132.0,strict_group,212.0,92.7,82.88,39.3,0.29772727272727273,49.120000000000005,0.37212121212121213,True,True,True
46432,0,0.0782400449277971,0.08432859071554678,United Companies,Telluride Plant,CO,Rocky Mountains Region,filler,4000.0,4000,28.0,standard_28,90.75,strict_group,32.0,83.125,79.625,7.625,0.08402203856749312,11.125,0.12258953168044077,True,False,False
33316,0,0.0782125604079864,0.08432859071554678,Ingram Ready Mix,Pearland #35 LLC Plant,TX,South Central Region,other_or_unspecified,3500.0,3500,28.0,standard_28,62.285714285714285,strict_group,35.0,68.57142857142857,65.25714285714285,0.0,0.0,0.0,0.0,True,False,False
14918,0,0.078146152741217,0.08432859071554678,CEMEX,St. Cloud Plant,FL,Southeastern Region,other_or_unspecified,4500.0,4500,28.0,standard_28,121.77777777777777,strict_group,115.0,75.0,69.06666666666666,46.77777777777777,0.38412408759124084,52.71111111111111,0.43284671532846714,True,True,True
46159,0,0.0778860338887312,0.08432859071554678,United Companies,Delta Plant,CO,Rocky Mountains Region,other_or_unspecified,4000.0,4000,28.0,standard_28,74.5,strict_group,220.0,71.5,66.5,3.0,0.040268456375838924,8.0,0.10738255033557047,True,False,False
46152,0,0.0778860338887312,0.08432859071554678,United Companies,Delta Plant,CO,Rocky Mountains Region,other_or_unspecified,4000.0,4000,28.0,standard_28,71.0,strict_group,220.0,71.5,66.5,0.0,0.0,4.5,0.06338028169014084,True,False,False
42923,0,0.0772243155432386,0.08432859071554678,Silvi Materials,Englishtown Plant,NJ,Eastern Region,filler,4000.0,4000,28.0,standard_28,119.0,strict_group,83.0,88.0,68.55,31.0,0.2605042016806723,50.45,0.4239495798319328,True,True,True
43279,0,0.0771131107468599,0.08432859071554678,Silvi Materials,Philadelphia Plant,PA,Eastern Region,other_or_unspecified,4000.0,4000,28.0,standard_28,113.25,strict_group,636.0,74.75,60.75,38.5,0.33995584988962474,52.5,0.46357615894039733,True,True,True
42522,0,0.0768993575112212,0.08432859071554678,Robertson's Ready Mix,Rialto Plant,CA,Pacific Southwest Region,other_or_unspecified,4000.0,4000,28.0,standard_28,116.5,strict_group,111.0,78.25,69.0,38.25,0.3283261802575107,47.5,0.40772532188841204,True,True,True
37329,0,0.0768552504831202,0.08432859071554678,National Ready Mix,Irwindale Plant,CA,Pacific Southwest Region,other_or_unspecified,4000.0,4000,28.0,standard_28,103.5,strict_group,111.0,78.25,69.0,25.25,0.24396135265700483,34.5,0.3333333333333333,True,True,True
3833,0,0.0766026924119606,0.08432859071554678,Cadman / Heidelberg Materials,Port of Portland Plant,OR,Pacific Northwest Region,hardscape,3000.0,3000,28.0,standard_28,91.33333333333333,national_spec_group,50.0,91.08333333333333,85.2,0.25,0.002737226277372263,6.133333333333326,0.06715328467153277,True,False,False
4668,0,0.0765867576689196,0.08432859071554678,Cape Cod Ready Mix,Sandwich Plant,MA,Eastern Region,hardscape,3500.0,3500,28.0,standard_28,118.57142857142857,national_spec_group,17.0,84.85714285714286,81.82857142857144,33.71428571428571,0.2843373493975903,36.74285714285713,0.3098795180722891,True,True,True
4596,0,0.0765867576689196,0.08432859071554678,Cape Cod Ready Mix,Dennis Plant,MA,Eastern Region,hardscape,3500.0,3500,28.0,standard_28,120.0,national_spec_group,17.0,84.85714285714286,81.82857142857144,35.14285714285714,0.2928571428571428,38.171428571428564,0.31809523809523804,True,True,True
39529,1,0.0765337460887482,0.08432859071554678,National Ready Mix,Vernon Plant,CA,Pacific Southwest Region,other_or_unspecified,3000.0,3000,56.0,extended_56,125.0,regional_strength_group,103.0,92.16666666666666,81.33333333333333,32.83333333333334,0.2626666666666667,43.66666666666667,0.3493333333333334,True,True,True
33719,0,0.0763762688188993,0.08432859071554678,Knife River Corporation,Linnton Plant,OR,Pacific Northwest Region,other_or_unspecified,4000.0,4000,28.0,standard_28,94.75,strict_group,579.0,63.25,56.7,31.5,0.3324538258575198,38.05,0.40158311345646436,True,True,True
43010,1,0.0762892205827322,0.08432859071554678,Silvi Materials,Kingston Plant,NJ,Eastern Region,filler,3500.0,3500,28.0,standard_28,125.14285714285714,strict_group,21.0,108.28571428571429,99.14285714285714,16.857142857142847,0.1347031963470319,26.0,0.2077625570776256,True,True,False
22115,0,0.0762780901350487,0.08432859071554678,Conewago Manufacturing,Conewago Manufacturing Plant,PA,Eastern Region,other_or_unspecified,3000.0,3000,28.0,standard_28,97.66666666666667,strict_group,295.0,91.33333333333333,79.06666666666668,6.333333333333343,0.06484641638225265,18.599999999999994,0.19044368600682587,True,False,False
30513,0,0.0758166484888041,0.08432859071554678,"Ernst Enterprises, Inc.",Delaware Plant,OH,Great Lakes Region,structural,3000.0,3000,28.0,standard_28,87.66666666666667,strict_group,13.0,67.0,64.06666666666666,20.66666666666667,0.2357414448669202,23.60000000000001,0.2692015209125476,True,True,True
2995,0,0.0758108947700136,0.08432859071554678,Cadman / Heidelberg Materials,Foster Road Plant,OR,Pacific Northwest Region,other_or_unspecified,3000.0,3000,28.0,standard_28,69.0,strict_group,395.0,71.0,64.13333333333334,0.0,0.0,4.86666666666666,0.07053140096618347,True,False,False
15180,0,0.075220655592973,0.08432859071554678,CEMEX,Sweetwater Plant,FL,Southeastern Region,other_or_unspecified,2500.0,2500,28.0,standard_28,84.4,strict_group,212.0,92.7,82.88,0.0,0.0,1.5200000000000102,0.018009478672985902,True,False,False
16055,0,0.0750092161511996,0.08432859071554678,CEMEX,Westside Plant,FL,Southeastern Region,filler,3000.0,3000,28.0,standard_28,117.66666666666667,strict_group,44.0,117.25,105.0,0.4166666666666714,0.0035410764872521646,12.666666666666671,0.10764872521246463,True,False,False
5012,1,0.0743745726275818,0.08432859071554678,CEMEX,Alexander City Plant,AL,Southeastern Region,other_or_unspecified,3000.0,3000,28.0,standard_28,127.33333333333333,strict_group,701.0,91.66666666666667,82.66666666666667,35.66666666666666,0.28010471204188475,44.66666666666666,0.35078534031413605,True,True,True
7085,0,0.0737791757531547,0.08432859071554678,CEMEX,Dallas Plant,GA,Southeastern Region,other_or_unspecified,3000.0,3000,28.0,standard_28,105.66666666666667,strict_group,701.0,91.66666666666667,82.66666666666667,14.0,0.13249211356466875,23.0,0.21766561514195581,True,True,False
2020,0,0.0737343714614405,0.08432859071554678,Bonded Concrete Inc. / The Clemente Group,Pleasant Valley Plant,NY,Eastern Region,other_or_unspecified,3500.0,3500,28.0,standard_28,90.57142857142857,strict_group,117.0,95.71428571428571,84.05714285714286,0.0,0.0,6.514285714285705,0.07192429022082009,True,False,False
40961,0,0.0736421017973707,0.08432859071554678,Peak Ready Mix,Silverthorne (MCR) Plant,CO,Rocky Mountains Region,filler,4000.0,4000,28.0,standard_28,90.0,strict_group,32.0,83.125,79.625,6.875,0.0763888888888889,10.375,0.11527777777777778,True,False,False
9927,0,0.0735695040355681,0.08432859071554678,CEMEX,McIntosh Plant,FL,Southeastern Region,other_or_unspecified,3000.0,3000,28.0,standard_28,81.66666666666667,strict_group,701.0,91.66666666666667,82.66666666666667,0.0,0.0,0.0,0.0,True,False,False
3689,0,0.0732929207903295,0.08432859071554678,Cadman / Heidelberg Materials,Port of Portland Plant,OR,Pacific Northwest Region,other_or_unspecified,3000.0,3000,28.0,standard_28,78.0,strict_group,395.0,71.0,64.13333333333334,7.0,0.08974358974358974,13.86666666666666,0.1777777777777777,True,False,False
46127,0,0.0731634543910901,0.08432859071554678,United Companies,Crested Butte Plant,CO,Rocky Mountains Region,other_or_unspecified,4000.0,4000,28.0,standard_28,101.75,strict_group,220.0,71.5,66.5,30.25,0.2972972972972973,35.25,0.3464373464373464,True,True,True
9924,0,0.0730678081936421,0.08432859071554678,CEMEX,McIntosh Plant,FL,Southeastern Region,other_or_unspecified,2500.0,2500,28.0,standard_28,95.6,strict_group,212.0,92.7,82.88,2.8999999999999915,0.030334728033472716,12.719999999999999,0.13305439330543933,True,False,False
11837,1,0.0730499335364811,0.08432859071554678,CEMEX,Palmetto Plant,FL,Southeastern Region,other_or_unspecified,3000.0,3000,28.0,standard_28,137.66666666666666,strict_group,701.0,91.66666666666667,82.66666666666667,45.999999999999986,0.334140435835351,54.999999999999986,0.3995157384987893,True,True,True
33929,0,0.0729253693232114,0.08432859071554678,Knife River Corporation,Tumalo (Oregon) Plant,OR,Pacific Northwest Region,filler,3000.0,3000,28.0,standard_28,77.66666666666667,strict_group,16.0,106.91666666666667,89.33333333333334,0.0,0.0,0.0,0.0,True,False,False
43800,0,0.0726672271844777,0.08432859071554678,Smyrna Ready Mix,TN Mobile Plant,TN,Southeastern Region,infrastructure,3000.0,3000,28.0,standard_28,85.33333333333333,strict_group,5.0,56.0,54.6,29.33333333333333,0.34374999999999994,30.733333333333327,0.36015624999999996,True,True,True
5125,0,0.0725894301126519,0.08432859071554678,CEMEX,Andalusia Plant,AL,Southeastern Region,hardscape,3000.0,3000,28.0,standard_28,101.0,strict_group,42.0,90.75,85.43333333333332,10.25,0.10148514851485149,15.566666666666677,0.15412541254125423,True,True,False
10030,0,0.0721712220413502,0.08432859071554678,CEMEX,Milton Plant,FL,Southeastern Region,other_or_unspecified,2500.0,2500,28.0,standard_28,101.6,strict_group,212.0,92.7,82.88,8.899999999999991,0.08759842519685032,18.72,0.18425196850393702,True,False,False
10609,0,0.0716732626528021,0.08432859071554678,CEMEX,New Smyrna Plant,FL,Southeastern Region,other_or_unspecified,3000.0,3000,28.0,standard_28,118.33333333333333,strict_group,701.0,91.66666666666667,82.66666666666667,26.666666666666657,0.22535211267605626,35.66666666666666,0.3014084507042253,True,True,True
15501,0,0.0715317177836133,0.08432859071554678,CEMEX,Tuscumbia (Dual) Plant,AL,Southeastern Region,other_or_unspecified,3500.0,3500,28.0,standard_28,95.42857142857143,strict_group,155.0,78.0,71.42857142857143,17.42857142857143,0.18263473053892218,24.0,0.25149700598802394,True,True,False
15785,0,0.0713449476454241,0.08432859071554678,CEMEX,West Knoxville Plant,TN,Southeastern Region,other_or_unspecified,3000.0,3000,28.0,standard_28,122.33333333333333,strict_group,701.0,91.66666666666667,82.66666666666667,30.666666666666657,0.25068119891008167,39.66666666666666,0.32425068119891004,True,True,True
46332,0,0.0710197221345097,0.08432859071554678,United Companies,Rifle Plant,CO,Rocky Mountains Region,other_or_unspecified,2500.0,2500,28.0,standard_28,91.2,national_spec_group,274.0,92.9,80.64,0.0,0.0,10.560000000000002,0.11578947368421055,True,False,False
43050,0,0.071005616476631,0.08432859071554678,Silvi Materials,Limerick Plant,PA,Eastern Region,other_or_unspecified,3500.0,3500,28.0,standard_28,112.85714285714286,strict_group,117.0,95.71428571428571,84.05714285714286,17.142857142857153,0.15189873417721528,28.799999999999997,0.2551898734177215,True,True,False
6493,0,0.0706225350643172,0.08432859071554678,CEMEX,Columbus - Smith Rd (Vulcan Quarry) Plant,GA,Southeastern Region,other_or_unspecified,3000.0,3000,28.0,standard_28,87.33333333333333,strict_group,701.0,91.66666666666667,82.66666666666667,0.0,0.0,4.666666666666657,0.05343511450381669,True,False,False
2027,0,0.0704497754788486,0.08432859071554678,Bonded Concrete Inc. / The Clemente Group,Pleasant Valley Plant,NY,Eastern Region,other_or_unspecified,4000.0,4000,28.0,standard_28,108.75,strict_group,636.0,74.75,60.75,34.0,0.31264367816091954,48.0,0.4413793103448276,True,True,True
8598,0,0.0700280258193882,0.08432859071554678,CEMEX,Industrial Park Rd (Cartersville - RMUSA) Plant,GA,Southeastern Region,structural,4000.0,4000,28.0,standard_28,92.5,strict_group,12.0,76.375,71.8,16.125,0.17432432432432432,20.700000000000003,0.2237837837837838,True,True,False
4822,0,0.0700164023840642,0.08432859071554678,CEMEX,56th Street Plant,FL,Southeastern Region,other_or_unspecified,2500.0,2500,28.0,standard_28,103.2,strict_group,212.0,92.7,82.88,10.5,0.10174418604651163,20.320000000000007,0.19689922480620162,True,True,False
8290,0,0.0697576058670695,0.08432859071554678,CEMEX,Habersham Plant,GA,Southeastern Region,other_or_unspecified,3000.0,3000,28.0,standard_28,117.0,strict_group,701.0,91.66666666666667,82.66666666666667,25.33333333333333,0.2165242165242165,34.33333333333333,0.2934472934472934,True,True,True
1990,0,0.0695523581990868,0.08432859071554678,Bonded Concrete Inc. / The Clemente Group,Colonie Plant,NY,Eastern Region,other_or_unspecified,4000.0,4000,28.0,standard_28,95.25,strict_group,636.0,74.75,60.75,20.5,0.2152230971128609,34.5,0.36220472440944884,True,True,True
3727,1,0.0695453011520123,0.08432859071554678,Cadman / Heidelberg Materials,Port of Portland Plant,OR,Pacific Northwest Region,other_or_unspecified,2500.0,2500,28.0,standard_28,124.8,strict_group,23.0,87.2,80.0,37.599999999999994,0.30128205128205127,44.8,0.358974358974359,True,True,True
30546,0,0.0694584417335635,0.08432859071554678,"Ernst Enterprises, Inc.",Truro Station Plant,OH,Great Lakes Region,structural,3000.0,3000,28.0,standard_28,85.0,strict_group,13.0,67.0,64.06666666666666,18.0,0.21176470588235294,20.933333333333337,0.24627450980392163,True,True,True
10657,0,0.0691873100132298,0.08432859071554678,CEMEX,New Tazewell Plant,TN,Southeastern Region,filler,4000.0,4000,28.0,standard_28,102.5,strict_group,36.0,95.0,86.75,7.5,0.07317073170731707,15.75,0.15365853658536585,True,False,False
5543,0,0.0687952650735016,0.08432859071554678,CEMEX,Auburndale Plant,FL,Southeastern Region,other_or_unspecified,3000.0,3000,28.0,standard_28,123.33333333333333,strict_group,701.0,91.66666666666667,82.66666666666667,31.666666666666657,0.2567567567567567,40.66666666666666,0.3297297297297297,True,True,True
15208,0,0.0685884488213286,0.08432859071554678,CEMEX,Thomasville Plant,AL,Southeastern Region,other_or_unspecified,3000.0,3000,28.0,standard_28,117.66666666666667,strict_group,701.0,91.66666666666667,82.66666666666667,26.0,0.22096317280453256,35.0,0.29745042492917845,True,True,True
43903,0,0.0681623124259221,0.08432859071554678,Sterling Concrete Corp,Sterling Plant,MA,Eastern Region,other_or_unspecified,3000.0,3000,28.0,standard_28,104.33333333333333,strict_group,295.0,91.33333333333333,79.06666666666668,13.0,0.12460063897763579,25.26666666666665,0.2421725239616612,True,True,False
9292,0,0.0679688739787006,0.08432859071554678,CEMEX,Lawrenceville Plant,GA,Southeastern Region,other_or_unspecified,3000.0,3000,28.0,standard_28,106.0,strict_group,701.0,91.66666666666667,82.66666666666667,14.333333333333329,0.13522012578616346,23.33333333333333,0.22012578616352196,True,True,False
5941,0,0.0678332767200725,0.08432859071554678,CEMEX,Brooksville Plant,FL,Southeastern Region,other_or_unspecified,2500.0,2500,28.0,standard_28,105.2,strict_group,212.0,92.7,82.88,12.5,0.1188212927756654,22.320000000000007,0.2121673003802282,True,True,False
30665,0,0.067694597886865,0.08432859071554678,F&F Concrete,F&F Concrete Plant,CT,Eastern Region,other_or_unspecified,2500.0,2500,28.0,standard_28,81.2,strict_group,18.0,103.4,78.72,0.0,0.0,2.480000000000004,0.030541871921182313,True,False,False
8593,0,0.0675236532015467,0.08432859071554678,CEMEX,Industrial Park Rd (Cartersville - RMUSA) Plant,GA,Southeastern Region,other_or_unspecified,3000.0,3000,28.0,standard_28,103.33333333333333,strict_group,701.0,91.66666666666667,82.66666666666667,11.666666666666657,0.11290322580645153,20.666666666666657,0.19999999999999993,True,True,False
7221,0,0.0675211032069488,0.08432859071554678,CEMEX,Dawsonville - Easy Street Plant,GA,Southeastern Region,other_or_unspecified,3000.0,3000,28.0,standard_28,92.0,strict_group,701.0,91.66666666666667,82.66666666666667,0.3333333333333286,0.00362318840579705,9.333333333333329,0.10144927536231879,True,False,False
13499,0,0.0669771049961818,0.08432859071554678,CEMEX,Russellville Plant,AL,Southeastern Region,other_or_unspecified,3000.0,3000,28.0,standard_28,100.33333333333333,strict_group,701.0,91.66666666666667,82.66666666666667,8.666666666666657,0.08637873754152815,17.666666666666657,0.176079734219269,True,False,False
43905,0,0.0666974471431792,0.08432859071554678,Sterling Concrete Corp,Sterling Plant,MA,Eastern Region,other_or_unspecified,3000.0,3000,28.0,standard_28,89.0,strict_group,295.0,91.33333333333333,79.06666666666668,0.0,0.0,9.933333333333323,0.11161048689138565,True,False,False
16110,1,0.0666929262807558,0.08432859071554678,CEMEX,Wildwood Plant,FL,Southeastern Region,other_or_unspecified,3000.0,3000,28.0,standard_28,162.66666666666666,strict_group,701.0,91.66666666666667,82.66666666666667,70.99999999999999,0.43647540983606553,79.99999999999999,0.4918032786885245,True,True,True
1992,0,0.0665712089598062,0.08432859071554678,Bonded Concrete Inc. / The Clemente Group,Colonie Plant,NY,Eastern Region,other_or_unspecified,4000.0,4000,28.0,standard_28,88.75,strict_group,636.0,74.75,60.75,14.0,0.15774647887323945,28.0,0.3154929577464789,True,True,False
3749,0,0.0658382445665187,0.08432859071554678,Cadman / Heidelberg Materials,Port of Portland Plant,OR,Pacific Northwest Region,other_or_unspecified,3300.0,3500,28.0,standard_28,84.54545454545455,strict_group,339.0,68.59126984126985,58.0,15.954184704184698,0.18870541047960396,26.545454545454547,0.3139784946236559,True,True,False
42248,0,0.0654800983553129,0.08432859071554678,Robertson's Ready Mix,Anaheim Plant,CA,Pacific Southwest Region,other_or_unspecified,3000.0,3000,28.0,standard_28,74.33333333333333,strict_group,89.0,92.0,80.53333333333333,0.0,0.0,0.0,0.0,True,False,False
16057,0,0.0654129786675707,0.08432859071554678,CEMEX,Westside Plant,FL,Southeastern Region,other_or_unspecified,3500.0,3500,28.0,standard_28,106.28571428571429,strict_group,155.0,78.0,71.42857142857143,28.285714285714292,0.26612903225806456,34.85714285714286,0.32795698924731187,True,True,True
9133,1,0.0652785086884989,0.08432859071554678,CEMEX,Lake Wales Plant,FL,Southeastern Region,other_or_unspecified,2500.0,2500,28.0,standard_28,128.4,strict_group,212.0,92.7,82.88,35.7,0.2780373831775701,45.52000000000001,0.35451713395638634,True,True,True
30820,0,0.0652316839524673,0.08432859071554678,Four Winds Concrete Inc.,Windgap Plant,PA,Eastern Region,filler,5000.0,5000,28.0,standard_28,102.8,strict_group,49.0,59.2,55.76,43.599999999999994,0.424124513618677,47.04,0.4575875486381323,True,True,True
5492,0,0.0650603722693876,0.08432859071554678,CEMEX,Auburn (Portable) Plant,AL,Southeastern Region,other_or_unspecified,3000.0,3000,28.0,standard_28,93.66666666666667,strict_group,701.0,91.66666666666667,82.66666666666667,2.0,0.021352313167259787,11.0,0.11743772241992882,True,False,False
363,0,0.0649575676416514,0.08432859071554678,American Rock Products (ARP),Boardman Plant,OR,Pacific Northwest Region,other_or_unspecified,2500.0,2500,28.0,standard_28,98.0,strict_group,23.0,87.2,80.0,10.799999999999997,0.11020408163265304,18.0,0.1836734693877551,True,True,False
5836,0,0.0648850221395217,0.08432859071554678,CEMEX,Boones Creek Plant,TN,Southeastern Region,other_or_unspecified,3000.0,3000,28.0,standard_28,104.0,strict_group,701.0,91.66666666666667,82.66666666666667,12.333333333333329,0.11858974358974354,21.33333333333333,0.2051282051282051,True,True,False
15176,0,0.0646654173158187,0.08432859071554678,CEMEX,Sweetwater Plant,FL,Southeastern Region,other_or_unspecified,3400.0,3500,28.0,standard_28,86.47058823529412,strict_group,155.0,78.0,71.42857142857143,8.470588235294116,0.09795918367346937,15.042016806722685,0.17395529640427596,True,False,False
41869,0,0.064648175206813,0.08432859071554678,RiverBend Materials,Hilroy Plant,OR,Pacific Northwest Region,other_or_unspecified,4000.0,4000,28.0,standard_28,80.0,strict_group,579.0,63.25,56.7,16.75,0.209375,23.299999999999997,0.29124999999999995,True,True,True
42556,0,0.0645121011349322,0.08432859071554678,Robertson's Ready Mix,Rialto Plant,CA,Pacific Southwest Region,other_or_unspecified,4000.0,4000,56.0,extended_56,86.25,national_spec_group,21.0,63.5,52.25,22.75,0.263768115942029,34.0,0.39420289855072466,True,True,True
4120,0,0.0643347704248606,0.08432859071554678,Cadman / Heidelberg Materials,Port of Portland Plant,OR,Pacific Northwest Region,other_or_unspecified,3000.0,3000,28.0,standard_28,77.33333333333333,strict_group,395.0,71.0,64.13333333333334,6.333333333333329,0.08189655172413787,13.199999999999989,0.17068965517241366,True,False,False
33655,0,0.0643282347483342,0.08432859071554678,Knife River Corporation,Fruitland (Idaho) Plant,ID,Pacific Northwest Region,other_or_unspecified,3000.0,3000,28.0,standard_28,103.33333333333333,strict_group,395.0,71.0,64.13333333333334,32.33333333333333,0.3129032258064516,39.19999999999999,0.37935483870967734,True,True,True
34664,0,0.0643159517227262,0.08432859071554678,Miles Sand & Gravel,Lacey Plant,WA,Pacific Northwest Region,paving,4000.0,4000,28.0,standard_28,80.5,strict_group,74.0,64.4375,54.825,16.0625,0.19953416149068323,25.674999999999997,0.31894409937888196,True,True,False
6526,0,0.0642774372455445,0.08432859071554678,CEMEX,Columbus - Smith Rd (Vulcan Quarry) Plant,GA,Southeastern Region,filler,4000.0,4000,28.0,standard_28,104.5,strict_group,36.0,95.0,86.75,9.5,0.09090909090909091,17.75,0.16985645933014354,True,False,False
43245,0,0.063863493422773,0.08432859071554678,Silvi Materials,Philadelphia Plant,PA,Eastern Region,other_or_unspecified,3500.0,3500,28.0,standard_28,113.14285714285714,strict_group,117.0,95.71428571428571,84.05714285714286,17.42857142857143,0.15404040404040406,29.085714285714275,0.257070707070707,True,True,False
6371,0,0.0634704166411824,0.08432859071554678,CEMEX,Clermont RK Plant,FL,Southeastern Region,other_or_unspecified,2500.0,2500,28.0,standard_28,106.0,strict_group,212.0,92.7,82.88,13.299999999999997,0.12547169811320752,23.120000000000005,0.21811320754716984,True,True,False
33754,0,0.0632413868285765,0.08432859071554678,Knife River Corporation,Medford (Oregon) Plant,OR,Pacific Northwest Region,other_or_unspecified,4000.0,4000,28.0,standard_28,107.75,strict_group,579.0,63.25,56.7,44.5,0.41299303944315546,51.05,0.47378190255220415,True,True,True
4068,0,0.0632374178703113,0.08432859071554678,Cadman / Heidelberg Materials,Port of Portland Plant,OR,Pacific Northwest Region,other_or_unspecified,4000.0,4000,28.0,standard_28,69.5,strict_group,579.0,63.25,56.7,6.25,0.08992805755395683,12.799999999999997,0.18417266187050355,True,False,False
16258,0,0.0631255228940269,0.08432859071554678,CEMEX,Yuma Plant,AZ,Pacific Southwest Region,other_or_unspecified,4000.0,4000,28.0,standard_28,75.25,strict_group,111.0,78.25,69.0,0.0,0.0,6.25,0.08305647840531562,True,False,False
42555,0,0.0629944605540749,0.08432859071554678,Robertson's Ready Mix,Rialto Plant,CA,Pacific Southwest Region,filler,4000.0,4000,28.0,standard_28,89.75,strict_group,6.0,90.1875,88.875,0.0,0.0,0.875,0.009749303621169917,True,False,False
46390,0,0.062915363207422,0.08432859071554678,United Companies,Steamboat Plant,CO,Rocky Mountains Region,other_or_unspecified,3500.0,3500,28.0,standard_28,78.57142857142857,strict_group,66.0,73.71428571428571,67.85714285714286,4.857142857142861,0.06181818181818187,10.714285714285708,0.1363636363636363,True,False,False
3179,0,0.0627426415198551,0.08432859071554678,Cadman / Heidelberg Materials,Orchards Plant,WA,Pacific Northwest Region,other_or_unspecified,2500.0,2500,28.0,standard_28,79.2,strict_group,23.0,87.2,80.0,0.0,0.0,0.0,0.0,True,False,False
456,0,0.0626528172125207,0.08432859071554678,American Rock Products (ARP),Hermiston Plant,OR,Pacific Northwest Region,other_or_unspecified,3000.0,3000,28.0,standard_28,98.66666666666667,strict_group,395.0,71.0,64.13333333333334,27.66666666666667,0.28040540540540543,34.53333333333333,0.35,True,True,True
470,0,0.0626528172125207,0.08432859071554678,American Rock Products (ARP),Hermiston Plant,OR,Pacific Northwest Region,other_or_unspecified,3000.0,3000,28.0,standard_28,115.66666666666667,strict_group,395.0,71.0,64.13333333333334,44.66666666666667,0.3861671469740634,51.53333333333333,0.44553314121037463,True,True,True
43256,0,0.0624213707186814,0.08432859071554678,Silvi Materials,Philadelphia Plant,PA,Eastern Region,other_or_unspecified,4000.0,4000,28.0,standard_28,112.75,strict_group,636.0,74.75,60.75,38.0,0.3370288248337029,52.0,0.4611973392461197,True,True,True
32233,0,0.0624088738596259,0.08432859071554678,Holcim - Aggregate Industries,Drake Plant,CO,Rocky Mountains Region,other_or_unspecified,3000.0,3000,28.0,standard_28,104.33333333333333,strict_group,53.0,77.66666666666667,65.4,26.666666666666657,0.255591054313099,38.93333333333332,0.3731629392971245,True,True,True
43115,0,0.0622523702495299,0.08432859071554678,Silvi Materials,Limerick Plant,PA,Eastern Region,other_or_unspecified,4000.0,4000,28.0,standard_28,120.25,strict_group,636.0,74.75,60.75,45.5,0.3783783783783784,59.5,0.49480249480249483,True,True,True
34525,0,0.0622037421385153,0.08432859071554678,"Martin Marietta - Smyrna Ready Mix Concrete, LLC.",Valmont Plant,CO,Rocky Mountains Region,other_or_unspecified,3000.0,3000,28.0,standard_28,94.0,strict_group,53.0,77.66666666666667,65.4,16.33333333333333,0.1737588652482269,28.599999999999994,0.3042553191489361,True,True,False
2563,0,0.0619961123940173,0.08432859071554678,Cadman / Heidelberg Materials,Foster Road Plant,OR,Pacific Northwest Region,other_or_unspecified,2500.0,2500,28.0,standard_28,94.4,strict_group,23.0,87.2,80.0,7.200000000000003,0.07627118644067798,14.400000000000006,0.15254237288135597,True,False,False
16277,0,0.0619451454376916,0.08432859071554678,CEMEX,Zephyrhills Plant,FL,Southeastern Region,other_or_unspecified,2500.0,2500,28.0,standard_28,111.6,strict_group,212.0,92.7,82.88,18.89999999999999,0.16935483870967735,28.72,0.25734767025089605,True,True,False
12008,0,0.0619436028238885,0.08432859071554678,CEMEX,Panama City Beach - #2 Plant,FL,Southeastern Region,other_or_unspecified,4000.0,4000,28.0,standard_28,94.75,strict_group,440.0,77.6875,69.75,17.0625,0.18007915567282323,25.0,0.2638522427440633,True,True,False
11442,0,0.0616467449755987,0.08432859071554678,CEMEX,Ocala West Plant,FL,Southeastern Region,other_or_unspecified,3000.0,3000,28.0,standard_28,96.66666666666667,strict_group,701.0,91.66666666666667,82.66666666666667,5.0,0.05172413793103448,14.0,0.14482758620689654,True,False,False
9232,0,0.0616210652060633,0.08432859071554678,CEMEX,Largo II Plant,FL,Southeastern Region,other_or_unspecified,3000.0,3000,28.0,standard_28,110.66666666666667,strict_group,701.0,91.66666666666667,82.66666666666667,19.0,0.1716867469879518,28.0,0.25301204819277107,True,True,False
42883,0,0.0614627941693076,0.08432859071554678,Silvi Materials,Downingtown Plant,PA,Eastern Region,other_or_unspecified,3000.0,3000,28.0,standard_28,102.33333333333333,strict_group,295.0,91.33333333333333,79.06666666666668,11.0,0.10749185667752444,23.26666666666665,0.22736156351791517,True,True,False
30773,0,0.0610888964380451,0.08432859071554678,Four Winds Concrete Inc.,Bethlehem Plant,PA,Eastern Region,filler,5000.0,5000,28.0,standard_28,107.0,strict_group,49.0,59.2,55.76,47.8,0.4467289719626168,51.24,0.4788785046728972,True,True,True
16146,0,0.0606105294744386,0.08432859071554678,CEMEX,Winfield Plant,AL,Southeastern Region,other_or_unspecified,3500.0,3500,28.0,standard_28,93.42857142857143,strict_group,155.0,78.0,71.42857142857143,15.42857142857143,0.1651376146788991,22.0,0.23547400611620795,True,True,False
30754,0,0.0605772343159547,0.08432859071554678,Four Winds Concrete Inc.,Bethlehem Plant,PA,Eastern Region,other_or_unspecified,4000.0,4000,28.0,standard_28,109.25,strict_group,636.0,74.75,60.75,34.5,0.3157894736842105,48.5,0.4439359267734554,True,True,True
43351,1,0.0602040218342458,0.08432859071554678,Silvi Materials,South Plainfield Plant,NJ,Eastern Region,other_or_unspecified,3000.0,3000,28.0,standard_28,127.0,strict_group,295.0,91.33333333333333,79.06666666666668,35.66666666666667,0.2808398950131234,47.93333333333332,0.37742782152230964,True,True,True
43089,0,0.0600722542684466,0.08432859071554678,Silvi Materials,Limerick Plant,PA,Eastern Region,other_or_unspecified,4000.0,4000,28.0,standard_28,122.0,strict_group,636.0,74.75,60.75,47.25,0.38729508196721313,61.25,0.5020491803278688,True,True,True
43169,0,0.0600722542684466,0.08432859071554678,Silvi Materials,Morrisville Plant,PA,Eastern Region,other_or_unspecified,4000.0,4000,28.0,standard_28,105.75,strict_group,636.0,74.75,60.75,31.0,0.29314420803782504,45.0,0.425531914893617,True,True,True
9172,1,0.0598565095057999,0.08432859071554678,CEMEX,Lakeland RK Plant,FL,Southeastern Region,other_or_unspecified,4500.0,4500,28.0,standard_28,131.11111111111111,strict_group,115.0,75.0,69.06666666666666,56.111111111111114,0.4279661016949153,62.04444444444445,0.4732203389830509,True,True,True
7070,1,0.0597952990945894,0.08432859071554678,CEMEX,Dallas Plant,GA,Southeastern Region,structural,3000.0,3000,1.0,early,138.66666666666666,regional_strength_group,823.0,92.16666666666666,84.0,46.5,0.3353365384615385,54.66666666666666,0.39423076923076916,True,True,True
31074,0,0.0597641742747391,0.08432859071554678,Graniterock,Monterey-Seaside Plant,CA,Pacific Southwest Region,other_or_unspecified,3500.0,3500,28.0,standard_28,98.85714285714286,strict_group,46.0,79.42857142857143,74.71428571428572,19.42857142857143,0.19653179190751446,24.14285714285714,0.2442196531791907,True,True,False
5414,0,0.0595744982491414,0.08432859071554678,CEMEX,Athens Plant,AL,Southeastern Region,other_or_unspecified,3000.0,3000,28.0,standard_28,103.33333333333333,strict_group,701.0,91.66666666666667,82.66666666666667,11.666666666666657,0.11290322580645153,20.666666666666657,0.19999999999999993,True,True,False
11615,0,0.0595303406693576,0.08432859071554678,CEMEX,Orange City Plant,FL,Southeastern Region,other_or_unspecified,4500.0,4500,28.0,standard_28,114.44444444444444,strict_group,115.0,75.0,69.06666666666666,39.44444444444444,0.3446601941747573,45.37777777777778,0.39650485436893207,True,True,True
36129,0,0.0595240418711904,0.08432859071554678,National Ready Mix,Glendale Plant,CA,Pacific Southwest Region,other_or_unspecified,4000.0,4000,28.0,standard_28,109.0,strict_group,111.0,78.25,69.0,30.75,0.28211009174311924,40.0,0.3669724770642202,True,True,True
9162,0,0.059132040247309,0.08432859071554678,CEMEX,Lakeland RK Plant,FL,Southeastern Region,other_or_unspecified,2500.0,2500,28.0,standard_28,110.8,strict_group,212.0,92.7,82.88,18.099999999999994,0.16335740072202162,27.92,0.25198555956678703,True,True,False
34526,0,0.0589667594562478,0.08432859071554678,"Martin Marietta - Smyrna Ready Mix Concrete, LLC.",Valmont Plant,CO,Rocky Mountains Region,other_or_unspecified,3000.0,3000,28.0,standard_28,94.0,strict_group,53.0,77.66666666666667,65.4,16.33333333333333,0.1737588652482269,28.599999999999994,0.3042553191489361,True,True,False
13529,0,0.0589536338391314,0.08432859071554678,CEMEX,Russellville Plant,AL,Southeastern Region,other_or_unspecified,4000.0,4000,28.0,standard_28,104.0,strict_group,440.0,77.6875,69.75,26.3125,0.2530048076923077,34.25,0.3293269230769231,True,True,True
42932,1,0.0588806909829565,0.08432859071554678,Silvi Materials,Englishtown Plant,NJ,Eastern Region,other_or_unspecified,4000.0,4000,28.0,standard_28,126.0,strict_group,636.0,74.75,60.75,51.25,0.40674603174603174,65.25,0.5178571428571429,True,True,True
15178,0,0.0588313862750688,0.08432859071554678,CEMEX,Sweetwater Plant,FL,Southeastern Region,other_or_unspecified,3400.0,3500,28.0,standard_28,77.3529411764706,strict_group,155.0,78.0,71.42857142857143,0.0,0.0,5.9243697478991635,0.07658881042911465,True,False,False
7218,0,0.0588078238297307,0.08432859071554678,CEMEX,Dawsonville - Easy Street Plant,GA,Southeastern Region,other_or_unspecified,3000.0,3000,28.0,standard_28,103.0,strict_group,701.0,91.66666666666667,82.66666666666667,11.333333333333329,0.11003236245954688,20.33333333333333,0.1974110032362459,True,True,False
34676,0,0.0586872223600522,0.08432859071554678,Miles Sand & Gravel,Lacey Plant,WA,Pacific Northwest Region,other_or_unspecified,3000.0,3000,28.0,standard_28,65.0,strict_group,395.0,71.0,64.13333333333334,0.0,0.0,0.86666666666666,0.013333333333333232,True,False,False
35993,0,0.0585884305660813,0.08432859071554678,National Ready Mix,Glendale Plant,CA,Pacific Southwest Region,other_or_unspecified,4500.0,4500,28.0,standard_28,88.0,strict_group,40.0,73.38888888888889,66.15555555555557,14.611111111111114,0.16603535353535356,21.844444444444434,0.2482323232323231,True,True,False
45398,0,0.0585549768732047,0.08432859071554678,Titan Virginia Ready-Mix,Port Norfolk Plant,VA,Eastern Region,other_or_unspecified,3000.0,3000,28.0,standard_28,110.0,strict_group,295.0,91.33333333333333,79.06666666666668,18.66666666666667,0.16969696969696973,30.933333333333323,0.28121212121212114,True,True,False
45399,0,0.0585549768732047,0.08432859071554678,Titan Virginia Ready-Mix,Port Norfolk Plant,VA,Eastern Region,other_or_unspecified,3000.0,3000,28.0,standard_28,110.0,strict_group,295.0,91.33333333333333,79.06666666666668,18.66666666666667,0.16969696969696973,30.933333333333323,0.28121212121212114,True,True,False
44876,0,0.0585549768732047,0.08432859071554678,Titan Virginia Ready-Mix,Campostella Plant,VA,Eastern Region,other_or_unspecified,3000.0,3000,28.0,standard_28,108.33333333333333,strict_group,295.0,91.33333333333333,79.06666666666668,17.0,0.15692307692307694,29.26666666666665,0.270153846153846,True,True,False
10461,0,0.0579304214477931,0.08432859071554678,CEMEX,Mosielee Plant,TX,South Central Region,other_or_unspecified,4000.0,4000,28.0,standard_28,100.0,strict_group,125.0,64.75,58.2,35.25,0.3525,41.8,0.418,True,True,True
7220,0,0.057391599560392,0.08432859071554678,CEMEX,Dawsonville - Easy Street Plant,GA,Southeastern Region,paving,3000.0,3000,28.0,standard_28,112.33333333333333,strict_group,16.0,94.25,87.66666666666666,18.08333333333333,0.16097922848664684,24.66666666666667,0.21958456973293775,True,True,False
46145,0,0.0573078460915219,0.08432859071554678,United Companies,Delta Plant,CO,Rocky Mountains Region,structural,3500.0,3500,28.0,standard_28,74.0,strict_group,15.0,73.14285714285714,72.0,0.8571428571428612,0.011583011583011638,2.0,0.02702702702702703,True,False,False
43816,0,0.0572213185091698,0.08432859071554678,Smyrna Ready Mix,TN Mobile Plant,TN,Southeastern Region,infrastructure,3000.0,3000,28.0,standard_28,56.0,strict_group,5.0,56.0,54.6,0.0,0.0,1.3999999999999986,0.024999999999999974,True,False,False
4487,0,0.0570444471442752,0.08432859071554678,"Callanan Industries, Inc.",Latham Plant,NY,Eastern Region,other_or_unspecified,2500.0,2500,28.0,standard_28,116.0,strict_group,18.0,103.4,78.72,12.599999999999994,0.10862068965517237,37.28,0.3213793103448276,True,True,False
43047,0,0.0569859344922233,0.08432859071554678,Silvi Materials,Limerick Plant,PA,Eastern Region,other_or_unspecified,3500.0,3500,28.0,standard_28,120.28571428571429,strict_group,117.0,95.71428571428571,84.05714285714286,24.571428571428584,0.20427553444180532,36.22857142857143,0.301187648456057,True,True,True
43048,0,0.0569859344922233,0.08432859071554678,Silvi Materials,Limerick Plant,PA,Eastern Region,other_or_unspecified,3500.0,3500,28.0,standard_28,112.85714285714286,strict_group,117.0,95.71428571428571,84.05714285714286,17.142857142857153,0.15189873417721528,28.799999999999997,0.2551898734177215,True,True,False
31173,0,0.0569671279662513,0.08432859071554678,Graniterock,Monterey-Seaside Plant,CA,Pacific Southwest Region,filler,3000.0,3000,28.0,standard_28,92.66666666666667,strict_group,12.0,92.5,91.39999999999999,0.1666666666666714,0.0017985611510791877,1.26666666666668,0.01366906474820158,True,False,False
15738,0,0.0569522714363878,0.08432859071554678,CEMEX,Waters Avenue Plant,FL,Southeastern Region,other_or_unspecified,2500.0,2500,28.0,standard_28,119.6,strict_group,212.0,92.7,82.88,26.89999999999999,0.22491638795986615,36.72,0.30702341137123745,True,True,True
10467,0,0.0568298842095657,0.08432859071554678,CEMEX,Mosielee Plant,TX,South Central Region,other_or_unspecified,4000.0,4000,28.0,standard_28,99.75,strict_group,125.0,64.75,58.2,35.0,0.3508771929824561,41.55,0.4165413533834586,True,True,True
12038,0,0.0565100206795753,0.08432859071554678,CEMEX,Panama City Beach - #2 Plant,FL,Southeastern Region,other_or_unspecified,2500.0,2500,28.0,standard_28,111.6,strict_group,212.0,92.7,82.88,18.89999999999999,0.16935483870967735,28.72,0.25734767025089605,True,True,False
42247,0,0.0565054998825544,0.08432859071554678,Robertson's Ready Mix,Anaheim Plant,CA,Pacific Southwest Region,other_or_unspecified,4000.0,4000,28.0,standard_28,46.0,strict_group,111.0,78.25,69.0,0.0,0.0,0.0,0.0,True,False,False
1995,0,0.0564924864215087,0.08432859071554678,Bonded Concrete Inc. / The Clemente Group,Colonie Plant,NY,Eastern Region,other_or_unspecified,4000.0,4000,28.0,standard_28,95.25,strict_group,636.0,74.75,60.75,20.5,0.2152230971128609,34.5,0.36220472440944884,True,True,True
5915,0,0.0563075785564241,0.08432859071554678,CEMEX,Brewton Plant,AL,Southeastern Region,other_or_unspecified,4000.0,4000,28.0,standard_28,106.5,strict_group,440.0,77.6875,69.75,28.8125,0.2705399061032864,36.75,0.34507042253521125,True,True,True
2031,0,0.0562225082823847,0.08432859071554678,Bonded Concrete Inc. / The Clemente Group,Pleasant Valley Plant,NY,Eastern Region,other_or_unspecified,4000.0,4000,28.0,standard_28,102.25,strict_group,636.0,74.75,60.75,27.5,0.26894865525672373,41.5,0.4058679706601467,True,True,True
42671,0,0.0562144976923476,0.08432859071554678,Schuster Concrete,Rockville Plant,MD,Eastern Region,other_or_unspecified,3000.0,3000,28.0,standard_28,81.33333333333333,strict_group,295.0,91.33333333333333,79.06666666666668,0.0,0.0,2.2666666666666515,0.02786885245901621,True,False,False
33310,0,0.0561456758263511,0.08432859071554678,Ingram Ready Mix,Pearland #35 LLC Plant,TX,South Central Region,other_or_unspecified,2500.0,2500,28.0,standard_28,88.0,national_spec_group,274.0,92.9,80.64,0.0,0.0,7.359999999999999,0.08363636363636363,True,False,False
35994,0,0.0559672120082686,0.08432859071554678,National Ready Mix,Glendale Plant,CA,Pacific Southwest Region,other_or_unspecified,4500.0,4500,28.0,standard_28,87.55555555555556,strict_group,40.0,73.38888888888889,66.15555555555557,14.166666666666671,0.16180203045685285,21.39999999999999,0.24441624365482223,True,True,False
46394,0,0.055821077397318,0.08432859071554678,United Companies,Steamboat Plant,CO,Rocky Mountains Region,other_or_unspecified,4000.0,4000,28.0,standard_28,78.25,strict_group,220.0,71.5,66.5,6.75,0.08626198083067092,11.75,0.1501597444089457,True,False,False
9222,0,0.055769810534322,0.08432859071554678,CEMEX,Largo II Plant,FL,Southeastern Region,other_or_unspecified,2500.0,2500,28.0,standard_28,115.2,strict_group,212.0,92.7,82.88,22.5,0.1953125,32.32000000000001,0.2805555555555556,True,True,False
45349,0,0.0556638477426363,0.08432859071554678,Titan Virginia Ready-Mix,Leesburg RM Plant,VA,Eastern Region,filler,3000.0,3000,28.0,standard_28,115.66666666666667,strict_group,28.0,94.5,30.75,21.16666666666667,0.18299711815561964,84.91666666666667,0.734149855907781,True,True,False
43132,0,0.0556110179017214,0.08432859071554678,Silvi Materials,Morrisville Plant,PA,Eastern Region,other_or_unspecified,3000.0,3000,28.0,standard_28,108.66666666666667,strict_group,295.0,91.33333333333333,79.06666666666668,17.333333333333343,0.1595092024539878,29.599999999999994,0.27239263803680974,True,True,False
42895,0,0.0555169054975147,0.08432859071554678,Silvi Materials,Englishtown Plant,NJ,Eastern Region,other_or_unspecified,3500.0,3500,28.0,standard_28,120.57142857142857,strict_group,117.0,95.71428571428571,84.05714285714286,24.85714285714286,0.20616113744075834,36.514285714285705,0.3028436018957345,True,True,True
2615,0,0.0554665702874227,0.08432859071554678,Cadman / Heidelberg Materials,Foster Road Plant,OR,Pacific Northwest Region,other_or_unspecified,2500.0,2500,28.0,standard_28,80.0,strict_group,23.0,87.2,80.0,0.0,0.0,0.0,0.0,True,False,False
33732,1,0.055464763524621,0.08432859071554678,Knife River Corporation,McMinnville (Oregon) Plant,OR,Pacific Northwest Region,other_or_unspecified,3500.0,3500,28.0,standard_28,136.57142857142858,strict_group,339.0,68.59126984126985,58.0,67.98015873015873,0.4977626685262668,78.57142857142858,0.5753138075313808,True,True,True
7603,0,0.0554516853978122,0.08432859071554678,CEMEX,Eastport Plant,FL,Southeastern Region,other_or_unspecified,2500.0,2500,28.0,standard_28,78.8,strict_group,212.0,92.7,82.88,0.0,0.0,0.0,0.0,True,False,False
11848,0,0.055340329893606,0.08432859071554678,CEMEX,Palmetto Plant,FL,Southeastern Region,other_or_unspecified,3000.0,3000,28.0,standard_28,123.66666666666667,strict_group,701.0,91.66666666666667,82.66666666666667,32.0,0.2587601078167116,41.0,0.33153638814016173,True,True,True
4627,0,0.0551883277995005,0.08432859071554678,Cape Cod Ready Mix,Orleans Plant,MA,Eastern Region,other_or_unspecified,3000.0,3000,28.0,standard_28,112.66666666666667,strict_group,295.0,91.33333333333333,79.06666666666668,21.333333333333343,0.18934911242603558,33.599999999999994,0.29822485207100585,True,True,False
13491,0,0.055174406558486,0.08432859071554678,CEMEX,Russellville Plant,AL,Southeastern Region,other_or_unspecified,3500.0,3500,28.0,standard_28,98.28571428571429,strict_group,155.0,78.0,71.42857142857143,20.285714285714292,0.20639534883720936,26.85714285714286,0.2732558139534884,True,True,True
5053,0,0.0550852314090818,0.08432859071554678,CEMEX,Alexander City Plant,AL,Southeastern Region,other_or_unspecified,3000.0,3000,28.0,standard_28,119.33333333333333,strict_group,701.0,91.66666666666667,82.66666666666667,27.666666666666657,0.23184357541899434,36.66666666666666,0.3072625698324022,True,True,True
31075,0,0.0548940849210283,0.08432859071554678,Graniterock,Monterey-Seaside Plant,CA,Pacific Southwest Region,other_or_unspecified,4000.0,4000,28.0,standard_28,93.75,strict_group,111.0,78.25,69.0,15.5,0.16533333333333333,24.75,0.264,True,True,False
46413,0,0.0547781663818092,0.08432859071554678,United Companies,Telluride Plant,CO,Rocky Mountains Region,structural,3000.0,3000,28.0,standard_28,90.0,strict_group,10.0,71.33333333333333,71.16666666666666,18.66666666666667,0.20740740740740746,18.833333333333343,0.20925925925925937,True,True,True
43199,0,0.0547692730259282,0.08432859071554678,Silvi Materials,Morrisville Plant,PA,Eastern Region,other_or_unspecified,4000.0,4000,28.0,standard_28,40.5,strict_group,636.0,74.75,60.75,0.0,0.0,0.0,0.0,True,False,False
33472,0,0.054447212435685,0.08432859071554678,Knife River Corporation,Boise (Idaho) Plant,ID,Pacific Northwest Region,other_or_unspecified,3500.0,3500,28.0,standard_28,106.57142857142857,strict_group,339.0,68.59126984126985,58.0,37.98015873015872,0.35638218647602016,48.57142857142857,0.4557640750670241,True,True,True
33738,0,0.0544412121279261,0.08432859071554678,Knife River Corporation,McMinnville (Oregon) Plant,OR,Pacific Northwest Region,other_or_unspecified,4000.0,4000,28.0,standard_28,123.75,strict_group,579.0,63.25,56.7,60.5,0.4888888888888889,67.05,0.5418181818181818,True,True,True
2005,0,0.054433176547639,0.08432859071554678,Bonded Concrete Inc. / The Clemente Group,Colonie Plant,NY,Eastern Region,other_or_unspecified,4000.0,4000,28.0,standard_28,88.75,strict_group,636.0,74.75,60.75,14.0,0.15774647887323945,28.0,0.3154929577464789,True,True,False
6998,0,0.0543750649317087,0.08432859071554678,CEMEX,Crestview Plant,FL,Southeastern Region,hardscape,3000.0,3000,28.0,standard_28,96.33333333333333,strict_group,42.0,90.75,85.43333333333332,5.583333333333329,0.05795847750865047,10.900000000000006,0.11314878892733571,True,False,False
30774,0,0.0542139784529987,0.08432859071554678,Four Winds Concrete Inc.,Bethlehem Plant,PA,Eastern Region,filler,5000.0,5000,28.0,standard_28,110.2,strict_group,49.0,59.2,55.76,51.0,0.4627949183303085,54.440000000000005,0.49401088929219605,True,True,True
31006,0,0.0541587224102794,0.08432859071554678,Gotham Ready Mix LLC,Brooklyn (A) Plant,NY,Eastern Region,other_or_unspecified,3200.0,3000,28.0,standard_28,95.9375,strict_group,295.0,91.33333333333333,79.06666666666668,4.604166666666671,0.04799131378935944,16.870833333333323,0.17585233441910955,True,False,False
9348,0,0.0538629147807552,0.08432859071554678,CEMEX,Leesburg RK Plant,FL,Southeastern Region,other_or_unspecified,3000.0,3000,28.0,standard_28,88.33333333333333,strict_group,701.0,91.66666666666667,82.66666666666667,0.0,0.0,5.666666666666657,0.06415094339622632,True,False,False
15224,0,0.0532323897195023,0.08432859071554678,CEMEX,Thomasville Plant,AL,Southeastern Region,other_or_unspecified,3000.0,3000,28.0,standard_28,93.33333333333333,strict_group,701.0,91.66666666666667,82.66666666666667,1.6666666666666572,0.017857142857142756,10.666666666666657,0.11428571428571419,True,False,False
8193,0,0.0530469088931588,0.08432859071554678,CEMEX,Globe Plant,AZ,Pacific Southwest Region,other_or_unspecified,2500.0,2500,28.0,standard_28,101.6,strict_group,16.0,102.5,100.8,0.0,0.0,0.7999999999999972,0.007874015748031468,True,False,False
2025,0,0.0530034634591601,0.08432859071554678,Bonded Concrete Inc. / The Clemente Group,Pleasant Valley Plant,NY,Eastern Region,other_or_unspecified,3500.0,3500,28.0,standard_28,90.0,strict_group,117.0,95.71428571428571,84.05714285714286,0.0,0.0,5.942857142857136,0.06603174603174596,True,False,False
46207,0,0.0529615274153068,0.08432859071554678,United Companies,Gypsum Plant,CO,Rocky Mountains Region,other_or_unspecified,4000.0,4000,28.0,standard_28,73.25,strict_group,220.0,71.5,66.5,1.75,0.023890784982935155,6.75,0.09215017064846416,True,False,False
43033,0,0.0528570215732033,0.08432859071554678,Silvi Materials,Limerick Plant,PA,Eastern Region,other_or_unspecified,3000.0,3000,28.0,standard_28,103.33333333333333,strict_group,295.0,91.33333333333333,79.06666666666668,12.0,0.11612903225806452,24.26666666666665,0.2348387096774192,True,True,False
43134,0,0.0528570215732033,0.08432859071554678,Silvi Materials,Morrisville Plant,PA,Eastern Region,other_or_unspecified,3000.0,3000,28.0,standard_28,110.0,strict_group,295.0,91.33333333333333,79.06666666666668,18.66666666666667,0.16969696969696973,30.933333333333323,0.28121212121212114,True,True,False
30452,0,0.0527994530152571,0.08432859071554678,Elizabeth River Concrete,Portsmouth Virginia Plant,VA,Eastern Region,other_or_unspecified,4000.0,4000,28.0,standard_28,88.25,strict_group,636.0,74.75,60.75,13.5,0.1529745042492918,27.5,0.311614730878187,True,True,False
5778,1,0.0527171372492305,0.08432859071554678,CEMEX,Bessemer - CEMCO #7 Plant,AL,Southeastern Region,other_or_unspecified,3000.0,3000,28.0,standard_28,224.33333333333334,strict_group,701.0,91.66666666666667,82.66666666666667,132.66666666666669,0.5913818722139673,141.66666666666669,0.6315007429420506,True,True,True
5531,1,0.052689789463457,0.08432859071554678,CEMEX,Auburndale Plant,FL,Southeastern Region,other_or_unspecified,2500.0,2500,28.0,standard_28,128.4,strict_group,212.0,92.7,82.88,35.7,0.2780373831775701,45.52000000000001,0.35451713395638634,True,True,True
42539,0,0.0526314938735957,0.08432859071554678,Robertson's Ready Mix,Rialto Plant,CA,Pacific Southwest Region,other_or_unspecified,3500.0,3500,28.0,standard_28,98.57142857142857,strict_group,46.0,79.42857142857143,74.71428571428572,19.14285714285714,0.1942028985507246,23.857142857142847,0.24202898550724627,True,True,False
11447,1,0.0525910986041548,0.08432859071554678,CEMEX,Ocala West Plant,FL,Southeastern Region,other_or_unspecified,3000.0,3000,28.0,standard_28,140.0,strict_group,701.0,91.66666666666667,82.66666666666667,48.33333333333333,0.3452380952380952,57.33333333333333,0.4095238095238095,True,True,True
16169,0,0.0525178329323849,0.08432859071554678,CEMEX,Winfield Plant,AL,Southeastern Region,other_or_unspecified,4000.0,4000,28.0,standard_28,97.25,strict_group,440.0,77.6875,69.75,19.5625,0.2011568123393316,27.5,0.2827763496143959,True,True,True
30921,0,0.0524662962885418,0.08432859071554678,Gotham Ready Mix LLC,Brooklyn (A) Plant,NY,Eastern Region,other_or_unspecified,4000.0,4000,28.0,standard_28,94.25,strict_group,636.0,74.75,60.75,19.5,0.20689655172413793,33.5,0.35543766578249336,True,True,True
10626,0,0.0524640346524247,0.08432859071554678,CEMEX,New Smyrna Plant,FL,Southeastern Region,other_or_unspecified,3000.0,3000,28.0,standard_28,123.33333333333333,strict_group,701.0,91.66666666666667,82.66666666666667,31.666666666666657,0.2567567567567567,40.66666666666666,0.3297297297297297,True,True,True
42897,0,0.0524458893307962,0.08432859071554678,Silvi Materials,Englishtown Plant,NJ,Eastern Region,other_or_unspecified,3500.0,3500,28.0,standard_28,120.57142857142857,strict_group,117.0,95.71428571428571,84.05714285714286,24.85714285714286,0.20616113744075834,36.514285714285705,0.3028436018957345,True,True,True
41108,0,0.0524225264581821,0.08432859071554678,Pete Lien & Sons,Spearfish Ready Mix Plant,SD,North Central Region,filler,3000.0,3000,28.0,standard_28,113.0,national_spec_group,106.0,106.75,91.66666666666666,6.25,0.05530973451327434,21.333333333333343,0.18879056047197648,True,False,False
11835,1,0.0522450912638074,0.08432859071554678,CEMEX,Palmetto Plant,FL,Southeastern Region,other_or_unspecified,2500.0,2500,28.0,standard_28,138.4,strict_group,212.0,92.7,82.88,45.7,0.3302023121387283,55.52000000000001,0.4011560693641619,True,True,True
46647,0,0.0519688608305118,0.08432859071554678,US Concrete Mix / Smyrna Ready Mix,Irving Plant,TX,South Central Region,other_or_unspecified,2500.0,2500,28.0,standard_28,88.0,national_spec_group,274.0,92.9,80.64,0.0,0.0,7.359999999999999,0.08363636363636363,True,False,False
21951,0,0.0518009054440619,0.08432859071554678,Chandler Concrete,Durham Plant,NC,Southeastern Region,other_or_unspecified,3000.0,3000,28.0,standard_28,101.33333333333333,strict_group,701.0,91.66666666666667,82.66666666666667,9.666666666666657,0.09539473684210517,18.666666666666657,0.18421052631578938,True,False,False
5126,0,0.0517151478680049,0.08432859071554678,CEMEX,Andalusia Plant,AL,Southeastern Region,other_or_unspecified,2500.0,2500,28.0,standard_28,106.4,strict_group,212.0,92.7,82.88,13.700000000000003,0.12875939849624063,23.52000000000001,0.22105263157894744,True,True,False
33638,0,0.0515246913808153,0.08432859071554678,Knife River Corporation,Fruitland (Idaho) Plant,ID,Pacific Northwest Region,other_or_unspecified,3500.0,3500,28.0,standard_28,96.85714285714286,strict_group,339.0,68.59126984126985,58.0,28.265873015873012,0.29183054736152075,38.85714285714286,0.4011799410029499,True,True,True
16294,0,0.0515003667323143,0.08432859071554678,CEMEX,Zephyrhills Plant,FL,Southeastern Region,other_or_unspecified,3000.0,3000,28.0,standard_28,116.33333333333333,strict_group,701.0,91.66666666666667,82.66666666666667,24.666666666666657,0.21203438395415466,33.66666666666666,0.2893982808022922,True,True,True
30744,0,0.0514192752146895,0.08432859071554678,Four Winds Concrete Inc.,Bethlehem Plant,PA,Eastern Region,other_or_unspecified,3500.0,3500,28.0,standard_28,108.57142857142857,strict_group,117.0,95.71428571428571,84.05714285714286,12.857142857142861,0.11842105263157898,24.514285714285705,0.22578947368421046,True,True,False
43045,0,0.0511691263818296,0.08432859071554678,Silvi Materials,Limerick Plant,PA,Eastern Region,other_or_unspecified,3000.0,3000,28.0,standard_28,110.33333333333333,strict_group,295.0,91.33333333333333,79.06666666666668,19.0,0.17220543806646527,31.26666666666665,0.2833836858006041,True,True,False
12004,0,0.0510539508817977,0.08432859071554678,CEMEX,Panama City Beach - #2 Plant,FL,Southeastern Region,other_or_unspecified,3000.0,3000,28.0,standard_28,111.0,strict_group,701.0,91.66666666666667,82.66666666666667,19.33333333333333,0.17417417417417413,28.33333333333333,0.2552552552552552,True,True,False
46329,0,0.0509916317108187,0.08432859071554678,United Companies,Rifle Plant,CO,Rocky Mountains Region,other_or_unspecified,4000.0,4000,28.0,standard_28,67.25,strict_group,220.0,71.5,66.5,0.0,0.0,0.75,0.011152416356877323,True,False,False
46204,0,0.0508066656462363,0.08432859071554678,United Companies,Gypsum Plant,CO,Rocky Mountains Region,other_or_unspecified,3500.0,3500,28.0,standard_28,73.42857142857143,strict_group,66.0,73.71428571428571,67.85714285714286,0.0,0.0,5.571428571428569,0.07587548638132292,True,False,False
41079,0,0.0507737799597331,0.08432859071554678,Pete Lien & Sons,Rapid City Ready Mix,SD,North Central Region,filler,3000.0,3000,28.0,standard_28,105.33333333333333,national_spec_group,106.0,106.75,91.66666666666666,0.0,0.0,13.666666666666671,0.12974683544303803,True,False,False
33615,0,0.0507009700316769,0.08432859071554678,Knife River Corporation,Eugene (Oregon) Plant,OR,Pacific Northwest Region,paving,4000.0,4000,28.0,standard_28,107.25,strict_group,74.0,64.4375,54.825,42.8125,0.3991841491841492,52.425,0.4888111888111888,True,True,True
5137,0,0.0506109505970108,0.08432859071554678,CEMEX,Andalusia Plant,AL,Southeastern Region,other_or_unspecified,4000.0,4000,28.0,standard_28,112.75,strict_group,440.0,77.6875,69.75,35.0625,0.31097560975609756,43.0,0.38137472283813745,True,True,True
3182,1,0.0501654946518169,0.08432859071554678,Cadman / Heidelberg Materials,Orchards Plant,WA,Pacific Northwest Region,other_or_unspecified,2500.0,2500,28.0,standard_28,129.6,strict_group,23.0,87.2,80.0,42.39999999999999,0.32716049382716045,49.599999999999994,0.38271604938271603,True,True,True
9313,0,0.0500857969210028,0.08432859071554678,CEMEX,Lecanto East Plant,FL,Southeastern Region,other_or_unspecified,3000.0,3000,28.0,standard_28,102.0,strict_group,701.0,91.66666666666667,82.66666666666667,10.333333333333329,0.10130718954248362,19.33333333333333,0.18954248366013068,True,True,False
16032,0,0.0498069372491007,0.08432859071554678,CEMEX,Westside Plant,FL,Southeastern Region,other_or_unspecified,3000.0,3000,28.0,standard_28,105.66666666666667,strict_group,701.0,91.66666666666667,82.66666666666667,14.0,0.13249211356466875,23.0,0.21766561514195581,True,True,False
45371,0,0.0496461443436529,0.08432859071554678,Titan Virginia Ready-Mix,Oceana Plant,VA,Eastern Region,other_or_unspecified,3000.0,3000,28.0,standard_28,118.33333333333333,strict_group,295.0,91.33333333333333,79.06666666666668,27.0,0.22816901408450704,39.26666666666665,0.3318309859154928,True,True,True
10021,0,0.0496314091851674,0.08432859071554678,CEMEX,Milton Plant,FL,Southeastern Region,other_or_unspecified,3000.0,3000,28.0,standard_28,100.33333333333333,strict_group,701.0,91.66666666666667,82.66666666666667,8.666666666666657,0.08637873754152815,17.666666666666657,0.176079734219269,True,False,False
43904,0,0.0496202696890602,0.08432859071554678,Sterling Concrete Corp,Sterling Plant,MA,Eastern Region,other_or_unspecified,3000.0,3000,28.0,standard_28,93.33333333333333,strict_group,295.0,91.33333333333333,79.06666666666668,2.0,0.02142857142857143,14.266666666666652,0.1528571428571427,True,False,False
15464,0,0.0495502251600751,0.08432859071554678,CEMEX,Tuscumbia (Dual) Plant,AL,Southeastern Region,other_or_unspecified,2500.0,2500,28.0,standard_28,94.4,strict_group,212.0,92.7,82.88,1.7000000000000028,0.018008474576271215,11.52000000000001,0.12203389830508485,True,False,False
7994,1,0.0494420522339992,0.08432859071554678,CEMEX,Four Corners Plant,FL,Southeastern Region,other_or_unspecified,4500.0,4500,28.0,standard_28,131.11111111111111,strict_group,115.0,75.0,69.06666666666666,56.111111111111114,0.4279661016949153,62.04444444444445,0.4732203389830509,True,True,True
1989,0,0.0493217538352569,0.08432859071554678,Bonded Concrete Inc. / The Clemente Group,Colonie Plant,NY,Eastern Region,other_or_unspecified,3500.0,3500,28.0,standard_28,95.71428571428571,strict_group,117.0,95.71428571428571,84.05714285714286,0.0,0.0,11.657142857142844,0.12179104477611928,True,False,False
4628,0,0.0492568210707934,0.08432859071554678,Cape Cod Ready Mix,Orleans Plant,MA,Eastern Region,other_or_unspecified,3000.0,3000,28.0,standard_28,119.0,strict_group,295.0,91.33333333333333,79.06666666666668,27.66666666666667,0.2324929971988796,39.93333333333332,0.33557422969187667,True,True,True
46146,0,0.0491741082305274,0.08432859071554678,United Companies,Delta Plant,CO,Rocky Mountains Region,other_or_unspecified,3500.0,3500,28.0,standard_28,73.71428571428571,strict_group,66.0,73.71428571428571,67.85714285714286,0.0,0.0,5.857142857142847,0.07945736434108513,True,False,False
7231,0,0.0491147361864639,0.08432859071554678,CEMEX,Dawsonville - Easy Street Plant,GA,Southeastern Region,other_or_unspecified,2500.0,2500,28.0,standard_28,89.6,strict_group,212.0,92.7,82.88,0.0,0.0,6.719999999999999,0.075,True,False,False
458,0,0.0491060531395655,0.08432859071554678,American Rock Products (ARP),Hermiston Plant,OR,Pacific Northwest Region,other_or_unspecified,3000.0,3000,28.0,standard_28,94.0,strict_group,395.0,71.0,64.13333333333334,23.0,0.24468085106382978,29.86666666666666,0.3177304964539006,True,True,True
4498,0,0.0491059350148017,0.08432859071554678,"Callanan Industries, Inc.",Latham Plant,NY,Eastern Region,other_or_unspecified,4000.0,4000,28.0,standard_28,110.75,strict_group,636.0,74.75,60.75,36.0,0.32505643340857787,50.0,0.45146726862302483,True,True,True
4501,0,0.0491059350148017,0.08432859071554678,"Callanan Industries, Inc.",Latham Plant,NY,Eastern Region,other_or_unspecified,4000.0,4000,28.0,standard_28,109.25,strict_group,636.0,74.75,60.75,34.5,0.3157894736842105,48.5,0.4439359267734554,True,True,True
22111,0,0.0490352336443328,0.08432859071554678,Conewago Manufacturing,Conewago Manufacturing Plant,PA,Eastern Region,other_or_unspecified,3000.0,3000,28.0,standard_28,97.0,strict_group,295.0,91.33333333333333,79.06666666666668,5.666666666666671,0.058419243986254345,17.933333333333323,0.18487972508591055,True,False,False
30748,0,0.0489162494494672,0.08432859071554678,Four Winds Concrete Inc.,Bethlehem Plant,PA,Eastern Region,structural,3500.0,3500,28.0,standard_28,107.14285714285714,national_spec_group,45.0,67.71428571428571,58.0,39.42857142857143,0.36800000000000005,49.14285714285714,0.45866666666666667,True,True,True
34650,0,0.0488529482770946,0.08432859071554678,Miles Sand & Gravel,Lacey Plant,WA,Pacific Northwest Region,other_or_unspecified,3500.0,3500,28.0,standard_28,77.14285714285714,strict_group,339.0,68.59126984126985,58.0,8.55158730158729,0.11085390946502043,19.14285714285714,0.24814814814814812,True,True,False
46205,0,0.0485247866448972,0.08432859071554678,United Companies,Gypsum Plant,CO,Rocky Mountains Region,other_or_unspecified,3500.0,3500,28.0,standard_28,77.42857142857143,strict_group,66.0,73.71428571428571,67.85714285714286,3.7142857142857224,0.047970479704797155,9.57142857142857,0.1236162361623616,True,False,False
4629,1,0.0484730461277969,0.08432859071554678,Cape Cod Ready Mix,Orleans Plant,MA,Eastern Region,other_or_unspecified,3000.0,3000,28.0,standard_28,150.66666666666666,strict_group,295.0,91.33333333333333,79.06666666666668,59.33333333333333,0.3938053097345133,71.59999999999998,0.475221238938053,True,True,True
33747,1,0.0484352423436303,0.08432859071554678,Knife River Corporation,McMinnville (Oregon) Plant,OR,Pacific Northwest Region,other_or_unspecified,4000.0,4000,28.0,standard_28,129.0,strict_group,579.0,63.25,56.7,65.75,0.5096899224806202,72.3,0.5604651162790697,True,True,True
33587,0,0.0483640124992805,0.08432859071554678,Knife River Corporation,Corvallis (Oregon) Plant,OR,Pacific Northwest Region,other_or_unspecified,4000.0,4000,28.0,standard_28,107.75,strict_group,579.0,63.25,56.7,44.5,0.41299303944315546,51.05,0.47378190255220415,True,True,True
4543,0,0.0483169400637465,0.08432859071554678,"Callanan Industries, Inc.",Port of Albany Plant,NY,Eastern Region,filler,4500.0,4500,28.0,standard_28,90.88888888888889,strict_group,14.0,93.88888888888889,78.75555555555556,0.0,0.0,12.133333333333326,0.13349633251833734,True,False,False
34655,0,0.0481852197941943,0.08432859071554678,Miles Sand & Gravel,Lacey Plant,WA,Pacific Northwest Region,other_or_unspecified,3000.0,3000,28.0,standard_28,90.0,strict_group,395.0,71.0,64.13333333333334,19.0,0.2111111111111111,25.86666666666666,0.28740740740740733,True,True,True
43799,0,0.0480134393942057,0.08432859071554678,Smyrna Ready Mix,TN Mobile Plant,TN,Southeastern Region,other_or_unspecified,3000.0,3000,28.0,standard_28,73.33333333333333,strict_group,701.0,91.66666666666667,82.66666666666667,0.0,0.0,0.0,0.0,True,False,False
6989,0,0.0479962895802452,0.08432859071554678,CEMEX,Crestview Plant,FL,Southeastern Region,hardscape,3000.0,3000,28.0,standard_28,98.33333333333333,strict_group,42.0,90.75,85.43333333333332,7.583333333333329,0.07711864406779656,12.900000000000006,0.13118644067796617,True,False,False
2034,0,0.0479456323314387,0.08432859071554678,Bonded Concrete Inc. / The Clemente Group,Pleasant Valley Plant,NY,Eastern Region,other_or_unspecified,4000.0,4000,28.0,standard_28,95.5,strict_group,636.0,74.75,60.75,20.75,0.21727748691099477,34.75,0.36387434554973824,True,True,True
42585,0,0.0479330868259352,0.08432859071554678,Robertson's Ready Mix,Vernon Plant,CA,Pacific Southwest Region,other_or_unspecified,4000.0,4000,28.0,standard_28,98.0,strict_group,111.0,78.25,69.0,19.75,0.20153061224489796,29.0,0.29591836734693877,True,True,True
5429,0,0.0478170344380112,0.08432859071554678,CEMEX,Atmore Plant,AL,Southeastern Region,other_or_unspecified,2500.0,2500,28.0,standard_28,94.8,strict_group,212.0,92.7,82.88,2.0999999999999943,0.022151898734177156,11.920000000000002,0.1257383966244726,True,False,False
42554,0,0.0477518550837767,0.08432859071554678,Robertson's Ready Mix,Rialto Plant,CA,Pacific Southwest Region,other_or_unspecified,4000.0,4000,28.0,standard_28,96.75,strict_group,111.0,78.25,69.0,18.5,0.19121447028423771,27.75,0.2868217054263566,True,True,False
43796,0,0.047671333634313,0.08432859071554678,Smyrna Ready Mix,TN Mobile Plant,TN,Southeastern Region,other_or_unspecified,3000.0,3000,28.0,standard_28,69.66666666666667,strict_group,701.0,91.66666666666667,82.66666666666667,0.0,0.0,0.0,0.0,True,False,False
42933,0,0.0475942936570107,0.08432859071554678,Silvi Materials,Englishtown Plant,NJ,Eastern Region,other_or_unspecified,4000.0,4000,28.0,standard_28,120.25,strict_group,636.0,74.75,60.75,45.5,0.3783783783783784,59.5,0.49480249480249483,True,True,True
21700,0,0.0471737873877385,0.08432859071554678,Central Pre-Mix (CPM),Sullivan Plant ,WA,Pacific Northwest Region,filler,4000.0,4000,28.0,standard_28,105.5,strict_group,29.0,72.75,71.5,32.75,0.3104265402843602,34.0,0.3222748815165877,True,True,True
22101,0,0.0470815153638894,0.08432859071554678,Conewago Manufacturing,Conewago Manufacturing Plant,PA,Eastern Region,filler,5000.0,5000,28.0,standard_28,79.4,strict_group,49.0,59.2,55.76,20.200000000000003,0.25440806045340053,23.640000000000008,0.2977329974811084,True,True,True
30935,0,0.0469090376072993,0.08432859071554678,Gotham Ready Mix LLC,Brooklyn (A) Plant,NY,Eastern Region,filler,4000.0,4000,28.0,standard_28,94.5,strict_group,83.0,88.0,68.55,6.5,0.06878306878306878,25.950000000000003,0.2746031746031746,True,False,False
15201,0,0.0468056891681288,0.08432859071554678,CEMEX,Thomasville Plant,AL,Southeastern Region,other_or_unspecified,4000.0,4000,28.0,standard_28,104.25,strict_group,440.0,77.6875,69.75,26.5625,0.2547961630695444,34.5,0.33093525179856115,True,True,True
16279,1,0.0467721965968927,0.08432859071554678,CEMEX,Zephyrhills Plant,FL,Southeastern Region,other_or_unspecified,2500.0,2500,28.0,standard_28,124.8,strict_group,212.0,92.7,82.88,32.099999999999994,0.25721153846153844,41.92,0.3358974358974359,True,True,True
46165,0,0.046738955253091,0.08432859071554678,United Companies,Delta Plant,CO,Rocky Mountains Region,structural,3500.0,3500,28.0,standard_28,81.71428571428571,strict_group,15.0,73.14285714285714,72.0,8.57142857142857,0.10489510489510488,9.714285714285708,0.11888111888111881,True,True,False
42995,0,0.0466507885749563,0.08432859071554678,Silvi Materials,Englishtown Plant,NJ,Eastern Region,other_or_unspecified,4000.0,4000,28.0,standard_28,121.75,strict_group,636.0,74.75,60.75,47.0,0.3860369609856263,61.0,0.5010266940451745,True,True,True
43043,0,0.0466152128610942,0.08432859071554678,Silvi Materials,Limerick Plant,PA,Eastern Region,other_or_unspecified,3000.0,3000,28.0,standard_28,110.66666666666667,strict_group,295.0,91.33333333333333,79.06666666666668,19.333333333333343,0.17469879518072298,31.599999999999994,0.2855421686746987,True,True,False
43741,0,0.0465702600693301,0.08432859071554678,Smyrna Ready Mix,SCGA Mobile Plant,SC,Southeastern Region,other_or_unspecified,3000.0,3000,28.0,standard_28,74.33333333333333,strict_group,701.0,91.66666666666667,82.66666666666667,0.0,0.0,0.0,0.0,True,False,False
14906,0,0.0464397905432791,0.08432859071554678,CEMEX,St. Cloud Plant,FL,Southeastern Region,other_or_unspecified,2500.0,2500,28.0,standard_28,106.4,strict_group,212.0,92.7,82.88,13.700000000000003,0.12875939849624063,23.52000000000001,0.22105263157894744,True,True,False
8597,0,0.0462572597047421,0.08432859071554678,CEMEX,Industrial Park Rd (Cartersville - RMUSA) Plant,GA,Southeastern Region,other_or_unspecified,3500.0,3500,28.0,standard_28,97.42857142857143,strict_group,155.0,78.0,71.42857142857143,19.42857142857143,0.1994134897360704,26.0,0.2668621700879765,True,True,False
42374,0,0.0462191067109761,0.08432859071554678,Robertson's Ready Mix,Gardena Plant,CA,Pacific Southwest Region,filler,4000.0,4000,28.0,standard_28,101.25,strict_group,6.0,90.1875,88.875,11.0625,0.10925925925925926,12.375,0.12222222222222222,True,True,False
11542,0,0.0460343153804194,0.08432859071554678,CEMEX,Oldsmar Plant,FL,Southeastern Region,other_or_unspecified,2500.0,2500,28.0,standard_28,117.6,strict_group,212.0,92.7,82.88,24.89999999999999,0.21173469387755095,34.72,0.29523809523809524,True,True,True
6492,0,0.0459983837592312,0.08432859071554678,CEMEX,Columbus - Smith Rd (Vulcan Quarry) Plant,GA,Southeastern Region,other_or_unspecified,3000.0,3000,28.0,standard_28,99.0,strict_group,701.0,91.66666666666667,82.66666666666667,7.333333333333329,0.07407407407407403,16.33333333333333,0.16498316498316493,True,False,False
33856,0,0.0456574221522597,0.08432859071554678,Knife River Corporation,Redmond (Oregon) Plant,OR,Pacific Northwest Region,filler,3000.0,3000,28.0,standard_28,76.0,strict_group,16.0,106.91666666666667,89.33333333333334,0.0,0.0,0.0,0.0,True,False,False
2067,0,0.0455144506988812,0.08432859071554678,Boston Sand & Gravel,Boston Sand & Gravel,MA,Eastern Region,filler,5000.0,5000,28.0,standard_28,75.0,strict_group,49.0,59.2,55.76,15.799999999999997,0.21066666666666664,19.240000000000002,0.25653333333333334,True,True,True
16150,0,0.0454000019564477,0.08432859071554678,CEMEX,Winfield Plant,AL,Southeastern Region,other_or_unspecified,4000.0,4000,28.0,standard_28,109.25,strict_group,440.0,77.6875,69.75,31.5625,0.2889016018306636,39.5,0.36155606407322655,True,True,True
43090,0,0.0452760522490805,0.08432859071554678,Silvi Materials,Limerick Plant,PA,Eastern Region,other_or_unspecified,4000.0,4000,28.0,standard_28,112.5,strict_group,636.0,74.75,60.75,37.75,0.33555555555555555,51.75,0.46,True,True,True
43173,0,0.0452760522490805,0.08432859071554678,Silvi Materials,Morrisville Plant,PA,Eastern Region,other_or_unspecified,4000.0,4000,28.0,standard_28,117.0,strict_group,636.0,74.75,60.75,42.25,0.3611111111111111,56.25,0.4807692307692308,True,True,True
33739,1,0.0452559248566864,0.08432859071554678,Knife River Corporation,McMinnville (Oregon) Plant,OR,Pacific Northwest Region,other_or_unspecified,4000.0,4000,28.0,standard_28,136.5,strict_group,579.0,63.25,56.7,73.25,0.5366300366300366,79.8,0.5846153846153846,True,True,True
43080,0,0.0451654509268952,0.08432859071554678,Silvi Materials,Limerick Plant,PA,Eastern Region,other_or_unspecified,4000.0,4000,28.0,standard_28,113.5,strict_group,636.0,74.75,60.75,38.75,0.34140969162995594,52.75,0.4647577092511013,True,True,True
43085,0,0.0451654509268952,0.08432859071554678,Silvi Materials,Limerick Plant,PA,Eastern Region,other_or_unspecified,4000.0,4000,28.0,standard_28,105.25,strict_group,636.0,74.75,60.75,30.5,0.28978622327790976,44.5,0.42280285035629456,True,True,True
43211,0,0.0451637613049105,0.08432859071554678,Silvi Materials,Mt. Holly Plant,NJ,Eastern Region,filler,4000.0,4000,28.0,standard_28,122.0,strict_group,83.0,88.0,68.55,34.0,0.2786885245901639,53.45,0.4381147540983607,True,True,True
13492,0,0.0451065171508439,0.08432859071554678,CEMEX,Russellville Plant,AL,Southeastern Region,other_or_unspecified,3000.0,3000,28.0,standard_28,85.33333333333333,strict_group,701.0,91.66666666666667,82.66666666666667,0.0,0.0,2.666666666666657,0.03124999999999989,True,False,False
16172,0,0.0447930912836723,0.08432859071554678,CEMEX,Winfield Plant,AL,Southeastern Region,other_or_unspecified,3500.0,3500,28.0,standard_28,100.57142857142857,strict_group,155.0,78.0,71.42857142857143,22.57142857142857,0.22443181818181818,29.14285714285714,0.28977272727272724,True,True,True
46297,0,0.0447626094146496,0.08432859071554678,United Companies,Powers Plant,CO,Rocky Mountains Region,other_or_unspecified,3500.0,3500,28.0,standard_28,73.14285714285714,strict_group,66.0,73.71428571428571,67.85714285714286,0.0,0.0,5.285714285714278,0.07226562499999989,True,False,False
13494,0,0.0447327877142981,0.08432859071554678,CEMEX,Russellville Plant,AL,Southeastern Region,other_or_unspecified,3750.0,4000,3.0,early,101.06666666666666,strict_group,6.0,103.46666666666667,101.86666666666667,0.0,0.0,0.0,0.0,True,False,False
33451,0,0.0447004987437474,0.08432859071554678,Kirkpatrick Concrete,Lakeshore Plant,AL,Southeastern Region,other_or_unspecified,4000.0,4000,28.0,standard_28,91.5,strict_group,440.0,77.6875,69.75,13.8125,0.15095628415300547,21.75,0.23770491803278687,True,True,False
33364,0,0.0447004987437474,0.08432859071554678,Kirkpatrick Concrete,Alabaster Plant,AL,Southeastern Region,other_or_unspecified,4000.0,4000,28.0,standard_28,96.0,strict_group,440.0,77.6875,69.75,18.3125,0.19075520833333334,26.25,0.2734375,True,True,False
33407,0,0.0447004987437474,0.08432859071554678,Kirkpatrick Concrete,Gardendale Plant,AL,Southeastern Region,other_or_unspecified,4000.0,4000,28.0,standard_28,93.0,strict_group,440.0,77.6875,69.75,15.3125,0.1646505376344086,23.25,0.25,True,True,False
33429,0,0.0447004987437474,0.08432859071554678,Kirkpatrick Concrete,Highway 280 Plant,AL,Southeastern Region,other_or_unspecified,4000.0,4000,28.0,standard_28,92.75,strict_group,440.0,77.6875,69.75,15.0625,0.1623989218328841,23.0,0.24797843665768193,True,True,False
43083,0,0.0446502372959604,0.08432859071554678,Silvi Materials,Limerick Plant,PA,Eastern Region,other_or_unspecified,4000.0,4000,28.0,standard_28,107.75,strict_group,636.0,74.75,60.75,33.0,0.3062645011600928,47.0,0.4361948955916473,True,True,True
43075,0,0.0446502372959604,0.08432859071554678,Silvi Materials,Limerick Plant,PA,Eastern Region,other_or_unspecified,4000.0,4000,28.0,standard_28,113.5,strict_group,636.0,74.75,60.75,38.75,0.34140969162995594,52.75,0.4647577092511013,True,True,True
43078,0,0.0446502372959604,0.08432859071554678,Silvi Materials,Limerick Plant,PA,Eastern Region,other_or_unspecified,4000.0,4000,28.0,standard_28,113.5,strict_group,636.0,74.75,60.75,38.75,0.34140969162995594,52.75,0.4647577092511013,True,True,True
43163,0,0.0446502372959604,0.08432859071554678,Silvi Materials,Morrisville Plant,PA,Eastern Region,other_or_unspecified,4000.0,4000,28.0,standard_28,112.75,strict_group,636.0,74.75,60.75,38.0,0.3370288248337029,52.0,0.4611973392461197,True,True,True
5777,1,0.0446332515867632,0.08432859071554678,CEMEX,Bessemer - CEMCO #7 Plant,AL,Southeastern Region,other_or_unspecified,3000.0,3000,28.0,standard_28,213.33333333333334,strict_group,701.0,91.66666666666667,82.66666666666667,121.66666666666667,0.5703125,130.66666666666669,0.6125,True,True,True
3841,0,0.0445752784779849,0.08432859071554678,Cadman / Heidelberg Materials,Port of Portland Plant,OR,Pacific Northwest Region,paving,4000.0,4000,28.0,standard_28,70.0,strict_group,74.0,64.4375,54.825,5.5625,0.07946428571428571,15.174999999999997,0.21678571428571425,True,False,False
3674,0,0.0445335835024931,0.08432859071554678,Cadman / Heidelberg Materials,Port of Portland Plant,OR,Pacific Northwest Region,other_or_unspecified,2500.0,2500,28.0,standard_28,94.0,strict_group,23.0,87.2,80.0,6.799999999999997,0.07234042553191486,14.0,0.14893617021276595,True,False,False
46911,0,0.0444787375955623,0.08432859071554678,US Concrete Mix / Smyrna Ready Mix,Smith street Plant,NY,Eastern Region,other_or_unspecified,3000.0,3000,28.0,standard_28,96.0,strict_group,295.0,91.33333333333333,79.06666666666668,4.666666666666671,0.04861111111111116,16.933333333333323,0.1763888888888888,True,False,False
30812,0,0.0442976466701419,0.08432859071554678,Four Winds Concrete Inc.,Windgap Plant,PA,Eastern Region,filler,4000.0,4000,28.0,standard_28,97.75,strict_group,83.0,88.0,68.55,9.75,0.09974424552429667,29.200000000000003,0.2987212276214834,True,False,False
33599,0,0.0441809226493545,0.08432859071554678,Knife River Corporation,Eugene (Oregon) Plant,OR,Pacific Northwest Region,other_or_unspecified,3000.0,3000,28.0,standard_28,98.66666666666667,strict_group,395.0,71.0,64.13333333333334,27.66666666666667,0.28040540540540543,34.53333333333333,0.35,True,True,True
30832,0,0.0439351258688528,0.08432859071554678,Four Winds Concrete Inc.,Windgap Plant,PA,Eastern Region,filler,4000.0,4000,28.0,standard_28,30.75,strict_group,83.0,88.0,68.55,0.0,0.0,0.0,0.0,True,False,False
42527,0,0.0439007060118264,0.08432859071554678,Robertson's Ready Mix,Rialto Plant,CA,Pacific Southwest Region,other_or_unspecified,4000.0,4000,28.0,standard_28,118.0,strict_group,111.0,78.25,69.0,39.75,0.336864406779661,49.0,0.4152542372881356,True,True,True
34714,0,0.0438251336923725,0.08432859071554678,Milpitas Materials Co,Milpitas Plant,CA,Pacific Southwest Region,other_or_unspecified,3000.0,3000,28.0,standard_28,102.0,strict_group,89.0,92.0,80.53333333333333,10.0,0.09803921568627451,21.46666666666667,0.2104575163398693,True,False,False
33338,0,0.0437681429158613,0.08432859071554678,Ingram Ready Mix,Pearland #35 LLC Plant,TX,South Central Region,hardscape,4000.0,4000,28.0,standard_28,76.25,national_spec_group,37.0,72.75,67.4,3.5,0.04590163934426229,8.849999999999994,0.11606557377049173,True,False,False
43221,0,0.0437272349702142,0.08432859071554678,Silvi Materials,Philadelphia Plant,PA,Eastern Region,other_or_unspecified,3000.0,3000,28.0,standard_28,102.66666666666667,strict_group,295.0,91.33333333333333,79.06666666666668,11.333333333333343,0.11038961038961048,23.599999999999994,0.2298701298701298,True,True,False
42866,0,0.0436914444538424,0.08432859071554678,Silver Strike Concrete,Silver Strike Sparks Plant,NV,Pacific Southwest Region,other_or_unspecified,4000.0,4000,28.0,standard_28,119.75,strict_group,111.0,78.25,69.0,41.5,0.3465553235908142,50.75,0.42379958246346555,True,True,True
44860,0,0.0435950279689577,0.08432859071554678,Titan Virginia Ready-Mix,Bryan Park Plant,VA,Eastern Region,other_or_unspecified,6000.0,6000,28.0,standard_28,86.33333333333333,strict_group,99.0,47.0,43.06666666666666,39.33333333333333,0.4555984555984556,43.266666666666666,0.5011583011583012,True,True,True
45138,0,0.0435950279689577,0.08432859071554678,Titan Virginia Ready-Mix,Chesterfield Plant,VA,Eastern Region,other_or_unspecified,6000.0,6000,28.0,standard_28,84.83333333333333,strict_group,99.0,47.0,43.06666666666666,37.83333333333333,0.44597249508840864,41.766666666666666,0.49233791748526523,True,True,True
15193,0,0.0435936420661313,0.08432859071554678,CEMEX,Temecula Plant,CA,Pacific Southwest Region,other_or_unspecified,4000.0,4000,28.0,standard_28,102.5,strict_group,111.0,78.25,69.0,24.25,0.23658536585365852,33.5,0.32682926829268294,True,True,True
3339,0,0.0435510469924731,0.08432859071554678,Cadman / Heidelberg Materials,Orchards Plant,WA,Pacific Northwest Region,other_or_unspecified,3000.0,3000,28.0,standard_28,112.33333333333333,strict_group,395.0,71.0,64.13333333333334,41.33333333333333,0.36795252225519287,48.19999999999999,0.4290801186943619,True,True,True
5442,0,0.0434384911334371,0.08432859071554678,CEMEX,Atmore Plant,AL,Southeastern Region,other_or_unspecified,4000.0,4000,28.0,standard_28,97.5,strict_group,440.0,77.6875,69.75,19.8125,0.2032051282051282,27.75,0.2846153846153846,True,True,True
2030,0,0.0434004949235235,0.08432859071554678,Bonded Concrete Inc. / The Clemente Group,Pleasant Valley Plant,NY,Eastern Region,other_or_unspecified,4000.0,4000,28.0,standard_28,101.0,strict_group,636.0,74.75,60.75,26.25,0.2599009900990099,40.25,0.39851485148514854,True,True,True
39626,0,0.0433106486543643,0.08432859071554678,National Ready Mix,Vernon Plant,CA,Pacific Southwest Region,other_or_unspecified,4000.0,4000,28.0,standard_28,77.5,strict_group,111.0,78.25,69.0,0.0,0.0,8.5,0.10967741935483871,True,False,False
4651,0,0.0432497829166863,0.08432859071554678,Cape Cod Ready Mix,Orleans Plant,MA,Eastern Region,other_or_unspecified,3000.0,3000,28.0,standard_28,115.66666666666667,strict_group,295.0,91.33333333333333,79.06666666666668,24.333333333333343,0.21037463976945253,36.599999999999994,0.31642651296829966,True,True,True
4652,0,0.0432497829166863,0.08432859071554678,Cape Cod Ready Mix,Orleans Plant,MA,Eastern Region,other_or_unspecified,3000.0,3000,28.0,standard_28,121.33333333333333,strict_group,295.0,91.33333333333333,79.06666666666668,30.0,0.24725274725274726,42.26666666666665,0.3483516483516482,True,True,True
4650,0,0.0432497829166863,0.08432859071554678,Cape Cod Ready Mix,Orleans Plant,MA,Eastern Region,other_or_unspecified,3000.0,3000,28.0,standard_28,113.0,strict_group,295.0,91.33333333333333,79.06666666666668,21.66666666666667,0.19174041297935107,33.93333333333332,0.3002949852507374,True,True,False
16104,0,0.0431290537116228,0.08432859071554678,CEMEX,Wildwood Plant,FL,Southeastern Region,other_or_unspecified,2500.0,2500,28.0,standard_28,95.6,strict_group,212.0,92.7,82.88,2.8999999999999915,0.030334728033472716,12.719999999999999,0.13305439330543933,True,False,False
42882,0,0.0431106128939162,0.08432859071554678,Silvi Materials,Downingtown Plant,PA,Eastern Region,other_or_unspecified,3000.0,3000,28.0,standard_28,108.0,strict_group,295.0,91.33333333333333,79.06666666666668,16.66666666666667,0.15432098765432103,28.933333333333323,0.26790123456790116,True,True,False
43276,0,0.0430629915440015,0.08432859071554678,Silvi Materials,Philadelphia Plant,PA,Eastern Region,other_or_unspecified,4000.0,4000,28.0,standard_28,102.75,strict_group,636.0,74.75,60.75,28.0,0.2725060827250608,42.0,0.40875912408759124,True,True,True
45137,0,0.0430218516651167,0.08432859071554678,Titan Virginia Ready-Mix,Chesterfield Plant,VA,Eastern Region,other_or_unspecified,6000.0,6000,28.0,standard_28,86.33333333333333,strict_group,99.0,47.0,43.06666666666666,39.33333333333333,0.4555984555984556,43.266666666666666,0.5011583011583012,True,True,True
33731,1,0.0430159636852509,0.08432859071554678,Knife River Corporation,McMinnville (Oregon) Plant,OR,Pacific Northwest Region,other_or_unspecified,3500.0,3500,28.0,standard_28,128.28571428571428,strict_group,339.0,68.59126984126985,58.0,59.69444444444443,0.46532417718386526,70.28571428571428,0.5478841870824053,True,True,True
43906,0,0.0429546903791478,0.08432859071554678,Sterling Concrete Corp,Sterling Plant,MA,Eastern Region,other_or_unspecified,3000.0,3000,28.0,standard_28,90.66666666666667,strict_group,295.0,91.33333333333333,79.06666666666668,0.0,0.0,11.599999999999994,0.12794117647058817,True,False,False
7224,0,0.0428929957759724,0.08432859071554678,CEMEX,Dawsonville - Easy Street Plant,GA,Southeastern Region,other_or_unspecified,3000.0,3000,28.0,standard_28,94.0,strict_group,701.0,91.66666666666667,82.66666666666667,2.3333333333333286,0.024822695035460942,11.333333333333329,0.12056737588652477,True,False,False
32946,0,0.0428438427711371,0.08432859071554678,Holcim - Aggregate Industries,Texas Plant,MD,Eastern Region,other_or_unspecified,3000.0,3000,28.0,standard_28,57.666666666666664,strict_group,295.0,91.33333333333333,79.06666666666668,0.0,0.0,0.0,0.0,True,False,False
457,0,0.0426971014182417,0.08432859071554678,American Rock Products (ARP),Hermiston Plant,OR,Pacific Northwest Region,other_or_unspecified,3000.0,3000,28.0,standard_28,99.0,strict_group,395.0,71.0,64.13333333333334,28.0,0.2828282828282828,34.86666666666666,0.3521885521885521,True,True,True
43639,0,0.042423690445347,0.08432859071554678,Smyrna Ready Mix,Dallas Commerce Plant,TX,South Central Region,other_or_unspecified,3000.0,3000,28.0,standard_28,105.0,strict_group,51.0,78.5,68.66666666666667,26.5,0.2523809523809524,36.33333333333333,0.34603174603174597,True,True,True
43798,0,0.0423680987394748,0.08432859071554678,Smyrna Ready Mix,TN Mobile Plant,TN,Southeastern Region,other_or_unspecified,3000.0,3000,28.0,standard_28,76.66666666666667,strict_group,701.0,91.66666666666667,82.66666666666667,0.0,0.0,0.0,0.0,True,False,False
43638,0,0.042116601279273,0.08432859071554678,Smyrna Ready Mix,Dallas Commerce Plant,TX,South Central Region,other_or_unspecified,3000.0,3000,28.0,standard_28,100.0,strict_group,51.0,78.5,68.66666666666667,21.5,0.215,31.33333333333333,0.3133333333333333,True,True,True
3564,0,0.0420592496731648,0.08432859071554678,Cadman / Heidelberg Materials,Orchards Plant,WA,Pacific Northwest Region,other_or_unspecified,3000.0,3000,28.0,standard_28,80.33333333333333,strict_group,395.0,71.0,64.13333333333334,9.333333333333329,0.11618257261410783,16.19999999999999,0.20165975103734426,True,True,False
43368,1,0.0419265351725113,0.08432859071554678,Silvi Materials,Southampton Plant,NJ,Eastern Region,filler,4000.0,4000,28.0,standard_28,125.75,strict_group,83.0,88.0,68.55,37.75,0.30019880715705766,57.2,0.45487077534791254,True,True,True
43027,0,0.0419265351725113,0.08432859071554678,Silvi Materials,Kingston Plant,NJ,Eastern Region,filler,4000.0,4000,28.0,standard_28,120.25,strict_group,83.0,88.0,68.55,32.25,0.2681912681912682,51.7,0.42993762993762996,True,True,True
43125,0,0.0416949896441431,0.08432859071554678,Silvi Materials,Logan Plant,NJ,Eastern Region,other_or_unspecified,4000.0,4000,28.0,standard_28,112.75,strict_group,636.0,74.75,60.75,38.0,0.3370288248337029,52.0,0.4611973392461197,True,True,True
43357,0,0.0416949896441431,0.08432859071554678,Silvi Materials,South Plainfield Plant,NJ,Eastern Region,other_or_unspecified,4000.0,4000,28.0,standard_28,111.0,strict_group,636.0,74.75,60.75,36.25,0.32657657657657657,50.25,0.4527027027027027,True,True,True
7579,0,0.0416746249116872,0.08432859071554678,CEMEX,Eastport Plant,FL,Southeastern Region,other_or_unspecified,3000.0,3000,28.0,standard_28,107.66666666666667,strict_group,701.0,91.66666666666667,82.66666666666667,16.0,0.14860681114551083,25.0,0.23219814241486067,True,True,False
6510,0,0.0415647708936329,0.08432859071554678,CEMEX,Columbus - Smith Rd (Vulcan Quarry) Plant,GA,Southeastern Region,other_or_unspecified,3000.0,3000,28.0,standard_28,83.33333333333333,strict_group,701.0,91.66666666666667,82.66666666666667,0.0,0.0,0.6666666666666572,0.007999999999999887,True,False,False
40018,0,0.0413307568932404,0.08432859071554678,National Ready Mix,Vernon Plant,CA,Pacific Southwest Region,other_or_unspecified,4000.0,4000,28.0,standard_28,90.0,strict_group,111.0,78.25,69.0,11.75,0.13055555555555556,21.0,0.23333333333333334,True,True,False
43174,0,0.0412614792949211,0.08432859071554678,Silvi Materials,Morrisville Plant,PA,Eastern Region,other_or_unspecified,4000.0,4000,28.0,standard_28,117.25,strict_group,636.0,74.75,60.75,42.5,0.3624733475479744,56.5,0.48187633262260127,True,True,True
43091,0,0.0412614792949211,0.08432859071554678,Silvi Materials,Limerick Plant,PA,Eastern Region,other_or_unspecified,4000.0,4000,28.0,standard_28,112.5,strict_group,636.0,74.75,60.75,37.75,0.33555555555555555,51.75,0.46,True,True,True
15736,0,0.0412541052385409,0.08432859071554678,CEMEX,Waters Avenue Plant,FL,Southeastern Region,other_or_unspecified,2500.0,2500,28.0,standard_28,102.0,strict_group,212.0,92.7,82.88,9.299999999999997,0.09117647058823526,19.120000000000005,0.1874509803921569,True,False,False
42553,0,0.0410479309418873,0.08432859071554678,Robertson's Ready Mix,Rialto Plant,CA,Pacific Southwest Region,other_or_unspecified,4000.0,4000,28.0,standard_28,101.75,strict_group,111.0,78.25,69.0,23.5,0.23095823095823095,32.75,0.32186732186732187,True,True,True
7068,1,0.0409029109416538,0.08432859071554678,CEMEX,Dallas Plant,GA,Southeastern Region,other_or_unspecified,4000.0,4000,28.0,standard_28,140.75,strict_group,440.0,77.6875,69.75,63.0625,0.4480461811722913,71.0,0.5044404973357016,True,True,True
13188,0,0.0407781977256551,0.08432859071554678,CEMEX,Port Charlotte Plant,FL,Southeastern Region,other_or_unspecified,3000.0,3000,28.0,standard_28,99.33333333333333,strict_group,701.0,91.66666666666667,82.66666666666667,7.666666666666657,0.07718120805369118,16.666666666666657,0.16778523489932878,True,False,False
4840,0,0.0407094407881973,0.08432859071554678,CEMEX,56th Street Plant,FL,Southeastern Region,other_or_unspecified,4000.0,4000,28.0,standard_28,77.5,strict_group,440.0,77.6875,69.75,0.0,0.0,7.75,0.1,True,False,False
33640,0,0.0407058692153606,0.08432859071554678,Knife River Corporation,Fruitland (Idaho) Plant,ID,Pacific Northwest Region,other_or_unspecified,3500.0,3500,28.0,standard_28,97.14285714285714,strict_group,339.0,68.59126984126985,58.0,28.55158730158729,0.29391339869281036,39.14285714285714,0.4029411764705882,True,True,True
2833,1,0.0406734028079513,0.08432859071554678,Cadman / Heidelberg Materials,Foster Road Plant,OR,Pacific Northwest Region,other_or_unspecified,3000.0,3000,28.0,standard_28,164.0,strict_group,395.0,71.0,64.13333333333334,93.0,0.5670731707317073,99.86666666666666,0.6089430894308943,True,True,True
31446,0,0.0404330726229914,0.08432859071554678,Graniterock,Salinas Plant,CA,Pacific Southwest Region,other_or_unspecified,3500.0,3500,28.0,standard_28,98.0,strict_group,46.0,79.42857142857143,74.71428571428572,18.57142857142857,0.18950437317784255,23.285714285714278,0.23760932944606405,True,True,False
13012,0,0.0403329495657599,0.08432859071554678,CEMEX,Plant City RK Plant,FL,Southeastern Region,other_or_unspecified,2500.0,2500,28.0,standard_28,109.6,strict_group,212.0,92.7,82.88,16.89999999999999,0.15419708029197074,26.72,0.24379562043795622,True,True,False
12039,0,0.040203081643558,0.08432859071554678,CEMEX,Panama City Beach - #2 Plant,FL,Southeastern Region,hardscape,3000.0,3000,28.0,standard_28,101.33333333333333,strict_group,42.0,90.75,85.43333333333332,10.583333333333329,0.10444078947368417,15.900000000000006,0.15690789473684216,True,True,False
34005,1,0.0401726804642617,0.08432859071554678,Knife River Corporation,Woodburn (Oregon) Plant,OR,Pacific Northwest Region,other_or_unspecified,4000.0,4000,28.0,standard_28,125.0,strict_group,579.0,63.25,56.7,61.75,0.494,68.3,0.5464,True,True,True
45373,0,0.0400661243854194,0.08432859071554678,Titan Virginia Ready-Mix,Oceana Plant,VA,Eastern Region,other_or_unspecified,3000.0,3000,28.0,standard_28,118.66666666666667,strict_group,295.0,91.33333333333333,79.06666666666668,27.333333333333343,0.23033707865168546,39.599999999999994,0.3337078651685393,True,True,True
4517,0,0.040047985227184,0.08432859071554678,"Callanan Industries, Inc.",Oriskany Plant,NY,Eastern Region,other_or_unspecified,2500.0,2500,28.0,standard_28,101.2,strict_group,18.0,103.4,78.72,0.0,0.0,22.480000000000004,0.22213438735177868,True,False,False
11741,0,0.040039396151485,0.08432859071554678,CEMEX,Orlando (Atlanta Ave) Plant,FL,Southeastern Region,other_or_unspecified,4500.0,4500,28.0,standard_28,115.77777777777777,strict_group,115.0,75.0,69.06666666666666,40.77777777777777,0.3522072936660268,46.71111111111111,0.4034548944337812,True,True,True
31818,0,0.039822372155456,0.08432859071554678,Graniterock,Santa Cruz Plant,CA,Pacific Southwest Region,other_or_unspecified,5500.0,5500,28.0,standard_28,98.54545454545455,strict_group,30.0,61.18181818181819,55.38181818181818,37.36363636363636,0.3791512915129151,43.163636363636364,0.43800738007380075,True,True,True
16175,0,0.0398191806535821,0.08432859071554678,CEMEX,Winfield Plant,AL,Southeastern Region,other_or_unspecified,4000.0,4000,28.0,standard_28,109.5,strict_group,440.0,77.6875,69.75,31.8125,0.2905251141552511,39.75,0.363013698630137,True,True,True
13202,0,0.0397531461049283,0.08432859071554678,CEMEX,Port Charlotte Plant,FL,Southeastern Region,other_or_unspecified,3000.0,3000,28.0,standard_28,90.0,strict_group,701.0,91.66666666666667,82.66666666666667,0.0,0.0,7.333333333333329,0.08148148148148143,True,False,False
5399,0,0.0397064846927174,0.08432859071554678,CEMEX,Athens Plant,AL,Southeastern Region,other_or_unspecified,4000.0,4000,28.0,standard_28,107.25,strict_group,440.0,77.6875,69.75,29.5625,0.27564102564102566,37.5,0.34965034965034963,True,True,True
375,0,0.0396699884236874,0.08432859071554678,American Rock Products (ARP),Boardman Plant,OR,Pacific Northwest Region,other_or_unspecified,3000.0,3000,28.0,standard_28,107.66666666666667,strict_group,395.0,71.0,64.13333333333334,36.66666666666667,0.3405572755417957,43.53333333333333,0.4043343653250774,True,True,True
2024,0,0.0391853742571474,0.08432859071554678,Bonded Concrete Inc. / The Clemente Group,Pleasant Valley Plant,NY,Eastern Region,other_or_unspecified,3500.0,3500,28.0,standard_28,96.28571428571429,strict_group,117.0,95.71428571428571,84.05714285714286,0.5714285714285836,0.005934718100890334,12.228571428571428,0.12700296735905042,True,False,False
7099,0,0.0391666127827199,0.08432859071554678,CEMEX,Dallas Plant,GA,Southeastern Region,other_or_unspecified,4000.0,4000,28.0,standard_28,98.75,strict_group,440.0,77.6875,69.75,21.0625,0.21329113924050633,29.0,0.2936708860759494,True,True,True
31630,0,0.0390908137993426,0.08432859071554678,Graniterock,San Jose Plant,CA,Pacific Southwest Region,other_or_unspecified,5500.0,5500,28.0,standard_28,96.36363636363636,strict_group,30.0,61.18181818181819,55.38181818181818,35.18181818181817,0.36509433962264143,40.98181818181818,0.4252830188679245,True,True,True
5746,0,0.0389966135244269,0.08432859071554678,CEMEX,Berth 150 Plant,FL,Southeastern Region,other_or_unspecified,2500.0,2500,28.0,standard_28,118.4,strict_group,212.0,92.7,82.88,25.700000000000003,0.21706081081081083,35.52000000000001,0.30000000000000004,True,True,True
6987,0,0.0389554270969499,0.08432859071554678,CEMEX,Crestview Plant,FL,Southeastern Region,filler,4000.0,4000,28.0,standard_28,95.25,strict_group,36.0,95.0,86.75,0.25,0.0026246719160104987,8.5,0.08923884514435695,True,False,False
31244,0,0.0387512700290813,0.08432859071554678,Graniterock,Redwood City Plant,CA,Pacific Southwest Region,other_or_unspecified,3500.0,3500,28.0,standard_28,115.42857142857143,strict_group,46.0,79.42857142857143,74.71428571428572,36.0,0.3118811881188119,40.71428571428571,0.35272277227722765,True,True,True
7983,0,0.0386455104231538,0.08432859071554678,CEMEX,Four Corners Plant,FL,Southeastern Region,other_or_unspecified,2500.0,2500,28.0,standard_28,109.6,strict_group,212.0,92.7,82.88,16.89999999999999,0.15419708029197074,26.72,0.24379562043795622,True,True,False
43076,0,0.0384267676460876,0.08432859071554678,Silvi Materials,Limerick Plant,PA,Eastern Region,other_or_unspecified,4000.0,4000,28.0,standard_28,107.5,strict_group,636.0,74.75,60.75,32.75,0.30465116279069765,46.75,0.43488372093023253,True,True,True
43159,0,0.0384267676460876,0.08432859071554678,Silvi Materials,Morrisville Plant,PA,Eastern Region,other_or_unspecified,4000.0,4000,28.0,standard_28,112.25,strict_group,636.0,74.75,60.75,37.5,0.33407572383073497,51.5,0.45879732739420936,True,True,True
42562,0,0.0383745398068202,0.08432859071554678,Robertson's Ready Mix,Vernon Plant,CA,Pacific Southwest Region,other_or_unspecified,4000.0,4000,28.0,standard_28,119.0,strict_group,111.0,78.25,69.0,40.75,0.34243697478991597,50.0,0.42016806722689076,True,True,True
46119,0,0.0383314448523584,0.08432859071554678,United Companies,Crested Butte Plant,CO,Rocky Mountains Region,other_or_unspecified,3500.0,3500,28.0,standard_28,109.42857142857143,strict_group,66.0,73.71428571428571,67.85714285714286,35.71428571428572,0.32637075718015673,41.57142857142857,0.3798955613577023,True,True,True
46118,0,0.0383314448523584,0.08432859071554678,United Companies,Crested Butte Plant,CO,Rocky Mountains Region,other_or_unspecified,3500.0,3500,28.0,standard_28,106.28571428571429,strict_group,66.0,73.71428571428571,67.85714285714286,32.571428571428584,0.3064516129032259,38.42857142857143,0.36155913978494625,True,True,True
37529,0,0.0382704434021591,0.08432859071554678,National Ready Mix,Moorpark Plant,CA,Pacific Southwest Region,other_or_unspecified,3000.0,3000,28.0,standard_28,87.33333333333333,strict_group,89.0,92.0,80.53333333333333,0.0,0.0,6.799999999999997,0.0778625954198473,True,False,False
364,0,0.0382003081541961,0.08432859071554678,American Rock Products (ARP),Boardman Plant,OR,Pacific Northwest Region,other_or_unspecified,3000.0,3000,28.0,standard_28,90.33333333333333,strict_group,395.0,71.0,64.13333333333334,19.33333333333333,0.21402214022140217,26.19999999999999,0.2900369003690036,True,True,True
42946,0,0.0381586188397696,0.08432859071554678,Silvi Materials,Englishtown Plant,NJ,Eastern Region,other_or_unspecified,4000.0,4000,28.0,standard_28,116.0,strict_group,636.0,74.75,60.75,41.25,0.35560344827586204,55.25,0.47629310344827586,True,True,True
42622,0,0.0379750696354019,0.08432859071554678,Salmon Bay Sand & Gravel,Salmon Bay Sand and Gravel,WA,Pacific Northwest Region,other_or_unspecified,3000.0,3000,28.0,standard_28,94.0,strict_group,395.0,71.0,64.13333333333334,23.0,0.24468085106382978,29.86666666666666,0.3177304964539006,True,True,True
42935,0,0.0379697374224238,0.08432859071554678,Silvi Materials,Englishtown Plant,NJ,Eastern Region,other_or_unspecified,4000.0,4000,28.0,standard_28,119.0,strict_group,636.0,74.75,60.75,44.25,0.37184873949579833,58.25,0.4894957983193277,True,True,True
42940,0,0.0379697374224238,0.08432859071554678,Silvi Materials,Englishtown Plant,NJ,Eastern Region,other_or_unspecified,4000.0,4000,28.0,standard_28,119.25,strict_group,636.0,74.75,60.75,44.5,0.3731656184486373,58.5,0.49056603773584906,True,True,True
21741,0,0.0379560655386574,0.08432859071554678,Central Pre-Mix (CPM),Sullivan Plant ,WA,Pacific Northwest Region,paving,3000.0,3000,28.0,standard_28,106.33333333333333,strict_group,7.0,87.66666666666666,86.26666666666667,18.66666666666667,0.17554858934169285,20.066666666666663,0.1887147335423197,True,True,False
21765,0,0.0379560655386574,0.08432859071554678,Central Pre-Mix (CPM),Sullivan Plant ,WA,Pacific Northwest Region,paving,3000.0,3000,28.0,standard_28,106.33333333333333,strict_group,7.0,87.66666666666666,86.26666666666667,18.66666666666667,0.17554858934169285,20.066666666666663,0.1887147335423197,True,True,False
30756,0,0.0379417818053343,0.08432859071554678,Four Winds Concrete Inc.,Bethlehem Plant,PA,Eastern Region,structural,4000.0,4000,28.0,standard_28,123.0,strict_group,8.0,96.9375,87.975,26.0625,0.21189024390243902,35.025000000000006,0.28475609756097564,True,True,True
4664,0,0.0376165252149593,0.08432859071554678,Cape Cod Ready Mix,Sandwich Plant,MA,Eastern Region,other_or_unspecified,3000.0,3000,28.0,standard_28,112.66666666666667,strict_group,295.0,91.33333333333333,79.06666666666668,21.333333333333343,0.18934911242603558,33.599999999999994,0.29822485207100585,True,True,False
4592,0,0.0376165252149593,0.08432859071554678,Cape Cod Ready Mix,Dennis Plant,MA,Eastern Region,other_or_unspecified,3000.0,3000,28.0,standard_28,114.33333333333333,strict_group,295.0,91.33333333333333,79.06666666666668,23.0,0.2011661807580175,35.26666666666665,0.30845481049562673,True,True,True
7213,0,0.0375849349877892,0.08432859071554678,CEMEX,Dawsonville - Easy Street Plant,GA,Southeastern Region,hardscape,3000.0,3000,28.0,standard_28,84.0,strict_group,42.0,90.75,85.43333333333332,0.0,0.0,0.0,0.0,True,False,False
13,0,0.0373623140836724,0.08432859071554678,"404 Concrete, LLC",RexCon Mobile 12 Plant,GA,Southeastern Region,hardscape,3000.0,3000,28.0,standard_28,94.66666666666667,strict_group,42.0,90.75,85.43333333333332,3.9166666666666714,0.04137323943661977,9.233333333333348,0.0975352112676058,True,False,False
5113,0,0.0373389260737977,0.08432859071554678,CEMEX,Andalusia Plant,AL,Southeastern Region,other_or_unspecified,4000.0,4000,28.0,standard_28,106.25,strict_group,440.0,77.6875,69.75,28.5625,0.2688235294117647,36.5,0.34352941176470586,True,True,True
43284,0,0.0373165140476156,0.08432859071554678,Silvi Materials,Philadelphia Plant,PA,Eastern Region,other_or_unspecified,4000.0,4000,28.0,standard_28,102.75,strict_group,636.0,74.75,60.75,28.0,0.2725060827250608,42.0,0.40875912408759124,True,True,True
33590,0,0.037160558797704,0.08432859071554678,Knife River Corporation,Corvallis (Oregon) Plant,OR,Pacific Northwest Region,other_or_unspecified,4000.0,4000,28.0,standard_28,123.5,strict_group,579.0,63.25,56.7,60.25,0.48785425101214575,66.8,0.5408906882591092,True,True,True
16137,0,0.0371438554516276,0.08432859071554678,CEMEX,Winfield Plant,AL,Southeastern Region,other_or_unspecified,3750.0,4000,3.0,early,106.66666666666667,strict_group,6.0,103.46666666666667,101.86666666666667,3.200000000000003,0.030000000000000027,4.799999999999997,0.04499999999999997,True,False,False
16039,0,0.0371244588495956,0.08432859071554678,CEMEX,Westside Plant,FL,Southeastern Region,filler,4000.0,4000,28.0,standard_28,96.0,strict_group,36.0,95.0,86.75,1.0,0.010416666666666666,9.25,0.09635416666666667,True,False,False
3127,0,0.0370200842803726,0.08432859071554678,Cadman / Heidelberg Materials,Orchards Plant,WA,Pacific Northwest Region,other_or_unspecified,2500.0,2500,28.0,standard_28,98.0,strict_group,23.0,87.2,80.0,10.799999999999997,0.11020408163265304,18.0,0.1836734693877551,True,True,False
9334,0,0.0367406688541779,0.08432859071554678,CEMEX,Leesburg RK Plant,FL,Southeastern Region,other_or_unspecified,2500.0,2500,28.0,standard_28,101.6,strict_group,212.0,92.7,82.88,8.899999999999991,0.08759842519685032,18.72,0.18425196850393702,True,False,False
3286,0,0.0366096958360271,0.08432859071554678,Cadman / Heidelberg Materials,Orchards Plant,WA,Pacific Northwest Region,hardscape,3000.0,3000,28.0,standard_28,95.0,national_spec_group,50.0,91.08333333333333,85.2,3.9166666666666714,0.04122807017543865,9.799999999999997,0.10315789473684207,True,False,False
4817,0,0.036598921128028,0.08432859071554678,CEMEX,56th Street Plant,FL,Southeastern Region,other_or_unspecified,2500.0,2500,28.0,standard_28,114.0,strict_group,212.0,92.7,82.88,21.299999999999997,0.18684210526315786,31.120000000000005,0.27298245614035094,True,True,False
43165,0,0.0363925071828487,0.08432859071554678,Silvi Materials,Morrisville Plant,PA,Eastern Region,other_or_unspecified,4000.0,4000,28.0,standard_28,110.25,strict_group,636.0,74.75,60.75,35.5,0.3219954648526077,49.5,0.4489795918367347,True,True,True
7672,0,0.0362578770470202,0.08432859071554678,CEMEX,Englewood Plant,TX,South Central Region,other_or_unspecified,4000.0,4000,28.0,standard_28,89.75,strict_group,125.0,64.75,58.2,25.0,0.2785515320334262,31.549999999999997,0.35153203342618383,True,True,True
9332,0,0.0362090974983003,0.08432859071554678,CEMEX,Lecanto East Plant,FL,Southeastern Region,other_or_unspecified,4000.0,4000,28.0,standard_28,87.0,strict_group,440.0,77.6875,69.75,9.3125,0.10704022988505747,17.25,0.19827586206896552,True,True,False
9462,0,0.0362049017349276,0.08432859071554678,CEMEX,Livingston Plant,AL,Southeastern Region,other_or_unspecified,3000.0,3000,28.0,standard_28,111.66666666666667,strict_group,701.0,91.66666666666667,82.66666666666667,20.0,0.1791044776119403,29.0,0.2597014925373134,True,True,False
33442,0,0.0361382083729325,0.08432859071554678,Kirkpatrick Concrete,Lakeshore Plant,AL,Southeastern Region,other_or_unspecified,3000.0,3000,28.0,standard_28,91.33333333333333,strict_group,701.0,91.66666666666667,82.66666666666667,0.0,0.0,8.666666666666657,0.09489051094890501,True,False,False
33355,0,0.0361382083729325,0.08432859071554678,Kirkpatrick Concrete,Alabaster Plant,AL,Southeastern Region,other_or_unspecified,3000.0,3000,28.0,standard_28,97.0,strict_group,701.0,91.66666666666667,82.66666666666667,5.333333333333329,0.05498281786941576,14.333333333333329,0.14776632302405493,True,False,False
33420,0,0.0361382083729325,0.08432859071554678,Kirkpatrick Concrete,Highway 280 Plant,AL,Southeastern Region,other_or_unspecified,3000.0,3000,28.0,standard_28,92.66666666666667,strict_group,701.0,91.66666666666667,82.66666666666667,1.0,0.010791366906474819,10.0,0.1079136690647482,True,False,False
33398,0,0.0361382083729325,0.08432859071554678,Kirkpatrick Concrete,Gardendale Plant,AL,Southeastern Region,other_or_unspecified,3000.0,3000,28.0,standard_28,93.33333333333333,strict_group,701.0,91.66666666666667,82.66666666666667,1.6666666666666572,0.017857142857142756,10.666666666666657,0.11428571428571419,True,False,False
40942,0,0.0359856588155549,0.08432859071554678,Peak Ready Mix,Silverthorne (MCR) Plant,CO,Rocky Mountains Region,other_or_unspecified,3000.0,3000,28.0,standard_28,83.33333333333333,strict_group,53.0,77.66666666666667,65.4,5.666666666666657,0.0679999999999999,17.933333333333323,0.2151999999999999,True,False,False
22278,0,0.0359142644328964,0.08432859071554678,Cotton Redimix,Cotton Plant,WA,Pacific Northwest Region,other_or_unspecified,3000.0,3000,28.0,standard_28,86.66666666666667,strict_group,395.0,71.0,64.13333333333334,15.666666666666671,0.18076923076923082,22.53333333333333,0.25999999999999995,True,True,False
43238,0,0.0359009531023834,0.08432859071554678,Silvi Materials,Philadelphia Plant,PA,Eastern Region,other_or_unspecified,3500.0,3500,28.0,standard_28,112.57142857142857,strict_group,117.0,95.71428571428571,84.05714285714286,16.85714285714286,0.14974619289340105,28.514285714285705,0.25329949238578675,True,True,False
21952,0,0.0358625394251425,0.08432859071554678,Chandler Concrete,Durham Plant,NC,Southeastern Region,other_or_unspecified,3000.0,3000,28.0,standard_28,101.0,strict_group,701.0,91.66666666666667,82.66666666666667,9.333333333333329,0.09240924092409236,18.33333333333333,0.18151815181518147,True,False,False
33611,0,0.0356751306226893,0.08432859071554678,Knife River Corporation,Eugene (Oregon) Plant,OR,Pacific Northwest Region,other_or_unspecified,4000.0,4000,28.0,standard_28,103.0,strict_group,579.0,63.25,56.7,39.75,0.3859223300970874,46.3,0.4495145631067961,True,True,True
3946,1,0.0355912599655165,0.08432859071554678,Cadman / Heidelberg Materials,Port of Portland Plant,OR,Pacific Northwest Region,other_or_unspecified,3000.0,3000,28.0,standard_28,161.66666666666666,strict_group,395.0,71.0,64.13333333333334,90.66666666666666,0.5608247422680412,97.53333333333332,0.6032989690721648,True,True,True
10046,0,0.0355746490521653,0.08432859071554678,CEMEX,Milton Plant,FL,Southeastern Region,hardscape,3000.0,3000,28.0,standard_28,105.0,strict_group,42.0,90.75,85.43333333333332,14.25,0.1357142857142857,19.566666666666677,0.18634920634920646,True,True,False
9762,0,0.0355140254943668,0.08432859071554678,CEMEX,Marietta Plant,FL,Southeastern Region,other_or_unspecified,4000.0,4000,28.0,standard_28,64.75,strict_group,440.0,77.6875,69.75,0.0,0.0,0.0,0.0,True,False,False
33740,1,0.0355056818780385,0.08432859071554678,Knife River Corporation,McMinnville (Oregon) Plant,OR,Pacific Northwest Region,other_or_unspecified,4350.0,4500,28.0,standard_28,128.96551724137933,strict_group,101.0,62.0,58.22222222222222,66.96551724137933,0.5192513368983958,70.7432950191571,0.548544266191325,True,True,True
4886,0,0.0354959405076015,0.08432859071554678,CEMEX,78th Street Plant,FL,Southeastern Region,other_or_unspecified,3000.0,3000,28.0,standard_28,119.33333333333333,strict_group,701.0,91.66666666666667,82.66666666666667,27.666666666666657,0.23184357541899434,36.66666666666666,0.3072625698324022,True,True,True
9766,0,0.035486640750769,0.08432859071554678,CEMEX,Marietta Plant,FL,Southeastern Region,other_or_unspecified,3000.0,3000,28.0,standard_28,100.33333333333333,strict_group,701.0,91.66666666666667,82.66666666666667,8.666666666666657,0.08637873754152815,17.666666666666657,0.176079734219269,True,False,False
4488,0,0.0354642358613913,0.08432859071554678,"Callanan Industries, Inc.",Latham Plant,NY,Eastern Region,other_or_unspecified,3000.0,3000,28.0,standard_28,111.66666666666667,strict_group,295.0,91.33333333333333,79.06666666666668,20.333333333333343,0.18208955223880605,32.599999999999994,0.2919402985074626,True,True,False
4492,0,0.0354642358613913,0.08432859071554678,"Callanan Industries, Inc.",Latham Plant,NY,Eastern Region,other_or_unspecified,3000.0,3000,28.0,standard_28,110.0,strict_group,295.0,91.33333333333333,79.06666666666668,18.66666666666667,0.16969696969696973,30.933333333333323,0.28121212121212114,True,True,False
46331,0,0.035420453880399,0.08432859071554678,United Companies,Rifle Plant,CO,Rocky Mountains Region,other_or_unspecified,4000.0,4000,28.0,standard_28,63.75,strict_group,220.0,71.5,66.5,0.0,0.0,0.0,0.0,True,False,False
2721,0,0.0353818152881337,0.08432859071554678,Cadman / Heidelberg Materials,Foster Road Plant,OR,Pacific Northwest Region,other_or_unspecified,3000.0,3000,28.0,standard_28,91.66666666666667,strict_group,395.0,71.0,64.13333333333334,20.66666666666667,0.2254545454545455,27.53333333333333,0.30036363636363633,True,True,True
6511,0,0.0353370870860797,0.08432859071554678,CEMEX,Columbus - Smith Rd (Vulcan Quarry) Plant,GA,Southeastern Region,other_or_unspecified,3500.0,3500,28.0,standard_28,82.28571428571429,strict_group,155.0,78.0,71.42857142857143,4.285714285714292,0.052083333333333405,10.857142857142861,0.13194444444444448,True,False,False
2735,1,0.0353276285675611,0.08432859071554678,Cadman / Heidelberg Materials,Foster Road Plant,OR,Pacific Northwest Region,other_or_unspecified,3000.0,3000,28.0,standard_28,178.0,strict_group,395.0,71.0,64.13333333333334,107.0,0.601123595505618,113.86666666666666,0.6397003745318351,True,True,True
5833,0,0.0352481480139322,0.08432859071554678,CEMEX,Boones Creek Plant,TN,Southeastern Region,other_or_unspecified,3000.0,3000,28.0,standard_28,100.33333333333333,strict_group,701.0,91.66666666666667,82.66666666666667,8.666666666666657,0.08637873754152815,17.666666666666657,0.176079734219269,True,False,False
2732,0,0.035193450843197,0.08432859071554678,Cadman / Heidelberg Materials,Foster Road Plant,OR,Pacific Northwest Region,paving,4000.0,4000,28.0,standard_28,57.5,strict_group,74.0,64.4375,54.825,0.0,0.0,2.674999999999997,0.04652173913043473,True,False,False
11832,0,0.0351921591580288,0.08432859071554678,CEMEX,Palmetto Plant,FL,Southeastern Region,other_or_unspecified,2500.0,2500,28.0,standard_28,121.2,strict_group,212.0,92.7,82.88,28.5,0.23514851485148514,38.32000000000001,0.3161716171617162,True,True,True
4665,1,0.0351233449992305,0.08432859071554678,Cape Cod Ready Mix,Sandwich Plant,MA,Eastern Region,other_or_unspecified,3000.0,3000,28.0,standard_28,142.66666666666666,strict_group,295.0,91.33333333333333,79.06666666666668,51.33333333333333,0.3598130841121495,63.59999999999998,0.4457943925233644,True,True,True
4593,1,0.0351233449992305,0.08432859071554678,Cape Cod Ready Mix,Dennis Plant,MA,Eastern Region,other_or_unspecified,3000.0,3000,28.0,standard_28,144.33333333333334,strict_group,295.0,91.33333333333333,79.06666666666668,53.000000000000014,0.3672055427251733,65.26666666666667,0.4521939953810623,True,True,True
42945,0,0.0350762227699266,0.08432859071554678,Silvi Materials,Englishtown Plant,NJ,Eastern Region,other_or_unspecified,4000.0,4000,28.0,standard_28,119.0,strict_group,636.0,74.75,60.75,44.25,0.37184873949579833,58.25,0.4894957983193277,True,True,True
21946,1,0.0350744667323964,0.08432859071554678,Chandler Concrete,Boone Plant,NC,Southeastern Region,filler,3000.0,3000,28.0,standard_28,125.0,strict_group,44.0,117.25,105.0,7.75,0.062,20.0,0.16,True,False,False
33746,1,0.035000893870494,0.08432859071554678,Knife River Corporation,McMinnville (Oregon) Plant,OR,Pacific Northwest Region,other_or_unspecified,3500.0,3500,28.0,standard_28,147.42857142857142,strict_group,339.0,68.59126984126985,58.0,78.83730158730157,0.5347491386735572,89.42857142857142,0.6065891472868217,True,True,True
30836,0,0.0349614079602734,0.08432859071554678,Four Winds Concrete Inc.,Windgap Plant,PA,Eastern Region,other_or_unspecified,4000.0,4000,28.0,standard_28,95.75,strict_group,636.0,74.75,60.75,21.0,0.2193211488250653,35.0,0.36553524804177545,True,True,True
16189,0,0.034926228819921,0.08432859071554678,CEMEX,Winter Park Plant,FL,Southeastern Region,other_or_unspecified,4500.0,4500,28.0,standard_28,117.33333333333333,strict_group,115.0,75.0,69.06666666666666,42.33333333333333,0.36079545454545453,48.266666666666666,0.4113636363636364,True,True,True
33763,0,0.0349177793501179,0.08432859071554678,Knife River Corporation,Nampa (Idaho) Plant,ID,Pacific Northwest Region,other_or_unspecified,4000.0,4000,28.0,standard_28,89.0,strict_group,579.0,63.25,56.7,25.75,0.2893258426966292,32.3,0.3629213483146067,True,True,True
3724,0,0.0348736215344174,0.08432859071554678,Cadman / Heidelberg Materials,Port of Portland Plant,OR,Pacific Northwest Region,other_or_unspecified,2500.0,2500,28.0,standard_28,79.6,strict_group,23.0,87.2,80.0,0.0,0.0,0.0,0.0,True,False,False
5108,0,0.0348252718444483,0.08432859071554678,CEMEX,Andalusia Plant,AL,Southeastern Region,other_or_unspecified,3000.0,3000,28.0,standard_28,105.0,strict_group,701.0,91.66666666666667,82.66666666666667,13.333333333333329,0.12698412698412695,22.33333333333333,0.21269841269841266,True,True,False
11834,1,0.034821459606079,0.08432859071554678,CEMEX,Palmetto Plant,FL,Southeastern Region,other_or_unspecified,2500.0,2500,28.0,standard_28,126.0,strict_group,212.0,92.7,82.88,33.3,0.2642857142857143,43.120000000000005,0.34222222222222226,True,True,True
33378,0,0.0347281332566657,0.08432859071554678,Kirkpatrick Concrete,Alton Plant,AL,Southeastern Region,other_or_unspecified,3000.0,3000,28.0,standard_28,93.0,strict_group,701.0,91.66666666666667,82.66666666666667,1.3333333333333286,0.014336917562723964,10.333333333333329,0.11111111111111106,True,False,False
2579,0,0.0345309626463749,0.08432859071554678,Cadman / Heidelberg Materials,Foster Road Plant,OR,Pacific Northwest Region,other_or_unspecified,3000.0,3000,28.0,standard_28,78.33333333333333,strict_group,395.0,71.0,64.13333333333334,7.333333333333329,0.09361702127659569,14.199999999999989,0.18127659574468072,True,False,False
21758,0,0.0344924580155577,0.08432859071554678,Central Pre-Mix (CPM),Sullivan Plant ,WA,Pacific Northwest Region,hardscape,4000.0,4000,28.0,standard_28,73.5,strict_group,10.0,74.1875,72.925,0.0,0.0,0.5750000000000028,0.00782312925170072,True,False,False
30634,0,0.0344342442467205,0.08432859071554678,F&F Concrete,F&F Concrete Plant,CT,Eastern Region,other_or_unspecified,3000.0,3000,28.0,standard_28,100.66666666666667,strict_group,295.0,91.33333333333333,79.06666666666668,9.333333333333343,0.09271523178807956,21.599999999999994,0.214569536423841,True,False,False
33916,0,0.0344185123864276,0.08432859071554678,Knife River Corporation,Sundial Plant,OR,Pacific Northwest Region,other_or_unspecified,4000.0,4000,28.0,standard_28,92.5,strict_group,579.0,63.25,56.7,29.25,0.3162162162162162,35.8,0.387027027027027,True,True,True
9895,0,0.0342770293589318,0.08432859071554678,CEMEX,McIntosh Plant,FL,Southeastern Region,other_or_unspecified,2500.0,2500,28.0,standard_28,115.6,strict_group,212.0,92.7,82.88,22.89999999999999,0.19809688581314872,32.72,0.28304498269896194,True,True,False
5528,0,0.0341986160324332,0.08432859071554678,CEMEX,Auburn (Portable) Plant,AL,Southeastern Region,other_or_unspecified,2500.0,2500,28.0,standard_28,92.8,strict_group,212.0,92.7,82.88,0.09999999999999432,0.0010775862068964906,9.920000000000002,0.10689655172413795,True,False,False
2616,0,0.0341559194889416,0.08432859071554678,Cadman / Heidelberg Materials,Foster Road Plant,OR,Pacific Northwest Region,other_or_unspecified,3000.0,3000,28.0,standard_28,83.66666666666667,strict_group,395.0,71.0,64.13333333333334,12.666666666666671,0.15139442231075703,19.53333333333333,0.2334661354581673,True,True,False
33999,1,0.034153764609472,0.08432859071554678,Knife River Corporation,Woodburn (Oregon) Plant,OR,Pacific Northwest Region,other_or_unspecified,4000.0,4000,28.0,standard_28,130.0,strict_group,579.0,63.25,56.7,66.75,0.5134615384615384,73.3,0.5638461538461538,True,True,True
4887,1,0.0340730755266868,0.08432859071554678,CEMEX,78th Street Plant,FL,Southeastern Region,other_or_unspecified,2500.0,2500,28.0,standard_28,126.8,strict_group,212.0,92.7,82.88,34.099999999999994,0.2689274447949526,43.92,0.3463722397476341,True,True,True
43850,0,0.0340632569498405,0.08432859071554678,Smyrna Ready Mix,Nashville Plant,TN,Southeastern Region,infrastructure,3000.0,3000,28.0,standard_28,53.666666666666664,strict_group,5.0,56.0,54.6,0.0,0.0,0.0,0.0,True,False,False
42354,0,0.0340422045858965,0.08432859071554678,Robertson's Ready Mix,Gardena Plant,CA,Pacific Southwest Region,other_or_unspecified,3000.0,3000,28.0,standard_28,94.66666666666667,strict_group,89.0,92.0,80.53333333333333,2.6666666666666714,0.02816901408450709,14.13333333333334,0.14929577464788737,True,False,False
46389,0,0.0339084396035944,0.08432859071554678,United Companies,Steamboat Plant,CO,Rocky Mountains Region,other_or_unspecified,3500.0,3500,28.0,standard_28,81.71428571428571,strict_group,66.0,73.71428571428571,67.85714285714286,8.0,0.0979020979020979,13.857142857142847,0.16958041958041947,True,False,False
31740,0,0.0338510887914322,0.08432859071554678,Graniterock,San Jose Plant,CA,Pacific Southwest Region,filler,3000.0,3000,28.0,standard_28,107.0,strict_group,12.0,92.5,91.39999999999999,14.5,0.13551401869158877,15.600000000000009,0.14579439252336457,True,True,False
31924,0,0.0338510887914322,0.08432859071554678,Graniterock,Santa Cruz Plant,CA,Pacific Southwest Region,filler,3000.0,3000,28.0,standard_28,111.66666666666667,strict_group,12.0,92.5,91.39999999999999,19.16666666666667,0.17164179104477614,20.26666666666668,0.18149253731343296,True,True,False
13490,0,0.033842216762454,0.08432859071554678,CEMEX,Russellville Plant,AL,Southeastern Region,other_or_unspecified,3000.0,3000,28.0,standard_28,106.0,strict_group,701.0,91.66666666666667,82.66666666666667,14.333333333333329,0.13522012578616346,23.33333333333333,0.22012578616352196,True,True,False
9237,0,0.033764494665975,0.08432859071554678,CEMEX,Largo II Plant,FL,Southeastern Region,other_or_unspecified,3000.0,3000,28.0,standard_28,110.33333333333333,strict_group,701.0,91.66666666666667,82.66666666666667,18.666666666666657,0.1691842900302114,27.666666666666657,0.25075528700906335,True,True,False
33477,0,0.0337642031456893,0.08432859071554678,Knife River Corporation,Boise (Idaho) Plant,ID,Pacific Northwest Region,other_or_unspecified,4000.0,4000,28.0,standard_28,119.75,strict_group,579.0,63.25,56.7,56.5,0.4718162839248434,63.05,0.5265135699373695,True,True,True
30761,0,0.0337257536381331,0.08432859071554678,Four Winds Concrete Inc.,Bethlehem Plant,PA,Eastern Region,filler,4000.0,4000,28.0,standard_28,121.0,strict_group,83.0,88.0,68.55,33.0,0.2727272727272727,52.45,0.4334710743801653,True,True,True
43129,0,0.033642181739409,0.08432859071554678,Silvi Materials,Logan Plant,NJ,Eastern Region,other_or_unspecified,4000.0,4000,28.0,standard_28,31.0,strict_group,636.0,74.75,60.75,0.0,0.0,0.0,0.0,True,False,False
43360,0,0.033642181739409,0.08432859071554678,Silvi Materials,South Plainfield Plant,NJ,Eastern Region,other_or_unspecified,4000.0,4000,28.0,standard_28,45.75,strict_group,636.0,74.75,60.75,0.0,0.0,0.0,0.0,True,False,False
33621,0,0.0336062874485539,0.08432859071554678,Knife River Corporation,Eugene (Oregon) Plant,OR,Pacific Northwest Region,other_or_unspecified,4000.0,4000,28.0,standard_28,107.25,strict_group,579.0,63.25,56.7,44.0,0.41025641025641024,50.55,0.4713286713286713,True,True,True
7244,0,0.0335910383240497,0.08432859071554678,CEMEX,Dawsonville - Easy Street Plant,GA,Southeastern Region,paving,4000.0,4000,28.0,standard_28,96.5,strict_group,22.0,79.8125,75.8,16.6875,0.17292746113989638,20.700000000000003,0.2145077720207254,True,True,False
2720,0,0.0334900253932162,0.08432859071554678,Cadman / Heidelberg Materials,Foster Road Plant,OR,Pacific Northwest Region,other_or_unspecified,3000.0,3000,28.0,standard_28,92.33333333333333,strict_group,395.0,71.0,64.13333333333334,21.33333333333333,0.2310469314079422,28.19999999999999,0.30541516245487355,True,True,True
2132,0,0.0334595109418012,0.08432859071554678,Boston Sand & Gravel,Boston Sand & Gravel,MA,Eastern Region,other_or_unspecified,3000.0,3000,28.0,standard_28,71.0,strict_group,295.0,91.33333333333333,79.06666666666668,0.0,0.0,0.0,0.0,True,False,False
12071,0,0.0333719394485716,0.08432859071554678,CEMEX,Pennington Plant,AL,Southeastern Region,other_or_unspecified,3500.0,3500,28.0,standard_28,99.42857142857143,strict_group,155.0,78.0,71.42857142857143,21.42857142857143,0.21551724137931036,28.0,0.28160919540229884,True,True,True
6506,0,0.0332894464964445,0.08432859071554678,CEMEX,Columbus - Smith Rd (Vulcan Quarry) Plant,GA,Southeastern Region,other_or_unspecified,3500.0,3500,28.0,standard_28,87.71428571428571,strict_group,155.0,78.0,71.42857142857143,9.714285714285708,0.11074918566775238,16.285714285714278,0.18566775244299666,True,True,False
6495,0,0.0332894464964445,0.08432859071554678,CEMEX,Columbus - Smith Rd (Vulcan Quarry) Plant,GA,Southeastern Region,other_or_unspecified,3500.0,3500,28.0,standard_28,82.57142857142857,strict_group,155.0,78.0,71.42857142857143,4.571428571428569,0.05536332179930793,11.142857142857139,0.1349480968858131,True,False,False
5938,0,0.0332851837948047,0.08432859071554678,CEMEX,Brooksville Plant,FL,Southeastern Region,other_or_unspecified,2500.0,2500,28.0,standard_28,92.4,strict_group,212.0,92.7,82.88,0.0,0.0,9.52000000000001,0.10303030303030314,True,False,False
10031,0,0.0332379647325588,0.08432859071554678,CEMEX,Milton Plant,FL,Southeastern Region,other_or_unspecified,2500.0,2500,28.0,standard_28,106.0,strict_group,212.0,92.7,82.88,13.299999999999997,0.12547169811320752,23.120000000000005,0.21811320754716984,True,True,False
10605,0,0.0332371269306778,0.08432859071554678,CEMEX,New Smyrna Plant,FL,Southeastern Region,other_or_unspecified,2500.0,2500,28.0,standard_28,118.4,strict_group,212.0,92.7,82.88,25.700000000000003,0.21706081081081083,35.52000000000001,0.30000000000000004,True,True,True
44887,0,0.0331942702202206,0.08432859071554678,Titan Virginia Ready-Mix,Campostella Plant,VA,Eastern Region,other_or_unspecified,4500.0,4500,2.0,early,104.44444444444444,regional_strength_group,228.0,72.0,59.422222222222224,32.44444444444444,0.31063829787234043,45.02222222222222,0.431063829787234,True,True,True
30788,0,0.0331660858235617,0.08432859071554678,Four Winds Concrete Inc.,Bethlehem Plant,PA,Eastern Region,filler,4000.0,4000,28.0,standard_28,36.25,strict_group,83.0,88.0,68.55,0.0,0.0,0.0,0.0,True,False,False
42375,0,0.0331030513593124,0.08432859071554678,Robertson's Ready Mix,Gardena Plant,CA,Pacific Southwest Region,other_or_unspecified,4000.0,4000,28.0,standard_28,96.5,strict_group,111.0,78.25,69.0,18.25,0.18911917098445596,27.5,0.2849740932642487,True,True,False
22349,0,0.0328933624189145,0.08432859071554678,CTI Ready Mix,CTI Ready Mix West Des Moines Plant,IA,North Central Region,paving,4000.0,4000,28.0,standard_28,116.75,strict_group,13.0,67.75,66.6,49.0,0.4197002141327623,50.150000000000006,0.4295503211991435,True,True,True
33964,0,0.0328364712105758,0.08432859071554678,Knife River Corporation,Wheatland (Oregon) Plant,OR,Pacific Northwest Region,other_or_unspecified,4000.0,4000,28.0,standard_28,122.0,strict_group,579.0,63.25,56.7,58.75,0.48155737704918034,65.3,0.5352459016393443,True,True,True
4885,0,0.032762003463507,0.08432859071554678,CEMEX,78th Street Plant,FL,Southeastern Region,other_or_unspecified,2500.0,2500,28.0,standard_28,114.0,strict_group,212.0,92.7,82.88,21.299999999999997,0.18684210526315786,31.120000000000005,0.27298245614035094,True,True,False
46299,0,0.0326526452536804,0.08432859071554678,United Companies,Powers Plant,CO,Rocky Mountains Region,other_or_unspecified,4000.0,4000,28.0,standard_28,67.0,strict_group,220.0,71.5,66.5,0.0,0.0,0.5,0.007462686567164179,True,False,False
4851,0,0.0323510118908175,0.08432859071554678,CEMEX,56th Street Plant,FL,Southeastern Region,other_or_unspecified,3000.0,3000,28.0,standard_28,117.33333333333333,strict_group,701.0,91.66666666666667,82.66666666666667,25.666666666666657,0.21874999999999992,34.66666666666666,0.29545454545454536,True,True,True
42670,0,0.032332643044644,0.08432859071554678,Schuster Concrete,Rockville Plant,MD,Eastern Region,other_or_unspecified,3000.0,3000,28.0,standard_28,80.66666666666667,strict_group,295.0,91.33333333333333,79.06666666666668,0.0,0.0,1.5999999999999943,0.01983471074380158,True,False,False
4536,0,0.0323274623082092,0.08432859071554678,"Callanan Industries, Inc.",Port of Albany Plant,NY,Eastern Region,other_or_unspecified,4000.0,4000,28.0,standard_28,93.75,strict_group,636.0,74.75,60.75,19.0,0.20266666666666666,33.0,0.352,True,True,True
34652,0,0.03201355077664,0.08432859071554678,Miles Sand & Gravel,Lacey Plant,WA,Pacific Northwest Region,other_or_unspecified,4000.0,4000,28.0,standard_28,73.75,strict_group,579.0,63.25,56.7,10.5,0.1423728813559322,17.049999999999997,0.23118644067796607,True,True,False
34610,0,0.03201355077664,0.08432859071554678,Miles Sand & Gravel,Anacortes Plant,WA,Pacific Northwest Region,other_or_unspecified,4000.0,4000,28.0,standard_28,77.5,strict_group,579.0,63.25,56.7,14.25,0.18387096774193548,20.799999999999997,0.26838709677419353,True,True,False
13190,0,0.0318076380285863,0.08432859071554678,CEMEX,Port Charlotte Plant,FL,Southeastern Region,other_or_unspecified,2500.0,2500,28.0,standard_28,69.2,strict_group,212.0,92.7,82.88,0.0,0.0,0.0,0.0,True,False,False
34947,0,0.0318065796669318,0.08432859071554678,National Ready Mix,Artesia Plant,CA,Pacific Southwest Region,other_or_unspecified,3000.0,3000,28.0,standard_28,104.0,strict_group,89.0,92.0,80.53333333333333,12.0,0.11538461538461539,23.46666666666667,0.22564102564102567,True,True,False
30755,0,0.031796298241774,0.08432859071554678,Four Winds Concrete Inc.,Bethlehem Plant,PA,Eastern Region,filler,4000.0,4000,28.0,standard_28,114.0,strict_group,83.0,88.0,68.55,26.0,0.22807017543859648,45.45,0.3986842105263158,True,True,True
16323,0,0.0317402366722223,0.08432859071554678,Cemstone,Childs Road Plant,MN,North Central Region,other_or_unspecified,4000.0,4000,28.0,standard_28,95.75,strict_group,53.0,62.0,56.85,33.75,0.3524804177545692,38.9,0.406266318537859,True,True,True
30813,0,0.0316645640005203,0.08432859071554678,Four Winds Concrete Inc.,Windgap Plant,PA,Eastern Region,structural,4000.0,4000,28.0,standard_28,117.5,strict_group,8.0,96.9375,87.975,20.5625,0.175,29.525000000000006,0.2512765957446809,True,True,False
43111,0,0.0316526821832381,0.08432859071554678,Silvi Materials,Limerick Plant,PA,Eastern Region,other_or_unspecified,4000.0,4000,28.0,standard_28,115.5,strict_group,636.0,74.75,60.75,40.75,0.3528138528138528,54.75,0.474025974025974,True,True,True
33381,0,0.0315747231990038,0.08432859071554678,Kirkpatrick Concrete,Alton Plant,AL,Southeastern Region,other_or_unspecified,3500.0,3500,28.0,standard_28,99.71428571428571,strict_group,155.0,78.0,71.42857142857143,21.714285714285708,0.21776504297994265,28.285714285714278,0.28366762177650423,True,True,True
7086,0,0.0314659284142061,0.08432859071554678,CEMEX,Dallas Plant,GA,Southeastern Region,other_or_unspecified,3500.0,3500,28.0,standard_28,96.57142857142857,strict_group,155.0,78.0,71.42857142857143,18.57142857142857,0.1923076923076923,25.14285714285714,0.26035502958579876,True,True,False
5427,0,0.0313587878067337,0.08432859071554678,CEMEX,Atmore Plant,AL,Southeastern Region,other_or_unspecified,3500.0,3500,28.0,standard_28,105.42857142857143,strict_group,155.0,78.0,71.42857142857143,27.42857142857143,0.2601626016260163,34.0,0.3224932249322493,True,True,True
16276,0,0.0313445009418798,0.08432859071554678,CEMEX,Yuma Plant,AZ,Pacific Southwest Region,other_or_unspecified,4000.0,4000,28.0,standard_28,100.75,strict_group,111.0,78.25,69.0,22.5,0.22332506203473945,31.75,0.315136476426799,True,True,True
14920,0,0.0312729084479201,0.08432859071554678,CEMEX,St. Cloud Plant,FL,Southeastern Region,other_or_unspecified,3000.0,3000,28.0,standard_28,93.66666666666667,strict_group,701.0,91.66666666666667,82.66666666666667,2.0,0.021352313167259787,11.0,0.11743772241992882,True,False,False
33385,0,0.0310719061782294,0.08432859071554678,Kirkpatrick Concrete,Alton Plant,AL,Southeastern Region,other_or_unspecified,4000.0,4000,28.0,standard_28,92.75,strict_group,440.0,77.6875,69.75,15.0625,0.1623989218328841,23.0,0.24797843665768193,True,True,False
508,1,0.0310207681000068,0.08432859071554678,American Rock Products (ARP),Hermiston Plant,OR,Pacific Northwest Region,filler,4000.0,4000,28.0,standard_28,135.5,strict_group,29.0,72.75,71.5,62.75,0.46309963099630996,64.0,0.47232472324723246,True,True,True
15480,0,0.0308872957309186,0.08432859071554678,CEMEX,Tuscumbia (Dual) Plant,AL,Southeastern Region,other_or_unspecified,4000.0,4000,28.0,standard_28,106.75,strict_group,440.0,77.6875,69.75,29.0625,0.272248243559719,37.0,0.34660421545667447,True,True,True
33744,1,0.0307863759682517,0.08432859071554678,Knife River Corporation,McMinnville (Oregon) Plant,OR,Pacific Northwest Region,other_or_unspecified,4000.0,4000,28.0,standard_28,137.75,strict_group,579.0,63.25,56.7,74.5,0.5408348457350273,81.05,0.5883847549909256,True,True,True
8277,0,0.0307835170827832,0.08432859071554678,CEMEX,Grissom Plant,TX,South Central Region,structural,3000.0,3000,28.0,standard_28,72.33333333333333,strict_group,6.0,73.16666666666667,72.66666666666666,0.0,0.0,0.0,0.0,True,False,False
5933,0,0.0307727332748415,0.08432859071554678,CEMEX,Bristol Plant,VA,Eastern Region,other_or_unspecified,3500.0,3500,28.0,standard_28,118.28571428571429,strict_group,117.0,95.71428571428571,84.05714285714286,22.571428571428584,0.19082125603864744,34.22857142857143,0.28937198067632847,True,True,False
15753,0,0.0307360976302494,0.08432859071554678,CEMEX,Waters Avenue Plant,FL,Southeastern Region,other_or_unspecified,3000.0,3000,28.0,standard_28,112.66666666666667,strict_group,701.0,91.66666666666667,82.66666666666667,21.0,0.18639053254437868,30.0,0.2662721893491124,True,True,False
43337,0,0.0306169161006315,0.08432859071554678,Silvi Materials,Philadelphia Plant,PA,Eastern Region,other_or_unspecified,4000.0,4000,28.0,standard_28,118.25,strict_group,636.0,74.75,60.75,43.5,0.3678646934460888,57.5,0.48625792811839325,True,True,True
43336,0,0.0306169161006315,0.08432859071554678,Silvi Materials,Philadelphia Plant,PA,Eastern Region,other_or_unspecified,4000.0,4000,28.0,standard_28,118.0,strict_group,636.0,74.75,60.75,43.25,0.3665254237288136,57.25,0.4851694915254237,True,True,True
16066,0,0.0304017821661043,0.08432859071554678,CEMEX,Westside Plant,FL,Southeastern Region,filler,4000.0,4000,28.0,standard_28,109.0,strict_group,36.0,95.0,86.75,14.0,0.12844036697247707,22.25,0.20412844036697247,True,True,False
33637,0,0.0300886620192229,0.08432859071554678,Knife River Corporation,Fruitland (Idaho) Plant,ID,Pacific Northwest Region,other_or_unspecified,3000.0,3000,28.0,standard_28,90.33333333333333,strict_group,395.0,71.0,64.13333333333334,19.33333333333333,0.21402214022140217,26.19999999999999,0.2900369003690036,True,True,True
6996,0,0.0300458355210283,0.08432859071554678,CEMEX,Crestview Plant,FL,Southeastern Region,other_or_unspecified,2500.0,2500,28.0,standard_28,120.0,strict_group,212.0,92.7,82.88,27.299999999999997,0.22749999999999998,37.120000000000005,0.30933333333333335,True,True,True
6995,0,0.0300458355210283,0.08432859071554678,CEMEX,Crestview Plant,FL,Southeastern Region,other_or_unspecified,2500.0,2500,28.0,standard_28,118.0,strict_group,212.0,92.7,82.88,25.299999999999997,0.21440677966101693,35.120000000000005,0.2976271186440678,True,True,True
34699,0,0.0299492420937274,0.08432859071554678,Miles Sand & Gravel,Shine RM Plant,WA,Pacific Northwest Region,other_or_unspecified,3000.0,3000,28.0,standard_28,86.0,strict_group,395.0,71.0,64.13333333333334,15.0,0.1744186046511628,21.86666666666666,0.2542635658914728,True,True,False
11729,0,0.0299217884159604,0.08432859071554678,CEMEX,Orlando (Atlanta Ave) Plant,FL,Southeastern Region,other_or_unspecified,2500.0,2500,28.0,standard_28,96.8,strict_group,212.0,92.7,82.88,4.099999999999994,0.04235537190082639,13.920000000000002,0.143801652892562,True,False,False
9097,0,0.0299217677525732,0.08432859071554678,CEMEX,Lafayette Plant,GA,Southeastern Region,other_or_unspecified,4000.0,4000,28.0,standard_28,81.75,strict_group,440.0,77.6875,69.75,4.0625,0.04969418960244648,12.0,0.14678899082568808,True,False,False
33656,0,0.0298873891165172,0.08432859071554678,Knife River Corporation,Fruitland (Idaho) Plant,ID,Pacific Northwest Region,other_or_unspecified,3000.0,3000,28.0,standard_28,103.33333333333333,strict_group,395.0,71.0,64.13333333333334,32.33333333333333,0.3129032258064516,39.19999999999999,0.37935483870967734,True,True,True
15013,1,0.0298750010989867,0.08432859071554678,CEMEX,Stockbridge Plant,GA,Southeastern Region,filler,4000.0,4000,28.0,standard_28,125.0,strict_group,36.0,95.0,86.75,30.0,0.24,38.25,0.306,True,True,True
10027,0,0.0298176925881384,0.08432859071554678,CEMEX,Milton Plant,FL,Southeastern Region,other_or_unspecified,3000.0,3000,28.0,standard_28,114.0,strict_group,701.0,91.66666666666667,82.66666666666667,22.33333333333333,0.19590643274853797,31.33333333333333,0.27485380116959063,True,True,False
8200,0,0.0297730315308975,0.08432859071554678,CEMEX,Grand Parkway Plant,TX,South Central Region,other_or_unspecified,3000.0,3000,28.0,standard_28,96.33333333333333,strict_group,51.0,78.5,68.66666666666667,17.83333333333333,0.18512110726643594,27.666666666666657,0.28719723183390994,True,True,False
11,0,0.029709704348101,0.08432859071554678,"404 Concrete, LLC",RexCon Mobile 12 Plant,GA,Southeastern Region,other_or_unspecified,3000.0,3000,28.0,standard_28,91.33333333333333,strict_group,701.0,91.66666666666667,82.66666666666667,0.0,0.0,8.666666666666657,0.09489051094890501,True,False,False
33475,0,0.0296197370540231,0.08432859071554678,Knife River Corporation,Boise (Idaho) Plant,ID,Pacific Northwest Region,other_or_unspecified,4000.0,4000,28.0,standard_28,93.5,strict_group,579.0,63.25,56.7,30.25,0.3235294117647059,36.8,0.39358288770053473,True,True,True
12,0,0.0295495824769316,0.08432859071554678,"404 Concrete, LLC",RexCon Mobile 12 Plant,GA,Southeastern Region,other_or_unspecified,3000.0,3000,28.0,standard_28,90.66666666666667,strict_group,701.0,91.66666666666667,82.66666666666667,0.0,0.0,8.0,0.08823529411764705,True,False,False
31221,0,0.0295199107026865,0.08432859071554678,Graniterock,Redwood City Plant,CA,Pacific Southwest Region,other_or_unspecified,4000.0,4000,28.0,standard_28,110.75,strict_group,111.0,78.25,69.0,32.5,0.29345372460496616,41.75,0.37697516930022573,True,True,True
16259,0,0.0294757095966916,0.08432859071554678,CEMEX,Yuma Plant,AZ,Pacific Southwest Region,other_or_unspecified,2500.0,2500,28.0,standard_28,102.8,strict_group,16.0,102.5,100.8,0.29999999999999716,0.002918287937743163,2.0,0.019455252918287938,True,False,False
5121,0,0.0293476149382951,0.08432859071554678,CEMEX,Andalusia Plant,AL,Southeastern Region,other_or_unspecified,4000.0,4000,28.0,standard_28,91.25,strict_group,440.0,77.6875,69.75,13.5625,0.14863013698630137,21.5,0.2356164383561644,True,True,False
5045,0,0.0293188512068873,0.08432859071554678,CEMEX,Alexander City Plant,AL,Southeastern Region,other_or_unspecified,3000.0,3000,28.0,standard_28,117.33333333333333,strict_group,701.0,91.66666666666667,82.66666666666667,25.666666666666657,0.21874999999999992,34.66666666666666,0.29545454545454536,True,True,True
40963,0,0.0292339897166534,0.08432859071554678,Peak Ready Mix,Silverthorne (MCR) Plant,CO,Rocky Mountains Region,filler,4000.0,4000,28.0,standard_28,80.75,strict_group,32.0,83.125,79.625,0.0,0.0,1.125,0.01393188854489164,True,False,False
407,1,0.0291417244953746,0.08432859071554678,American Rock Products (ARP),Boardman Plant,OR,Pacific Northwest Region,filler,4000.0,4000,28.0,standard_28,133.0,strict_group,29.0,72.75,71.5,60.25,0.45300751879699247,61.5,0.462406015037594,True,True,True
