row_index,y_true,domain_lgbm_probability,base_positive_rate,Company,Plant,Plant Location - State,U.S. Region of Plant,application_family,strength_psi,strength_bin_500,curing_days,curing_family,gwp_per_ksi,reference_group_type,reference_group_n,reference_p25_gwp_per_ksi,reference_p10_gwp_per_ksi,absolute_reduction_to_p25,relative_reduction_to_p25,absolute_reduction_to_p10,relative_reduction_to_p10,has_comparable_alternative_group,has_10pct_reduction_opportunity,has_20pct_reduction_opportunity
42876,1,0.9999126983726626,0.11501272264631043,Silver Strike Concrete,Silver Strike Sparks Plant,NV,Pacific Southwest Region,filler,200.0,0,28.0,standard_28,1380.0,national_spec_group,31.0,470.49999999999994,364.8,909.5,0.6590579710144927,1015.2,0.7356521739130435,True,True,True
42822,1,0.9998657009436476,0.11501272264631043,Scioto Ready Mix,New Albany Plant,OH,Great Lakes Region,filler,100.0,0,28.0,standard_28,1240.0,strict_group,8.0,853.4999999999999,792.5999999999999,386.5000000000001,0.31169354838709684,447.4000000000001,0.3608064516129033,True,True,True
30510,1,0.999859184968977,0.11501272264631043,"Ernst Enterprises, Inc.",Columbus Plant,OH,Great Lakes Region,other_or_unspecified,150.0,0,28.0,standard_28,464.0,national_spec_group,6.0,373.99999999999994,332.79999999999995,90.00000000000006,0.19396551724137942,131.20000000000005,0.2827586206896553,True,True,False
24864,1,0.999841629828758,0.11501272264631043,Eastern Concrete,Broadway Plant,NJ,Eastern Region,filler,250.0,0,28.0,standard_28,740.0,national_spec_group,31.0,470.49999999999994,364.8,269.50000000000006,0.36418918918918924,375.2,0.5070270270270271,True,True,True
230,1,0.9998214826837096,0.11501272264631043,Altaview Concrete,North Salt Lake Plant,UT,Rocky Mountains Region,filler,100.0,0,28.0,standard_28,924.0,strict_group,15.0,364.9,351.2,559.1,0.6050865800865801,572.8,0.6199134199134199,True,True,True
42723,1,0.9998149738811716,0.11501272264631043,Scioto Ready Mix,Delaware Plant,OH,Great Lakes Region,filler,100.0,0,28.0,standard_28,1040.0,strict_group,8.0,853.4999999999999,792.5999999999999,186.5000000000001,0.1793269230769232,247.4000000000001,0.23788461538461547,True,True,False
42695,1,0.9998149738811716,0.11501272264631043,Scioto Ready Mix,Alexandria Plant,OH,Great Lakes Region,filler,100.0,0,28.0,standard_28,815.9999999999999,strict_group,8.0,853.4999999999999,792.5999999999999,0.0,0.0,23.399999999999977,0.02867647058823527,True,False,False
42769,1,0.9998149738811716,0.11501272264631043,Scioto Ready Mix,Dublin Plant,OH,Great Lakes Region,filler,100.0,0,28.0,standard_28,865.9999999999999,strict_group,8.0,853.4999999999999,792.5999999999999,12.5,0.01443418013856813,73.39999999999998,0.08475750577367204,True,False,False
33129,1,0.9997951788400692,0.11501272264631043,Hood River Sand and Gravel,Dallesport Plant,WA,Pacific Northwest Region,filler,100.0,0,28.0,standard_28,775.0,strict_group,6.0,558.1666666666667,528.6666666666667,216.83333333333326,0.27978494623655903,246.33333333333326,0.3178494623655913,True,True,True
22380,1,0.9997801806639032,0.11501272264631043,CTI Ready Mix,CTI Ready Mix West Des Moines Plant,IA,North Central Region,other_or_unspecified,150.0,0,28.0,standard_28,826.6666666666667,national_spec_group,6.0,373.99999999999994,332.79999999999995,452.6666666666668,0.5475806451612905,493.8666666666668,0.5974193548387098,True,True,True
302,1,0.9997716643907972,0.11501272264631043,Altaview Concrete,West Jordan Plant,UT,Rocky Mountains Region,filler,100.0,0,28.0,standard_28,557.9999999999999,strict_group,15.0,364.9,351.2,193.0999999999999,0.3460573476702508,206.7999999999999,0.37060931899641564,True,True,True
34323,1,0.9997661951140664,0.11501272264631043,"Martin Marietta - Smyrna Ready Mix Concrete, LLC.",Del Camino Plant,CO,Rocky Mountains Region,other_or_unspecified,100.0,0,28.0,standard_28,343.99999999999994,national_spec_group,6.0,373.99999999999994,332.79999999999995,0.0,0.0,11.199999999999989,0.03255813953488369,True,False,False
167,1,0.9997463047300316,0.11501272264631043,Altaview Concrete,American Fork Plant,UT,Rocky Mountains Region,filler,100.0,0,28.0,standard_28,487.0,strict_group,15.0,364.9,351.2,122.10000000000002,0.2507186858316222,135.8,0.2788501026694045,True,True,True
42768,1,0.9997306213824232,0.11501272264631043,Scioto Ready Mix,Dublin Plant,OH,Great Lakes Region,filler,50.0,0,28.0,standard_28,1375.9999999999998,strict_group,8.0,853.4999999999999,792.5999999999999,522.4999999999999,0.3797238372093023,583.3999999999999,0.42398255813953484,True,True,True
42694,1,0.9997306213824232,0.11501272264631043,Scioto Ready Mix,Alexandria Plant,OH,Great Lakes Region,filler,50.0,0,28.0,standard_28,1258.0,strict_group,8.0,853.4999999999999,792.5999999999999,404.5000000000001,0.3215421303656599,465.4000000000001,0.369952305246423,True,True,True
42856,1,0.9997281680051902,0.11501272264631043,Scioto Ready Mix,Obetz Plant,OH,Great Lakes Region,filler,100.0,0,28.0,standard_28,737.9999999999999,strict_group,8.0,853.4999999999999,792.5999999999999,0.0,0.0,0.0,0.0,True,False,False
199,1,0.9997218013727006,0.11501272264631043,Altaview Concrete,Logan Plant,UT,Rocky Mountains Region,filler,100.0,0,28.0,standard_28,572.0,strict_group,15.0,364.9,351.2,207.10000000000002,0.36206293706293713,220.8,0.386013986013986,True,True,True
272,1,0.9997218013727006,0.11501272264631043,Altaview Concrete,West Haven Plant,UT,Rocky Mountains Region,filler,100.0,0,28.0,standard_28,639.0,strict_group,15.0,364.9,351.2,274.1,0.4289514866979656,287.8,0.4503912363067293,True,True,True
22334,1,0.9996796745789172,0.11501272264631043,CTI Ready Mix,CTI Ready Mix Elkhart Plant,IA,North Central Region,other_or_unspecified,150.0,0,28.0,standard_28,900.0,national_spec_group,6.0,373.99999999999994,332.79999999999995,526.0,0.5844444444444444,567.2,0.6302222222222222,True,True,True
22299,1,0.9996796745789172,0.11501272264631043,CTI Ready Mix,CTI Ready Mix Carlisle Plant,IA,North Central Region,other_or_unspecified,150.0,0,28.0,standard_28,853.3333333333334,national_spec_group,6.0,373.99999999999994,332.79999999999995,479.3333333333334,0.56171875,520.5333333333334,0.6100000000000001,True,True,True
27267,1,0.999679319241229,0.11501272264631043,Eastern Concrete,Newark Plant,NJ,Eastern Region,other_or_unspecified,750.0,1000,28.0,standard_28,336.0,strict_group,32.0,199.75,89.95,136.25,0.4055059523809524,246.05,0.7322916666666667,True,True,True
27268,1,0.9996503195787546,0.11501272264631043,Eastern Concrete,Newark Plant,NJ,Eastern Region,other_or_unspecified,750.0,1000,28.0,standard_28,341.3333333333333,strict_group,32.0,199.75,89.95,141.58333333333331,0.41479492187499994,251.38333333333333,0.736474609375,True,True,True
34324,1,0.9996184334212568,0.11501272264631043,"Martin Marietta - Smyrna Ready Mix Concrete, LLC.",Del Camino Plant,CO,Rocky Mountains Region,other_or_unspecified,250.0,0,28.0,standard_28,321.6,national_spec_group,6.0,373.99999999999994,332.79999999999995,0.0,0.0,0.0,0.0,True,False,False
27266,1,0.9996146962601996,0.11501272264631043,Eastern Concrete,Newark Plant,NJ,Eastern Region,other_or_unspecified,750.0,1000,28.0,standard_28,337.3333333333333,strict_group,32.0,199.75,89.95,137.58333333333331,0.4078557312252964,247.38333333333333,0.7333498023715416,True,True,True
2191,1,0.9995802938864838,0.11501272264631043,Boston Sand & Gravel,Southeastern Concrete Plant,MA,Eastern Region,filler,300.0,500,28.0,standard_28,287.6666666666667,regional_strength_group,10.0,209.5,183.20666666666665,78.16666666666669,0.2717265353418309,104.46000000000004,0.3631286210892237,True,True,True
33104,1,0.9995595830604964,0.11501272264631043,Hood River Sand and Gravel,Dallesport Plant,WA,Pacific Northwest Region,filler,100.0,0,28.0,standard_28,1160.0,strict_group,6.0,558.1666666666667,528.6666666666667,601.8333333333333,0.5188218390804598,631.3333333333333,0.5442528735632183,True,True,True
23839,1,0.999548035728395,0.11501272264631043,Eastern Concrete,Broadway Plant,NJ,Eastern Region,other_or_unspecified,1000.0,1000,28.0,standard_28,256.0,strict_group,32.0,199.75,89.95,56.25,0.2197265625,166.05,0.6486328125,True,True,True
22688,1,0.999548035728395,0.11501272264631043,Eastern Concrete,Bogota Plant,NJ,Eastern Region,other_or_unspecified,1000.0,1000,28.0,standard_28,265.0,strict_group,32.0,199.75,89.95,65.25,0.24622641509433962,175.05,0.6605660377358491,True,True,True
27300,1,0.999548035728395,0.11501272264631043,Eastern Concrete,North Bergen Plant,NJ,Eastern Region,other_or_unspecified,1000.0,1000,28.0,standard_28,267.0,strict_group,32.0,199.75,89.95,67.25,0.25187265917602997,177.05,0.6631086142322098,True,True,True
34567,1,0.9995361463721788,0.11501272264631043,"Martin Marietta - Smyrna Ready Mix Concrete, LLC.",Valmont Plant,CO,Rocky Mountains Region,filler,100.0,0,28.0,standard_28,512.0,strict_group,15.0,364.9,351.2,147.10000000000002,0.28730468750000004,160.8,0.3140625,True,True,True
22189,1,0.9995255194981324,0.11501272264631043,"Corliss Resources, Inc.",Federal Way Plant,WA,Pacific Northwest Region,filler,150.0,0,28.0,standard_28,555.3333333333334,strict_group,6.0,558.1666666666667,528.6666666666667,0.0,0.0,26.66666666666663,0.048019207683073155,True,False,False
22247,1,0.9995104341516384,0.11501272264631043,"Corliss Resources, Inc.",Sumner Plant,WA,Pacific Northwest Region,filler,150.0,0,28.0,standard_28,502.0,strict_group,6.0,558.1666666666667,528.6666666666667,0.0,0.0,0.0,0.0,True,False,False
22161,1,0.9995104341516384,0.11501272264631043,"Corliss Resources, Inc.",Enumclaw Plant,WA,Pacific Northwest Region,filler,150.0,0,28.0,standard_28,566.6666666666667,strict_group,6.0,558.1666666666667,528.6666666666667,8.5,0.014999999999999998,38.0,0.06705882352941175,True,False,False
28373,1,0.9994973986906522,0.11501272264631043,Eastern Concrete,Roseland Plant,NJ,Eastern Region,other_or_unspecified,1000.0,1000,28.0,standard_28,341.0,strict_group,32.0,199.75,89.95,141.25,0.4142228739002933,251.05,0.736217008797654,True,True,True
22216,1,0.9994848110718888,0.11501272264631043,"Corliss Resources, Inc.",Puyallup Plant,WA,Pacific Northwest Region,filler,150.0,0,28.0,standard_28,618.0,strict_group,6.0,558.1666666666667,528.6666666666667,59.83333333333326,0.09681769147788553,89.33333333333326,0.14455231930960075,True,False,False
42877,1,0.999470328814836,0.11501272264631043,Silver Strike Concrete,Silver Strike Sparks Plant,NV,Pacific Southwest Region,filler,500.0,500,28.0,standard_28,484.0,none,,,,,,,,False,False,False
34263,1,0.9994596257450992,0.11501272264631043,"Martin Marietta - Smyrna Ready Mix Concrete, LLC.",Chambers Plant,CO,Rocky Mountains Region,filler,100.0,0,28.0,standard_28,365.0,strict_group,15.0,364.9,351.2,0.10000000000002274,0.0002739726027397883,13.800000000000011,0.03780821917808222,True,False,False
34568,1,0.9994524008654786,0.11501272264631043,"Martin Marietta - Smyrna Ready Mix Concrete, LLC.",Valmont Plant,CO,Rocky Mountains Region,filler,250.0,0,28.0,standard_28,378.0,strict_group,15.0,364.9,351.2,13.100000000000023,0.03465608465608472,26.80000000000001,0.07089947089947093,True,False,False
34402,1,0.9994445548530948,0.11501272264631043,"Martin Marietta - Smyrna Ready Mix Concrete, LLC.",Quivas Plant,CO,Rocky Mountains Region,filler,250.0,0,28.0,standard_28,342.4,strict_group,15.0,364.9,351.2,0.0,0.0,0.0,0.0,True,False,False
34207,1,0.9994222068638372,0.11501272264631043,"Martin Marietta - Smyrna Ready Mix Concrete, LLC.",Arvada Plant,CO,Rocky Mountains Region,filler,250.0,0,28.0,standard_28,364.8,strict_group,15.0,364.9,351.2,0.0,0.0,13.600000000000023,0.037280701754386025,True,False,False
34401,1,0.9993971808733072,0.11501272264631043,"Martin Marietta - Smyrna Ready Mix Concrete, LLC.",Quivas Plant,CO,Rocky Mountains Region,filler,100.0,0,28.0,standard_28,395.0,strict_group,15.0,364.9,351.2,30.100000000000023,0.07620253164556967,43.80000000000001,0.11088607594936711,True,False,False
25024,1,0.9993861954087369,0.11501272264631043,Eastern Concrete,Howell Plant,NJ,Eastern Region,other_or_unspecified,1000.0,1000,28.0,standard_28,271.0,strict_group,32.0,199.75,89.95,71.25,0.2629151291512915,181.05,0.6680811808118081,True,True,True
34264,1,0.9993165066813804,0.11501272264631043,"Martin Marietta - Smyrna Ready Mix Concrete, LLC.",Chambers Plant,CO,Rocky Mountains Region,filler,250.0,0,28.0,standard_28,336.0,strict_group,15.0,364.9,351.2,0.0,0.0,0.0,0.0,True,False,False
27135,1,0.9992921913696372,0.11501272264631043,Eastern Concrete,Newark Plant,NJ,Eastern Region,filler,300.0,500,28.0,standard_28,350.0,regional_strength_group,10.0,209.5,183.20666666666665,140.5,0.4014285714285714,166.79333333333335,0.476552380952381,True,True,True
25025,1,0.99927905377584,0.11501272264631043,Eastern Concrete,Howell Plant,NJ,Eastern Region,other_or_unspecified,1000.0,1000,28.0,standard_28,272.0,strict_group,32.0,199.75,89.95,72.25,0.265625,182.05,0.6693014705882353,True,True,True
27269,1,0.9992502987841768,0.11501272264631043,Eastern Concrete,Newark Plant,NJ,Eastern Region,other_or_unspecified,750.0,1000,28.0,standard_28,334.6666666666667,strict_group,32.0,199.75,89.95,134.91666666666669,0.4031374501992032,244.7166666666667,0.7312250996015937,True,True,True
24865,1,0.9992087426040056,0.11501272264631043,Eastern Concrete,Broadway Plant,NJ,Eastern Region,filler,1000.0,1000,28.0,standard_28,213.0,regional_strength_group,36.0,199.75,90.55,13.25,0.062206572769953054,122.45,0.5748826291079813,True,False,False
42855,1,0.9991567121589916,0.11501272264631043,Scioto Ready Mix,Obetz Plant,OH,Great Lakes Region,filler,50.0,0,28.0,standard_28,1098.0,strict_group,8.0,853.4999999999999,792.5999999999999,244.5000000000001,0.2226775956284154,305.4000000000001,0.2781420765027323,True,True,True
34487,1,0.9991241580611816,0.11501272264631043,"Martin Marietta - Smyrna Ready Mix Concrete, LLC.",Rock Creek Plant,CO,Rocky Mountains Region,filler,100.0,0,28.0,standard_28,472.99999999999994,strict_group,15.0,364.9,351.2,108.09999999999997,0.22854122621564477,121.79999999999995,0.2575052854122621,True,True,True
22687,1,0.99906066270119,0.11501272264631043,Eastern Concrete,Bogota Plant,NJ,Eastern Region,other_or_unspecified,1000.0,1000,28.0,standard_28,205.0,strict_group,32.0,199.75,89.95,5.25,0.025609756097560974,115.05,0.5612195121951219,True,False,False
23837,1,0.99906066270119,0.11501272264631043,Eastern Concrete,Broadway Plant,NJ,Eastern Region,other_or_unspecified,1000.0,1000,28.0,standard_28,196.0,strict_group,32.0,199.75,89.95,0.0,0.0,106.05,0.5410714285714285,True,False,False
27298,1,0.99906066270119,0.11501272264631043,Eastern Concrete,North Bergen Plant,NJ,Eastern Region,other_or_unspecified,1000.0,1000,28.0,standard_28,208.0,strict_group,32.0,199.75,89.95,8.25,0.039663461538461536,118.05,0.567548076923077,True,False,False
34488,1,0.9989040192892832,0.11501272264631043,"Martin Marietta - Smyrna Ready Mix Concrete, LLC.",Rock Creek Plant,CO,Rocky Mountains Region,filler,250.0,0,28.0,standard_28,364.4,strict_group,15.0,364.9,351.2,0.0,0.0,13.199999999999989,0.03622392974753016,True,False,False
26149,1,0.998892863672728,0.11501272264631043,Eastern Concrete,Newark Plant,NJ,Eastern Region,other_or_unspecified,1000.0,1000,28.0,standard_28,243.0,strict_group,32.0,199.75,89.95,43.25,0.1779835390946502,153.05,0.6298353909465021,True,True,False
28357,1,0.9988817927411738,0.11501272264631043,Eastern Concrete,Roseland Plant,NJ,Eastern Region,other_or_unspecified,1000.0,1000,28.0,standard_28,260.0,strict_group,32.0,199.75,89.95,60.25,0.23173076923076924,170.05,0.6540384615384616,True,True,True
34206,1,0.998690855160388,0.11501272264631043,"Martin Marietta - Smyrna Ready Mix Concrete, LLC.",Arvada Plant,CO,Rocky Mountains Region,filler,100.0,0,28.0,standard_28,467.99999999999994,strict_group,15.0,364.9,351.2,103.09999999999997,0.22029914529914527,116.79999999999995,0.24957264957264952,True,True,True
23838,1,0.9983831808181428,0.11501272264631043,Eastern Concrete,Broadway Plant,NJ,Eastern Region,other_or_unspecified,1000.0,1000,28.0,standard_28,256.0,strict_group,32.0,199.75,89.95,56.25,0.2197265625,166.05,0.6486328125,True,True,True
27299,1,0.9983831808181428,0.11501272264631043,Eastern Concrete,North Bergen Plant,NJ,Eastern Region,other_or_unspecified,1000.0,1000,28.0,standard_28,266.0,strict_group,32.0,199.75,89.95,66.25,0.24906015037593984,176.05,0.6618421052631579,True,True,True
27134,1,0.9980441940839871,0.11501272264631043,Eastern Concrete,Newark Plant,NJ,Eastern Region,filler,1000.0,1000,28.0,standard_28,191.0,regional_strength_group,36.0,199.75,90.55,0.0,0.0,100.45,0.5259162303664922,True,False,False
26165,1,0.9978790246642644,0.11501272264631043,Eastern Concrete,Newark Plant,NJ,Eastern Region,other_or_unspecified,1000.0,1000,28.0,standard_28,325.0,strict_group,32.0,199.75,89.95,125.25,0.3853846153846154,235.05,0.7232307692307692,True,True,True
23855,1,0.9977511585121888,0.11501272264631043,Eastern Concrete,Broadway Plant,NJ,Eastern Region,other_or_unspecified,1000.0,1000,28.0,standard_28,338.0,strict_group,32.0,199.75,89.95,138.25,0.40902366863905326,248.05,0.7338757396449704,True,True,True
22704,1,0.9977511585121888,0.11501272264631043,Eastern Concrete,Bogota Plant,NJ,Eastern Region,other_or_unspecified,1000.0,1000,28.0,standard_28,348.0,strict_group,32.0,199.75,89.95,148.25,0.4260057471264368,258.05,0.7415229885057472,True,True,True
27316,1,0.9977511585121888,0.11501272264631043,Eastern Concrete,North Bergen Plant,NJ,Eastern Region,other_or_unspecified,1000.0,1000,28.0,standard_28,348.0,strict_group,32.0,199.75,89.95,148.25,0.4260057471264368,258.05,0.7415229885057472,True,True,True
2069,1,0.9971119799451592,0.11501272264631043,Boston Sand & Gravel,Boston Sand & Gravel,MA,Eastern Region,filler,300.0,500,28.0,standard_28,152.66666666666666,regional_strength_group,10.0,209.5,183.20666666666665,0.0,0.0,0.0,0.0,True,False,False
25041,1,0.996998347830533,0.11501272264631043,Eastern Concrete,Howell Plant,NJ,Eastern Region,other_or_unspecified,1000.0,1000,28.0,standard_28,354.0,strict_group,32.0,199.75,89.95,154.25,0.4357344632768362,264.05,0.7459039548022599,True,True,True
25027,1,0.9964290837783576,0.11501272264631043,Eastern Concrete,Howell Plant,NJ,Eastern Region,other_or_unspecified,1500.0,1500,28.0,standard_28,185.33333333333334,strict_group,54.0,158.83333333333331,151.66666666666666,26.50000000000003,0.1429856115107915,33.666666666666686,0.1816546762589929,True,True,False
27302,1,0.9961064152361366,0.11501272264631043,Eastern Concrete,North Bergen Plant,NJ,Eastern Region,other_or_unspecified,1500.0,1500,28.0,standard_28,182.0,strict_group,54.0,158.83333333333331,151.66666666666666,23.166666666666686,0.1272893772893774,30.333333333333343,0.1666666666666667,True,True,False
22690,1,0.9961064152361366,0.11501272264631043,Eastern Concrete,Bogota Plant,NJ,Eastern Region,other_or_unspecified,1500.0,1500,28.0,standard_28,180.66666666666666,strict_group,54.0,158.83333333333331,151.66666666666666,21.833333333333343,0.12084870848708493,29.0,0.16051660516605168,True,True,False
23841,1,0.9961064152361366,0.11501272264631043,Eastern Concrete,Broadway Plant,NJ,Eastern Region,other_or_unspecified,1500.0,1500,28.0,standard_28,174.66666666666666,strict_group,54.0,158.83333333333331,151.66666666666666,15.833333333333343,0.09064885496183211,23.0,0.1316793893129771,True,False,False
26148,1,0.9959633255611154,0.11501272264631043,Eastern Concrete,Newark Plant,NJ,Eastern Region,other_or_unspecified,1000.0,1000,28.0,standard_28,184.0,strict_group,32.0,199.75,89.95,0.0,0.0,94.05,0.5111413043478261,True,False,False
25023,1,0.9959633255611154,0.11501272264631043,Eastern Concrete,Howell Plant,NJ,Eastern Region,other_or_unspecified,1000.0,1000,28.0,standard_28,212.0,strict_group,32.0,199.75,89.95,12.25,0.05778301886792453,122.05,0.5757075471698113,True,False,False
28359,1,0.9959529532219764,0.11501272264631043,Eastern Concrete,Roseland Plant,NJ,Eastern Region,other_or_unspecified,1500.0,1500,28.0,standard_28,176.66666666666666,strict_group,54.0,158.83333333333331,151.66666666666666,17.833333333333343,0.10094339622641516,25.0,0.14150943396226415,True,True,False
26151,1,0.995897444275018,0.11501272264631043,Eastern Concrete,Newark Plant,NJ,Eastern Region,other_or_unspecified,1500.0,1500,28.0,standard_28,166.0,strict_group,54.0,158.83333333333331,151.66666666666666,7.166666666666686,0.04317269076305232,14.333333333333343,0.08634538152610448,True,False,False
22560,1,0.9956776945396956,0.11501272264631043,Eastern Concrete,Bayonne Plant,NJ,Eastern Region,other_or_unspecified,1500.0,1500,28.0,standard_28,158.0,strict_group,54.0,158.83333333333331,151.66666666666666,0.0,0.0,6.333333333333343,0.04008438818565407,True,False,False
27216,1,0.9954913268920986,0.11501272264631043,Eastern Concrete,Newark Plant,NJ,Eastern Region,other_or_unspecified,500.0,500,28.0,standard_28,186.6,strict_group,7.0,211.0,199.44,0.0,0.0,0.0,0.0,True,False,False
26092,1,0.9954913268920986,0.11501272264631043,Eastern Concrete,Howell Plant,NJ,Eastern Region,other_or_unspecified,500.0,500,28.0,standard_28,214.0,strict_group,7.0,211.0,199.44,3.0,0.014018691588785047,14.560000000000002,0.0680373831775701,True,False,False
22691,1,0.9953503804721168,0.11501272264631043,Eastern Concrete,Bogota Plant,NJ,Eastern Region,other_or_unspecified,1500.0,1500,28.0,standard_28,154.66666666666666,strict_group,54.0,158.83333333333331,151.66666666666666,0.0,0.0,3.0,0.01939655172413793,True,False,False
22693,1,0.9953503804721168,0.11501272264631043,Eastern Concrete,Bogota Plant,NJ,Eastern Region,other_or_unspecified,1500.0,1500,28.0,standard_28,171.33333333333334,strict_group,54.0,158.83333333333331,151.66666666666666,12.500000000000028,0.07295719844357992,19.666666666666686,0.11478599221789894,True,False,False
27303,1,0.9953503804721168,0.11501272264631043,Eastern Concrete,North Bergen Plant,NJ,Eastern Region,other_or_unspecified,1500.0,1500,28.0,standard_28,155.33333333333334,strict_group,54.0,158.83333333333331,151.66666666666666,0.0,0.0,3.6666666666666856,0.023605150214592394,True,False,False
23844,1,0.9953503804721168,0.11501272264631043,Eastern Concrete,Broadway Plant,NJ,Eastern Region,other_or_unspecified,1500.0,1500,28.0,standard_28,164.66666666666666,strict_group,54.0,158.83333333333331,151.66666666666666,5.833333333333343,0.035425101214574956,13.0,0.07894736842105264,True,False,False
23842,1,0.9953503804721168,0.11501272264631043,Eastern Concrete,Broadway Plant,NJ,Eastern Region,other_or_unspecified,1500.0,1500,28.0,standard_28,148.0,strict_group,54.0,158.83333333333331,151.66666666666666,0.0,0.0,0.0,0.0,True,False,False
27305,1,0.9953503804721168,0.11501272264631043,Eastern Concrete,North Bergen Plant,NJ,Eastern Region,other_or_unspecified,1500.0,1500,28.0,standard_28,171.33333333333334,strict_group,54.0,158.83333333333331,151.66666666666666,12.500000000000028,0.07295719844357992,19.666666666666686,0.11478599221789894,True,False,False
29514,1,0.99515788183977,0.11501272264631043,Eastern Concrete,West Nyack Plant,NY,Eastern Region,other_or_unspecified,1500.0,1500,28.0,standard_28,204.0,strict_group,54.0,158.83333333333331,151.66666666666666,45.166666666666686,0.22140522875817004,52.33333333333334,0.25653594771241833,True,True,True
28302,1,0.994784851399491,0.11501272264631043,Eastern Concrete,North Bergen Plant,NJ,Eastern Region,other_or_unspecified,500.0,500,28.0,standard_28,228.0,strict_group,7.0,211.0,199.44,17.0,0.07456140350877193,28.560000000000002,0.12526315789473685,True,False,False
24948,1,0.994784851399491,0.11501272264631043,Eastern Concrete,Broadway Plant,NJ,Eastern Region,other_or_unspecified,500.0,500,28.0,standard_28,208.0,strict_group,7.0,211.0,199.44,0.0,0.0,8.560000000000002,0.041153846153846166,True,False,False
23769,1,0.994784851399491,0.11501272264631043,Eastern Concrete,Bogota Plant,NJ,Eastern Region,other_or_unspecified,500.0,500,28.0,standard_28,228.0,strict_group,7.0,211.0,199.44,17.0,0.07456140350877193,28.560000000000002,0.12526315789473685,True,False,False
28356,1,0.9942912342102428,0.11501272264631043,Eastern Concrete,Roseland Plant,NJ,Eastern Region,other_or_unspecified,1000.0,1000,28.0,standard_28,201.0,strict_group,32.0,199.75,89.95,1.25,0.006218905472636816,111.05,0.5524875621890547,True,False,False
27307,1,0.9941454372988396,0.11501272264631043,Eastern Concrete,North Bergen Plant,NJ,Eastern Region,other_or_unspecified,1500.0,1500,28.0,standard_28,220.0,strict_group,54.0,158.83333333333331,151.66666666666666,61.166666666666686,0.2780303030303031,68.33333333333334,0.31060606060606066,True,True,True
22695,1,0.9941454372988396,0.11501272264631043,Eastern Concrete,Bogota Plant,NJ,Eastern Region,other_or_unspecified,1500.0,1500,28.0,standard_28,220.0,strict_group,54.0,158.83333333333331,151.66666666666666,61.166666666666686,0.2780303030303031,68.33333333333334,0.31060606060606066,True,True,True
23846,1,0.9941454372988396,0.11501272264631043,Eastern Concrete,Broadway Plant,NJ,Eastern Region,other_or_unspecified,1500.0,1500,28.0,standard_28,214.0,strict_group,54.0,158.83333333333331,151.66666666666666,55.166666666666686,0.2577881619937696,62.33333333333334,0.2912772585669782,True,True,True
23843,1,0.993822123393535,0.11501272264631043,Eastern Concrete,Broadway Plant,NJ,Eastern Region,other_or_unspecified,1500.0,1500,28.0,standard_28,196.66666666666666,strict_group,54.0,158.83333333333331,151.66666666666666,37.83333333333334,0.19237288135593225,45.0,0.2288135593220339,True,True,False
22692,1,0.993822123393535,0.11501272264631043,Eastern Concrete,Bogota Plant,NJ,Eastern Region,other_or_unspecified,1500.0,1500,28.0,standard_28,202.66666666666666,strict_group,54.0,158.83333333333331,151.66666666666666,43.83333333333334,0.21628289473684217,51.0,0.25164473684210525,True,True,True
27304,1,0.993822123393535,0.11501272264631043,Eastern Concrete,North Bergen Plant,NJ,Eastern Region,other_or_unspecified,1500.0,1500,28.0,standard_28,203.33333333333334,strict_group,54.0,158.83333333333331,151.66666666666666,44.50000000000003,0.21885245901639358,51.666666666666686,0.25409836065573776,True,True,True
22700,1,0.9935598144013807,0.11501272264631043,Eastern Concrete,Bogota Plant,NJ,Eastern Region,other_or_unspecified,2000.0,2000,28.0,standard_28,149.0,strict_group,58.0,139.0,133.8,10.0,0.06711409395973154,15.199999999999989,0.10201342281879187,True,False,False
23851,1,0.9935598144013807,0.11501272264631043,Eastern Concrete,Broadway Plant,NJ,Eastern Region,other_or_unspecified,2000.0,2000,28.0,standard_28,144.0,strict_group,58.0,139.0,133.8,5.0,0.034722222222222224,10.199999999999989,0.07083333333333325,True,False,False
27312,1,0.9935598144013807,0.11501272264631043,Eastern Concrete,North Bergen Plant,NJ,Eastern Region,other_or_unspecified,2000.0,2000,28.0,standard_28,149.0,strict_group,58.0,139.0,133.8,10.0,0.06711409395973154,15.199999999999989,0.10201342281879187,True,False,False
29512,1,0.9933882212077904,0.11501272264631043,Eastern Concrete,West Nyack Plant,NY,Eastern Region,other_or_unspecified,1000.0,1000,28.0,standard_28,241.0,strict_group,32.0,199.75,89.95,41.25,0.17116182572614108,151.05,0.6267634854771784,True,True,False
4685,1,0.9931555819577484,0.11501272264631043,Cape Cod Ready Mix,Sandwich Plant,MA,Eastern Region,other_or_unspecified,4000.0,4000,28.0,standard_28,135.75,strict_group,2318.0,91.5,80.75,44.25,0.3259668508287293,55.0,0.40515653775322286,True,True,True
28370,1,0.9930411069445676,0.11501272264631043,Eastern Concrete,Roseland Plant,NJ,Eastern Region,other_or_unspecified,2000.0,2000,28.0,standard_28,167.0,strict_group,58.0,139.0,133.8,28.0,0.16766467065868262,33.19999999999999,0.19880239520958076,True,True,False
29448,1,0.9926970222132986,0.11501272264631043,Eastern Concrete,Roseland Plant,NJ,Eastern Region,other_or_unspecified,500.0,500,28.0,standard_28,224.0,strict_group,7.0,211.0,199.44,13.0,0.05803571428571429,24.560000000000002,0.10964285714285715,True,False,False
4613,1,0.9919909284441548,0.11501272264631043,Cape Cod Ready Mix,Dennis Plant,MA,Eastern Region,other_or_unspecified,4000.0,4000,28.0,standard_28,134.25,strict_group,2318.0,91.5,80.75,42.75,0.31843575418994413,53.5,0.3985102420856611,True,True,True
25026,1,0.9917486689403878,0.11501272264631043,Eastern Concrete,Howell Plant,NJ,Eastern Region,other_or_unspecified,1500.0,1500,28.0,standard_28,159.33333333333334,strict_group,54.0,158.83333333333331,151.66666666666666,0.5000000000000284,0.0031380753138077096,7.666666666666686,0.0481171548117156,True,False,False
26150,1,0.9917486689403878,0.11501272264631043,Eastern Concrete,Newark Plant,NJ,Eastern Region,other_or_unspecified,1500.0,1500,28.0,standard_28,140.0,strict_group,54.0,158.83333333333331,151.66666666666666,0.0,0.0,0.0,0.0,True,False,False
25038,1,0.9917329054117784,0.11501272264631043,Eastern Concrete,Howell Plant,NJ,Eastern Region,other_or_unspecified,2000.0,2000,28.0,standard_28,165.0,strict_group,58.0,139.0,133.8,26.0,0.15757575757575756,31.19999999999999,0.18909090909090903,True,True,False
23850,1,0.991631823917523,0.11501272264631043,Eastern Concrete,Broadway Plant,NJ,Eastern Region,other_or_unspecified,2000.0,2000,28.0,standard_28,137.5,strict_group,58.0,139.0,133.8,0.0,0.0,3.6999999999999886,0.026909090909090827,True,False,False
23849,1,0.991631823917523,0.11501272264631043,Eastern Concrete,Broadway Plant,NJ,Eastern Region,other_or_unspecified,2000.0,2000,28.0,standard_28,137.5,strict_group,58.0,139.0,133.8,0.0,0.0,3.6999999999999886,0.026909090909090827,True,False,False
27311,1,0.991631823917523,0.11501272264631043,Eastern Concrete,North Bergen Plant,NJ,Eastern Region,other_or_unspecified,2000.0,2000,28.0,standard_28,142.5,strict_group,58.0,139.0,133.8,3.5,0.02456140350877193,8.699999999999989,0.06105263157894729,True,False,False
23853,1,0.991631823917523,0.11501272264631043,Eastern Concrete,Broadway Plant,NJ,Eastern Region,other_or_unspecified,2000.0,2000,28.0,standard_28,137.0,strict_group,58.0,139.0,133.8,0.0,0.0,3.1999999999999886,0.02335766423357656,True,False,False
27310,1,0.991631823917523,0.11501272264631043,Eastern Concrete,North Bergen Plant,NJ,Eastern Region,other_or_unspecified,2000.0,2000,28.0,standard_28,142.5,strict_group,58.0,139.0,133.8,3.5,0.02456140350877193,8.699999999999989,0.06105263157894729,True,False,False
27314,1,0.991631823917523,0.11501272264631043,Eastern Concrete,North Bergen Plant,NJ,Eastern Region,other_or_unspecified,2000.0,2000,28.0,standard_28,142.0,strict_group,58.0,139.0,133.8,3.0,0.02112676056338028,8.199999999999989,0.05774647887323936,True,False,False
22702,1,0.991631823917523,0.11501272264631043,Eastern Concrete,Bogota Plant,NJ,Eastern Region,other_or_unspecified,2000.0,2000,28.0,standard_28,142.0,strict_group,58.0,139.0,133.8,3.0,0.02112676056338028,8.199999999999989,0.05774647887323936,True,False,False
22698,1,0.991631823917523,0.11501272264631043,Eastern Concrete,Bogota Plant,NJ,Eastern Region,other_or_unspecified,2000.0,2000,28.0,standard_28,142.0,strict_group,58.0,139.0,133.8,3.0,0.02112676056338028,8.199999999999989,0.05774647887323936,True,False,False
22699,1,0.991631823917523,0.11501272264631043,Eastern Concrete,Bogota Plant,NJ,Eastern Region,other_or_unspecified,2000.0,2000,28.0,standard_28,142.0,strict_group,58.0,139.0,133.8,3.0,0.02112676056338028,8.199999999999989,0.05774647887323936,True,False,False
4577,1,0.991258428339784,0.11501272264631043,Cape Cod Ready Mix,Carver Plant,MA,Eastern Region,other_or_unspecified,4000.0,4000,28.0,standard_28,136.75,strict_group,2318.0,91.5,80.75,45.25,0.33089579524680074,56.0,0.40950639853747717,True,True,True
23840,1,0.9905488595375388,0.11501272264631043,Eastern Concrete,Broadway Plant,NJ,Eastern Region,other_or_unspecified,1500.0,1500,28.0,standard_28,148.0,strict_group,54.0,158.83333333333331,151.66666666666666,0.0,0.0,0.0,0.0,True,False,False
27301,1,0.9905488595375388,0.11501272264631043,Eastern Concrete,North Bergen Plant,NJ,Eastern Region,other_or_unspecified,1500.0,1500,28.0,standard_28,155.33333333333334,strict_group,54.0,158.83333333333331,151.66666666666666,0.0,0.0,3.6666666666666856,0.023605150214592394,True,False,False
22689,1,0.9905488595375388,0.11501272264631043,Eastern Concrete,Bogota Plant,NJ,Eastern Region,other_or_unspecified,1500.0,1500,28.0,standard_28,154.0,strict_group,54.0,158.83333333333331,151.66666666666666,0.0,0.0,2.333333333333343,0.015151515151515213,True,False,False
25029,1,0.9904444702094578,0.11501272264631043,Eastern Concrete,Howell Plant,NJ,Eastern Region,other_or_unspecified,1500.0,1500,28.0,standard_28,207.33333333333334,strict_group,54.0,158.83333333333331,151.66666666666666,48.50000000000003,0.2339228295819937,55.666666666666686,0.2684887459807075,True,True,True
4649,1,0.9903190117489474,0.11501272264631043,Cape Cod Ready Mix,Orleans Plant,MA,Eastern Region,other_or_unspecified,4000.0,4000,28.0,standard_28,139.25,strict_group,2318.0,91.5,80.75,47.75,0.34290843806104127,58.5,0.42010771992818674,True,True,True
28364,1,0.9899167595586364,0.11501272264631043,Eastern Concrete,Roseland Plant,NJ,Eastern Region,other_or_unspecified,1500.0,1500,28.0,standard_28,215.33333333333334,strict_group,54.0,158.83333333333331,151.66666666666666,56.50000000000003,0.2623839009287927,63.666666666666686,0.2956656346749227,True,True,True
26156,1,0.98966312729646,0.11501272264631043,Eastern Concrete,Newark Plant,NJ,Eastern Region,other_or_unspecified,1500.0,1500,28.0,standard_28,204.66666666666666,strict_group,54.0,158.83333333333331,151.66666666666666,45.83333333333334,0.22394136807817594,53.0,0.25895765472312704,True,True,True
42871,1,0.9896569371017212,0.11501272264631043,Silver Strike Concrete,Silver Strike Sparks Plant,NV,Pacific Southwest Region,filler,2000.0,2000,28.0,standard_28,181.5,national_spec_group,9.0,161.5,159.3,20.0,0.11019283746556474,22.19999999999999,0.1223140495867768,True,True,False
25032,1,0.9893667142076094,0.11501272264631043,Eastern Concrete,Howell Plant,NJ,Eastern Region,other_or_unspecified,1500.0,1500,28.0,standard_28,224.66666666666666,strict_group,54.0,158.83333333333331,151.66666666666666,65.83333333333334,0.29302670623145405,73.0,0.3249258160237389,True,True,True
26153,1,0.9887835274960596,0.11501272264631043,Eastern Concrete,Newark Plant,NJ,Eastern Region,other_or_unspecified,1500.0,1500,28.0,standard_28,188.0,strict_group,54.0,158.83333333333331,151.66666666666666,29.166666666666686,0.1551418439716313,36.33333333333334,0.1932624113475178,True,True,False
29516,1,0.9883496509414152,0.11501272264631043,Eastern Concrete,West Nyack Plant,NY,Eastern Region,other_or_unspecified,1500.0,1500,28.0,standard_28,227.33333333333334,strict_group,54.0,158.83333333333331,151.66666666666666,68.50000000000003,0.30131964809384176,75.66666666666669,0.33284457478005874,True,True,True
2130,0,0.9878677101035696,0.11501272264631043,Boston Sand & Gravel,Boston Sand & Gravel,MA,Eastern Region,other_or_unspecified,2000.0,2000,28.0,standard_28,93.5,strict_group,58.0,139.0,133.8,0.0,0.0,0.0,0.0,True,False,False
30391,1,0.9873379063968972,0.11501272264631043,Eastern Concrete,West Nyack Plant,NY,Eastern Region,other_or_unspecified,500.0,500,28.0,standard_28,286.0,strict_group,7.0,211.0,199.44,75.0,0.26223776223776224,86.56,0.3026573426573427,True,True,True
29522,1,0.9871268350649948,0.11501272264631043,Eastern Concrete,West Nyack Plant,NY,Eastern Region,other_or_unspecified,2000.0,2000,28.0,standard_28,158.0,strict_group,58.0,139.0,133.8,19.0,0.12025316455696203,24.19999999999999,0.15316455696202524,True,True,False
29524,1,0.986091566319822,0.11501272264631043,Eastern Concrete,West Nyack Plant,NY,Eastern Region,other_or_unspecified,2000.0,2000,28.0,standard_28,186.0,strict_group,58.0,139.0,133.8,47.0,0.25268817204301075,52.19999999999999,0.2806451612903225,True,True,True
42836,1,0.9856347166224904,0.11501272264631043,Scioto Ready Mix,New Albany Plant,OH,Great Lakes Region,other_or_unspecified,1500.0,1500,28.0,standard_28,132.0,strict_group,18.0,129.0,123.0,3.0,0.022727272727272728,9.0,0.06818181818181818,True,False,False
23852,1,0.9853679175760928,0.11501272264631043,Eastern Concrete,Broadway Plant,NJ,Eastern Region,other_or_unspecified,2000.0,2000,28.0,standard_28,164.0,strict_group,58.0,139.0,133.8,25.0,0.1524390243902439,30.19999999999999,0.18414634146341458,True,True,False
27313,1,0.9853679175760928,0.11501272264631043,Eastern Concrete,North Bergen Plant,NJ,Eastern Region,other_or_unspecified,2000.0,2000,28.0,standard_28,168.0,strict_group,58.0,139.0,133.8,29.0,0.17261904761904762,34.19999999999999,0.20357142857142851,True,True,False
22701,1,0.9853679175760928,0.11501272264631043,Eastern Concrete,Bogota Plant,NJ,Eastern Region,other_or_unspecified,2000.0,2000,28.0,standard_28,170.0,strict_group,58.0,139.0,133.8,31.0,0.18235294117647058,36.19999999999999,0.21294117647058816,True,True,False
26162,1,0.9835994351449447,0.11501272264631043,Eastern Concrete,Newark Plant,NJ,Eastern Region,other_or_unspecified,2000.0,2000,28.0,standard_28,157.0,strict_group,58.0,139.0,133.8,18.0,0.11464968152866242,23.19999999999999,0.14777070063694261,True,True,False
29518,1,0.983457980449996,0.11501272264631043,Eastern Concrete,West Nyack Plant,NY,Eastern Region,other_or_unspecified,1500.0,1500,28.0,standard_28,245.33333333333334,strict_group,54.0,158.83333333333331,151.66666666666666,86.50000000000003,0.35258152173913054,93.66666666666669,0.3817934782608696,True,True,True
28361,1,0.9830045202654684,0.11501272264631043,Eastern Concrete,Roseland Plant,NJ,Eastern Region,other_or_unspecified,1500.0,1500,28.0,standard_28,198.66666666666666,strict_group,54.0,158.83333333333331,151.66666666666666,39.83333333333334,0.20050335570469804,47.0,0.2365771812080537,True,True,True
23848,1,0.9828199952008276,0.11501272264631043,Eastern Concrete,Broadway Plant,NJ,Eastern Region,other_or_unspecified,2000.0,2000,28.0,standard_28,163.5,strict_group,58.0,139.0,133.8,24.5,0.14984709480122324,29.69999999999999,0.18165137614678892,True,True,False
27309,1,0.9828199952008276,0.11501272264631043,Eastern Concrete,North Bergen Plant,NJ,Eastern Region,other_or_unspecified,2000.0,2000,28.0,standard_28,168.5,strict_group,58.0,139.0,133.8,29.5,0.17507418397626112,34.69999999999999,0.20593471810089015,True,True,False
22697,1,0.9828199952008276,0.11501272264631043,Eastern Concrete,Bogota Plant,NJ,Eastern Region,other_or_unspecified,2000.0,2000,28.0,standard_28,168.5,strict_group,58.0,139.0,133.8,29.5,0.17507418397626112,34.69999999999999,0.20593471810089015,True,True,False
42717,1,0.9823175467956928,0.11501272264631043,Scioto Ready Mix,Delaware Plant,OH,Great Lakes Region,other_or_unspecified,3500.0,3500,28.0,standard_28,149.14285714285714,strict_group,21.0,76.85714285714286,74.0,72.28571428571428,0.4846743295019157,75.14285714285714,0.5038314176245211,True,True,True
42762,1,0.9823175467956928,0.11501272264631043,Scioto Ready Mix,Dublin Plant,OH,Great Lakes Region,other_or_unspecified,3500.0,3500,28.0,standard_28,145.14285714285714,strict_group,21.0,76.85714285714286,74.0,68.28571428571428,0.47047244094488183,71.14285714285714,0.4901574803149606,True,True,True
42688,1,0.9823175467956928,0.11501272264631043,Scioto Ready Mix,Alexandria Plant,OH,Great Lakes Region,other_or_unspecified,3500.0,3500,28.0,standard_28,146.0,strict_group,21.0,76.85714285714286,74.0,69.14285714285714,0.4735812133072407,72.0,0.4931506849315068,True,True,True
42812,1,0.9823175467956928,0.11501272264631043,Scioto Ready Mix,New Albany Plant,OH,Great Lakes Region,other_or_unspecified,3500.0,3500,28.0,standard_28,151.42857142857142,strict_group,21.0,76.85714285714286,74.0,74.57142857142856,0.4924528301886792,77.42857142857142,0.5113207547169811,True,True,True
22561,1,0.9816940984060576,0.11501272264631043,Eastern Concrete,Bayonne Plant,NJ,Eastern Region,other_or_unspecified,2000.0,2000,28.0,standard_28,159.5,strict_group,58.0,139.0,133.8,20.5,0.12852664576802508,25.69999999999999,0.16112852664576796,True,True,False
24855,1,0.9811405919849876,0.11501272264631043,Eastern Concrete,Broadway Plant,NJ,Eastern Region,filler,2000.0,2000,28.0,standard_28,161.5,strict_group,7.0,161.0,158.1,0.5,0.0030959752321981426,3.4000000000000057,0.021052631578947403,True,False,False
28223,1,0.9811405919849876,0.11501272264631043,Eastern Concrete,North Bergen Plant,NJ,Eastern Region,filler,2000.0,2000,28.0,standard_28,164.5,strict_group,7.0,161.0,158.1,3.5,0.02127659574468085,6.400000000000006,0.03890577507598788,True,False,False
23678,1,0.9811405919849876,0.11501272264631043,Eastern Concrete,Bogota Plant,NJ,Eastern Region,filler,2000.0,2000,28.0,standard_28,167.5,strict_group,7.0,161.0,158.1,6.5,0.03880597014925373,9.400000000000006,0.05611940298507466,True,False,False
27348,1,0.9806620100097532,0.11501272264631043,Eastern Concrete,North Bergen Plant,NJ,Eastern Region,other_or_unspecified,2000.0,2000,28.0,standard_28,143.0,strict_group,58.0,139.0,133.8,4.0,0.027972027972027972,9.199999999999989,0.06433566433566426,True,False,False
22735,1,0.9806620100097532,0.11501272264631043,Eastern Concrete,Bogota Plant,NJ,Eastern Region,other_or_unspecified,2000.0,2000,28.0,standard_28,142.5,strict_group,58.0,139.0,133.8,3.5,0.02456140350877193,8.699999999999989,0.06105263157894729,True,False,False
23888,1,0.9806620100097532,0.11501272264631043,Eastern Concrete,Broadway Plant,NJ,Eastern Region,other_or_unspecified,2000.0,2000,28.0,standard_28,137.5,strict_group,58.0,139.0,133.8,0.0,0.0,3.6999999999999886,0.026909090909090827,True,False,False
42857,0,0.9802121259020308,0.11501272264631043,Scioto Ready Mix,Obetz Plant,OH,Great Lakes Region,other_or_unspecified,1500.0,1500,28.0,standard_28,119.33333333333333,strict_group,18.0,129.0,123.0,0.0,0.0,0.0,0.0,True,False,False
29359,1,0.9795376485380484,0.11501272264631043,Eastern Concrete,Roseland Plant,NJ,Eastern Region,filler,2000.0,2000,28.0,standard_28,164.5,strict_group,7.0,161.0,158.1,3.5,0.02127659574468085,6.400000000000006,0.03890577507598788,True,False,False
27294,1,0.978720653624372,0.11501272264631043,Eastern Concrete,Newark Plant,NJ,Eastern Region,other_or_unspecified,1500.0,1500,28.0,standard_28,244.0,strict_group,54.0,158.83333333333331,151.66666666666666,85.16666666666669,0.3490437158469946,92.33333333333334,0.3784153005464481,True,True,True
4648,1,0.9776370540366484,0.11501272264631043,Cape Cod Ready Mix,Orleans Plant,MA,Eastern Region,other_or_unspecified,1500.0,1500,28.0,standard_28,174.0,strict_group,54.0,158.83333333333331,151.66666666666666,15.166666666666686,0.08716475095785452,22.333333333333343,0.128352490421456,True,False,False
28917,1,0.9758464552307956,0.11501272264631043,Eastern Concrete,Roseland Plant,NJ,Eastern Region,other_or_unspecified,3000.0,3000,28.0,standard_28,145.0,strict_group,983.0,108.66666666666667,100.66666666666667,36.33333333333333,0.25057471264367814,44.33333333333333,0.3057471264367816,True,True,True
22381,1,0.9753972517651196,0.11501272264631043,CTI Ready Mix,CTI Ready Mix West Des Moines Plant,IA,North Central Region,other_or_unspecified,1500.0,1500,28.0,standard_28,166.0,national_spec_group,75.0,149.66666666666669,133.6,16.333333333333314,0.09839357429718865,32.400000000000006,0.1951807228915663,True,False,False
26152,1,0.9752605563887808,0.11501272264631043,Eastern Concrete,Newark Plant,NJ,Eastern Region,other_or_unspecified,1500.0,1500,28.0,standard_28,140.0,strict_group,54.0,158.83333333333331,151.66666666666666,0.0,0.0,0.0,0.0,True,False,False
25030,1,0.9752605563887808,0.11501272264631043,Eastern Concrete,Howell Plant,NJ,Eastern Region,other_or_unspecified,1500.0,1500,28.0,standard_28,174.0,strict_group,54.0,158.83333333333331,151.66666666666666,15.166666666666686,0.08716475095785452,22.333333333333343,0.128352490421456,True,False,False
26154,1,0.9752605563887808,0.11501272264631043,Eastern Concrete,Newark Plant,NJ,Eastern Region,other_or_unspecified,1500.0,1500,28.0,standard_28,156.66666666666666,strict_group,54.0,158.83333333333331,151.66666666666666,0.0,0.0,5.0,0.03191489361702128,True,False,False
25028,1,0.9752605563887808,0.11501272264631043,Eastern Concrete,Howell Plant,NJ,Eastern Region,other_or_unspecified,1500.0,1500,28.0,standard_28,158.66666666666666,strict_group,54.0,158.83333333333331,151.66666666666666,0.0,0.0,7.0,0.04411764705882353,True,False,False
28358,1,0.9750197323270758,0.11501272264631043,Eastern Concrete,Roseland Plant,NJ,Eastern Region,other_or_unspecified,1500.0,1500,28.0,standard_28,150.66666666666666,strict_group,54.0,158.83333333333331,151.66666666666666,0.0,0.0,0.0,0.0,True,False,False
24968,1,0.9736856735860628,0.11501272264631043,Eastern Concrete,Broadway Plant,NJ,Eastern Region,other_or_unspecified,3000.0,3000,28.0,standard_28,148.66666666666666,strict_group,983.0,108.66666666666667,100.66666666666667,39.999999999999986,0.2690582959641255,47.999999999999986,0.3228699551569506,True,True,True
28321,1,0.9736856735860628,0.11501272264631043,Eastern Concrete,North Bergen Plant,NJ,Eastern Region,other_or_unspecified,3000.0,3000,28.0,standard_28,150.66666666666666,strict_group,983.0,108.66666666666667,100.66666666666667,41.999999999999986,0.2787610619469026,49.999999999999986,0.3318584070796459,True,True,True
23793,1,0.9736856735860628,0.11501272264631043,Eastern Concrete,Bogota Plant,NJ,Eastern Region,other_or_unspecified,3000.0,3000,28.0,standard_28,152.66666666666666,strict_group,983.0,108.66666666666667,100.66666666666667,43.999999999999986,0.2882096069868995,51.999999999999986,0.3406113537117903,True,True,True
28442,1,0.9735373090407984,0.11501272264631043,Eastern Concrete,Roseland Plant,NJ,Eastern Region,other_or_unspecified,3000.0,3000,28.0,standard_28,134.0,strict_group,983.0,108.66666666666667,100.66666666666667,25.33333333333333,0.18905472636815918,33.33333333333333,0.24875621890547261,True,True,False
28325,1,0.9720374923391728,0.11501272264631043,Eastern Concrete,North Bergen Plant,NJ,Eastern Region,other_or_unspecified,3000.0,3000,28.0,standard_28,155.33333333333334,strict_group,983.0,108.66666666666667,100.66666666666667,46.66666666666667,0.30042918454935624,54.66666666666667,0.351931330472103,True,True,True
23797,1,0.9720374923391728,0.11501272264631043,Eastern Concrete,Bogota Plant,NJ,Eastern Region,other_or_unspecified,3000.0,3000,28.0,standard_28,157.33333333333334,strict_group,983.0,108.66666666666667,100.66666666666667,48.66666666666667,0.3093220338983051,56.66666666666667,0.3601694915254237,True,True,True
24971,1,0.9720374923391728,0.11501272264631043,Eastern Concrete,Broadway Plant,NJ,Eastern Region,other_or_unspecified,3000.0,3000,28.0,standard_28,153.33333333333334,strict_group,983.0,108.66666666666667,100.66666666666667,44.66666666666667,0.291304347826087,52.66666666666667,0.34347826086956523,True,True,True
28414,1,0.9717747062775248,0.11501272264631043,Eastern Concrete,Roseland Plant,NJ,Eastern Region,other_or_unspecified,3000.0,3000,28.0,standard_28,131.66666666666666,strict_group,983.0,108.66666666666667,100.66666666666667,22.999999999999986,0.17468354430379737,30.999999999999986,0.23544303797468347,True,True,False
25074,1,0.9715738105126556,0.11501272264631043,Eastern Concrete,Howell Plant,NJ,Eastern Region,other_or_unspecified,2000.0,2000,28.0,standard_28,146.0,strict_group,58.0,139.0,133.8,7.0,0.04794520547945205,12.199999999999989,0.08356164383561636,True,False,False
25034,1,0.9705500845225672,0.11501272264631043,Eastern Concrete,Howell Plant,NJ,Eastern Region,other_or_unspecified,2000.0,2000,28.0,standard_28,171.5,strict_group,58.0,139.0,133.8,32.5,0.18950437317784258,37.69999999999999,0.21982507288629732,True,True,False
27295,1,0.9697900436279756,0.11501272264631043,Eastern Concrete,Newark Plant,NJ,Eastern Region,other_or_unspecified,2000.0,2000,28.0,standard_28,154.0,strict_group,58.0,139.0,133.8,15.0,0.09740259740259741,20.19999999999999,0.1311688311688311,True,False,False
26197,1,0.9693489788937976,0.11501272264631043,Eastern Concrete,Newark Plant,NJ,Eastern Region,other_or_unspecified,2000.0,2000,28.0,standard_28,131.0,strict_group,58.0,139.0,133.8,0.0,0.0,0.0,0.0,True,False,False
28360,1,0.967906025961432,0.11501272264631043,Eastern Concrete,Roseland Plant,NJ,Eastern Region,other_or_unspecified,1500.0,1500,28.0,standard_28,150.66666666666666,strict_group,54.0,158.83333333333331,151.66666666666666,0.0,0.0,0.0,0.0,True,False,False
28362,1,0.967906025961432,0.11501272264631043,Eastern Concrete,Roseland Plant,NJ,Eastern Region,other_or_unspecified,1500.0,1500,28.0,standard_28,167.33333333333334,strict_group,54.0,158.83333333333331,151.66666666666666,8.500000000000028,0.050796812749004154,15.666666666666686,0.09362549800796824,True,False,False
29517,1,0.967883825117512,0.11501272264631043,Eastern Concrete,West Nyack Plant,NY,Eastern Region,other_or_unspecified,1500.0,1500,28.0,standard_28,194.66666666666666,strict_group,54.0,158.83333333333331,151.66666666666666,35.83333333333334,0.1840753424657535,43.0,0.22089041095890413,True,True,False
28831,1,0.9669503698509588,0.11501272264631043,Eastern Concrete,Roseland Plant,NJ,Eastern Region,filler,3000.0,3000,28.0,standard_28,129.0,strict_group,44.0,122.66666666666667,86.8,6.333333333333329,0.04909560723514208,42.2,0.32713178294573647,True,False,False
28869,1,0.9669355674119764,0.11501272264631043,Eastern Concrete,Roseland Plant,NJ,Eastern Region,other_or_unspecified,3000.0,3000,28.0,standard_28,134.0,strict_group,983.0,108.66666666666667,100.66666666666667,25.33333333333333,0.18905472636815918,33.33333333333333,0.24875621890547261,True,True,False
28848,1,0.9669355674119764,0.11501272264631043,Eastern Concrete,Roseland Plant,NJ,Eastern Region,other_or_unspecified,3000.0,3000,28.0,standard_28,129.66666666666666,strict_group,983.0,108.66666666666667,100.66666666666667,20.999999999999986,0.16195372750642664,28.999999999999986,0.22365038560411302,True,True,False
28865,1,0.9669128890617076,0.11501272264631043,Eastern Concrete,Roseland Plant,NJ,Eastern Region,filler,3000.0,3000,28.0,standard_28,133.0,strict_group,44.0,122.66666666666667,86.8,10.333333333333329,0.0776942355889724,46.2,0.3473684210526316,True,False,False
28911,1,0.9669128890617076,0.11501272264631043,Eastern Concrete,Roseland Plant,NJ,Eastern Region,filler,3000.0,3000,28.0,standard_28,137.66666666666666,strict_group,44.0,122.66666666666667,86.8,14.999999999999986,0.108958837772397,50.86666666666666,0.3694915254237288,True,True,False
4576,1,0.9654203161988656,0.11501272264631043,Cape Cod Ready Mix,Carver Plant,MA,Eastern Region,other_or_unspecified,1500.0,1500,28.0,standard_28,163.33333333333334,strict_group,54.0,158.83333333333331,151.66666666666666,4.500000000000028,0.027551020408163436,11.666666666666686,0.07142857142857154,True,False,False
23702,1,0.9652795396284164,0.11501272264631043,Eastern Concrete,Bogota Plant,NJ,Eastern Region,filler,3000.0,3000,28.0,standard_28,151.33333333333334,strict_group,44.0,122.66666666666667,86.8,28.66666666666667,0.18942731277533043,64.53333333333335,0.42643171806167407,True,True,False
24881,1,0.9652795396284164,0.11501272264631043,Eastern Concrete,Broadway Plant,NJ,Eastern Region,filler,3000.0,3000,28.0,standard_28,147.33333333333334,strict_group,44.0,122.66666666666667,86.8,24.66666666666667,0.16742081447963802,60.533333333333346,0.41085972850678737,True,True,False
28242,1,0.9652795396284164,0.11501272264631043,Eastern Concrete,North Bergen Plant,NJ,Eastern Region,filler,3000.0,3000,28.0,standard_28,148.0,strict_group,44.0,122.66666666666667,86.8,25.33333333333333,0.17117117117117114,61.2,0.4135135135135135,True,True,False
26001,1,0.964578748205992,0.11501272264631043,Eastern Concrete,Howell Plant,NJ,Eastern Region,filler,2000.0,2000,28.0,standard_28,160.5,strict_group,7.0,161.0,158.1,0.0,0.0,2.4000000000000057,0.014953271028037418,True,False,False
27108,1,0.964578748205992,0.11501272264631043,Eastern Concrete,Newark Plant,NJ,Eastern Region,filler,2000.0,2000,28.0,standard_28,154.5,strict_group,7.0,161.0,158.1,0.0,0.0,0.0,0.0,True,False,False
26143,1,0.9642146979216,0.11501272264631043,Eastern Concrete,Howell Plant,NJ,Eastern Region,other_or_unspecified,1500.0,1500,28.0,standard_28,269.3333333333333,strict_group,54.0,158.83333333333331,151.66666666666666,110.5,0.4102722772277228,117.66666666666666,0.4368811881188119,True,True,True
28385,1,0.9625166171341838,0.11501272264631043,Eastern Concrete,Roseland Plant,NJ,Eastern Region,other_or_unspecified,3000.0,3000,28.0,standard_28,126.33333333333333,strict_group,983.0,108.66666666666667,100.66666666666667,17.666666666666657,0.13984168865435348,25.666666666666657,0.20316622691292868,True,True,False
27308,1,0.9623317366389964,0.11501272264631043,Eastern Concrete,North Bergen Plant,NJ,Eastern Region,other_or_unspecified,2000.0,2000,28.0,standard_28,140.0,strict_group,58.0,139.0,133.8,1.0,0.007142857142857143,6.199999999999989,0.044285714285714206,True,False,False
22696,1,0.9623317366389964,0.11501272264631043,Eastern Concrete,Bogota Plant,NJ,Eastern Region,other_or_unspecified,2000.0,2000,28.0,standard_28,139.5,strict_group,58.0,139.0,133.8,0.5,0.0035842293906810036,5.699999999999989,0.04086021505376336,True,False,False
23847,1,0.9623317366389964,0.11501272264631043,Eastern Concrete,Broadway Plant,NJ,Eastern Region,other_or_unspecified,2000.0,2000,28.0,standard_28,135.0,strict_group,58.0,139.0,133.8,0.0,0.0,1.1999999999999886,0.008888888888888804,True,False,False
28444,1,0.9622498331723972,0.11501272264631043,Eastern Concrete,Roseland Plant,NJ,Eastern Region,other_or_unspecified,3000.0,3000,28.0,standard_28,134.0,strict_group,983.0,108.66666666666667,100.66666666666667,25.33333333333333,0.18905472636815918,33.33333333333333,0.24875621890547261,True,True,False
26158,1,0.9615795509182468,0.11501272264631043,Eastern Concrete,Newark Plant,NJ,Eastern Region,other_or_unspecified,2000.0,2000,28.0,standard_28,157.0,strict_group,58.0,139.0,133.8,18.0,0.11464968152866242,23.19999999999999,0.14777070063694261,True,True,False
42849,1,0.9611849088682104,0.11501272264631043,Scioto Ready Mix,Obetz Plant,OH,Great Lakes Region,other_or_unspecified,3500.0,3500,28.0,standard_28,144.85714285714286,strict_group,21.0,76.85714285714286,74.0,68.0,0.46942800788954636,70.85714285714286,0.4891518737672584,True,True,True
29513,1,0.9606339579814464,0.11501272264631043,Eastern Concrete,West Nyack Plant,NY,Eastern Region,other_or_unspecified,1500.0,1500,28.0,standard_28,178.0,strict_group,54.0,158.83333333333331,151.66666666666666,19.166666666666686,0.10767790262172296,26.333333333333343,0.1479400749063671,True,True,False
27772,1,0.9603330962299113,0.11501272264631043,Eastern Concrete,North Bergen Plant,NJ,Eastern Region,other_or_unspecified,3000.0,3000,28.0,standard_28,133.66666666666666,strict_group,983.0,108.66666666666667,100.66666666666667,24.999999999999986,0.18703241895261835,32.999999999999986,0.24688279301745628,True,True,False
24340,1,0.9603330962299113,0.11501272264631043,Eastern Concrete,Broadway Plant,NJ,Eastern Region,other_or_unspecified,3000.0,3000,28.0,standard_28,131.0,strict_group,983.0,108.66666666666667,100.66666666666667,22.33333333333333,0.1704834605597964,30.33333333333333,0.23155216284987273,True,True,False
23171,1,0.9603330962299113,0.11501272264631043,Eastern Concrete,Bogota Plant,NJ,Eastern Region,other_or_unspecified,3000.0,3000,28.0,standard_28,134.33333333333334,strict_group,983.0,108.66666666666667,100.66666666666667,25.66666666666667,0.19106699751861045,33.66666666666667,0.250620347394541,True,True,False
42823,1,0.95981548685209,0.11501272264631043,Scioto Ready Mix,New Albany Plant,OH,Great Lakes Region,other_or_unspecified,1500.0,1500,28.0,standard_28,136.66666666666666,strict_group,18.0,129.0,123.0,7.666666666666657,0.05609756097560969,13.666666666666657,0.09999999999999994,True,False,False
28849,1,0.9594007223474244,0.11501272264631043,Eastern Concrete,Roseland Plant,NJ,Eastern Region,other_or_unspecified,3000.0,3000,28.0,standard_28,129.0,strict_group,983.0,108.66666666666667,100.66666666666667,20.33333333333333,0.15762273901808782,28.33333333333333,0.2196382428940568,True,True,False
42840,0,0.9584997945630196,0.11501272264631043,Scioto Ready Mix,Obetz Plant,OH,Great Lakes Region,structural,2000.0,2000,28.0,standard_28,105.0,strict_group,5.0,106.0,105.4,0.0,0.0,0.0,0.0,True,False,False
26161,1,0.958484059529908,0.11501272264631043,Eastern Concrete,Newark Plant,NJ,Eastern Region,other_or_unspecified,2000.0,2000,28.0,standard_28,137.5,strict_group,58.0,139.0,133.8,0.0,0.0,3.6999999999999886,0.026909090909090827,True,False,False
25037,1,0.958484059529908,0.11501272264631043,Eastern Concrete,Howell Plant,NJ,Eastern Region,other_or_unspecified,2000.0,2000,28.0,standard_28,152.0,strict_group,58.0,139.0,133.8,13.0,0.08552631578947369,18.19999999999999,0.11973684210526309,True,False,False
28413,1,0.957768061864119,0.11501272264631043,Eastern Concrete,Roseland Plant,NJ,Eastern Region,other_or_unspecified,3000.0,3000,28.0,standard_28,129.66666666666666,strict_group,983.0,108.66666666666667,100.66666666666667,20.999999999999986,0.16195372750642664,28.999999999999986,0.22365038560411302,True,True,False
28366,1,0.956997970190029,0.11501272264631043,Eastern Concrete,Roseland Plant,NJ,Eastern Region,other_or_unspecified,2000.0,2000,28.0,standard_28,165.0,strict_group,58.0,139.0,133.8,26.0,0.15757575757575756,31.19999999999999,0.18909090909090903,True,True,False
29471,1,0.9553901057625432,0.11501272264631043,Eastern Concrete,Roseland Plant,NJ,Eastern Region,other_or_unspecified,3000.0,3000,28.0,standard_28,149.66666666666666,strict_group,983.0,108.66666666666667,100.66666666666667,40.999999999999986,0.2739420935412026,48.999999999999986,0.32739420935412017,True,True,True
29474,1,0.9553901057625432,0.11501272264631043,Eastern Concrete,Roseland Plant,NJ,Eastern Region,other_or_unspecified,3000.0,3000,28.0,standard_28,154.0,strict_group,983.0,108.66666666666667,100.66666666666667,45.33333333333333,0.29437229437229434,53.33333333333333,0.3463203463203463,True,True,True
22300,1,0.9551197173874688,0.11501272264631043,CTI Ready Mix,CTI Ready Mix Carlisle Plant,IA,North Central Region,other_or_unspecified,1500.0,1500,28.0,standard_28,169.33333333333334,national_spec_group,75.0,149.66666666666669,133.6,19.666666666666657,0.1161417322834645,35.73333333333335,0.21102362204724417,True,True,False
22335,1,0.9551197173874688,0.11501272264631043,CTI Ready Mix,CTI Ready Mix Elkhart Plant,IA,North Central Region,other_or_unspecified,1500.0,1500,28.0,standard_28,174.0,national_spec_group,75.0,149.66666666666669,133.6,24.333333333333314,0.13984674329501906,40.400000000000006,0.23218390804597705,True,True,False
23172,1,0.953619183873782,0.11501272264631043,Eastern Concrete,Bogota Plant,NJ,Eastern Region,other_or_unspecified,3000.0,3000,28.0,standard_28,134.33333333333334,strict_group,983.0,108.66666666666667,100.66666666666667,25.66666666666667,0.19106699751861045,33.66666666666667,0.250620347394541,True,True,False
27773,1,0.953619183873782,0.11501272264631043,Eastern Concrete,North Bergen Plant,NJ,Eastern Region,other_or_unspecified,3000.0,3000,28.0,standard_28,133.66666666666666,strict_group,983.0,108.66666666666667,100.66666666666667,24.999999999999986,0.18703241895261835,32.999999999999986,0.24688279301745628,True,True,False
24341,1,0.953619183873782,0.11501272264631043,Eastern Concrete,Broadway Plant,NJ,Eastern Region,other_or_unspecified,3000.0,3000,28.0,standard_28,131.0,strict_group,983.0,108.66666666666667,100.66666666666667,22.33333333333333,0.1704834605597964,30.33333333333333,0.23155216284987273,True,True,False
22626,0,0.9531935232651784,0.11501272264631043,Eastern Concrete,Bayonne Plant,NJ,Eastern Region,filler,3000.0,3000,28.0,standard_28,119.66666666666667,strict_group,44.0,122.66666666666667,86.8,0.0,0.0,32.866666666666674,0.27465181058495824,True,False,False
26026,1,0.9521212488517032,0.11501272264631043,Eastern Concrete,Howell Plant,NJ,Eastern Region,filler,3000.0,3000,28.0,standard_28,145.66666666666666,strict_group,44.0,122.66666666666667,86.8,22.999999999999986,0.15789473684210517,58.86666666666666,0.40411899313501143,True,True,False
27151,1,0.9521212488517032,0.11501272264631043,Eastern Concrete,Newark Plant,NJ,Eastern Region,filler,3000.0,3000,28.0,standard_28,143.33333333333334,strict_group,44.0,122.66666666666667,86.8,20.66666666666667,0.14418604651162792,56.533333333333346,0.39441860465116285,True,True,False
26159,1,0.9503211840826116,0.11501272264631043,Eastern Concrete,Newark Plant,NJ,Eastern Region,other_or_unspecified,2000.0,2000,28.0,standard_28,131.0,strict_group,58.0,139.0,133.8,0.0,0.0,0.0,0.0,True,False,False
26160,1,0.9503211840826116,0.11501272264631043,Eastern Concrete,Newark Plant,NJ,Eastern Region,other_or_unspecified,2000.0,2000,28.0,standard_28,131.0,strict_group,58.0,139.0,133.8,0.0,0.0,0.0,0.0,True,False,False
25039,1,0.9503211840826116,0.11501272264631043,Eastern Concrete,Howell Plant,NJ,Eastern Region,other_or_unspecified,2000.0,2000,28.0,standard_28,144.0,strict_group,58.0,139.0,133.8,5.0,0.034722222222222224,10.199999999999989,0.07083333333333325,True,False,False
25035,1,0.9503211840826116,0.11501272264631043,Eastern Concrete,Howell Plant,NJ,Eastern Region,other_or_unspecified,2000.0,2000,28.0,standard_28,145.0,strict_group,58.0,139.0,133.8,6.0,0.041379310344827586,11.199999999999989,0.07724137931034475,True,False,False
25036,1,0.9503211840826116,0.11501272264631043,Eastern Concrete,Howell Plant,NJ,Eastern Region,other_or_unspecified,2000.0,2000,28.0,standard_28,145.0,strict_group,58.0,139.0,133.8,6.0,0.041379310344827586,11.199999999999989,0.07724137931034475,True,False,False
26163,1,0.9503211840826116,0.11501272264631043,Eastern Concrete,Newark Plant,NJ,Eastern Region,other_or_unspecified,2000.0,2000,28.0,standard_28,130.5,strict_group,58.0,139.0,133.8,0.0,0.0,0.0,0.0,True,False,False
42724,1,0.9498818758174556,0.11501272264631043,Scioto Ready Mix,Delaware Plant,OH,Great Lakes Region,other_or_unspecified,1500.0,1500,28.0,standard_28,128.0,strict_group,18.0,129.0,123.0,0.0,0.0,5.0,0.0390625,True,False,False
42770,0,0.9498818758174556,0.11501272264631043,Scioto Ready Mix,Dublin Plant,OH,Great Lakes Region,other_or_unspecified,1500.0,1500,28.0,standard_28,120.66666666666667,strict_group,18.0,129.0,123.0,0.0,0.0,0.0,0.0,True,False,False
42696,1,0.9498818758174556,0.11501272264631043,Scioto Ready Mix,Alexandria Plant,OH,Great Lakes Region,other_or_unspecified,1500.0,1500,28.0,standard_28,124.0,strict_group,18.0,129.0,123.0,0.0,0.0,1.0,0.008064516129032258,True,False,False
30315,1,0.9487205497747716,0.11501272264631043,Eastern Concrete,West Nyack Plant,NY,Eastern Region,filler,2000.0,2000,28.0,standard_28,183.5,strict_group,7.0,161.0,158.1,22.5,0.1226158038147139,25.400000000000006,0.13841961852861037,True,True,False
28369,1,0.9486448557030992,0.11501272264631043,Eastern Concrete,Roseland Plant,NJ,Eastern Region,other_or_unspecified,2000.0,2000,28.0,standard_28,145.5,strict_group,58.0,139.0,133.8,6.5,0.044673539518900345,11.699999999999989,0.08041237113402054,True,False,False
42704,1,0.9477665229371076,0.11501272264631043,Scioto Ready Mix,Alexandria Plant,OH,Great Lakes Region,other_or_unspecified,2000.0,2000,28.0,standard_28,164.5,strict_group,5.0,158.0,158.0,6.5,0.03951367781155015,6.5,0.03951367781155015,True,False,False
42778,1,0.9477665229371076,0.11501272264631043,Scioto Ready Mix,Dublin Plant,OH,Great Lakes Region,other_or_unspecified,2000.0,2000,28.0,standard_28,158.0,strict_group,5.0,158.0,158.0,0.0,0.0,0.0,0.0,True,False,False
42835,1,0.9477665229371076,0.11501272264631043,Scioto Ready Mix,New Albany Plant,OH,Great Lakes Region,other_or_unspecified,2000.0,2000,28.0,standard_28,158.0,strict_group,5.0,158.0,158.0,0.0,0.0,0.0,0.0,True,False,False
42732,1,0.9477665229371076,0.11501272264631043,Scioto Ready Mix,Delaware Plant,OH,Great Lakes Region,other_or_unspecified,2000.0,2000,28.0,standard_28,161.5,strict_group,5.0,158.0,158.0,3.5,0.021671826625386997,3.5,0.021671826625386997,True,False,False
29515,1,0.9473519203864288,0.11501272264631043,Eastern Concrete,West Nyack Plant,NY,Eastern Region,other_or_unspecified,1500.0,1500,28.0,standard_28,178.0,strict_group,54.0,158.83333333333331,151.66666666666666,19.166666666666686,0.10767790262172296,26.333333333333343,0.1479400749063671,True,True,False
29523,1,0.9460543496259566,0.11501272264631043,Eastern Concrete,West Nyack Plant,NY,Eastern Region,other_or_unspecified,2000.0,2000,28.0,standard_28,167.0,strict_group,58.0,139.0,133.8,28.0,0.16766467065868262,33.19999999999999,0.19880239520958076,True,True,False
4554,1,0.9460169332657892,0.11501272264631043,Cape Cod Ready Mix,Carver Plant,MA,Eastern Region,other_or_unspecified,2500.0,2500,28.0,standard_28,144.4,strict_group,109.0,120.4,112.96000000000001,24.0,0.16620498614958448,31.439999999999998,0.21772853185595564,True,True,False
26112,1,0.9446530593603814,0.11501272264631043,Eastern Concrete,Howell Plant,NJ,Eastern Region,other_or_unspecified,3000.0,3000,28.0,standard_28,155.66666666666666,strict_group,983.0,108.66666666666667,100.66666666666667,46.999999999999986,0.30192719486081365,54.999999999999986,0.35331905781584577,True,True,True
26109,1,0.9426995270482594,0.11501272264631043,Eastern Concrete,Howell Plant,NJ,Eastern Region,other_or_unspecified,3000.0,3000,28.0,standard_28,150.66666666666666,strict_group,983.0,108.66666666666667,100.66666666666667,41.999999999999986,0.2787610619469026,49.999999999999986,0.3318584070796459,True,True,True
28406,1,0.9414214378528276,0.11501272264631043,Eastern Concrete,Roseland Plant,NJ,Eastern Region,other_or_unspecified,2000.0,2000,28.0,standard_28,139.5,strict_group,58.0,139.0,133.8,0.5,0.0035842293906810036,5.699999999999989,0.04086021505376336,True,False,False
29520,1,0.941146827105546,0.11501272264631043,Eastern Concrete,West Nyack Plant,NY,Eastern Region,other_or_unspecified,2000.0,2000,28.0,standard_28,186.0,strict_group,58.0,139.0,133.8,47.0,0.25268817204301075,52.19999999999999,0.2806451612903225,True,True,True
23864,1,0.93819584983907,0.11501272264631043,Eastern Concrete,Broadway Plant,NJ,Eastern Region,other_or_unspecified,2500.0,2500,28.0,standard_28,144.0,strict_group,109.0,120.4,112.96000000000001,23.599999999999994,0.16388888888888886,31.039999999999992,0.2155555555555555,True,True,False
42872,1,0.935830045539178,0.11501272264631043,Silver Strike Concrete,Silver Strike Sparks Plant,NV,Pacific Southwest Region,filler,2500.0,2500,28.0,standard_28,165.2,national_spec_group,13.0,79.2,76.16,85.99999999999999,0.5205811138014528,89.03999999999999,0.5389830508474576,True,True,True
28367,1,0.9357577348808098,0.11501272264631043,Eastern Concrete,Roseland Plant,NJ,Eastern Region,other_or_unspecified,2000.0,2000,28.0,standard_28,139.0,strict_group,58.0,139.0,133.8,0.0,0.0,5.199999999999989,0.037410071942445965,True,False,False
28371,1,0.9357577348808098,0.11501272264631043,Eastern Concrete,Roseland Plant,NJ,Eastern Region,other_or_unspecified,2000.0,2000,28.0,standard_28,138.5,strict_group,58.0,139.0,133.8,0.0,0.0,4.699999999999989,0.033935018050541436,True,False,False
28368,1,0.9357577348808098,0.11501272264631043,Eastern Concrete,Roseland Plant,NJ,Eastern Region,other_or_unspecified,2000.0,2000,28.0,standard_28,139.0,strict_group,58.0,139.0,133.8,0.0,0.0,5.199999999999989,0.037410071942445965,True,False,False
28854,1,0.9357356593114412,0.11501272264631043,Eastern Concrete,Roseland Plant,NJ,Eastern Region,other_or_unspecified,3000.0,3000,28.0,standard_28,131.33333333333334,strict_group,983.0,108.66666666666667,100.66666666666667,22.66666666666667,0.17258883248730966,30.66666666666667,0.233502538071066,True,True,False
23690,1,0.9348550690681704,0.11501272264631043,Eastern Concrete,Bogota Plant,NJ,Eastern Region,other_or_unspecified,3000.0,3000,28.0,standard_28,141.66666666666666,strict_group,983.0,108.66666666666667,100.66666666666667,32.999999999999986,0.23294117647058815,40.999999999999986,0.28941176470588226,True,True,True
22888,1,0.9328021925019662,0.11501272264631043,Eastern Concrete,Bogota Plant,NJ,Eastern Region,other_or_unspecified,3000.0,3000,28.0,standard_28,149.66666666666666,strict_group,983.0,108.66666666666667,100.66666666666667,40.999999999999986,0.2739420935412026,48.999999999999986,0.32739420935412017,True,True,True
24053,1,0.9328021925019662,0.11501272264631043,Eastern Concrete,Broadway Plant,NJ,Eastern Region,other_or_unspecified,3000.0,3000,28.0,standard_28,146.33333333333334,strict_group,983.0,108.66666666666667,100.66666666666667,37.66666666666667,0.25740318906605925,45.66666666666667,0.3120728929384966,True,True,True
27505,1,0.9328021925019662,0.11501272264631043,Eastern Concrete,North Bergen Plant,NJ,Eastern Region,other_or_unspecified,3000.0,3000,28.0,standard_28,149.0,strict_group,983.0,108.66666666666667,100.66666666666667,40.33333333333333,0.27069351230425054,48.33333333333333,0.32438478747203575,True,True,True
25234,1,0.9322930821796844,0.11501272264631043,Eastern Concrete,Howell Plant,NJ,Eastern Region,other_or_unspecified,3000.0,3000,28.0,standard_28,153.33333333333334,strict_group,983.0,108.66666666666667,100.66666666666667,44.66666666666667,0.291304347826087,52.66666666666667,0.34347826086956523,True,True,True
2018,0,0.9311435937491804,0.11501272264631043,Bonded Concrete Inc. / The Clemente Group,Pleasant Valley Plant,NY,Eastern Region,other_or_unspecified,3000.0,3000,28.0,standard_28,108.66666666666667,strict_group,983.0,108.66666666666667,100.66666666666667,0.0,0.0,8.0,0.07361963190184048,True,False,False
29508,1,0.9306270226747156,0.11501272264631043,Eastern Concrete,Roseland Plant,NJ,Eastern Region,other_or_unspecified,1500.0,1500,28.0,standard_28,252.66666666666666,strict_group,54.0,158.83333333333331,151.66666666666666,93.83333333333334,0.3713720316622692,101.0,0.39973614775725597,True,True,True
42865,1,0.9299539089568456,0.11501272264631043,Scioto Ready Mix,Obetz Plant,OH,Great Lakes Region,other_or_unspecified,2000.0,2000,28.0,standard_28,162.0,strict_group,5.0,158.0,158.0,4.0,0.024691358024691357,4.0,0.024691358024691357,True,False,False
26619,1,0.9293365046297382,0.11501272264631043,Eastern Concrete,Newark Plant,NJ,Eastern Region,other_or_unspecified,3000.0,3000,28.0,standard_28,124.0,strict_group,983.0,108.66666666666667,100.66666666666667,15.333333333333329,0.12365591397849458,23.33333333333333,0.18817204301075266,True,True,False
29554,1,0.9293008504068768,0.11501272264631043,Eastern Concrete,West Nyack Plant,NY,Eastern Region,other_or_unspecified,2000.0,2000,28.0,standard_28,159.5,strict_group,58.0,139.0,133.8,20.5,0.12852664576802508,25.69999999999999,0.16112852664576796,True,True,False
25508,1,0.9288516687112076,0.11501272264631043,Eastern Concrete,Howell Plant,NJ,Eastern Region,other_or_unspecified,3000.0,3000,28.0,standard_28,136.0,strict_group,983.0,108.66666666666667,100.66666666666667,27.33333333333333,0.2009803921568627,35.33333333333333,0.2598039215686274,True,True,True
29984,1,0.9285699671696608,0.11501272264631043,Eastern Concrete,West Nyack Plant,NY,Eastern Region,filler,3000.0,3000,28.0,standard_28,153.0,strict_group,44.0,122.66666666666667,86.8,30.33333333333333,0.19825708061002176,66.2,0.4326797385620915,True,True,False
42838,1,0.9284346948095444,0.11501272264631043,Scioto Ready Mix,Obetz Plant,OH,Great Lakes Region,other_or_unspecified,1500.0,1500,28.0,standard_28,132.0,strict_group,18.0,129.0,123.0,3.0,0.022727272727272728,9.0,0.06818181818181818,True,False,False
42839,1,0.9284346948095444,0.11501272264631043,Scioto Ready Mix,Obetz Plant,OH,Great Lakes Region,other_or_unspecified,1500.0,1500,28.0,standard_28,127.33333333333333,strict_group,18.0,129.0,123.0,0.0,0.0,4.333333333333329,0.03403141361256541,True,False,False
25509,1,0.9283446884633432,0.11501272264631043,Eastern Concrete,Howell Plant,NJ,Eastern Region,other_or_unspecified,3000.0,3000,28.0,standard_28,136.0,strict_group,983.0,108.66666666666667,100.66666666666667,27.33333333333333,0.2009803921568627,35.33333333333333,0.2598039215686274,True,True,True
22564,0,0.928012369622715,0.11501272264631043,Eastern Concrete,Bayonne Plant,NJ,Eastern Region,other_or_unspecified,3000.0,3000,28.0,standard_28,115.66666666666667,strict_group,983.0,108.66666666666667,100.66666666666667,7.0,0.06051873198847262,15.0,0.12968299711815562,True,False,False
26624,1,0.9277480682948536,0.11501272264631043,Eastern Concrete,Newark Plant,NJ,Eastern Region,other_or_unspecified,3000.0,3000,28.0,standard_28,126.0,strict_group,983.0,108.66666666666667,100.66666666666667,17.33333333333333,0.13756613756613753,25.33333333333333,0.20105820105820102,True,True,False
23858,1,0.927570725236882,0.11501272264631043,Eastern Concrete,Broadway Plant,NJ,Eastern Region,other_or_unspecified,2500.0,2500,28.0,standard_28,144.0,strict_group,109.0,120.4,112.96000000000001,23.599999999999994,0.16388888888888886,31.039999999999992,0.2155555555555555,True,True,False
27325,1,0.927570725236882,0.11501272264631043,Eastern Concrete,North Bergen Plant,NJ,Eastern Region,other_or_unspecified,2500.0,2500,28.0,standard_28,146.8,strict_group,109.0,120.4,112.96000000000001,26.400000000000006,0.1798365122615804,33.84,0.23051771117166214,True,True,False
27319,1,0.927570725236882,0.11501272264631043,Eastern Concrete,North Bergen Plant,NJ,Eastern Region,other_or_unspecified,2500.0,2500,28.0,standard_28,147.6,strict_group,109.0,120.4,112.96000000000001,27.19999999999999,0.1842818428184281,34.639999999999986,0.23468834688346876,True,True,False
22712,1,0.927570725236882,0.11501272264631043,Eastern Concrete,Bogota Plant,NJ,Eastern Region,other_or_unspecified,2500.0,2500,28.0,standard_28,148.8,strict_group,109.0,120.4,112.96000000000001,28.400000000000006,0.19086021505376347,35.84,0.24086021505376345,True,True,False
22707,1,0.927570725236882,0.11501272264631043,Eastern Concrete,Bogota Plant,NJ,Eastern Region,other_or_unspecified,2500.0,2500,28.0,standard_28,148.0,strict_group,109.0,120.4,112.96000000000001,27.599999999999994,0.18648648648648644,35.03999999999999,0.2367567567567567,True,True,False
25520,1,0.9272212569092598,0.11501272264631043,Eastern Concrete,Howell Plant,NJ,Eastern Region,filler,3000.0,3000,28.0,standard_28,138.0,strict_group,44.0,122.66666666666667,86.8,15.333333333333329,0.11111111111111108,51.2,0.3710144927536232,True,True,False
25566,1,0.9272212569092598,0.11501272264631043,Eastern Concrete,Howell Plant,NJ,Eastern Region,filler,3000.0,3000,28.0,standard_28,142.33333333333334,strict_group,44.0,122.66666666666667,86.8,19.66666666666667,0.13817330210772835,55.533333333333346,0.39016393442622954,True,True,False
4684,1,0.9261199468626836,0.11501272264631043,Cape Cod Ready Mix,Sandwich Plant,MA,Eastern Region,other_or_unspecified,1500.0,1500,28.0,standard_28,157.33333333333334,strict_group,54.0,158.83333333333331,151.66666666666666,0.0,0.0,5.666666666666686,0.03601694915254249,True,False,False
4612,1,0.9261199468626836,0.11501272264631043,Cape Cod Ready Mix,Dennis Plant,MA,Eastern Region,other_or_unspecified,1500.0,1500,28.0,standard_28,166.0,strict_group,54.0,158.83333333333331,151.66666666666666,7.166666666666686,0.04317269076305232,14.333333333333343,0.08634538152610448,True,False,False
2190,1,0.9257291693429308,0.11501272264631043,Boston Sand & Gravel,Rosenfeld Concrete Plant,MA,Eastern Region,other_or_unspecified,4000.0,4000,28.0,standard_28,134.5,strict_group,2318.0,91.5,80.75,43.0,0.31970260223048325,53.75,0.3996282527881041,True,True,True
4590,1,0.9238359937348722,0.11501272264631043,Cape Cod Ready Mix,Dennis Plant,MA,Eastern Region,other_or_unspecified,2500.0,2500,28.0,standard_28,144.4,strict_group,109.0,120.4,112.96000000000001,24.0,0.16620498614958448,31.439999999999998,0.21772853185595564,True,True,False
4662,1,0.9238359937348722,0.11501272264631043,Cape Cod Ready Mix,Sandwich Plant,MA,Eastern Region,other_or_unspecified,2500.0,2500,28.0,standard_28,142.8,strict_group,109.0,120.4,112.96000000000001,22.400000000000006,0.15686274509803924,29.840000000000003,0.20896358543417368,True,True,False
28853,1,0.922827774531786,0.11501272264631043,Eastern Concrete,Roseland Plant,NJ,Eastern Region,other_or_unspecified,3000.0,3000,28.0,standard_28,131.33333333333334,strict_group,983.0,108.66666666666667,100.66666666666667,22.66666666666667,0.17258883248730966,30.66666666666667,0.233502538071066,True,True,False
26234,1,0.9224808205371222,0.11501272264631043,Eastern Concrete,Newark Plant,NJ,Eastern Region,other_or_unspecified,3000.0,3000,28.0,standard_28,129.0,strict_group,983.0,108.66666666666667,100.66666666666667,20.33333333333333,0.15762273901808782,28.33333333333333,0.2196382428940568,True,True,False
42678,1,0.9223394766570656,0.11501272264631043,Scioto Ready Mix,Alexandria Plant,OH,Great Lakes Region,other_or_unspecified,1500.0,1500,28.0,standard_28,133.33333333333334,strict_group,18.0,129.0,123.0,4.333333333333343,0.03250000000000007,10.333333333333343,0.07750000000000007,True,False,False
42677,1,0.9223394766570656,0.11501272264631043,Scioto Ready Mix,Alexandria Plant,OH,Great Lakes Region,other_or_unspecified,1500.0,1500,28.0,standard_28,138.0,strict_group,18.0,129.0,123.0,9.0,0.06521739130434782,15.0,0.10869565217391304,True,False,False
42782,1,0.9223394766570656,0.11501272264631043,Scioto Ready Mix,New Albany Plant,OH,Great Lakes Region,other_or_unspecified,1500.0,1500,28.0,standard_28,170.0,strict_group,18.0,129.0,123.0,41.0,0.2411764705882353,47.0,0.27647058823529413,True,True,True
42736,1,0.9223394766570656,0.11501272264631043,Scioto Ready Mix,Dublin Plant,OH,Great Lakes Region,other_or_unspecified,1500.0,1500,28.0,standard_28,136.66666666666666,strict_group,18.0,129.0,123.0,7.666666666666657,0.05609756097560969,13.666666666666657,0.09999999999999994,True,False,False
42734,1,0.9223394766570656,0.11501272264631043,Scioto Ready Mix,Dublin Plant,OH,Great Lakes Region,other_or_unspecified,1500.0,1500,28.0,standard_28,141.33333333333334,strict_group,18.0,129.0,123.0,12.333333333333343,0.08726415094339629,18.333333333333343,0.12971698113207553,True,False,False
42707,1,0.9223394766570656,0.11501272264631043,Scioto Ready Mix,Delaware Plant,OH,Great Lakes Region,other_or_unspecified,1500.0,1500,28.0,standard_28,149.33333333333334,strict_group,18.0,129.0,123.0,20.333333333333343,0.13616071428571433,26.333333333333343,0.17633928571428575,True,True,False
42706,1,0.9223394766570656,0.11501272264631043,Scioto Ready Mix,Delaware Plant,OH,Great Lakes Region,other_or_unspecified,1500.0,1500,28.0,standard_28,154.0,strict_group,18.0,129.0,123.0,25.0,0.16233766233766234,31.0,0.2012987012987013,True,True,False
29930,1,0.9202022135942348,0.11501272264631043,Eastern Concrete,West Nyack Plant,NY,Eastern Region,other_or_unspecified,3000.0,3000,28.0,standard_28,146.33333333333334,strict_group,983.0,108.66666666666667,100.66666666666667,37.66666666666667,0.25740318906605925,45.66666666666667,0.3120728929384966,True,True,True
26354,1,0.919654310285995,0.11501272264631043,Eastern Concrete,Newark Plant,NJ,Eastern Region,other_or_unspecified,3000.0,3000,28.0,standard_28,141.33333333333334,strict_group,983.0,108.66666666666667,100.66666666666667,32.66666666666667,0.23113207547169812,40.66666666666667,0.28773584905660377,True,True,True
24336,1,0.917792604181302,0.11501272264631043,Eastern Concrete,Broadway Plant,NJ,Eastern Region,other_or_unspecified,3000.0,3000,28.0,standard_28,128.66666666666666,strict_group,983.0,108.66666666666667,100.66666666666667,19.999999999999986,0.15544041450777193,27.999999999999986,0.21761658031088074,True,True,False
27768,1,0.917792604181302,0.11501272264631043,Eastern Concrete,North Bergen Plant,NJ,Eastern Region,other_or_unspecified,3000.0,3000,28.0,standard_28,131.33333333333334,strict_group,983.0,108.66666666666667,100.66666666666667,22.66666666666667,0.17258883248730966,30.66666666666667,0.233502538071066,True,True,False
23167,1,0.917792604181302,0.11501272264631043,Eastern Concrete,Bogota Plant,NJ,Eastern Region,other_or_unspecified,3000.0,3000,28.0,standard_28,132.0,strict_group,983.0,108.66666666666667,100.66666666666667,23.33333333333333,0.17676767676767674,31.33333333333333,0.23737373737373735,True,True,False
29990,1,0.9167895491424968,0.11501272264631043,Eastern Concrete,West Nyack Plant,NY,Eastern Region,other_or_unspecified,3000.0,3000,28.0,standard_28,159.66666666666666,strict_group,983.0,108.66666666666667,100.66666666666667,50.999999999999986,0.3194154488517745,58.999999999999986,0.36951983298538615,True,True,True
26623,1,0.9160607536180396,0.11501272264631043,Eastern Concrete,Newark Plant,NJ,Eastern Region,other_or_unspecified,3000.0,3000,28.0,standard_28,126.0,strict_group,983.0,108.66666666666667,100.66666666666667,17.33333333333333,0.13756613756613753,25.33333333333333,0.20105820105820102,True,True,False
26635,1,0.9132746617985892,0.11501272264631043,Eastern Concrete,Newark Plant,NJ,Eastern Region,filler,3000.0,3000,28.0,standard_28,128.0,strict_group,44.0,122.66666666666667,86.8,5.333333333333329,0.04166666666666663,41.2,0.321875,True,False,False
27745,1,0.9129853517638746,0.11501272264631043,Eastern Concrete,North Bergen Plant,NJ,Eastern Region,other_or_unspecified,2500.0,2500,28.0,standard_28,147.6,strict_group,109.0,120.4,112.96000000000001,27.19999999999999,0.1842818428184281,34.639999999999986,0.23468834688346876,True,True,False
23142,1,0.9129853517638746,0.11501272264631043,Eastern Concrete,Bogota Plant,NJ,Eastern Region,other_or_unspecified,2500.0,2500,28.0,standard_28,148.0,strict_group,109.0,120.4,112.96000000000001,27.599999999999994,0.18648648648648644,35.03999999999999,0.2367567567567567,True,True,False
24311,1,0.9129853517638746,0.11501272264631043,Eastern Concrete,Broadway Plant,NJ,Eastern Region,other_or_unspecified,2500.0,2500,28.0,standard_28,144.0,strict_group,109.0,120.4,112.96000000000001,23.599999999999994,0.16388888888888886,31.039999999999992,0.2155555555555555,True,True,False
22769,1,0.9104732318632414,0.11501272264631043,Eastern Concrete,Bogota Plant,NJ,Eastern Region,other_or_unspecified,3000.0,3000,28.0,standard_28,137.0,strict_group,983.0,108.66666666666667,100.66666666666667,28.33333333333333,0.2068126520681265,36.33333333333333,0.2652068126520681,True,True,True
23926,1,0.9104732318632414,0.11501272264631043,Eastern Concrete,Broadway Plant,NJ,Eastern Region,other_or_unspecified,3000.0,3000,28.0,standard_28,133.66666666666666,strict_group,983.0,108.66666666666667,100.66666666666667,24.999999999999986,0.18703241895261835,32.999999999999986,0.24688279301745628,True,True,False
26687,1,0.9057233474673586,0.11501272264631043,Eastern Concrete,Newark Plant,NJ,Eastern Region,other_or_unspecified,3000.0,3000,28.0,standard_28,138.66666666666666,strict_group,983.0,108.66666666666667,100.66666666666667,29.999999999999986,0.21634615384615377,37.999999999999986,0.27403846153846145,True,True,True
22565,0,0.905606009178846,0.11501272264631043,Eastern Concrete,Bayonne Plant,NJ,Eastern Region,other_or_unspecified,3000.0,3000,28.0,standard_28,115.66666666666667,strict_group,983.0,108.66666666666667,100.66666666666667,7.0,0.06051873198847262,15.0,0.12968299711815562,True,False,False
28416,1,0.905175063700332,0.11501272264631043,Eastern Concrete,Roseland Plant,NJ,Eastern Region,other_or_unspecified,3000.0,3000,28.0,standard_28,129.0,strict_group,983.0,108.66666666666667,100.66666666666667,20.33333333333333,0.15762273901808782,28.33333333333333,0.2196382428940568,True,True,False
29940,1,0.9033105673440764,0.11501272264631043,Eastern Concrete,West Nyack Plant,NY,Eastern Region,filler,3000.0,3000,28.0,standard_28,147.33333333333334,strict_group,44.0,122.66666666666667,86.8,24.66666666666667,0.16742081447963802,60.533333333333346,0.41085972850678737,True,True,False
30408,1,0.9018120452278856,0.11501272264631043,Eastern Concrete,West Nyack Plant,NY,Eastern Region,other_or_unspecified,3000.0,3000,28.0,standard_28,169.33333333333334,strict_group,983.0,108.66666666666667,100.66666666666667,60.66666666666667,0.3582677165354331,68.66666666666667,0.40551181102362205,True,True,True
26025,1,0.9003663144316033,0.11501272264631043,Eastern Concrete,Howell Plant,NJ,Eastern Region,other_or_unspecified,3000.0,3000,28.0,standard_28,146.0,strict_group,983.0,108.66666666666667,100.66666666666667,37.33333333333333,0.2557077625570776,45.33333333333333,0.3105022831050228,True,True,True
27150,1,0.9003663144316033,0.11501272264631043,Eastern Concrete,Newark Plant,NJ,Eastern Region,other_or_unspecified,3000.0,3000,28.0,standard_28,144.0,strict_group,983.0,108.66666666666667,100.66666666666667,35.33333333333333,0.24537037037037035,43.33333333333333,0.3009259259259259,True,True,True
22098,1,0.900297400034127,0.11501272264631043,Conewago Manufacturing,Conewago Manufacturing Plant,PA,Eastern Region,filler,800.0,1000,28.0,standard_28,275.0,regional_strength_group,36.0,199.75,90.55,75.25,0.2736363636363636,184.45,0.6707272727272727,True,True,True
27293,1,0.900289672737431,0.11501272264631043,Eastern Concrete,Newark Plant,NJ,Eastern Region,other_or_unspecified,3000.0,3000,28.0,standard_28,145.33333333333334,strict_group,983.0,108.66666666666667,100.66666666666667,36.66666666666667,0.2522935779816514,44.66666666666667,0.3073394495412844,True,True,True
27292,1,0.900289672737431,0.11501272264631043,Eastern Concrete,Newark Plant,NJ,Eastern Region,other_or_unspecified,3000.0,3000,28.0,standard_28,145.33333333333334,strict_group,983.0,108.66666666666667,100.66666666666667,36.66666666666667,0.2522935779816514,44.66666666666667,0.3073394495412844,True,True,True
28381,1,0.9000735519138354,0.11501272264631043,Eastern Concrete,Roseland Plant,NJ,Eastern Region,other_or_unspecified,2500.0,2500,28.0,standard_28,145.2,strict_group,109.0,120.4,112.96000000000001,24.799999999999983,0.17079889807162524,32.23999999999998,0.22203856749311282,True,True,False
23832,1,0.8993081710140275,0.11501272264631043,Eastern Concrete,Bogota Plant,NJ,Eastern Region,other_or_unspecified,1500.0,1500,28.0,standard_28,258.6666666666667,strict_group,54.0,158.83333333333331,151.66666666666666,99.83333333333337,0.3859536082474228,107.00000000000003,0.4136597938144331,True,True,True
25022,1,0.8993081710140275,0.11501272264631043,Eastern Concrete,Broadway Plant,NJ,Eastern Region,other_or_unspecified,1500.0,1500,28.0,standard_28,253.33333333333334,strict_group,54.0,158.83333333333331,151.66666666666666,94.50000000000003,0.37302631578947376,101.66666666666669,0.4013157894736843,True,True,True
28355,1,0.8993081710140275,0.11501272264631043,Eastern Concrete,North Bergen Plant,NJ,Eastern Region,other_or_unspecified,1500.0,1500,28.0,standard_28,259.3333333333333,strict_group,54.0,158.83333333333331,151.66666666666666,100.5,0.38753213367609257,107.66666666666666,0.41516709511568123,True,True,True
27235,1,0.8987528288309997,0.11501272264631043,Eastern Concrete,Newark Plant,NJ,Eastern Region,other_or_unspecified,3000.0,3000,28.0,standard_28,143.66666666666666,strict_group,983.0,108.66666666666667,100.66666666666667,34.999999999999986,0.24361948955916465,42.999999999999986,0.2993039443155452,True,True,True
25110,1,0.898643808733575,0.11501272264631043,Eastern Concrete,Howell Plant,NJ,Eastern Region,other_or_unspecified,3000.0,3000,28.0,standard_28,139.0,strict_group,983.0,108.66666666666667,100.66666666666667,30.33333333333333,0.21822541966426856,38.33333333333333,0.2757793764988009,True,True,True
27238,1,0.8986086189058591,0.11501272264631043,Eastern Concrete,Newark Plant,NJ,Eastern Region,other_or_unspecified,3000.0,3000,28.0,standard_28,148.33333333333334,strict_group,983.0,108.66666666666667,100.66666666666667,39.66666666666667,0.26741573033707866,47.66666666666667,0.32134831460674157,True,True,True
24398,1,0.8980978415285628,0.11501272264631043,Eastern Concrete,Broadway Plant,NJ,Eastern Region,filler,3000.0,3000,28.0,standard_28,137.33333333333334,strict_group,44.0,122.66666666666667,86.8,14.666666666666671,0.10679611650485439,50.533333333333346,0.36796116504854376,True,True,False
27784,1,0.8980978415285628,0.11501272264631043,Eastern Concrete,North Bergen Plant,NJ,Eastern Region,filler,3000.0,3000,28.0,standard_28,135.33333333333334,strict_group,44.0,122.66666666666667,86.8,12.666666666666671,0.09359605911330052,48.533333333333346,0.35862068965517246,True,False,False
27829,1,0.8980978415285628,0.11501272264631043,Eastern Concrete,North Bergen Plant,NJ,Eastern Region,filler,3000.0,3000,28.0,standard_28,140.0,strict_group,44.0,122.66666666666667,86.8,17.33333333333333,0.12380952380952377,53.2,0.38,True,True,False
23183,1,0.8980978415285628,0.11501272264631043,Eastern Concrete,Bogota Plant,NJ,Eastern Region,filler,3000.0,3000,28.0,standard_28,136.0,strict_group,44.0,122.66666666666667,86.8,13.333333333333329,0.09803921568627448,49.2,0.361764705882353,True,False,False
24352,1,0.8980978415285628,0.11501272264631043,Eastern Concrete,Broadway Plant,NJ,Eastern Region,filler,3000.0,3000,28.0,standard_28,132.66666666666666,strict_group,44.0,122.66666666666667,86.8,9.999999999999986,0.07537688442211045,45.86666666666666,0.3457286432160804,True,False,False
23229,1,0.8980978415285628,0.11501272264631043,Eastern Concrete,Bogota Plant,NJ,Eastern Region,filler,3000.0,3000,28.0,standard_28,140.66666666666666,strict_group,44.0,122.66666666666667,86.8,17.999999999999986,0.12796208530805678,53.86666666666666,0.3829383886255924,True,True,False
28430,1,0.8978216986320805,0.11501272264631043,Eastern Concrete,Roseland Plant,NJ,Eastern Region,other_or_unspecified,3000.0,3000,28.0,standard_28,129.0,strict_group,983.0,108.66666666666667,100.66666666666667,20.33333333333333,0.15762273901808782,28.33333333333333,0.2196382428940568,True,True,False
23863,1,0.8975107849275421,0.11501272264631043,Eastern Concrete,Broadway Plant,NJ,Eastern Region,other_or_unspecified,2500.0,2500,28.0,standard_28,144.4,strict_group,109.0,120.4,112.96000000000001,24.0,0.16620498614958448,31.439999999999998,0.21772853185595564,True,True,False
22711,1,0.8975107849275421,0.11501272264631043,Eastern Concrete,Bogota Plant,NJ,Eastern Region,other_or_unspecified,2500.0,2500,28.0,standard_28,148.4,strict_group,109.0,120.4,112.96000000000001,28.0,0.18867924528301885,35.44,0.23881401617250672,True,True,False
27324,1,0.8975107849275421,0.11501272264631043,Eastern Concrete,North Bergen Plant,NJ,Eastern Region,other_or_unspecified,2500.0,2500,28.0,standard_28,148.0,strict_group,109.0,120.4,112.96000000000001,27.599999999999994,0.18648648648648644,35.03999999999999,0.2367567567567567,True,True,False
26142,1,0.8972435638473194,0.11501272264631043,Eastern Concrete,Howell Plant,NJ,Eastern Region,other_or_unspecified,3000.0,3000,28.0,standard_28,157.66666666666666,strict_group,983.0,108.66666666666667,100.66666666666667,48.999999999999986,0.31078224101479907,56.999999999999986,0.361522198731501,True,True,True
26141,1,0.8972435638473194,0.11501272264631043,Eastern Concrete,Howell Plant,NJ,Eastern Region,other_or_unspecified,3000.0,3000,28.0,standard_28,157.66666666666666,strict_group,983.0,108.66666666666667,100.66666666666667,48.999999999999986,0.31078224101479907,56.999999999999986,0.361522198731501,True,True,True
29929,1,0.8968811589534303,0.11501272264631043,Eastern Concrete,West Nyack Plant,NY,Eastern Region,other_or_unspecified,3000.0,3000,28.0,standard_28,146.0,strict_group,983.0,108.66666666666667,100.66666666666667,37.33333333333333,0.2557077625570776,45.33333333333333,0.3105022831050228,True,True,True
29525,1,0.8950287561902707,0.11501272264631043,Eastern Concrete,West Nyack Plant,NY,Eastern Region,other_or_unspecified,2500.0,2500,28.0,standard_28,164.0,strict_group,109.0,120.4,112.96000000000001,43.599999999999994,0.2658536585365853,51.03999999999999,0.3112195121951219,True,True,True
4626,1,0.8942687230367962,0.11501272264631043,Cape Cod Ready Mix,Orleans Plant,MA,Eastern Region,other_or_unspecified,2500.0,2500,28.0,standard_28,150.0,strict_group,109.0,120.4,112.96000000000001,29.599999999999994,0.1973333333333333,37.03999999999999,0.24693333333333328,True,True,False
2015,0,0.8915466339590901,0.11501272264631043,Bonded Concrete Inc. / The Clemente Group,Pleasant Valley Plant,NY,Eastern Region,other_or_unspecified,3000.0,3000,28.0,standard_28,114.33333333333333,strict_group,983.0,108.66666666666667,100.66666666666667,5.666666666666657,0.04956268221574336,13.666666666666657,0.11953352769679293,True,False,False
22563,1,0.8911504153731946,0.11501272264631043,Eastern Concrete,Bayonne Plant,NJ,Eastern Region,other_or_unspecified,2500.0,2500,28.0,standard_28,133.6,strict_group,109.0,120.4,112.96000000000001,13.199999999999989,0.09880239520958076,20.639999999999986,0.15449101796407175,True,False,False
29521,1,0.889709326614232,0.11501272264631043,Eastern Concrete,West Nyack Plant,NY,Eastern Region,other_or_unspecified,2000.0,2000,28.0,standard_28,160.0,strict_group,58.0,139.0,133.8,21.0,0.13125,26.19999999999999,0.16374999999999992,True,True,False
25504,1,0.8865056951283012,0.11501272264631043,Eastern Concrete,Howell Plant,NJ,Eastern Region,other_or_unspecified,3000.0,3000,28.0,standard_28,133.66666666666666,strict_group,983.0,108.66666666666667,100.66666666666667,24.999999999999986,0.18703241895261835,32.999999999999986,0.24688279301745628,True,True,False
28388,1,0.886385086652583,0.11501272264631043,Eastern Concrete,Roseland Plant,NJ,Eastern Region,other_or_unspecified,3000.0,3000,28.0,standard_28,124.66666666666667,strict_group,983.0,108.66666666666667,100.66666666666667,16.0,0.1283422459893048,24.0,0.1925133689839572,True,True,False
42863,1,0.8861918988084866,0.11501272264631043,Scioto Ready Mix,Obetz Plant,OH,Great Lakes Region,filler,2500.0,2500,28.0,standard_28,200.8,strict_group,5.0,204.4,202.24,0.0,0.0,0.0,0.0,True,False,False
25043,1,0.8856881310033846,0.11501272264631043,Eastern Concrete,Howell Plant,NJ,Eastern Region,other_or_unspecified,2500.0,2500,28.0,standard_28,151.2,strict_group,109.0,120.4,112.96000000000001,30.799999999999983,0.2037037037037036,38.23999999999998,0.2529100529100528,True,True,True
28365,1,0.8800351293935925,0.11501272264631043,Eastern Concrete,Roseland Plant,NJ,Eastern Region,other_or_unspecified,2000.0,2000,28.0,standard_28,136.5,strict_group,58.0,139.0,133.8,0.0,0.0,2.6999999999999886,0.019780219780219696,True,False,False
25050,1,0.8798313891979446,0.11501272264631043,Eastern Concrete,Howell Plant,NJ,Eastern Region,other_or_unspecified,2500.0,2500,28.0,standard_28,145.2,strict_group,109.0,120.4,112.96000000000001,24.799999999999983,0.17079889807162524,32.23999999999998,0.22203856749311282,True,True,False
30406,1,0.8793910310024693,0.11501272264631043,Eastern Concrete,West Nyack Plant,NY,Eastern Region,other_or_unspecified,3000.0,3000,28.0,standard_28,164.66666666666666,strict_group,983.0,108.66666666666667,100.66666666666667,55.999999999999986,0.34008097165991896,63.999999999999986,0.388663967611336,True,True,True
2218,1,0.8778134445791518,0.11501272264631043,Boston Sand & Gravel,Southeastern Concrete Plant,MA,Eastern Region,other_or_unspecified,4000.0,4000,28.0,standard_28,134.0,strict_group,2318.0,91.5,80.75,42.5,0.31716417910447764,53.25,0.39738805970149255,True,True,True
27318,1,0.87751678893077,0.11501272264631043,Eastern Concrete,North Bergen Plant,NJ,Eastern Region,other_or_unspecified,2500.0,2500,28.0,standard_28,148.4,strict_group,109.0,120.4,112.96000000000001,28.0,0.18867924528301885,35.44,0.23881401617250672,True,True,False
22706,1,0.87751678893077,0.11501272264631043,Eastern Concrete,Bogota Plant,NJ,Eastern Region,other_or_unspecified,2500.0,2500,28.0,standard_28,148.8,strict_group,109.0,120.4,112.96000000000001,28.400000000000006,0.19086021505376347,35.84,0.24086021505376345,True,True,False
23857,1,0.87751678893077,0.11501272264631043,Eastern Concrete,Broadway Plant,NJ,Eastern Region,other_or_unspecified,2500.0,2500,28.0,standard_28,144.8,strict_group,109.0,120.4,112.96000000000001,24.400000000000006,0.1685082872928177,31.840000000000003,0.21988950276243094,True,True,False
28570,1,0.8742068180541711,0.11501272264631043,Eastern Concrete,Roseland Plant,NJ,Eastern Region,other_or_unspecified,3000.0,3000,28.0,standard_28,146.0,strict_group,983.0,108.66666666666667,100.66666666666667,37.33333333333333,0.2557077625570776,45.33333333333333,0.3105022831050228,True,True,True
29903,1,0.8738361066553365,0.11501272264631043,Eastern Concrete,West Nyack Plant,NY,Eastern Region,other_or_unspecified,2500.0,2500,28.0,standard_28,163.2,strict_group,109.0,120.4,112.96000000000001,42.79999999999998,0.2622549019607842,50.23999999999998,0.30784313725490187,True,True,True
28415,1,0.8736806161763223,0.11501272264631043,Eastern Concrete,Roseland Plant,NJ,Eastern Region,other_or_unspecified,3000.0,3000,28.0,standard_28,130.0,strict_group,983.0,108.66666666666667,100.66666666666667,21.33333333333333,0.16410256410256407,29.33333333333333,0.22564102564102562,True,True,False
26167,1,0.8721850033311018,0.11501272264631043,Eastern Concrete,Newark Plant,NJ,Eastern Region,other_or_unspecified,2500.0,2500,28.0,standard_28,139.2,strict_group,109.0,120.4,112.96000000000001,18.799999999999983,0.1350574712643677,26.23999999999998,0.18850574712643667,True,True,False
22732,1,0.8714842965041852,0.11501272264631043,Eastern Concrete,Bogota Plant,NJ,Eastern Region,other_or_unspecified,3000.0,3000,28.0,standard_28,127.66666666666667,strict_group,983.0,108.66666666666667,100.66666666666667,19.0,0.14882506527415143,27.0,0.21148825065274152,True,True,False
27347,1,0.8714842965041852,0.11501272264631043,Eastern Concrete,North Bergen Plant,NJ,Eastern Region,other_or_unspecified,3000.0,3000,28.0,standard_28,127.0,strict_group,983.0,108.66666666666667,100.66666666666667,18.33333333333333,0.14435695538057738,26.33333333333333,0.20734908136482935,True,True,False
27333,1,0.8714842965041852,0.11501272264631043,Eastern Concrete,North Bergen Plant,NJ,Eastern Region,other_or_unspecified,3000.0,3000,28.0,standard_28,127.0,strict_group,983.0,108.66666666666667,100.66666666666667,18.33333333333333,0.14435695538057738,26.33333333333333,0.20734908136482935,True,True,False
27359,1,0.8714842965041852,0.11501272264631043,Eastern Concrete,North Bergen Plant,NJ,Eastern Region,other_or_unspecified,3000.0,3000,28.0,standard_28,131.66666666666666,strict_group,983.0,108.66666666666667,100.66666666666667,22.999999999999986,0.17468354430379737,30.999999999999986,0.23544303797468347,True,True,False
22763,1,0.8714842965041852,0.11501272264631043,Eastern Concrete,Bogota Plant,NJ,Eastern Region,other_or_unspecified,3000.0,3000,28.0,standard_28,134.0,strict_group,983.0,108.66666666666667,100.66666666666667,25.33333333333333,0.18905472636815918,33.33333333333333,0.24875621890547261,True,True,False
23871,0,0.8714842965041852,0.11501272264631043,Eastern Concrete,Broadway Plant,NJ,Eastern Region,other_or_unspecified,3000.0,3000,28.0,standard_28,123.33333333333333,strict_group,983.0,108.66666666666667,100.66666666666667,14.666666666666657,0.11891891891891884,22.666666666666657,0.1837837837837837,True,True,False
27353,1,0.8714842965041852,0.11501272264631043,Eastern Concrete,North Bergen Plant,NJ,Eastern Region,other_or_unspecified,3000.0,3000,28.0,standard_28,131.66666666666666,strict_group,983.0,108.66666666666667,100.66666666666667,22.999999999999986,0.17468354430379737,30.999999999999986,0.23544303797468347,True,True,False
22764,1,0.8714842965041852,0.11501272264631043,Eastern Concrete,Bogota Plant,NJ,Eastern Region,other_or_unspecified,3000.0,3000,28.0,standard_28,134.33333333333334,strict_group,983.0,108.66666666666667,100.66666666666667,25.66666666666667,0.19106699751861045,33.66666666666667,0.250620347394541,True,True,False
27378,1,0.8714842965041852,0.11501272264631043,Eastern Concrete,North Bergen Plant,NJ,Eastern Region,other_or_unspecified,3000.0,3000,28.0,standard_28,133.66666666666666,strict_group,983.0,108.66666666666667,100.66666666666667,24.999999999999986,0.18703241895261835,32.999999999999986,0.24688279301745628,True,True,False
23885,1,0.8714842965041852,0.11501272264631043,Eastern Concrete,Broadway Plant,NJ,Eastern Region,other_or_unspecified,3000.0,3000,28.0,standard_28,124.33333333333333,strict_group,983.0,108.66666666666667,100.66666666666667,15.666666666666657,0.12600536193029482,23.666666666666657,0.19034852546916883,True,True,False
23886,1,0.8714842965041852,0.11501272264631043,Eastern Concrete,Broadway Plant,NJ,Eastern Region,other_or_unspecified,3000.0,3000,28.0,standard_28,124.33333333333333,strict_group,983.0,108.66666666666667,100.66666666666667,15.666666666666657,0.12600536193029482,23.666666666666657,0.19034852546916883,True,True,False
22740,1,0.8714842965041852,0.11501272264631043,Eastern Concrete,Bogota Plant,NJ,Eastern Region,other_or_unspecified,3000.0,3000,28.0,standard_28,132.0,strict_group,983.0,108.66666666666667,100.66666666666667,23.33333333333333,0.17676767676767674,31.33333333333333,0.23737373737373735,True,True,False
23913,1,0.8714842965041852,0.11501272264631043,Eastern Concrete,Broadway Plant,NJ,Eastern Region,other_or_unspecified,3000.0,3000,28.0,standard_28,128.0,strict_group,983.0,108.66666666666667,100.66666666666667,19.33333333333333,0.15104166666666663,27.33333333333333,0.21354166666666663,True,True,False
27346,1,0.8714842965041852,0.11501272264631043,Eastern Concrete,North Bergen Plant,NJ,Eastern Region,other_or_unspecified,3000.0,3000,28.0,standard_28,127.0,strict_group,983.0,108.66666666666667,100.66666666666667,18.33333333333333,0.14435695538057738,26.33333333333333,0.20734908136482935,True,True,False
27332,1,0.8714842965041852,0.11501272264631043,Eastern Concrete,North Bergen Plant,NJ,Eastern Region,other_or_unspecified,3000.0,3000,28.0,standard_28,126.33333333333333,strict_group,983.0,108.66666666666667,100.66666666666667,17.666666666666657,0.13984168865435348,25.666666666666657,0.20316622691292868,True,True,False
22719,1,0.8714842965041852,0.11501272264631043,Eastern Concrete,Bogota Plant,NJ,Eastern Region,other_or_unspecified,3000.0,3000,28.0,standard_28,126.66666666666667,strict_group,983.0,108.66666666666667,100.66666666666667,18.0,0.14210526315789473,26.0,0.20526315789473684,True,True,False
22720,1,0.8714842965041852,0.11501272264631043,Eastern Concrete,Bogota Plant,NJ,Eastern Region,other_or_unspecified,3000.0,3000,28.0,standard_28,127.33333333333333,strict_group,983.0,108.66666666666667,100.66666666666667,18.666666666666657,0.1465968586387434,26.666666666666657,0.20942408376963345,True,True,False
22746,1,0.8714842965041852,0.11501272264631043,Eastern Concrete,Bogota Plant,NJ,Eastern Region,other_or_unspecified,3000.0,3000,28.0,standard_28,132.0,strict_group,983.0,108.66666666666667,100.66666666666667,23.33333333333333,0.17676767676767674,31.33333333333333,0.23737373737373735,True,True,False
22733,1,0.8714842965041852,0.11501272264631043,Eastern Concrete,Bogota Plant,NJ,Eastern Region,other_or_unspecified,3000.0,3000,28.0,standard_28,127.66666666666667,strict_group,983.0,108.66666666666667,100.66666666666667,19.0,0.14882506527415143,27.0,0.21148825065274152,True,True,False
23899,1,0.8714842965041852,0.11501272264631043,Eastern Concrete,Broadway Plant,NJ,Eastern Region,other_or_unspecified,3000.0,3000,28.0,standard_28,128.66666666666666,strict_group,983.0,108.66666666666667,100.66666666666667,19.999999999999986,0.15544041450777193,27.999999999999986,0.21761658031088074,True,True,False
27379,1,0.8714842965041852,0.11501272264631043,Eastern Concrete,North Bergen Plant,NJ,Eastern Region,other_or_unspecified,3000.0,3000,28.0,standard_28,133.66666666666666,strict_group,983.0,108.66666666666667,100.66666666666667,24.999999999999986,0.18703241895261835,32.999999999999986,0.24688279301745628,True,True,False
23919,1,0.8714842965041852,0.11501272264631043,Eastern Concrete,Broadway Plant,NJ,Eastern Region,other_or_unspecified,3000.0,3000,28.0,standard_28,130.66666666666666,strict_group,983.0,108.66666666666667,100.66666666666667,21.999999999999986,0.16836734693877542,29.999999999999986,0.22959183673469377,True,True,False
23893,1,0.8714842965041852,0.11501272264631043,Eastern Concrete,Broadway Plant,NJ,Eastern Region,other_or_unspecified,3000.0,3000,28.0,standard_28,128.66666666666666,strict_group,983.0,108.66666666666667,100.66666666666667,19.999999999999986,0.15544041450777193,27.999999999999986,0.21761658031088074,True,True,False
23920,1,0.8714842965041852,0.11501272264631043,Eastern Concrete,Broadway Plant,NJ,Eastern Region,other_or_unspecified,3000.0,3000,28.0,standard_28,131.0,strict_group,983.0,108.66666666666667,100.66666666666667,22.33333333333333,0.1704834605597964,30.33333333333333,0.23155216284987273,True,True,False
23872,1,0.8714842965041852,0.11501272264631043,Eastern Concrete,Broadway Plant,NJ,Eastern Region,other_or_unspecified,3000.0,3000,28.0,standard_28,124.33333333333333,strict_group,983.0,108.66666666666667,100.66666666666667,15.666666666666657,0.12600536193029482,23.666666666666657,0.19034852546916883,True,True,False
27372,1,0.8714842965041852,0.11501272264631043,Eastern Concrete,North Bergen Plant,NJ,Eastern Region,other_or_unspecified,3000.0,3000,28.0,standard_28,130.66666666666666,strict_group,983.0,108.66666666666667,100.66666666666667,21.999999999999986,0.16836734693877542,29.999999999999986,0.22959183673469377,True,True,False
27296,1,0.8692255334282578,0.11501272264631043,Eastern Concrete,Newark Plant,NJ,Eastern Region,other_or_unspecified,2500.0,2500,28.0,standard_28,129.6,strict_group,109.0,120.4,112.96000000000001,9.199999999999989,0.07098765432098757,16.639999999999986,0.12839506172839496,True,False,False
25044,1,0.8655715921441162,0.11501272264631043,Eastern Concrete,Howell Plant,NJ,Eastern Region,other_or_unspecified,2500.0,2500,28.0,standard_28,150.4,strict_group,109.0,120.4,112.96000000000001,30.0,0.19946808510638298,37.44,0.24893617021276593,True,True,False
28418,1,0.8653507665117398,0.11501272264631043,Eastern Concrete,Roseland Plant,NJ,Eastern Region,other_or_unspecified,3000.0,3000,28.0,standard_28,129.0,strict_group,983.0,108.66666666666667,100.66666666666667,20.33333333333333,0.15762273901808782,28.33333333333333,0.2196382428940568,True,True,False
25049,1,0.8652931703152283,0.11501272264631043,Eastern Concrete,Howell Plant,NJ,Eastern Region,other_or_unspecified,2500.0,2500,28.0,standard_28,150.4,strict_group,109.0,120.4,112.96000000000001,30.0,0.19946808510638298,37.44,0.24893617021276593,True,True,False
26207,1,0.8645346403275002,0.11501272264631043,Eastern Concrete,Newark Plant,NJ,Eastern Region,other_or_unspecified,3000.0,3000,28.0,standard_28,124.0,strict_group,983.0,108.66666666666667,100.66666666666667,15.333333333333329,0.12365591397849458,23.33333333333333,0.18817204301075266,True,True,False
28382,1,0.8645117426896283,0.11501272264631043,Eastern Concrete,Roseland Plant,NJ,Eastern Region,other_or_unspecified,2500.0,2500,28.0,standard_28,146.0,strict_group,109.0,120.4,112.96000000000001,25.599999999999994,0.17534246575342463,33.03999999999999,0.22630136986301363,True,True,False
42737,0,0.863804632755055,0.11501272264631043,Scioto Ready Mix,Dublin Plant,OH,Great Lakes Region,structural,2000.0,2000,28.0,standard_28,106.0,strict_group,5.0,106.0,105.4,0.0,0.0,0.5999999999999943,0.005660377358490513,True,False,False
42708,0,0.863804632755055,0.11501272264631043,Scioto Ready Mix,Delaware Plant,OH,Great Lakes Region,structural,2000.0,2000,28.0,standard_28,112.5,strict_group,5.0,106.0,105.4,6.5,0.057777777777777775,7.099999999999994,0.06311111111111106,True,False,False
42679,0,0.863804632755055,0.11501272264631043,Scioto Ready Mix,Alexandria Plant,OH,Great Lakes Region,structural,2000.0,2000,28.0,standard_28,108.0,strict_group,5.0,106.0,105.4,2.0,0.018518518518518517,2.5999999999999943,0.024074074074074022,True,False,False
42783,0,0.863804632755055,0.11501272264631043,Scioto Ready Mix,New Albany Plant,OH,Great Lakes Region,structural,2000.0,2000,28.0,standard_28,119.5,strict_group,5.0,106.0,105.4,13.5,0.11297071129707113,14.099999999999994,0.11799163179916314,True,True,False
28375,1,0.863804009182174,0.11501272264631043,Eastern Concrete,Roseland Plant,NJ,Eastern Region,other_or_unspecified,2500.0,2500,28.0,standard_28,145.6,strict_group,109.0,120.4,112.96000000000001,25.19999999999999,0.17307692307692302,32.639999999999986,0.2241758241758241,True,True,False
26220,1,0.8602693712961312,0.11501272264631043,Eastern Concrete,Newark Plant,NJ,Eastern Region,other_or_unspecified,3000.0,3000,28.0,standard_28,124.0,strict_group,983.0,108.66666666666667,100.66666666666667,15.333333333333329,0.12365591397849458,23.33333333333333,0.18817204301075266,True,True,False
25572,1,0.8600629764274584,0.11501272264631043,Eastern Concrete,Howell Plant,NJ,Eastern Region,other_or_unspecified,3000.0,3000,28.0,standard_28,144.66666666666666,strict_group,983.0,108.66666666666667,100.66666666666667,35.999999999999986,0.24884792626728103,43.999999999999986,0.3041474654377879,True,True,True
26157,1,0.8581294953990922,0.11501272264631043,Eastern Concrete,Newark Plant,NJ,Eastern Region,other_or_unspecified,2000.0,2000,28.0,standard_28,128.5,strict_group,58.0,139.0,133.8,0.0,0.0,0.0,0.0,True,False,False
25033,1,0.8581294953990922,0.11501272264631043,Eastern Concrete,Howell Plant,NJ,Eastern Region,other_or_unspecified,2000.0,2000,28.0,standard_28,142.5,strict_group,58.0,139.0,133.8,3.5,0.02456140350877193,8.699999999999989,0.06105263157894729,True,False,False
25486,1,0.8543599162936071,0.11501272264631043,Eastern Concrete,Howell Plant,NJ,Eastern Region,filler,3000.0,3000,28.0,standard_28,133.66666666666666,strict_group,44.0,122.66666666666667,86.8,10.999999999999986,0.08229426433915202,46.86666666666666,0.3506234413965087,True,False,False
22627,0,0.8541031525188355,0.11501272264631043,Eastern Concrete,Bayonne Plant,NJ,Eastern Region,other_or_unspecified,3000.0,3000,28.0,standard_28,120.33333333333333,strict_group,983.0,108.66666666666667,100.66666666666667,11.666666666666657,0.09695290858725754,19.666666666666657,0.16343490304709135,True,False,False
30433,1,0.8517540152309137,0.11501272264631043,Eastern Concrete,West Nyack Plant,NY,Eastern Region,other_or_unspecified,1500.0,1500,28.0,standard_28,280.6666666666667,strict_group,54.0,158.83333333333331,151.66666666666666,121.83333333333337,0.4340855106888362,129.00000000000003,0.45961995249406185,True,True,True
27809,1,0.8515165086995673,0.11501272264631043,Eastern Concrete,North Bergen Plant,NJ,Eastern Region,other_or_unspecified,3000.0,3000,28.0,standard_28,139.66666666666666,strict_group,983.0,108.66666666666667,100.66666666666667,30.999999999999986,0.22195704057279228,38.999999999999986,0.2792362768496419,True,True,True
23208,1,0.8515165086995673,0.11501272264631043,Eastern Concrete,Bogota Plant,NJ,Eastern Region,other_or_unspecified,3000.0,3000,28.0,standard_28,140.33333333333334,strict_group,983.0,108.66666666666667,100.66666666666667,31.66666666666667,0.22565320665083138,39.66666666666667,0.2826603325415677,True,True,True
24377,1,0.8515165086995673,0.11501272264631043,Eastern Concrete,Broadway Plant,NJ,Eastern Region,other_or_unspecified,3000.0,3000,28.0,standard_28,137.0,strict_group,983.0,108.66666666666667,100.66666666666667,28.33333333333333,0.2068126520681265,36.33333333333333,0.2652068126520681,True,True,True
42853,1,0.8508326371434793,0.11501272264631043,Scioto Ready Mix,Obetz Plant,OH,Great Lakes Region,filler,3000.0,3000,28.0,standard_28,149.33333333333334,strict_group,10.0,98.83333333333333,96.86666666666667,50.500000000000014,0.3381696428571429,52.46666666666667,0.3513392857142857,True,True,True
22097,1,0.8499904363420303,0.11501272264631043,Conewago Manufacturing,Conewago Manufacturing Plant,PA,Eastern Region,filler,800.0,1000,28.0,standard_28,291.25,regional_strength_group,36.0,199.75,90.55,91.5,0.3141630901287554,200.7,0.6890987124463519,True,True,True
42702,1,0.8499069567889121,0.11501272264631043,Scioto Ready Mix,Alexandria Plant,OH,Great Lakes Region,filler,2500.0,2500,28.0,standard_28,204.4,strict_group,5.0,204.4,202.24,0.0,0.0,2.1599999999999966,0.010567514677103701,True,False,False
42776,1,0.8499069567889121,0.11501272264631043,Scioto Ready Mix,Dublin Plant,OH,Great Lakes Region,filler,2500.0,2500,28.0,standard_28,204.4,strict_group,5.0,204.4,202.24,0.0,0.0,2.1599999999999966,0.010567514677103701,True,False,False
42730,1,0.8499069567889121,0.11501272264631043,Scioto Ready Mix,Delaware Plant,OH,Great Lakes Region,filler,2500.0,2500,28.0,standard_28,211.2,strict_group,5.0,204.4,202.24,6.799999999999983,0.03219696969696962,8.95999999999998,0.04242424242424233,True,False,False
30479,1,0.8497831882263359,0.11501272264631043,"Ernst Enterprises, Inc.",Columbus Plant,OH,Great Lakes Region,other_or_unspecified,3500.0,3500,28.0,standard_28,132.57142857142858,strict_group,21.0,76.85714285714286,74.0,55.71428571428572,0.4202586206896552,58.571428571428584,0.44181034482758624,True,True,True
27766,1,0.8481805175410341,0.11501272264631043,Eastern Concrete,North Bergen Plant,NJ,Eastern Region,other_or_unspecified,3000.0,3000,28.0,standard_28,132.66666666666666,strict_group,983.0,108.66666666666667,100.66666666666667,23.999999999999986,0.18090452261306522,31.999999999999986,0.24120603015075368,True,True,False
23165,1,0.8481805175410341,0.11501272264631043,Eastern Concrete,Bogota Plant,NJ,Eastern Region,other_or_unspecified,3000.0,3000,28.0,standard_28,134.33333333333334,strict_group,983.0,108.66666666666667,100.66666666666667,25.66666666666667,0.19106699751861045,33.66666666666667,0.250620347394541,True,True,False
24334,1,0.8481805175410341,0.11501272264631043,Eastern Concrete,Broadway Plant,NJ,Eastern Region,other_or_unspecified,3000.0,3000,28.0,standard_28,130.0,strict_group,983.0,108.66666666666667,100.66666666666667,21.33333333333333,0.16410256410256407,29.33333333333333,0.22564102564102562,True,True,False
28846,1,0.8461888130798656,0.11501272264631043,Eastern Concrete,Roseland Plant,NJ,Eastern Region,other_or_unspecified,3000.0,3000,28.0,standard_28,132.66666666666666,strict_group,983.0,108.66666666666667,100.66666666666667,23.999999999999986,0.18090452261306522,31.999999999999986,0.24120603015075368,True,True,False
42873,1,0.8443490246467316,0.11501272264631043,Silver Strike Concrete,Silver Strike Sparks Plant,NV,Pacific Southwest Region,filler,3000.0,3000,28.0,standard_28,136.66666666666666,national_spec_group,73.0,99.33333333333333,91.33333333333333,37.33333333333333,0.27317073170731704,45.33333333333333,0.3317073170731707,True,True,True
2217,0,0.8425049963626068,0.11501272264631043,Boston Sand & Gravel,Southeastern Concrete Plant,MA,Eastern Region,other_or_unspecified,4000.0,4000,28.0,standard_28,119.0,strict_group,2318.0,91.5,80.75,27.5,0.23109243697478993,38.25,0.32142857142857145,True,True,True
27355,1,0.8387770388034673,0.11501272264631043,Eastern Concrete,North Bergen Plant,NJ,Eastern Region,other_or_unspecified,3000.0,3000,28.0,standard_28,132.0,strict_group,983.0,108.66666666666667,100.66666666666667,23.33333333333333,0.17676767676767674,31.33333333333333,0.23737373737373735,True,True,False
23895,1,0.8387770388034673,0.11501272264631043,Eastern Concrete,Broadway Plant,NJ,Eastern Region,other_or_unspecified,3000.0,3000,28.0,standard_28,129.33333333333334,strict_group,983.0,108.66666666666667,100.66666666666667,20.66666666666667,0.1597938144329897,28.66666666666667,0.2216494845360825,True,True,False
22742,1,0.8387770388034673,0.11501272264631043,Eastern Concrete,Bogota Plant,NJ,Eastern Region,other_or_unspecified,3000.0,3000,28.0,standard_28,132.33333333333334,strict_group,983.0,108.66666666666667,100.66666666666667,23.66666666666667,0.1788413098236776,31.66666666666667,0.23929471032745595,True,True,False
24312,1,0.8379008355704947,0.11501272264631043,Eastern Concrete,Broadway Plant,NJ,Eastern Region,other_or_unspecified,3000.0,3000,28.0,standard_28,125.0,strict_group,983.0,108.66666666666667,100.66666666666667,16.33333333333333,0.13066666666666663,24.33333333333333,0.19466666666666663,True,True,False
24358,1,0.8379008355704947,0.11501272264631043,Eastern Concrete,Broadway Plant,NJ,Eastern Region,other_or_unspecified,3000.0,3000,28.0,standard_28,132.66666666666666,strict_group,983.0,108.66666666666667,100.66666666666667,23.999999999999986,0.18090452261306522,31.999999999999986,0.24120603015075368,True,True,False
23168,1,0.8379008355704947,0.11501272264631043,Eastern Concrete,Bogota Plant,NJ,Eastern Region,other_or_unspecified,3000.0,3000,28.0,standard_28,132.0,strict_group,983.0,108.66666666666667,100.66666666666667,23.33333333333333,0.17676767676767674,31.33333333333333,0.23737373737373735,True,True,False
27860,1,0.8379008355704947,0.11501272264631043,Eastern Concrete,North Bergen Plant,NJ,Eastern Region,other_or_unspecified,3000.0,3000,28.0,standard_28,148.0,strict_group,983.0,108.66666666666667,100.66666666666667,39.33333333333333,0.2657657657657657,47.33333333333333,0.3198198198198198,True,True,True
23209,1,0.8379008355704947,0.11501272264631043,Eastern Concrete,Bogota Plant,NJ,Eastern Region,other_or_unspecified,3000.0,3000,28.0,standard_28,140.33333333333334,strict_group,983.0,108.66666666666667,100.66666666666667,31.66666666666667,0.22565320665083138,39.66666666666667,0.2826603325415677,True,True,True
24317,1,0.8379008355704947,0.11501272264631043,Eastern Concrete,Broadway Plant,NJ,Eastern Region,other_or_unspecified,3000.0,3000,28.0,standard_28,128.66666666666666,strict_group,983.0,108.66666666666667,100.66666666666667,19.999999999999986,0.15544041450777193,27.999999999999986,0.21761658031088074,True,True,False
24337,1,0.8379008355704947,0.11501272264631043,Eastern Concrete,Broadway Plant,NJ,Eastern Region,other_or_unspecified,3000.0,3000,28.0,standard_28,128.66666666666666,strict_group,983.0,108.66666666666667,100.66666666666667,19.999999999999986,0.15544041450777193,27.999999999999986,0.21761658031088074,True,True,False
27769,1,0.8379008355704947,0.11501272264631043,Eastern Concrete,North Bergen Plant,NJ,Eastern Region,other_or_unspecified,3000.0,3000,28.0,standard_28,131.66666666666666,strict_group,983.0,108.66666666666667,100.66666666666667,22.999999999999986,0.17468354430379737,30.999999999999986,0.23544303797468347,True,True,False
24310,0,0.8379008355704947,0.11501272264631043,Eastern Concrete,Broadway Plant,NJ,Eastern Region,other_or_unspecified,3000.0,3000,28.0,standard_28,120.0,strict_group,983.0,108.66666666666667,100.66666666666667,11.333333333333329,0.0944444444444444,19.33333333333333,0.16111111111111107,True,False,False
27810,1,0.8379008355704947,0.11501272264631043,Eastern Concrete,North Bergen Plant,NJ,Eastern Region,other_or_unspecified,3000.0,3000,28.0,standard_28,139.33333333333334,strict_group,983.0,108.66666666666667,100.66666666666667,30.66666666666667,0.22009569377990432,38.66666666666667,0.27751196172248804,True,True,True
27790,1,0.8379008355704947,0.11501272264631043,Eastern Concrete,North Bergen Plant,NJ,Eastern Region,other_or_unspecified,3000.0,3000,28.0,standard_28,135.33333333333334,strict_group,983.0,108.66666666666667,100.66666666666667,26.66666666666667,0.19704433497536947,34.66666666666667,0.2561576354679803,True,True,False
24320,1,0.8379008355704947,0.11501272264631043,Eastern Concrete,Broadway Plant,NJ,Eastern Region,other_or_unspecified,3000.0,3000,28.0,standard_28,128.66666666666666,strict_group,983.0,108.66666666666667,100.66666666666667,19.999999999999986,0.15544041450777193,27.999999999999986,0.21761658031088074,True,True,False
24376,1,0.8379008355704947,0.11501272264631043,Eastern Concrete,Broadway Plant,NJ,Eastern Region,other_or_unspecified,3000.0,3000,28.0,standard_28,137.0,strict_group,983.0,108.66666666666667,100.66666666666667,28.33333333333333,0.2068126520681265,36.33333333333333,0.2652068126520681,True,True,True
23207,1,0.8379008355704947,0.11501272264631043,Eastern Concrete,Bogota Plant,NJ,Eastern Region,other_or_unspecified,3000.0,3000,28.0,standard_28,140.33333333333334,strict_group,983.0,108.66666666666667,100.66666666666667,31.66666666666667,0.22565320665083138,39.66666666666667,0.2826603325415677,True,True,True
27753,1,0.8379008355704947,0.11501272264631043,Eastern Concrete,North Bergen Plant,NJ,Eastern Region,other_or_unspecified,3000.0,3000,28.0,standard_28,131.33333333333334,strict_group,983.0,108.66666666666667,100.66666666666667,22.66666666666667,0.17258883248730966,30.66666666666667,0.233502538071066,True,True,False
24319,1,0.8379008355704947,0.11501272264631043,Eastern Concrete,Broadway Plant,NJ,Eastern Region,other_or_unspecified,3000.0,3000,28.0,standard_28,128.66666666666666,strict_group,983.0,108.66666666666667,100.66666666666667,19.999999999999986,0.15544041450777193,27.999999999999986,0.21761658031088074,True,True,False
27744,0,0.8379008355704947,0.11501272264631043,Eastern Concrete,North Bergen Plant,NJ,Eastern Region,other_or_unspecified,3000.0,3000,28.0,standard_28,123.0,strict_group,983.0,108.66666666666667,100.66666666666667,14.333333333333329,0.11653116531165308,22.33333333333333,0.18157181571815714,True,True,False
23261,1,0.8379008355704947,0.11501272264631043,Eastern Concrete,Bogota Plant,NJ,Eastern Region,other_or_unspecified,3000.0,3000,28.0,standard_28,149.0,strict_group,983.0,108.66666666666667,100.66666666666667,40.33333333333333,0.27069351230425054,48.33333333333333,0.32438478747203575,True,True,True
24430,1,0.8379008355704947,0.11501272264631043,Eastern Concrete,Broadway Plant,NJ,Eastern Region,other_or_unspecified,3000.0,3000,28.0,standard_28,145.66666666666666,strict_group,983.0,108.66666666666667,100.66666666666667,36.999999999999986,0.2540045766590388,44.999999999999986,0.3089244851258581,True,True,True
23189,1,0.8379008355704947,0.11501272264631043,Eastern Concrete,Bogota Plant,NJ,Eastern Region,other_or_unspecified,3000.0,3000,28.0,standard_28,136.0,strict_group,983.0,108.66666666666667,100.66666666666667,27.33333333333333,0.2009803921568627,35.33333333333333,0.2598039215686274,True,True,True
27746,1,0.8379008355704947,0.11501272264631043,Eastern Concrete,North Bergen Plant,NJ,Eastern Region,other_or_unspecified,3000.0,3000,28.0,standard_28,127.33333333333333,strict_group,983.0,108.66666666666667,100.66666666666667,18.666666666666657,0.1465968586387434,26.666666666666657,0.20942408376963345,True,True,False
23150,1,0.8379008355704947,0.11501272264631043,Eastern Concrete,Bogota Plant,NJ,Eastern Region,other_or_unspecified,3000.0,3000,28.0,standard_28,132.0,strict_group,983.0,108.66666666666667,100.66666666666667,23.33333333333333,0.17676767676767674,31.33333333333333,0.23737373737373735,True,True,False
24378,1,0.8379008355704947,0.11501272264631043,Eastern Concrete,Broadway Plant,NJ,Eastern Region,other_or_unspecified,3000.0,3000,28.0,standard_28,137.0,strict_group,983.0,108.66666666666667,100.66666666666667,28.33333333333333,0.2068126520681265,36.33333333333333,0.2652068126520681,True,True,True
23151,1,0.8379008355704947,0.11501272264631043,Eastern Concrete,Bogota Plant,NJ,Eastern Region,other_or_unspecified,3000.0,3000,28.0,standard_28,132.0,strict_group,983.0,108.66666666666667,100.66666666666667,23.33333333333333,0.17676767676767674,31.33333333333333,0.23737373737373735,True,True,False
27808,1,0.8379008355704947,0.11501272264631043,Eastern Concrete,North Bergen Plant,NJ,Eastern Region,other_or_unspecified,3000.0,3000,28.0,standard_28,139.33333333333334,strict_group,983.0,108.66666666666667,100.66666666666667,30.66666666666667,0.22009569377990432,38.66666666666667,0.27751196172248804,True,True,True
23148,1,0.8379008355704947,0.11501272264631043,Eastern Concrete,Bogota Plant,NJ,Eastern Region,other_or_unspecified,3000.0,3000,28.0,standard_28,132.0,strict_group,983.0,108.66666666666667,100.66666666666667,23.33333333333333,0.17676767676767674,31.33333333333333,0.23737373737373735,True,True,False
27750,1,0.8379008355704947,0.11501272264631043,Eastern Concrete,North Bergen Plant,NJ,Eastern Region,other_or_unspecified,3000.0,3000,28.0,standard_28,131.33333333333334,strict_group,983.0,108.66666666666667,100.66666666666667,22.66666666666667,0.17258883248730966,30.66666666666667,0.233502538071066,True,True,False
27752,1,0.8379008355704947,0.11501272264631043,Eastern Concrete,North Bergen Plant,NJ,Eastern Region,other_or_unspecified,3000.0,3000,28.0,standard_28,131.66666666666666,strict_group,983.0,108.66666666666667,100.66666666666667,22.999999999999986,0.17468354430379737,30.999999999999986,0.23544303797468347,True,True,False
23141,0,0.8379008355704947,0.11501272264631043,Eastern Concrete,Bogota Plant,NJ,Eastern Region,other_or_unspecified,3000.0,3000,28.0,standard_28,123.33333333333333,strict_group,983.0,108.66666666666667,100.66666666666667,14.666666666666657,0.11891891891891884,22.666666666666657,0.1837837837837837,True,True,False
23143,1,0.8379008355704947,0.11501272264631043,Eastern Concrete,Bogota Plant,NJ,Eastern Region,other_or_unspecified,3000.0,3000,28.0,standard_28,129.0,strict_group,983.0,108.66666666666667,100.66666666666667,20.33333333333333,0.15762273901808782,28.33333333333333,0.2196382428940568,True,True,False
22694,0,0.8375113243293526,0.11501272264631043,Eastern Concrete,Bogota Plant,NJ,Eastern Region,other_or_unspecified,1000.0,1000,28.0,standard_28,92.0,strict_group,32.0,199.75,89.95,0.0,0.0,2.049999999999997,0.022282608695652142,True,False,False
23845,0,0.8375113243293526,0.11501272264631043,Eastern Concrete,Broadway Plant,NJ,Eastern Region,other_or_unspecified,1000.0,1000,28.0,standard_28,80.8,strict_group,32.0,199.75,89.95,0.0,0.0,0.0,0.0,True,False,False
27306,0,0.8375113243293526,0.11501272264631043,Eastern Concrete,North Bergen Plant,NJ,Eastern Region,other_or_unspecified,1000.0,1000,28.0,standard_28,91.3,strict_group,32.0,199.75,89.95,0.0,0.0,1.3499999999999943,0.01478641840087617,True,False,False
23149,1,0.8366791025937299,0.11501272264631043,Eastern Concrete,Bogota Plant,NJ,Eastern Region,filler,3000.0,3000,28.0,standard_28,132.0,strict_group,44.0,122.66666666666667,86.8,9.333333333333329,0.07070707070707068,45.2,0.34242424242424246,True,False,False
27751,1,0.8366791025937299,0.11501272264631043,Eastern Concrete,North Bergen Plant,NJ,Eastern Region,filler,3000.0,3000,28.0,standard_28,131.33333333333334,strict_group,44.0,122.66666666666667,86.8,8.666666666666671,0.06598984771573607,44.533333333333346,0.3390862944162437,True,False,False
24318,1,0.8366791025937299,0.11501272264631043,Eastern Concrete,Broadway Plant,NJ,Eastern Region,filler,3000.0,3000,28.0,standard_28,128.66666666666666,strict_group,44.0,122.66666666666667,86.8,5.999999999999986,0.0466321243523315,41.86666666666666,0.3253886010362694,True,False,False
24866,1,0.8366366947562285,0.11501272264631043,Eastern Concrete,Broadway Plant,NJ,Eastern Region,filler,3000.0,3000,28.0,standard_28,129.66666666666666,strict_group,44.0,122.66666666666667,86.8,6.999999999999986,0.05398457583547547,42.86666666666666,0.3305912596401028,True,False,False
24404,1,0.8365500596597617,0.11501272264631043,Eastern Concrete,Broadway Plant,NJ,Eastern Region,other_or_unspecified,3000.0,3000,28.0,standard_28,143.66666666666666,strict_group,983.0,108.66666666666667,100.66666666666667,34.999999999999986,0.24361948955916465,42.999999999999986,0.2993039443155452,True,True,True
23235,1,0.8365500596597617,0.11501272264631043,Eastern Concrete,Bogota Plant,NJ,Eastern Region,other_or_unspecified,3000.0,3000,28.0,standard_28,148.0,strict_group,983.0,108.66666666666667,100.66666666666667,39.33333333333333,0.2657657657657657,47.33333333333333,0.3198198198198198,True,True,True
27835,1,0.8365500596597617,0.11501272264631043,Eastern Concrete,North Bergen Plant,NJ,Eastern Region,other_or_unspecified,3000.0,3000,28.0,standard_28,146.0,strict_group,983.0,108.66666666666667,100.66666666666667,37.33333333333333,0.2557077625570776,45.33333333333333,0.3105022831050228,True,True,True
29526,1,0.8361678529884597,0.11501272264631043,Eastern Concrete,West Nyack Plant,NY,Eastern Region,other_or_unspecified,2500.0,2500,28.0,standard_28,161.6,strict_group,109.0,120.4,112.96000000000001,41.19999999999999,0.2549504950495049,48.639999999999986,0.3009900990099009,True,True,True
25479,1,0.8352603098832765,0.11501272264631043,Eastern Concrete,Howell Plant,NJ,Eastern Region,other_or_unspecified,2500.0,2500,28.0,standard_28,150.4,strict_group,109.0,120.4,112.96000000000001,30.0,0.19946808510638298,37.44,0.24893617021276593,True,True,False
29908,1,0.8344534869068642,0.11501272264631043,Eastern Concrete,West Nyack Plant,NY,Eastern Region,filler,3000.0,3000,28.0,standard_28,143.0,strict_group,44.0,122.66666666666667,86.8,20.33333333333333,0.14219114219114215,56.2,0.39300699300699304,True,True,False
26205,1,0.8314951087271238,0.11501272264631043,Eastern Concrete,Newark Plant,NJ,Eastern Region,other_or_unspecified,3000.0,3000,28.0,standard_28,125.33333333333333,strict_group,983.0,108.66666666666667,100.66666666666667,16.666666666666657,0.13297872340425526,24.666666666666657,0.1968085106382978,True,True,False
23829,1,0.8301884118302355,0.11501272264631043,Eastern Concrete,Bogota Plant,NJ,Eastern Region,other_or_unspecified,3000.0,3000,28.0,standard_28,132.66666666666666,strict_group,983.0,108.66666666666667,100.66666666666667,23.999999999999986,0.18090452261306522,31.999999999999986,0.24120603015075368,True,True,False
28353,1,0.8301884118302355,0.11501272264631043,Eastern Concrete,North Bergen Plant,NJ,Eastern Region,other_or_unspecified,3000.0,3000,28.0,standard_28,132.66666666666666,strict_group,983.0,108.66666666666667,100.66666666666667,23.999999999999986,0.18090452261306522,31.999999999999986,0.24120603015075368,True,True,False
25015,0,0.8287640826248319,0.11501272264631043,Eastern Concrete,Broadway Plant,NJ,Eastern Region,other_or_unspecified,3000.0,3000,28.0,standard_28,104.66666666666667,strict_group,983.0,108.66666666666667,100.66666666666667,0.0,0.0,4.0,0.03821656050955414,True,False,False
28350,0,0.8287640826248319,0.11501272264631043,Eastern Concrete,North Bergen Plant,NJ,Eastern Region,other_or_unspecified,3000.0,3000,28.0,standard_28,108.0,strict_group,983.0,108.66666666666667,100.66666666666667,0.0,0.0,7.333333333333329,0.06790123456790119,True,False,False
23825,0,0.8287640826248319,0.11501272264631043,Eastern Concrete,Bogota Plant,NJ,Eastern Region,other_or_unspecified,3000.0,3000,28.0,standard_28,107.33333333333333,strict_group,983.0,108.66666666666667,100.66666666666667,0.0,0.0,6.666666666666657,0.06211180124223594,True,False,False
42833,1,0.8281112706852676,0.11501272264631043,Scioto Ready Mix,New Albany Plant,OH,Great Lakes Region,filler,2500.0,2500,28.0,standard_28,219.2,strict_group,5.0,204.4,202.24,14.799999999999983,0.06751824817518241,16.95999999999998,0.07737226277372254,True,False,False
22625,0,0.8267833348312155,0.11501272264631043,Eastern Concrete,Bayonne Plant,NJ,Eastern Region,other_or_unspecified,3000.0,3000,28.0,standard_28,120.0,strict_group,983.0,108.66666666666667,100.66666666666667,11.333333333333329,0.0944444444444444,19.33333333333333,0.16111111111111107,True,False,False
28354,1,0.8261522602227456,0.11501272264631043,Eastern Concrete,North Bergen Plant,NJ,Eastern Region,other_or_unspecified,3000.0,3000,28.0,standard_28,152.66666666666666,strict_group,983.0,108.66666666666667,100.66666666666667,43.999999999999986,0.2882096069868995,51.999999999999986,0.3406113537117903,True,True,True
25020,1,0.8261522602227456,0.11501272264631043,Eastern Concrete,Broadway Plant,NJ,Eastern Region,other_or_unspecified,3000.0,3000,28.0,standard_28,150.0,strict_group,983.0,108.66666666666667,100.66666666666667,41.33333333333333,0.2755555555555555,49.33333333333333,0.32888888888888884,True,True,True
25021,1,0.8261522602227456,0.11501272264631043,Eastern Concrete,Broadway Plant,NJ,Eastern Region,other_or_unspecified,3000.0,3000,28.0,standard_28,150.33333333333334,strict_group,983.0,108.66666666666667,100.66666666666667,41.66666666666667,0.2771618625277162,49.66666666666667,0.3303769401330377,True,True,True
23830,1,0.8261522602227456,0.11501272264631043,Eastern Concrete,Bogota Plant,NJ,Eastern Region,other_or_unspecified,3000.0,3000,28.0,standard_28,153.0,strict_group,983.0,108.66666666666667,100.66666666666667,44.33333333333333,0.28976034858387795,52.33333333333333,0.3420479302832244,True,True,True
23831,1,0.8261522602227456,0.11501272264631043,Eastern Concrete,Bogota Plant,NJ,Eastern Region,other_or_unspecified,3000.0,3000,28.0,standard_28,153.0,strict_group,983.0,108.66666666666667,100.66666666666667,44.33333333333333,0.28976034858387795,52.33333333333333,0.3420479302832244,True,True,True
26596,1,0.8242843400177725,0.11501272264631043,Eastern Concrete,Newark Plant,NJ,Eastern Region,other_or_unspecified,2500.0,2500,28.0,standard_28,138.4,strict_group,109.0,120.4,112.96000000000001,18.0,0.13005780346820808,25.439999999999998,0.18381502890173407,True,True,False
28824,1,0.8227846833949368,0.11501272264631043,Eastern Concrete,Roseland Plant,NJ,Eastern Region,other_or_unspecified,2500.0,2500,28.0,standard_28,144.8,strict_group,109.0,120.4,112.96000000000001,24.400000000000006,0.1685082872928177,31.840000000000003,0.21988950276243094,True,True,False
28241,1,0.8226972158374461,0.11501272264631043,Eastern Concrete,North Bergen Plant,NJ,Eastern Region,other_or_unspecified,3000.0,3000,28.0,standard_28,148.66666666666666,strict_group,983.0,108.66666666666667,100.66666666666667,39.999999999999986,0.2690582959641255,47.999999999999986,0.3228699551569506,True,True,True
24880,1,0.8226972158374461,0.11501272264631043,Eastern Concrete,Broadway Plant,NJ,Eastern Region,other_or_unspecified,3000.0,3000,28.0,standard_28,148.0,strict_group,983.0,108.66666666666667,100.66666666666667,39.33333333333333,0.2657657657657657,47.33333333333333,0.3198198198198198,True,True,True
23701,1,0.8226972158374461,0.11501272264631043,Eastern Concrete,Bogota Plant,NJ,Eastern Region,other_or_unspecified,3000.0,3000,28.0,standard_28,152.33333333333334,strict_group,983.0,108.66666666666667,100.66666666666667,43.66666666666667,0.28665207877461707,51.66666666666667,0.33916849015317285,True,True,True
26168,1,0.8198064699501784,0.11501272264631043,Eastern Concrete,Newark Plant,NJ,Eastern Region,other_or_unspecified,2500.0,2500,28.0,standard_28,138.4,strict_group,109.0,120.4,112.96000000000001,18.0,0.13005780346820808,25.439999999999998,0.18381502890173407,True,True,False
26174,1,0.8198064699501784,0.11501272264631043,Eastern Concrete,Newark Plant,NJ,Eastern Region,other_or_unspecified,2500.0,2500,28.0,standard_28,138.4,strict_group,109.0,120.4,112.96000000000001,18.0,0.13005780346820808,25.439999999999998,0.18381502890173407,True,True,False
25084,1,0.8197925702166492,0.11501272264631043,Eastern Concrete,Howell Plant,NJ,Eastern Region,other_or_unspecified,3000.0,3000,28.0,standard_28,134.0,strict_group,983.0,108.66666666666667,100.66666666666667,25.33333333333333,0.18905472636815918,33.33333333333333,0.24875621890547261,True,True,False
27288,0,0.8197730289844771,0.11501272264631043,Eastern Concrete,Newark Plant,NJ,Eastern Region,filler,2500.0,2500,28.0,standard_28,72.0,strict_group,7.0,76.4,74.4,0.0,0.0,0.0,0.0,True,False,False
26137,0,0.8197730289844771,0.11501272264631043,Eastern Concrete,Howell Plant,NJ,Eastern Region,filler,2500.0,2500,28.0,standard_28,84.4,strict_group,7.0,76.4,74.4,8.0,0.0947867298578199,10.0,0.11848341232227487,True,False,False
33127,1,0.8192609540489936,0.11501272264631043,Hood River Sand and Gravel,Dallesport Plant,WA,Pacific Northwest Region,filler,2000.0,2000,28.0,standard_28,161.5,national_spec_group,9.0,161.5,159.3,0.0,0.0,2.1999999999999886,0.013622291021671756,True,False,False
26136,0,0.8190922673863271,0.11501272264631043,Eastern Concrete,Howell Plant,NJ,Eastern Region,other_or_unspecified,3000.0,3000,28.0,standard_28,112.66666666666667,strict_group,983.0,108.66666666666667,100.66666666666667,4.0,0.03550295857988166,12.0,0.10650887573964496,True,False,False
25056,1,0.8150960627723396,0.11501272264631043,Eastern Concrete,Howell Plant,NJ,Eastern Region,other_or_unspecified,3000.0,3000,28.0,standard_28,129.66666666666666,strict_group,983.0,108.66666666666667,100.66666666666667,20.999999999999986,0.16195372750642664,28.999999999999986,0.22365038560411302,True,True,False
42781,1,0.8135166547607129,0.11501272264631043,Scioto Ready Mix,New Albany Plant,OH,Great Lakes Region,other_or_unspecified,1500.0,1500,28.0,standard_28,150.0,strict_group,18.0,129.0,123.0,21.0,0.14,27.0,0.18,True,True,False
27291,1,0.8127563538718233,0.11501272264631043,Eastern Concrete,Newark Plant,NJ,Eastern Region,other_or_unspecified,3000.0,3000,28.0,standard_28,125.33333333333333,strict_group,983.0,108.66666666666667,100.66666666666667,16.666666666666657,0.13297872340425526,24.666666666666657,0.1968085106382978,True,True,False
25096,1,0.8085253924743627,0.11501272264631043,Eastern Concrete,Howell Plant,NJ,Eastern Region,other_or_unspecified,3000.0,3000,28.0,standard_28,133.66666666666666,strict_group,983.0,108.66666666666667,100.66666666666667,24.999999999999986,0.18703241895261835,32.999999999999986,0.24688279301745628,True,True,False
29507,1,0.8078020560639261,0.11501272264631043,Eastern Concrete,Roseland Plant,NJ,Eastern Region,other_or_unspecified,3000.0,3000,28.0,standard_28,149.33333333333334,strict_group,983.0,108.66666666666667,100.66666666666667,40.66666666666667,0.2723214285714286,48.66666666666667,0.32589285714285715,True,True,True
29506,1,0.8078020560639261,0.11501272264631043,Eastern Concrete,Roseland Plant,NJ,Eastern Region,other_or_unspecified,3000.0,3000,28.0,standard_28,149.33333333333334,strict_group,983.0,108.66666666666667,100.66666666666667,40.66666666666667,0.2723214285714286,48.66666666666667,0.32589285714285715,True,True,True
26180,0,0.8047581761186805,0.11501272264631043,Eastern Concrete,Newark Plant,NJ,Eastern Region,other_or_unspecified,3000.0,3000,28.0,standard_28,119.66666666666667,strict_group,983.0,108.66666666666667,100.66666666666667,11.0,0.09192200557103064,19.0,0.15877437325905291,True,False,False
22589,1,0.8043065586694821,0.11501272264631043,Eastern Concrete,Bayonne Plant,NJ,Eastern Region,other_or_unspecified,3000.0,3000,28.0,standard_28,142.33333333333334,strict_group,983.0,108.66666666666667,100.66666666666667,33.66666666666667,0.23653395784543327,41.66666666666667,0.2927400468384075,True,True,True
29962,1,0.80414334604068,0.11501272264631043,Eastern Concrete,West Nyack Plant,NY,Eastern Region,other_or_unspecified,3000.0,3000,28.0,standard_28,153.33333333333334,strict_group,983.0,108.66666666666667,100.66666666666667,44.66666666666667,0.291304347826087,52.66666666666667,0.34347826086956523,True,True,True
28827,1,0.8003772579616704,0.11501272264631043,Eastern Concrete,Roseland Plant,NJ,Eastern Region,other_or_unspecified,3000.0,3000,28.0,standard_28,129.66666666666666,strict_group,983.0,108.66666666666667,100.66666666666667,20.999999999999986,0.16195372750642664,28.999999999999986,0.22365038560411302,True,True,False
28829,1,0.8003772579616704,0.11501272264631043,Eastern Concrete,Roseland Plant,NJ,Eastern Region,other_or_unspecified,3000.0,3000,28.0,standard_28,130.66666666666666,strict_group,983.0,108.66666666666667,100.66666666666667,21.999999999999986,0.16836734693877542,29.999999999999986,0.22959183673469377,True,True,False
28828,1,0.8003772579616704,0.11501272264631043,Eastern Concrete,Roseland Plant,NJ,Eastern Region,other_or_unspecified,3000.0,3000,28.0,standard_28,131.0,strict_group,983.0,108.66666666666667,100.66666666666667,22.33333333333333,0.1704834605597964,30.33333333333333,0.23155216284987273,True,True,False
28887,1,0.8003772579616704,0.11501272264631043,Eastern Concrete,Roseland Plant,NJ,Eastern Region,other_or_unspecified,3000.0,3000,28.0,standard_28,138.0,strict_group,983.0,108.66666666666667,100.66666666666667,29.33333333333333,0.21256038647342992,37.33333333333333,0.27053140096618356,True,True,True
28873,1,0.8003772579616704,0.11501272264631043,Eastern Concrete,Roseland Plant,NJ,Eastern Region,other_or_unspecified,3000.0,3000,28.0,standard_28,138.33333333333334,strict_group,983.0,108.66666666666667,100.66666666666667,29.66666666666667,0.21445783132530122,37.66666666666667,0.27228915662650605,True,True,True
28888,1,0.8003772579616704,0.11501272264631043,Eastern Concrete,Roseland Plant,NJ,Eastern Region,other_or_unspecified,3000.0,3000,28.0,standard_28,138.33333333333334,strict_group,983.0,108.66666666666667,100.66666666666667,29.66666666666667,0.21445783132530122,37.66666666666667,0.27228915662650605,True,True,True
29374,1,0.798702669461817,0.11501272264631043,Eastern Concrete,Roseland Plant,NJ,Eastern Region,other_or_unspecified,3000.0,3000,28.0,standard_28,148.33333333333334,strict_group,983.0,108.66666666666667,100.66666666666667,39.66666666666667,0.26741573033707866,47.66666666666667,0.32134831460674157,True,True,True
26173,1,0.7984045240111429,0.11501272264631043,Eastern Concrete,Newark Plant,NJ,Eastern Region,other_or_unspecified,2500.0,2500,28.0,standard_28,138.8,strict_group,109.0,120.4,112.96000000000001,18.400000000000006,0.1325648414985591,25.840000000000003,0.18616714697406342,True,True,False
28376,1,0.7982036797121183,0.11501272264631043,Eastern Concrete,Roseland Plant,NJ,Eastern Region,other_or_unspecified,2500.0,2500,28.0,standard_28,144.8,strict_group,109.0,120.4,112.96000000000001,24.400000000000006,0.1685082872928177,31.840000000000003,0.21988950276243094,True,True,False
23862,1,0.7964147565274224,0.11501272264631043,Eastern Concrete,Broadway Plant,NJ,Eastern Region,other_or_unspecified,2500.0,2500,28.0,standard_28,126.4,strict_group,109.0,120.4,112.96000000000001,6.0,0.04746835443037974,13.439999999999998,0.10632911392405062,True,False,False
27323,1,0.7964147565274224,0.11501272264631043,Eastern Concrete,North Bergen Plant,NJ,Eastern Region,other_or_unspecified,2500.0,2500,28.0,standard_28,130.0,strict_group,109.0,120.4,112.96000000000001,9.599999999999994,0.0738461538461538,17.039999999999992,0.131076923076923,True,False,False
22710,1,0.7964147565274224,0.11501272264631043,Eastern Concrete,Bogota Plant,NJ,Eastern Region,other_or_unspecified,2500.0,2500,28.0,standard_28,130.4,strict_group,109.0,120.4,112.96000000000001,10.0,0.07668711656441718,17.439999999999998,0.13374233128834354,True,False,False
42816,1,0.7898002411679593,0.11501272264631043,Scioto Ready Mix,New Albany Plant,OH,Great Lakes Region,filler,3000.0,3000,28.0,standard_28,165.66666666666666,strict_group,10.0,98.83333333333333,96.86666666666667,66.83333333333333,0.403420523138833,68.79999999999998,0.41529175050301803,True,True,True
29501,0,0.7886238769250057,0.11501272264631043,Eastern Concrete,Roseland Plant,NJ,Eastern Region,other_or_unspecified,3000.0,3000,28.0,standard_28,104.66666666666667,strict_group,983.0,108.66666666666667,100.66666666666667,0.0,0.0,4.0,0.03821656050955414,True,False,False
42780,1,0.7840897381089339,0.11501272264631043,Scioto Ready Mix,New Albany Plant,OH,Great Lakes Region,other_or_unspecified,1500.0,1500,28.0,standard_28,139.33333333333334,strict_group,18.0,129.0,123.0,10.333333333333343,0.07416267942583739,16.333333333333343,0.11722488038277518,True,False,False
25502,1,0.7839487171257123,0.11501272264631043,Eastern Concrete,Howell Plant,NJ,Eastern Region,other_or_unspecified,3000.0,3000,28.0,standard_28,131.0,strict_group,983.0,108.66666666666667,100.66666666666667,22.33333333333333,0.1704834605597964,30.33333333333333,0.23155216284987273,True,True,False
42735,1,0.7839163858267695,0.11501272264631043,Scioto Ready Mix,Dublin Plant,OH,Great Lakes Region,other_or_unspecified,1500.0,1500,28.0,standard_28,134.0,strict_group,18.0,129.0,123.0,5.0,0.03731343283582089,11.0,0.08208955223880597,True,False,False
27328,1,0.782544748429785,0.11501272264631043,Eastern Concrete,North Bergen Plant,NJ,Eastern Region,other_or_unspecified,3000.0,3000,28.0,standard_28,128.0,strict_group,983.0,108.66666666666667,100.66666666666667,19.33333333333333,0.15104166666666663,27.33333333333333,0.21354166666666663,True,True,False
23867,1,0.782544748429785,0.11501272264631043,Eastern Concrete,Broadway Plant,NJ,Eastern Region,other_or_unspecified,3000.0,3000,28.0,standard_28,125.33333333333333,strict_group,983.0,108.66666666666667,100.66666666666667,16.666666666666657,0.13297872340425526,24.666666666666657,0.1968085106382978,True,True,False
22715,1,0.782544748429785,0.11501272264631043,Eastern Concrete,Bogota Plant,NJ,Eastern Region,other_or_unspecified,3000.0,3000,28.0,standard_28,129.0,strict_group,983.0,108.66666666666667,100.66666666666667,20.33333333333333,0.15762273901808782,28.33333333333333,0.2196382428940568,True,True,False
22747,1,0.7817039565055485,0.11501272264631043,Eastern Concrete,Bogota Plant,NJ,Eastern Region,other_or_unspecified,3000.0,3000,28.0,standard_28,131.66666666666666,strict_group,983.0,108.66666666666667,100.66666666666667,22.999999999999986,0.17468354430379737,30.999999999999986,0.23544303797468347,True,True,False
23900,1,0.7817039565055485,0.11501272264631043,Eastern Concrete,Broadway Plant,NJ,Eastern Region,other_or_unspecified,3000.0,3000,28.0,standard_28,128.66666666666666,strict_group,983.0,108.66666666666667,100.66666666666667,19.999999999999986,0.15544041450777193,27.999999999999986,0.21761658031088074,True,True,False
27360,1,0.7817039565055485,0.11501272264631043,Eastern Concrete,North Bergen Plant,NJ,Eastern Region,other_or_unspecified,3000.0,3000,28.0,standard_28,131.33333333333334,strict_group,983.0,108.66666666666667,100.66666666666667,22.66666666666667,0.17258883248730966,30.66666666666667,0.233502538071066,True,True,False
29502,0,0.781082948396962,0.11501272264631043,Eastern Concrete,Roseland Plant,NJ,Eastern Region,filler,2500.0,2500,28.0,standard_28,76.8,strict_group,7.0,76.4,74.4,0.3999999999999915,0.005208333333333223,2.3999999999999915,0.03124999999999989,True,False,False
2014,0,0.7802953997789908,0.11501272264631043,Bonded Concrete Inc. / The Clemente Group,Pleasant Valley Plant,NY,Eastern Region,other_or_unspecified,3000.0,3000,28.0,standard_28,116.66666666666667,strict_group,983.0,108.66666666666667,100.66666666666667,8.0,0.06857142857142857,16.0,0.13714285714285715,True,False,False
27371,1,0.7784106867464886,0.11501272264631043,Eastern Concrete,North Bergen Plant,NJ,Eastern Region,other_or_unspecified,3000.0,3000,28.0,standard_28,131.33333333333334,strict_group,983.0,108.66666666666667,100.66666666666667,22.66666666666667,0.17258883248730966,30.66666666666667,0.233502538071066,True,True,False
23912,1,0.7784106867464886,0.11501272264631043,Eastern Concrete,Broadway Plant,NJ,Eastern Region,other_or_unspecified,3000.0,3000,28.0,standard_28,128.66666666666666,strict_group,983.0,108.66666666666667,100.66666666666667,19.999999999999986,0.15544041450777193,27.999999999999986,0.21761658031088074,True,True,False
22758,1,0.7784106867464886,0.11501272264631043,Eastern Concrete,Bogota Plant,NJ,Eastern Region,other_or_unspecified,3000.0,3000,28.0,standard_28,132.0,strict_group,983.0,108.66666666666667,100.66666666666667,23.33333333333333,0.17676767676767674,31.33333333333333,0.23737373737373735,True,True,False
29540,1,0.7783473969992446,0.11501272264631043,Eastern Concrete,West Nyack Plant,NY,Eastern Region,other_or_unspecified,3000.0,3000,28.0,standard_28,139.33333333333334,strict_group,983.0,108.66666666666667,100.66666666666667,30.66666666666667,0.22009569377990432,38.66666666666667,0.27751196172248804,True,True,True
29552,1,0.7783473969992446,0.11501272264631043,Eastern Concrete,West Nyack Plant,NY,Eastern Region,other_or_unspecified,3000.0,3000,28.0,standard_28,139.66666666666666,strict_group,983.0,108.66666666666667,100.66666666666667,30.999999999999986,0.22195704057279228,38.999999999999986,0.2792362768496419,True,True,True
29584,1,0.7783473969992446,0.11501272264631043,Eastern Concrete,West Nyack Plant,NY,Eastern Region,other_or_unspecified,3000.0,3000,28.0,standard_28,147.33333333333334,strict_group,983.0,108.66666666666667,100.66666666666667,38.66666666666667,0.26244343891402716,46.66666666666667,0.3167420814479638,True,True,True
29577,1,0.7783473969992446,0.11501272264631043,Eastern Concrete,West Nyack Plant,NY,Eastern Region,other_or_unspecified,3000.0,3000,28.0,standard_28,143.0,strict_group,983.0,108.66666666666667,100.66666666666667,34.33333333333333,0.24009324009324007,42.33333333333333,0.296037296037296,True,True,True
25031,0,0.7771456984454177,0.11501272264631043,Eastern Concrete,Howell Plant,NJ,Eastern Region,other_or_unspecified,1000.0,1000,28.0,standard_28,81.1,strict_group,32.0,199.75,89.95,0.0,0.0,0.0,0.0,True,False,False
26155,0,0.7771456984454177,0.11501272264631043,Eastern Concrete,Newark Plant,NJ,Eastern Region,other_or_unspecified,1000.0,1000,28.0,standard_28,70.9,strict_group,32.0,199.75,89.95,0.0,0.0,0.0,0.0,True,False,False
29574,1,0.7758032582011984,0.11501272264631043,Eastern Concrete,West Nyack Plant,NY,Eastern Region,other_or_unspecified,3000.0,3000,28.0,standard_28,145.0,strict_group,983.0,108.66666666666667,100.66666666666667,36.33333333333333,0.25057471264367814,44.33333333333333,0.3057471264367816,True,True,True
29536,1,0.7695435722961438,0.11501272264631043,Eastern Concrete,West Nyack Plant,NY,Eastern Region,other_or_unspecified,3000.0,3000,28.0,standard_28,140.33333333333334,strict_group,983.0,108.66666666666667,100.66666666666667,31.66666666666667,0.22565320665083138,39.66666666666667,0.2826603325415677,True,True,True
29581,1,0.7695435722961438,0.11501272264631043,Eastern Concrete,West Nyack Plant,NY,Eastern Region,other_or_unspecified,3000.0,3000,28.0,standard_28,145.66666666666666,strict_group,983.0,108.66666666666667,100.66666666666667,36.999999999999986,0.2540045766590388,44.999999999999986,0.3089244851258581,True,True,True
22718,1,0.768310880545813,0.11501272264631043,Eastern Concrete,Bogota Plant,NJ,Eastern Region,other_or_unspecified,3000.0,3000,28.0,standard_28,127.33333333333333,strict_group,983.0,108.66666666666667,100.66666666666667,18.666666666666657,0.1465968586387434,26.666666666666657,0.20942408376963345,True,True,False
23870,1,0.768310880545813,0.11501272264631043,Eastern Concrete,Broadway Plant,NJ,Eastern Region,other_or_unspecified,3000.0,3000,28.0,standard_28,124.33333333333333,strict_group,983.0,108.66666666666667,100.66666666666667,15.666666666666657,0.12600536193029482,23.666666666666657,0.19034852546916883,True,True,False
27331,1,0.768310880545813,0.11501272264631043,Eastern Concrete,North Bergen Plant,NJ,Eastern Region,other_or_unspecified,3000.0,3000,28.0,standard_28,127.0,strict_group,983.0,108.66666666666667,100.66666666666667,18.33333333333333,0.14435695538057738,26.33333333333333,0.20734908136482935,True,True,False
25501,1,0.767656296255736,0.11501272264631043,Eastern Concrete,Howell Plant,NJ,Eastern Region,other_or_unspecified,3000.0,3000,28.0,standard_28,131.66666666666666,strict_group,983.0,108.66666666666667,100.66666666666667,22.999999999999986,0.17468354430379737,30.999999999999986,0.23544303797468347,True,True,False
1983,0,0.7669550097415708,0.11501272264631043,Bonded Concrete Inc. / The Clemente Group,Colonie Plant,NY,Eastern Region,other_or_unspecified,3000.0,3000,28.0,standard_28,105.33333333333333,strict_group,983.0,108.66666666666667,100.66666666666667,0.0,0.0,4.666666666666657,0.04430379746835434,True,False,False
23911,1,0.7662699703551329,0.11501272264631043,Eastern Concrete,Broadway Plant,NJ,Eastern Region,other_or_unspecified,3000.0,3000,28.0,standard_28,129.0,strict_group,983.0,108.66666666666667,100.66666666666667,20.33333333333333,0.15762273901808782,28.33333333333333,0.2196382428940568,True,True,False
23917,1,0.7662699703551329,0.11501272264631043,Eastern Concrete,Broadway Plant,NJ,Eastern Region,other_or_unspecified,3000.0,3000,28.0,standard_28,129.33333333333334,strict_group,983.0,108.66666666666667,100.66666666666667,20.66666666666667,0.1597938144329897,28.66666666666667,0.2216494845360825,True,True,False
27551,1,0.7662699703551329,0.11501272264631043,Eastern Concrete,North Bergen Plant,NJ,Eastern Region,other_or_unspecified,3000.0,3000,28.0,standard_28,153.66666666666666,strict_group,983.0,108.66666666666667,100.66666666666667,44.999999999999986,0.2928416485900216,52.999999999999986,0.3449023861171366,True,True,True
23868,1,0.7662699703551329,0.11501272264631043,Eastern Concrete,Broadway Plant,NJ,Eastern Region,other_or_unspecified,3000.0,3000,28.0,standard_28,125.0,strict_group,983.0,108.66666666666667,100.66666666666667,16.33333333333333,0.13066666666666663,24.33333333333333,0.19466666666666663,True,True,False
27376,1,0.7662699703551329,0.11501272264631043,Eastern Concrete,North Bergen Plant,NJ,Eastern Region,other_or_unspecified,3000.0,3000,28.0,standard_28,132.33333333333334,strict_group,983.0,108.66666666666667,100.66666666666667,23.66666666666667,0.1788413098236776,31.66666666666667,0.23929471032745595,True,True,False
27370,1,0.7662699703551329,0.11501272264631043,Eastern Concrete,North Bergen Plant,NJ,Eastern Region,other_or_unspecified,3000.0,3000,28.0,standard_28,131.66666666666666,strict_group,983.0,108.66666666666667,100.66666666666667,22.999999999999986,0.17468354430379737,30.999999999999986,0.23544303797468347,True,True,False
27369,1,0.7662699703551329,0.11501272264631043,Eastern Concrete,North Bergen Plant,NJ,Eastern Region,other_or_unspecified,3000.0,3000,28.0,standard_28,132.0,strict_group,983.0,108.66666666666667,100.66666666666667,23.33333333333333,0.17676767676767674,31.33333333333333,0.23737373737373735,True,True,False
22756,1,0.7662699703551329,0.11501272264631043,Eastern Concrete,Bogota Plant,NJ,Eastern Region,other_or_unspecified,3000.0,3000,28.0,standard_28,132.66666666666666,strict_group,983.0,108.66666666666667,100.66666666666667,23.999999999999986,0.18090452261306522,31.999999999999986,0.24120603015075368,True,True,False
23869,1,0.7662699703551329,0.11501272264631043,Eastern Concrete,Broadway Plant,NJ,Eastern Region,other_or_unspecified,3000.0,3000,28.0,standard_28,125.66666666666667,strict_group,983.0,108.66666666666667,100.66666666666667,17.0,0.13527851458885942,25.0,0.1989389920424403,True,True,False
22757,1,0.7662699703551329,0.11501272264631043,Eastern Concrete,Bogota Plant,NJ,Eastern Region,other_or_unspecified,3000.0,3000,28.0,standard_28,132.33333333333334,strict_group,983.0,108.66666666666667,100.66666666666667,23.66666666666667,0.1788413098236776,31.66666666666667,0.23929471032745595,True,True,False
22762,1,0.7662699703551329,0.11501272264631043,Eastern Concrete,Bogota Plant,NJ,Eastern Region,other_or_unspecified,3000.0,3000,28.0,standard_28,132.66666666666666,strict_group,983.0,108.66666666666667,100.66666666666667,23.999999999999986,0.18090452261306522,31.999999999999986,0.24120603015075368,True,True,False
23910,1,0.7662699703551329,0.11501272264631043,Eastern Concrete,Broadway Plant,NJ,Eastern Region,other_or_unspecified,3000.0,3000,28.0,standard_28,129.33333333333334,strict_group,983.0,108.66666666666667,100.66666666666667,20.66666666666667,0.1597938144329897,28.66666666666667,0.2216494845360825,True,True,False
27330,1,0.7662699703551329,0.11501272264631043,Eastern Concrete,North Bergen Plant,NJ,Eastern Region,other_or_unspecified,3000.0,3000,28.0,standard_28,128.33333333333334,strict_group,983.0,108.66666666666667,100.66666666666667,19.66666666666667,0.15324675324675327,27.66666666666667,0.2155844155844156,True,True,False
22717,1,0.7662699703551329,0.11501272264631043,Eastern Concrete,Bogota Plant,NJ,Eastern Region,other_or_unspecified,3000.0,3000,28.0,standard_28,129.66666666666666,strict_group,983.0,108.66666666666667,100.66666666666667,20.999999999999986,0.16195372750642664,28.999999999999986,0.22365038560411302,True,True,False
22716,1,0.7662699703551329,0.11501272264631043,Eastern Concrete,Bogota Plant,NJ,Eastern Region,other_or_unspecified,3000.0,3000,28.0,standard_28,128.33333333333334,strict_group,983.0,108.66666666666667,100.66666666666667,19.66666666666667,0.15324675324675327,27.66666666666667,0.2155844155844156,True,True,False
24100,1,0.7662699703551329,0.11501272264631043,Eastern Concrete,Broadway Plant,NJ,Eastern Region,other_or_unspecified,3000.0,3000,28.0,standard_28,151.0,strict_group,983.0,108.66666666666667,100.66666666666667,42.33333333333333,0.2803532008830022,50.33333333333333,0.3333333333333333,True,True,True
22933,1,0.7662699703551329,0.11501272264631043,Eastern Concrete,Bogota Plant,NJ,Eastern Region,other_or_unspecified,3000.0,3000,28.0,standard_28,154.33333333333334,strict_group,983.0,108.66666666666667,100.66666666666667,45.66666666666667,0.2958963282937365,53.66666666666667,0.34773218142548595,True,True,True
27329,1,0.7662699703551329,0.11501272264631043,Eastern Concrete,North Bergen Plant,NJ,Eastern Region,other_or_unspecified,3000.0,3000,28.0,standard_28,128.0,strict_group,983.0,108.66666666666667,100.66666666666667,19.33333333333333,0.15104166666666663,27.33333333333333,0.21354166666666663,True,True,False
26225,1,0.7660213316772627,0.11501272264631043,Eastern Concrete,Newark Plant,NJ,Eastern Region,other_or_unspecified,3000.0,3000,28.0,standard_28,124.66666666666667,strict_group,983.0,108.66666666666667,100.66666666666667,16.0,0.1283422459893048,24.0,0.1925133689839572,True,True,False
26178,0,0.7660213316772627,0.11501272264631043,Eastern Concrete,Newark Plant,NJ,Eastern Region,other_or_unspecified,3000.0,3000,28.0,standard_28,120.33333333333333,strict_group,983.0,108.66666666666667,100.66666666666667,11.666666666666657,0.09695290858725754,19.666666666666657,0.16343490304709135,True,False,False
26179,0,0.7660213316772627,0.11501272264631043,Eastern Concrete,Newark Plant,NJ,Eastern Region,other_or_unspecified,3000.0,3000,28.0,standard_28,121.0,strict_group,983.0,108.66666666666667,100.66666666666667,12.333333333333329,0.10192837465564734,20.33333333333333,0.16804407713498618,True,True,False
26219,1,0.7660213316772627,0.11501272264631043,Eastern Concrete,Newark Plant,NJ,Eastern Region,other_or_unspecified,3000.0,3000,28.0,standard_28,124.33333333333333,strict_group,983.0,108.66666666666667,100.66666666666667,15.666666666666657,0.12600536193029482,23.666666666666657,0.19034852546916883,True,True,False
26218,1,0.7660213316772627,0.11501272264631043,Eastern Concrete,Newark Plant,NJ,Eastern Region,other_or_unspecified,3000.0,3000,28.0,standard_28,124.66666666666667,strict_group,983.0,108.66666666666667,100.66666666666667,16.0,0.1283422459893048,24.0,0.1925133689839572,True,True,False
26400,1,0.7660213316772627,0.11501272264631043,Eastern Concrete,Newark Plant,NJ,Eastern Region,other_or_unspecified,3000.0,3000,28.0,standard_28,146.0,strict_group,983.0,108.66666666666667,100.66666666666667,37.33333333333333,0.2557077625570776,45.33333333333333,0.3105022831050228,True,True,True
25055,1,0.7653515611476805,0.11501272264631043,Eastern Concrete,Howell Plant,NJ,Eastern Region,other_or_unspecified,3000.0,3000,28.0,standard_28,127.0,strict_group,983.0,108.66666666666667,100.66666666666667,18.33333333333333,0.14435695538057738,26.33333333333333,0.20734908136482935,True,True,False
25054,1,0.7653515611476805,0.11501272264631043,Eastern Concrete,Howell Plant,NJ,Eastern Region,other_or_unspecified,3000.0,3000,28.0,standard_28,130.33333333333334,strict_group,983.0,108.66666666666667,100.66666666666667,21.66666666666667,0.16624040920716115,29.66666666666667,0.2276214833759591,True,True,False
25094,1,0.7653515611476805,0.11501272264631043,Eastern Concrete,Howell Plant,NJ,Eastern Region,other_or_unspecified,3000.0,3000,28.0,standard_28,134.33333333333334,strict_group,983.0,108.66666666666667,100.66666666666667,25.66666666666667,0.19106699751861045,33.66666666666667,0.250620347394541,True,True,False
25095,1,0.7653515611476805,0.11501272264631043,Eastern Concrete,Howell Plant,NJ,Eastern Region,other_or_unspecified,3000.0,3000,28.0,standard_28,133.66666666666666,strict_group,983.0,108.66666666666667,100.66666666666667,24.999999999999986,0.18703241895261835,32.999999999999986,0.24688279301745628,True,True,False
25101,1,0.7653515611476805,0.11501272264631043,Eastern Concrete,Howell Plant,NJ,Eastern Region,other_or_unspecified,3000.0,3000,28.0,standard_28,135.0,strict_group,983.0,108.66666666666667,100.66666666666667,26.33333333333333,0.1950617283950617,34.33333333333333,0.25432098765432093,True,True,False
29924,1,0.7649467703134818,0.11501272264631043,Eastern Concrete,West Nyack Plant,NY,Eastern Region,other_or_unspecified,3000.0,3000,28.0,standard_28,145.33333333333334,strict_group,983.0,108.66666666666667,100.66666666666667,36.66666666666667,0.2522935779816514,44.66666666666667,0.3073394495412844,True,True,True
25058,1,0.7610705851211049,0.11501272264631043,Eastern Concrete,Howell Plant,NJ,Eastern Region,other_or_unspecified,3000.0,3000,28.0,standard_28,129.33333333333334,strict_group,983.0,108.66666666666667,100.66666666666667,20.66666666666667,0.1597938144329897,28.66666666666667,0.2216494845360825,True,True,False
25057,1,0.7610705851211049,0.11501272264631043,Eastern Concrete,Howell Plant,NJ,Eastern Region,other_or_unspecified,3000.0,3000,28.0,standard_28,128.66666666666666,strict_group,983.0,108.66666666666667,100.66666666666667,19.999999999999986,0.15544041450777193,27.999999999999986,0.21761658031088074,True,True,False
25072,1,0.7610705851211049,0.11501272264631043,Eastern Concrete,Howell Plant,NJ,Eastern Region,other_or_unspecified,3000.0,3000,28.0,standard_28,129.66666666666666,strict_group,983.0,108.66666666666667,100.66666666666667,20.999999999999986,0.16195372750642664,28.999999999999986,0.22365038560411302,True,True,False
25071,1,0.7610705851211049,0.11501272264631043,Eastern Concrete,Howell Plant,NJ,Eastern Region,other_or_unspecified,3000.0,3000,28.0,standard_28,129.66666666666666,strict_group,983.0,108.66666666666667,100.66666666666667,20.999999999999986,0.16195372750642664,28.999999999999986,0.22365038560411302,True,True,False
25097,1,0.7610705851211049,0.11501272264631043,Eastern Concrete,Howell Plant,NJ,Eastern Region,other_or_unspecified,3000.0,3000,28.0,standard_28,133.0,strict_group,983.0,108.66666666666667,100.66666666666667,24.33333333333333,0.18295739348370924,32.33333333333333,0.24310776942355886,True,True,False
25079,1,0.7610705851211049,0.11501272264631043,Eastern Concrete,Howell Plant,NJ,Eastern Region,other_or_unspecified,3000.0,3000,28.0,standard_28,134.66666666666666,strict_group,983.0,108.66666666666667,100.66666666666667,25.999999999999986,0.193069306930693,33.999999999999986,0.25247524752475237,True,True,False
25085,1,0.7610705851211049,0.11501272264631043,Eastern Concrete,Howell Plant,NJ,Eastern Region,other_or_unspecified,3000.0,3000,28.0,standard_28,134.0,strict_group,983.0,108.66666666666667,100.66666666666667,25.33333333333333,0.18905472636815918,33.33333333333333,0.24875621890547261,True,True,False
25103,1,0.7610705851211049,0.11501272264631043,Eastern Concrete,Howell Plant,NJ,Eastern Region,other_or_unspecified,3000.0,3000,28.0,standard_28,136.0,strict_group,983.0,108.66666666666667,100.66666666666667,27.33333333333333,0.2009803921568627,35.33333333333333,0.2598039215686274,True,True,True
25104,1,0.7610705851211049,0.11501272264631043,Eastern Concrete,Howell Plant,NJ,Eastern Region,other_or_unspecified,3000.0,3000,28.0,standard_28,136.33333333333334,strict_group,983.0,108.66666666666667,100.66666666666667,27.66666666666667,0.20293398533007337,35.66666666666667,0.2616136919315404,True,True,True
27356,1,0.7607563432210619,0.11501272264631043,Eastern Concrete,North Bergen Plant,NJ,Eastern Region,other_or_unspecified,3000.0,3000,28.0,standard_28,132.66666666666666,strict_group,983.0,108.66666666666667,100.66666666666667,23.999999999999986,0.18090452261306522,31.999999999999986,0.24120603015075368,True,True,False
23896,1,0.7607563432210619,0.11501272264631043,Eastern Concrete,Broadway Plant,NJ,Eastern Region,other_or_unspecified,3000.0,3000,28.0,standard_28,130.33333333333334,strict_group,983.0,108.66666666666667,100.66666666666667,21.66666666666667,0.16624040920716115,29.66666666666667,0.2276214833759591,True,True,False
22743,1,0.7607563432210619,0.11501272264631043,Eastern Concrete,Bogota Plant,NJ,Eastern Region,other_or_unspecified,3000.0,3000,28.0,standard_28,134.33333333333334,strict_group,983.0,108.66666666666667,100.66666666666667,25.66666666666667,0.19106699751861045,33.66666666666667,0.250620347394541,True,True,False
30336,1,0.7602711865434523,0.11501272264631043,Eastern Concrete,West Nyack Plant,NY,Eastern Region,other_or_unspecified,3000.0,3000,28.0,standard_28,162.0,strict_group,983.0,108.66666666666667,100.66666666666667,53.33333333333333,0.3292181069958847,61.33333333333333,0.3786008230452675,True,True,True
26209,0,0.7594961409509285,0.11501272264631043,Eastern Concrete,Newark Plant,NJ,Eastern Region,other_or_unspecified,3000.0,3000,28.0,standard_28,123.66666666666667,strict_group,983.0,108.66666666666667,100.66666666666667,15.0,0.12129380053908355,23.0,0.18598382749326145,True,True,False
23807,1,0.7562781800476925,0.11501272264631043,Eastern Concrete,Bogota Plant,NJ,Eastern Region,filler,3000.0,3000,28.0,standard_28,132.33333333333334,strict_group,44.0,122.66666666666667,86.8,9.666666666666671,0.07304785894206552,45.533333333333346,0.34408060453400513,True,False,False
26658,1,0.7549461609680329,0.11501272264631043,Eastern Concrete,Newark Plant,NJ,Eastern Region,other_or_unspecified,3000.0,3000,28.0,standard_28,133.0,strict_group,983.0,108.66666666666667,100.66666666666667,24.33333333333333,0.18295739348370924,32.33333333333333,0.24310776942355886,True,True,False
26643,1,0.7549461609680329,0.11501272264631043,Eastern Concrete,Newark Plant,NJ,Eastern Region,other_or_unspecified,3000.0,3000,28.0,standard_28,133.33333333333334,strict_group,983.0,108.66666666666667,100.66666666666667,24.66666666666667,0.18500000000000003,32.66666666666667,0.24500000000000002,True,True,False
26599,1,0.7549461609680329,0.11501272264631043,Eastern Concrete,Newark Plant,NJ,Eastern Region,other_or_unspecified,3000.0,3000,28.0,standard_28,125.0,strict_group,983.0,108.66666666666667,100.66666666666667,16.33333333333333,0.13066666666666663,24.33333333333333,0.19466666666666663,True,True,False
26657,1,0.7549461609680329,0.11501272264631043,Eastern Concrete,Newark Plant,NJ,Eastern Region,other_or_unspecified,3000.0,3000,28.0,standard_28,133.0,strict_group,983.0,108.66666666666667,100.66666666666667,24.33333333333333,0.18295739348370924,32.33333333333333,0.24310776942355886,True,True,False
26600,1,0.7549461609680329,0.11501272264631043,Eastern Concrete,Newark Plant,NJ,Eastern Region,other_or_unspecified,3000.0,3000,28.0,standard_28,125.0,strict_group,983.0,108.66666666666667,100.66666666666667,16.33333333333333,0.13066666666666663,24.33333333333333,0.19466666666666663,True,True,False
26598,1,0.7549461609680329,0.11501272264631043,Eastern Concrete,Newark Plant,NJ,Eastern Region,other_or_unspecified,3000.0,3000,28.0,standard_28,124.33333333333333,strict_group,983.0,108.66666666666667,100.66666666666667,15.666666666666657,0.12600536193029482,23.666666666666657,0.19034852546916883,True,True,False
28910,0,0.75484255379157,0.11501272264631043,Eastern Concrete,Roseland Plant,NJ,Eastern Region,filler,3500.0,3500,28.0,standard_28,123.14285714285714,strict_group,95.0,116.85714285714286,110.11428571428571,6.285714285714278,0.05104408352668207,13.028571428571425,0.10580046403712294,True,False,False
25503,1,0.7540539299140171,0.11501272264631043,Eastern Concrete,Howell Plant,NJ,Eastern Region,other_or_unspecified,3000.0,3000,28.0,standard_28,134.33333333333334,strict_group,983.0,108.66666666666667,100.66666666666667,25.66666666666667,0.19106699751861045,33.66666666666667,0.250620347394541,True,True,False
25524,1,0.7540539299140171,0.11501272264631043,Eastern Concrete,Howell Plant,NJ,Eastern Region,other_or_unspecified,3000.0,3000,28.0,standard_28,138.66666666666666,strict_group,983.0,108.66666666666667,100.66666666666667,29.999999999999986,0.21634615384615377,37.999999999999986,0.27403846153846145,True,True,True
26639,1,0.7500721118934058,0.11501272264631043,Eastern Concrete,Newark Plant,NJ,Eastern Region,other_or_unspecified,3000.0,3000,28.0,standard_28,128.66666666666666,strict_group,983.0,108.66666666666667,100.66666666666667,19.999999999999986,0.15544041450777193,27.999999999999986,0.21761658031088074,True,True,False
23696,1,0.7479417198886493,0.11501272264631043,Eastern Concrete,Bogota Plant,NJ,Eastern Region,other_or_unspecified,3000.0,3000,28.0,standard_28,161.0,strict_group,983.0,108.66666666666667,100.66666666666667,52.33333333333333,0.3250517598343685,60.33333333333333,0.3747412008281573,True,True,True
28237,1,0.7479417198886493,0.11501272264631043,Eastern Concrete,North Bergen Plant,NJ,Eastern Region,other_or_unspecified,3000.0,3000,28.0,standard_28,157.33333333333334,strict_group,983.0,108.66666666666667,100.66666666666667,48.66666666666667,0.3093220338983051,56.66666666666667,0.3601694915254237,True,True,True
24875,1,0.7479417198886493,0.11501272264631043,Eastern Concrete,Broadway Plant,NJ,Eastern Region,other_or_unspecified,3000.0,3000,28.0,standard_28,156.66666666666666,strict_group,983.0,108.66666666666667,100.66666666666667,47.999999999999986,0.3063829787234042,55.999999999999986,0.3574468085106382,True,True,True
26617,1,0.7461151239304934,0.11501272264631043,Eastern Concrete,Newark Plant,NJ,Eastern Region,other_or_unspecified,3000.0,3000,28.0,standard_28,126.0,strict_group,983.0,108.66666666666667,100.66666666666667,17.33333333333333,0.13756613756613753,25.33333333333333,0.20105820105820102,True,True,False
25545,1,0.7451304531573926,0.11501272264631043,Eastern Concrete,Howell Plant,NJ,Eastern Region,other_or_unspecified,3000.0,3000,28.0,standard_28,141.66666666666666,strict_group,983.0,108.66666666666667,100.66666666666667,32.999999999999986,0.23294117647058815,40.999999999999986,0.28941176470588226,True,True,True
22714,1,0.7428826318351301,0.11501272264631043,Eastern Concrete,Bogota Plant,NJ,Eastern Region,other_or_unspecified,2500.0,2500,28.0,standard_28,124.4,strict_group,109.0,120.4,112.96000000000001,4.0,0.03215434083601286,11.439999999999998,0.09196141479099676,True,False,False
23861,0,0.7428826318351301,0.11501272264631043,Eastern Concrete,Broadway Plant,NJ,Eastern Region,other_or_unspecified,2500.0,2500,28.0,standard_28,120.4,strict_group,109.0,120.4,112.96000000000001,0.0,0.0,7.439999999999998,0.061794019933554795,True,False,False
22713,1,0.7428826318351301,0.11501272264631043,Eastern Concrete,Bogota Plant,NJ,Eastern Region,other_or_unspecified,2500.0,2500,28.0,standard_28,124.0,strict_group,109.0,120.4,112.96000000000001,3.5999999999999943,0.029032258064516082,11.039999999999992,0.08903225806451606,True,False,False
27327,1,0.7428826318351301,0.11501272264631043,Eastern Concrete,North Bergen Plant,NJ,Eastern Region,other_or_unspecified,2500.0,2500,28.0,standard_28,124.4,strict_group,109.0,120.4,112.96000000000001,4.0,0.03215434083601286,11.439999999999998,0.09196141479099676,True,False,False
27317,0,0.7428826318351301,0.11501272264631043,Eastern Concrete,North Bergen Plant,NJ,Eastern Region,other_or_unspecified,2500.0,2500,28.0,standard_28,120.4,strict_group,109.0,120.4,112.96000000000001,0.0,0.0,7.439999999999998,0.061794019933554795,True,False,False
23865,0,0.7428826318351301,0.11501272264631043,Eastern Concrete,Broadway Plant,NJ,Eastern Region,other_or_unspecified,2500.0,2500,28.0,standard_28,120.0,strict_group,109.0,120.4,112.96000000000001,0.0,0.0,7.039999999999992,0.0586666666666666,True,False,False
23866,0,0.7428826318351301,0.11501272264631043,Eastern Concrete,Broadway Plant,NJ,Eastern Region,other_or_unspecified,2500.0,2500,28.0,standard_28,120.4,strict_group,109.0,120.4,112.96000000000001,0.0,0.0,7.439999999999998,0.061794019933554795,True,False,False
27326,0,0.7428826318351301,0.11501272264631043,Eastern Concrete,North Bergen Plant,NJ,Eastern Region,other_or_unspecified,2500.0,2500,28.0,standard_28,123.6,strict_group,109.0,120.4,112.96000000000001,3.1999999999999886,0.02588996763754036,10.639999999999986,0.0860841423948219,True,False,False
22709,1,0.7428826318351301,0.11501272264631043,Eastern Concrete,Bogota Plant,NJ,Eastern Region,other_or_unspecified,2500.0,2500,28.0,standard_28,124.4,strict_group,109.0,120.4,112.96000000000001,4.0,0.03215434083601286,11.439999999999998,0.09196141479099676,True,False,False
22708,1,0.7428826318351301,0.11501272264631043,Eastern Concrete,Bogota Plant,NJ,Eastern Region,other_or_unspecified,2500.0,2500,28.0,standard_28,124.4,strict_group,109.0,120.4,112.96000000000001,4.0,0.03215434083601286,11.439999999999998,0.09196141479099676,True,False,False
22705,0,0.7428826318351301,0.11501272264631043,Eastern Concrete,Bogota Plant,NJ,Eastern Region,other_or_unspecified,2500.0,2500,28.0,standard_28,120.4,strict_group,109.0,120.4,112.96000000000001,0.0,0.0,7.439999999999998,0.061794019933554795,True,False,False
27322,1,0.7428826318351301,0.11501272264631043,Eastern Concrete,North Bergen Plant,NJ,Eastern Region,other_or_unspecified,2500.0,2500,28.0,standard_28,124.4,strict_group,109.0,120.4,112.96000000000001,4.0,0.03215434083601286,11.439999999999998,0.09196141479099676,True,False,False
23860,0,0.7428826318351301,0.11501272264631043,Eastern Concrete,Broadway Plant,NJ,Eastern Region,other_or_unspecified,2500.0,2500,28.0,standard_28,120.4,strict_group,109.0,120.4,112.96000000000001,0.0,0.0,7.439999999999998,0.061794019933554795,True,False,False
27321,1,0.7428826318351301,0.11501272264631043,Eastern Concrete,North Bergen Plant,NJ,Eastern Region,other_or_unspecified,2500.0,2500,28.0,standard_28,124.4,strict_group,109.0,120.4,112.96000000000001,4.0,0.03215434083601286,11.439999999999998,0.09196141479099676,True,False,False
23856,0,0.7428826318351301,0.11501272264631043,Eastern Concrete,Broadway Plant,NJ,Eastern Region,other_or_unspecified,2500.0,2500,28.0,standard_28,116.4,strict_group,109.0,120.4,112.96000000000001,0.0,0.0,3.4399999999999977,0.029553264604810975,True,False,False
29975,1,0.7423938878485455,0.11501272264631043,Eastern Concrete,West Nyack Plant,NY,Eastern Region,filler,3500.0,3500,28.0,standard_28,135.71428571428572,strict_group,95.0,116.85714285714286,110.11428571428571,18.85714285714286,0.13894736842105265,25.60000000000001,0.18863157894736848,True,True,False
29909,1,0.7416723862285517,0.11501272264631043,Eastern Concrete,West Nyack Plant,NY,Eastern Region,other_or_unspecified,3000.0,3000,28.0,standard_28,144.0,strict_group,983.0,108.66666666666667,100.66666666666667,35.33333333333333,0.24537037037037035,43.33333333333333,0.3009259259259259,True,True,True
29519,1,0.7416166419460507,0.11501272264631043,Eastern Concrete,West Nyack Plant,NY,Eastern Region,other_or_unspecified,2000.0,2000,28.0,standard_28,157.5,strict_group,58.0,139.0,133.8,18.5,0.11746031746031746,23.69999999999999,0.1504761904761904,True,True,False
25487,1,0.7410593211247946,0.11501272264631043,Eastern Concrete,Howell Plant,NJ,Eastern Region,other_or_unspecified,3000.0,3000,28.0,standard_28,134.0,strict_group,983.0,108.66666666666667,100.66666666666667,25.33333333333333,0.18905472636815918,33.33333333333333,0.24875621890547261,True,True,False
25546,1,0.7410593211247946,0.11501272264631043,Eastern Concrete,Howell Plant,NJ,Eastern Region,other_or_unspecified,3000.0,3000,28.0,standard_28,141.33333333333334,strict_group,983.0,108.66666666666667,100.66666666666667,32.66666666666667,0.23113207547169812,40.66666666666667,0.28773584905660377,True,True,True
25480,1,0.7410593211247946,0.11501272264631043,Eastern Concrete,Howell Plant,NJ,Eastern Region,other_or_unspecified,3000.0,3000,28.0,standard_28,126.33333333333333,strict_group,983.0,108.66666666666667,100.66666666666667,17.666666666666657,0.13984168865435348,25.666666666666657,0.20316622691292868,True,True,False
25485,1,0.7410593211247946,0.11501272264631043,Eastern Concrete,Howell Plant,NJ,Eastern Region,other_or_unspecified,3000.0,3000,28.0,standard_28,133.66666666666666,strict_group,983.0,108.66666666666667,100.66666666666667,24.999999999999986,0.18703241895261835,32.999999999999986,0.24688279301745628,True,True,False
25505,1,0.7410593211247946,0.11501272264631043,Eastern Concrete,Howell Plant,NJ,Eastern Region,other_or_unspecified,3000.0,3000,28.0,standard_28,134.0,strict_group,983.0,108.66666666666667,100.66666666666667,25.33333333333333,0.18905472636815918,33.33333333333333,0.24875621890547261,True,True,False
25598,1,0.7410593211247946,0.11501272264631043,Eastern Concrete,Howell Plant,NJ,Eastern Region,other_or_unspecified,3000.0,3000,28.0,standard_28,150.0,strict_group,983.0,108.66666666666667,100.66666666666667,41.33333333333333,0.2755555555555555,49.33333333333333,0.32888888888888884,True,True,True
25544,1,0.7410593211247946,0.11501272264631043,Eastern Concrete,Howell Plant,NJ,Eastern Region,other_or_unspecified,3000.0,3000,28.0,standard_28,141.33333333333334,strict_group,983.0,108.66666666666667,100.66666666666667,32.66666666666667,0.23113207547169812,40.66666666666667,0.28773584905660377,True,True,True
25526,1,0.7410593211247946,0.11501272264631043,Eastern Concrete,Howell Plant,NJ,Eastern Region,other_or_unspecified,3000.0,3000,28.0,standard_28,137.33333333333334,strict_group,983.0,108.66666666666667,100.66666666666667,28.66666666666667,0.20873786407766992,36.66666666666667,0.2669902912621359,True,True,True
25478,1,0.7410593211247946,0.11501272264631043,Eastern Concrete,Howell Plant,NJ,Eastern Region,other_or_unspecified,3000.0,3000,28.0,standard_28,125.0,strict_group,983.0,108.66666666666667,100.66666666666667,16.33333333333333,0.13066666666666663,24.33333333333333,0.19466666666666663,True,True,False
25488,1,0.7410593211247946,0.11501272264631043,Eastern Concrete,Howell Plant,NJ,Eastern Region,other_or_unspecified,3000.0,3000,28.0,standard_28,133.66666666666666,strict_group,983.0,108.66666666666667,100.66666666666667,24.999999999999986,0.18703241895261835,32.999999999999986,0.24688279301745628,True,True,False
25077,0,0.740902376915408,0.11501272264631043,Eastern Concrete,Howell Plant,NJ,Eastern Region,other_or_unspecified,3000.0,3000,28.0,standard_28,93.33333333333333,strict_group,983.0,108.66666666666667,100.66666666666667,0.0,0.0,0.0,0.0,True,False,False
25246,0,0.740902376915408,0.11501272264631043,Eastern Concrete,Howell Plant,NJ,Eastern Region,other_or_unspecified,3000.0,3000,28.0,standard_28,95.33333333333333,strict_group,983.0,108.66666666666667,100.66666666666667,0.0,0.0,0.0,0.0,True,False,False
25247,0,0.740902376915408,0.11501272264631043,Eastern Concrete,Howell Plant,NJ,Eastern Region,other_or_unspecified,3000.0,3000,28.0,standard_28,86.0,strict_group,983.0,108.66666666666667,100.66666666666667,0.0,0.0,0.0,0.0,True,False,False
25244,0,0.740902376915408,0.11501272264631043,Eastern Concrete,Howell Plant,NJ,Eastern Region,other_or_unspecified,3000.0,3000,28.0,standard_28,93.33333333333333,strict_group,983.0,108.66666666666667,100.66666666666667,0.0,0.0,0.0,0.0,True,False,False
29376,1,0.7380922210156524,0.11501272264631043,Eastern Concrete,Roseland Plant,NJ,Eastern Region,other_or_unspecified,3000.0,3000,28.0,standard_28,147.66666666666666,strict_group,983.0,108.66666666666667,100.66666666666667,38.999999999999986,0.2641083521444694,46.999999999999986,0.31828442437923243,True,True,True
29905,1,0.7368444777034808,0.11501272264631043,Eastern Concrete,West Nyack Plant,NY,Eastern Region,other_or_unspecified,3000.0,3000,28.0,standard_28,145.0,strict_group,983.0,108.66666666666667,100.66666666666667,36.33333333333333,0.25057471264367814,44.33333333333333,0.3057471264367816,True,True,True
29904,1,0.7368444777034808,0.11501272264631043,Eastern Concrete,West Nyack Plant,NY,Eastern Region,other_or_unspecified,3000.0,3000,28.0,standard_28,144.66666666666666,strict_group,983.0,108.66666666666667,100.66666666666667,35.999999999999986,0.24884792626728103,43.999999999999986,0.3041474654377879,True,True,True
29948,1,0.7368444777034808,0.11501272264631043,Eastern Concrete,West Nyack Plant,NY,Eastern Region,other_or_unspecified,3000.0,3000,28.0,standard_28,153.66666666666666,strict_group,983.0,108.66666666666667,100.66666666666667,44.999999999999986,0.2928416485900216,52.999999999999986,0.3449023861171366,True,True,True
26618,1,0.7364431576160987,0.11501272264631043,Eastern Concrete,Newark Plant,NJ,Eastern Region,other_or_unspecified,3000.0,3000,28.0,standard_28,125.33333333333333,strict_group,983.0,108.66666666666667,100.66666666666667,16.666666666666657,0.13297872340425526,24.666666666666657,0.1968085106382978,True,True,False
29926,1,0.7350900547118091,0.11501272264631043,Eastern Concrete,West Nyack Plant,NY,Eastern Region,other_or_unspecified,3000.0,3000,28.0,standard_28,144.66666666666666,strict_group,983.0,108.66666666666667,100.66666666666667,35.999999999999986,0.24884792626728103,43.999999999999986,0.3041474654377879,True,True,True
29946,1,0.7350900547118091,0.11501272264631043,Eastern Concrete,West Nyack Plant,NY,Eastern Region,other_or_unspecified,3000.0,3000,28.0,standard_28,148.33333333333334,strict_group,983.0,108.66666666666667,100.66666666666667,39.66666666666667,0.26741573033707866,47.66666666666667,0.32134831460674157,True,True,True
29907,1,0.7350900547118091,0.11501272264631043,Eastern Concrete,West Nyack Plant,NY,Eastern Region,other_or_unspecified,3000.0,3000,28.0,standard_28,144.0,strict_group,983.0,108.66666666666667,100.66666666666667,35.33333333333333,0.24537037037037035,43.33333333333333,0.3009259259259259,True,True,True
29910,1,0.7350900547118091,0.11501272264631043,Eastern Concrete,West Nyack Plant,NY,Eastern Region,other_or_unspecified,3000.0,3000,28.0,standard_28,143.33333333333334,strict_group,983.0,108.66666666666667,100.66666666666667,34.66666666666667,0.2418604651162791,42.66666666666667,0.29767441860465116,True,True,True
22566,0,0.7334002882338128,0.11501272264631043,Eastern Concrete,Bayonne Plant,NJ,Eastern Region,other_or_unspecified,3000.0,3000,28.0,standard_28,116.0,strict_group,983.0,108.66666666666667,100.66666666666667,7.333333333333329,0.06321839080459767,15.333333333333329,0.13218390804597696,True,False,False
29532,1,0.7333885061249351,0.11501272264631043,Eastern Concrete,West Nyack Plant,NY,Eastern Region,other_or_unspecified,2500.0,2500,28.0,standard_28,161.2,strict_group,109.0,120.4,112.96000000000001,40.79999999999998,0.2531017369727046,48.23999999999998,0.29925558312655076,True,True,True
28847,1,0.732177503050714,0.11501272264631043,Eastern Concrete,Roseland Plant,NJ,Eastern Region,other_or_unspecified,3000.0,3000,28.0,standard_28,131.66666666666666,strict_group,983.0,108.66666666666667,100.66666666666667,22.999999999999986,0.17468354430379737,30.999999999999986,0.23544303797468347,True,True,False
23898,1,0.7298678940270297,0.11501272264631043,Eastern Concrete,Broadway Plant,NJ,Eastern Region,other_or_unspecified,3000.0,3000,28.0,standard_28,128.66666666666666,strict_group,983.0,108.66666666666667,100.66666666666667,19.999999999999986,0.15544041450777193,27.999999999999986,0.21761658031088074,True,True,False
22745,1,0.7298678940270297,0.11501272264631043,Eastern Concrete,Bogota Plant,NJ,Eastern Region,other_or_unspecified,3000.0,3000,28.0,standard_28,132.0,strict_group,983.0,108.66666666666667,100.66666666666667,23.33333333333333,0.17676767676767674,31.33333333333333,0.23737373737373735,True,True,False
27358,1,0.7298678940270297,0.11501272264631043,Eastern Concrete,North Bergen Plant,NJ,Eastern Region,other_or_unspecified,3000.0,3000,28.0,standard_28,131.33333333333334,strict_group,983.0,108.66666666666667,100.66666666666667,22.66666666666667,0.17258883248730966,30.66666666666667,0.233502538071066,True,True,False
30426,0,0.7274108110933843,0.11501272264631043,Eastern Concrete,West Nyack Plant,NY,Eastern Region,other_or_unspecified,3000.0,3000,28.0,standard_28,118.33333333333333,strict_group,983.0,108.66666666666667,100.66666666666667,9.666666666666657,0.08169014084507034,17.666666666666657,0.14929577464788724,True,False,False
28231,1,0.7261274052295774,0.11501272264631043,Eastern Concrete,North Bergen Plant,NJ,Eastern Region,other_or_unspecified,3000.0,3000,28.0,standard_28,138.0,strict_group,983.0,108.66666666666667,100.66666666666667,29.33333333333333,0.21256038647342992,37.33333333333333,0.27053140096618356,True,True,True
23688,1,0.7261274052295774,0.11501272264631043,Eastern Concrete,Bogota Plant,NJ,Eastern Region,other_or_unspecified,3000.0,3000,28.0,standard_28,141.33333333333334,strict_group,983.0,108.66666666666667,100.66666666666667,32.66666666666667,0.23113207547169812,40.66666666666667,0.28773584905660377,True,True,True
24868,1,0.7261274052295774,0.11501272264631043,Eastern Concrete,Broadway Plant,NJ,Eastern Region,other_or_unspecified,3000.0,3000,28.0,standard_28,137.33333333333334,strict_group,983.0,108.66666666666667,100.66666666666667,28.66666666666667,0.20873786407766992,36.66666666666667,0.2669902912621359,True,True,True
24867,1,0.7256129265988674,0.11501272264631043,Eastern Concrete,Broadway Plant,NJ,Eastern Region,other_or_unspecified,3000.0,3000,28.0,standard_28,136.66666666666666,strict_group,983.0,108.66666666666667,100.66666666666667,27.999999999999986,0.2048780487804877,35.999999999999986,0.26341463414634136,True,True,True
23687,1,0.7256129265988674,0.11501272264631043,Eastern Concrete,Bogota Plant,NJ,Eastern Region,other_or_unspecified,3000.0,3000,28.0,standard_28,140.66666666666666,strict_group,983.0,108.66666666666667,100.66666666666667,31.999999999999986,0.22748815165876768,39.999999999999986,0.28436018957345965,True,True,True
26369,0,0.7236715253576733,0.11501272264631043,Eastern Concrete,Newark Plant,NJ,Eastern Region,other_or_unspecified,3000.0,3000,28.0,standard_28,76.66666666666667,strict_group,983.0,108.66666666666667,100.66666666666667,0.0,0.0,0.0,0.0,True,False,False
26200,0,0.7236715253576733,0.11501272264631043,Eastern Concrete,Newark Plant,NJ,Eastern Region,other_or_unspecified,3000.0,3000,28.0,standard_28,83.66666666666667,strict_group,983.0,108.66666666666667,100.66666666666667,0.0,0.0,0.0,0.0,True,False,False
26368,0,0.7236715253576733,0.11501272264631043,Eastern Concrete,Newark Plant,NJ,Eastern Region,other_or_unspecified,3000.0,3000,28.0,standard_28,86.0,strict_group,983.0,108.66666666666667,100.66666666666667,0.0,0.0,0.0,0.0,True,False,False
26366,0,0.7236715253576733,0.11501272264631043,Eastern Concrete,Newark Plant,NJ,Eastern Region,other_or_unspecified,3000.0,3000,28.0,standard_28,87.0,strict_group,983.0,108.66666666666667,100.66666666666667,0.0,0.0,0.0,0.0,True,False,False
28874,0,0.7234019578360121,0.11501272264631043,Eastern Concrete,Roseland Plant,NJ,Eastern Region,filler,3500.0,3500,28.0,standard_28,118.57142857142857,strict_group,95.0,116.85714285714286,110.11428571428571,1.7142857142857082,0.014457831325301153,8.457142857142856,0.07132530120481927,True,False,False
42721,1,0.7223680778369018,0.11501272264631043,Scioto Ready Mix,Delaware Plant,OH,Great Lakes Region,filler,3000.0,3000,28.0,standard_28,158.33333333333334,strict_group,10.0,98.83333333333333,96.86666666666667,59.500000000000014,0.3757894736842106,61.46666666666667,0.38821052631578945,True,True,True
42766,1,0.7223680778369018,0.11501272264631043,Scioto Ready Mix,Dublin Plant,OH,Great Lakes Region,filler,3000.0,3000,28.0,standard_28,152.66666666666666,strict_group,10.0,98.83333333333333,96.86666666666667,53.83333333333333,0.35262008733624456,55.79999999999998,0.36550218340611346,True,True,True
42692,1,0.7223680778369018,0.11501272264631043,Scioto Ready Mix,Alexandria Plant,OH,Great Lakes Region,filler,3000.0,3000,28.0,standard_28,152.33333333333334,strict_group,10.0,98.83333333333333,96.86666666666667,53.500000000000014,0.351203501094092,55.46666666666667,0.36411378555798685,True,True,True
28429,1,0.7218033095651899,0.11501272264631043,Eastern Concrete,Roseland Plant,NJ,Eastern Region,other_or_unspecified,3000.0,3000,28.0,standard_28,129.66666666666666,strict_group,983.0,108.66666666666667,100.66666666666667,20.999999999999986,0.16195372750642664,28.999999999999986,0.22365038560411302,True,True,False
28386,1,0.7218033095651899,0.11501272264631043,Eastern Concrete,Roseland Plant,NJ,Eastern Region,other_or_unspecified,3000.0,3000,28.0,standard_28,125.66666666666667,strict_group,983.0,108.66666666666667,100.66666666666667,17.0,0.13527851458885942,25.0,0.1989389920424403,True,True,False
28387,1,0.7218033095651899,0.11501272264631043,Eastern Concrete,Roseland Plant,NJ,Eastern Region,other_or_unspecified,3000.0,3000,28.0,standard_28,127.33333333333333,strict_group,983.0,108.66666666666667,100.66666666666667,18.666666666666657,0.1465968586387434,26.666666666666657,0.20942408376963345,True,True,False
28435,1,0.7218033095651899,0.11501272264631043,Eastern Concrete,Roseland Plant,NJ,Eastern Region,other_or_unspecified,3000.0,3000,28.0,standard_28,129.66666666666666,strict_group,983.0,108.66666666666667,100.66666666666667,20.999999999999986,0.16195372750642664,28.999999999999986,0.22365038560411302,True,True,False
28428,1,0.7218033095651899,0.11501272264631043,Eastern Concrete,Roseland Plant,NJ,Eastern Region,other_or_unspecified,3000.0,3000,28.0,standard_28,129.66666666666666,strict_group,983.0,108.66666666666667,100.66666666666667,20.999999999999986,0.16195372750642664,28.999999999999986,0.22365038560411302,True,True,False
28617,1,0.7218033095651899,0.11501272264631043,Eastern Concrete,Roseland Plant,NJ,Eastern Region,other_or_unspecified,3000.0,3000,28.0,standard_28,151.0,strict_group,983.0,108.66666666666667,100.66666666666667,42.33333333333333,0.2803532008830022,50.33333333333333,0.3333333333333333,True,True,True
29966,1,0.7204185427822787,0.11501272264631043,Eastern Concrete,West Nyack Plant,NY,Eastern Region,other_or_unspecified,3000.0,3000,28.0,standard_28,153.0,strict_group,983.0,108.66666666666667,100.66666666666667,44.33333333333333,0.28976034858387795,52.33333333333333,0.3420479302832244,True,True,True
28363,0,0.7198540511955983,0.11501272264631043,Eastern Concrete,Roseland Plant,NJ,Eastern Region,other_or_unspecified,1000.0,1000,28.0,standard_28,89.8,strict_group,32.0,199.75,89.95,0.0,0.0,0.0,0.0,True,False,False
29450,0,0.7192460349052491,0.11501272264631043,Eastern Concrete,Roseland Plant,NJ,Eastern Region,other_or_unspecified,3000.0,3000,28.0,standard_28,121.33333333333333,strict_group,983.0,108.66666666666667,100.66666666666667,12.666666666666657,0.10439560439560432,20.666666666666657,0.17032967032967025,True,True,False
25082,1,0.7186524476149815,0.11501272264631043,Eastern Concrete,Howell Plant,NJ,Eastern Region,other_or_unspecified,3000.0,3000,28.0,standard_28,131.33333333333334,strict_group,983.0,108.66666666666667,100.66666666666667,22.66666666666667,0.17258883248730966,30.66666666666667,0.233502538071066,True,True,False
24356,1,0.7180821348359999,0.11501272264631043,Eastern Concrete,Broadway Plant,NJ,Eastern Region,other_or_unspecified,3000.0,3000,28.0,standard_28,133.66666666666666,strict_group,983.0,108.66666666666667,100.66666666666667,24.999999999999986,0.18703241895261835,32.999999999999986,0.24688279301745628,True,True,False
24335,1,0.7180821348359999,0.11501272264631043,Eastern Concrete,Broadway Plant,NJ,Eastern Region,other_or_unspecified,3000.0,3000,28.0,standard_28,129.33333333333334,strict_group,983.0,108.66666666666667,100.66666666666667,20.66666666666667,0.1597938144329897,28.66666666666667,0.2216494845360825,True,True,False
27767,1,0.7180821348359999,0.11501272264631043,Eastern Concrete,North Bergen Plant,NJ,Eastern Region,other_or_unspecified,3000.0,3000,28.0,standard_28,132.0,strict_group,983.0,108.66666666666667,100.66666666666667,23.33333333333333,0.17676767676767674,31.33333333333333,0.23737373737373735,True,True,False
23166,1,0.7180821348359999,0.11501272264631043,Eastern Concrete,Bogota Plant,NJ,Eastern Region,other_or_unspecified,3000.0,3000,28.0,standard_28,132.33333333333334,strict_group,983.0,108.66666666666667,100.66666666666667,23.66666666666667,0.1788413098236776,31.66666666666667,0.23929471032745595,True,True,False
23187,1,0.7180821348359999,0.11501272264631043,Eastern Concrete,Bogota Plant,NJ,Eastern Region,other_or_unspecified,3000.0,3000,28.0,standard_28,137.0,strict_group,983.0,108.66666666666667,100.66666666666667,28.33333333333333,0.2068126520681265,36.33333333333333,0.2652068126520681,True,True,True
27788,1,0.7180821348359999,0.11501272264631043,Eastern Concrete,North Bergen Plant,NJ,Eastern Region,other_or_unspecified,3000.0,3000,28.0,standard_28,136.33333333333334,strict_group,983.0,108.66666666666667,100.66666666666667,27.66666666666667,0.20293398533007337,35.66666666666667,0.2616136919315404,True,True,True
1984,0,0.7172116331648527,0.11501272264631043,Bonded Concrete Inc. / The Clemente Group,Colonie Plant,NY,Eastern Region,other_or_unspecified,3000.0,3000,28.0,standard_28,100.0,strict_group,983.0,108.66666666666667,100.66666666666667,0.0,0.0,0.0,0.0,True,False,False
42847,1,0.7169977160469708,0.11501272264631043,Scioto Ready Mix,Obetz Plant,OH,Great Lakes Region,other_or_unspecified,3000.0,3000,28.0,standard_28,152.33333333333334,strict_group,29.0,83.0,73.6,69.33333333333334,0.4551422319474836,78.73333333333335,0.5168490153172867,True,True,True
29965,1,0.7128796779858733,0.11501272264631043,Eastern Concrete,West Nyack Plant,NY,Eastern Region,other_or_unspecified,3000.0,3000,28.0,standard_28,153.66666666666666,strict_group,983.0,108.66666666666667,100.66666666666667,44.999999999999986,0.2928416485900216,52.999999999999986,0.3449023861171366,True,True,True
26620,1,0.712639442124752,0.11501272264631043,Eastern Concrete,Newark Plant,NJ,Eastern Region,other_or_unspecified,3000.0,3000,28.0,standard_28,124.0,strict_group,983.0,108.66666666666667,100.66666666666667,15.333333333333329,0.12365591397849458,23.33333333333333,0.18817204301075266,True,True,False
26597,0,0.712639442124752,0.11501272264631043,Eastern Concrete,Newark Plant,NJ,Eastern Region,other_or_unspecified,3000.0,3000,28.0,standard_28,120.33333333333333,strict_group,983.0,108.66666666666667,100.66666666666667,11.666666666666657,0.09695290858725754,19.666666666666657,0.16343490304709135,True,False,False
26595,0,0.712639442124752,0.11501272264631043,Eastern Concrete,Newark Plant,NJ,Eastern Region,other_or_unspecified,3000.0,3000,28.0,standard_28,115.33333333333333,strict_group,983.0,108.66666666666667,100.66666666666667,6.666666666666657,0.05780346820809241,14.666666666666657,0.1271676300578034,True,False,False
26713,1,0.712639442124752,0.11501272264631043,Eastern Concrete,Newark Plant,NJ,Eastern Region,other_or_unspecified,3000.0,3000,28.0,standard_28,140.66666666666666,strict_group,983.0,108.66666666666667,100.66666666666667,31.999999999999986,0.22748815165876768,39.999999999999986,0.28436018957345965,True,True,True
26641,1,0.712639442124752,0.11501272264631043,Eastern Concrete,Newark Plant,NJ,Eastern Region,other_or_unspecified,3000.0,3000,28.0,standard_28,128.0,strict_group,983.0,108.66666666666667,100.66666666666667,19.33333333333333,0.15104166666666663,27.33333333333333,0.21354166666666663,True,True,False
26659,1,0.712639442124752,0.11501272264631043,Eastern Concrete,Newark Plant,NJ,Eastern Region,other_or_unspecified,3000.0,3000,28.0,standard_28,132.0,strict_group,983.0,108.66666666666667,100.66666666666667,23.33333333333333,0.17676767676767674,31.33333333333333,0.23737373737373735,True,True,False
26661,1,0.712639442124752,0.11501272264631043,Eastern Concrete,Newark Plant,NJ,Eastern Region,other_or_unspecified,3000.0,3000,28.0,standard_28,132.0,strict_group,983.0,108.66666666666667,100.66666666666667,23.33333333333333,0.17676767676767674,31.33333333333333,0.23737373737373735,True,True,False
26604,1,0.712639442124752,0.11501272264631043,Eastern Concrete,Newark Plant,NJ,Eastern Region,other_or_unspecified,3000.0,3000,28.0,standard_28,124.0,strict_group,983.0,108.66666666666667,100.66666666666667,15.333333333333329,0.12365591397849458,23.33333333333333,0.18817204301075266,True,True,False
26601,0,0.712639442124752,0.11501272264631043,Eastern Concrete,Newark Plant,NJ,Eastern Region,other_or_unspecified,3000.0,3000,28.0,standard_28,123.66666666666667,strict_group,983.0,108.66666666666667,100.66666666666667,15.0,0.12129380053908355,23.0,0.18598382749326145,True,True,False
26603,1,0.712639442124752,0.11501272264631043,Eastern Concrete,Newark Plant,NJ,Eastern Region,other_or_unspecified,3000.0,3000,28.0,standard_28,124.0,strict_group,983.0,108.66666666666667,100.66666666666667,15.333333333333329,0.12365591397849458,23.33333333333333,0.18817204301075266,True,True,False
29563,1,0.7114213577468209,0.11501272264631043,Eastern Concrete,West Nyack Plant,NY,Eastern Region,other_or_unspecified,3000.0,3000,28.0,standard_28,143.33333333333334,strict_group,983.0,108.66666666666667,100.66666666666667,34.66666666666667,0.2418604651162791,42.66666666666667,0.29767441860465116,True,True,True
28900,0,0.7082316408168126,0.11501272264631043,Eastern Concrete,Roseland Plant,NJ,Eastern Region,filler,3500.0,3500,28.0,standard_28,122.57142857142857,strict_group,95.0,116.85714285714286,110.11428571428571,5.714285714285708,0.04662004662004657,12.457142857142856,0.10163170163170163,True,False,False
25003,1,0.7063509065903923,0.11501272264631043,Eastern Concrete,Broadway Plant,NJ,Eastern Region,other_or_unspecified,3000.0,3000,28.0,standard_28,158.66666666666666,strict_group,983.0,108.66666666666667,100.66666666666667,49.999999999999986,0.315126050420168,57.999999999999986,0.3655462184873949,True,True,True
28891,1,0.7035339799294218,0.11501272264631043,Eastern Concrete,Roseland Plant,NJ,Eastern Region,other_or_unspecified,3000.0,3000,28.0,standard_28,137.33333333333334,strict_group,983.0,108.66666666666667,100.66666666666667,28.66666666666667,0.20873786407766992,36.66666666666667,0.2669902912621359,True,True,True
28889,1,0.7035339799294218,0.11501272264631043,Eastern Concrete,Roseland Plant,NJ,Eastern Region,other_or_unspecified,3000.0,3000,28.0,standard_28,137.33333333333334,strict_group,983.0,108.66666666666667,100.66666666666667,28.66666666666667,0.20873786407766992,36.66666666666667,0.2669902912621359,True,True,True
28825,1,0.7035339799294218,0.11501272264631043,Eastern Concrete,Roseland Plant,NJ,Eastern Region,other_or_unspecified,3000.0,3000,28.0,standard_28,126.33333333333333,strict_group,983.0,108.66666666666667,100.66666666666667,17.666666666666657,0.13984168865435348,25.666666666666657,0.20316622691292868,True,True,False
28942,1,0.7035339799294218,0.11501272264631043,Eastern Concrete,Roseland Plant,NJ,Eastern Region,other_or_unspecified,3000.0,3000,28.0,standard_28,145.66666666666666,strict_group,983.0,108.66666666666667,100.66666666666667,36.999999999999986,0.2540045766590388,44.999999999999986,0.3089244851258581,True,True,True
28823,0,0.7035339799294218,0.11501272264631043,Eastern Concrete,Roseland Plant,NJ,Eastern Region,other_or_unspecified,3000.0,3000,28.0,standard_28,120.66666666666667,strict_group,983.0,108.66666666666667,100.66666666666667,12.0,0.09944751381215469,20.0,0.16574585635359115,True,False,False
28833,1,0.7035339799294218,0.11501272264631043,Eastern Concrete,Roseland Plant,NJ,Eastern Region,other_or_unspecified,3000.0,3000,28.0,standard_28,129.0,strict_group,983.0,108.66666666666667,100.66666666666667,20.33333333333333,0.15762273901808782,28.33333333333333,0.2196382428940568,True,True,False
28832,1,0.7035339799294218,0.11501272264631043,Eastern Concrete,Roseland Plant,NJ,Eastern Region,other_or_unspecified,3000.0,3000,28.0,standard_28,129.33333333333334,strict_group,983.0,108.66666666666667,100.66666666666667,20.66666666666667,0.1597938144329897,28.66666666666667,0.2216494845360825,True,True,False
28850,1,0.7035339799294218,0.11501272264631043,Eastern Concrete,Roseland Plant,NJ,Eastern Region,other_or_unspecified,3000.0,3000,28.0,standard_28,129.33333333333334,strict_group,983.0,108.66666666666667,100.66666666666667,20.66666666666667,0.1597938144329897,28.66666666666667,0.2216494845360825,True,True,False
28830,1,0.7035339799294218,0.11501272264631043,Eastern Concrete,Roseland Plant,NJ,Eastern Region,other_or_unspecified,3000.0,3000,28.0,standard_28,129.0,strict_group,983.0,108.66666666666667,100.66666666666667,20.33333333333333,0.15762273901808782,28.33333333333333,0.2196382428940568,True,True,False
28871,1,0.7035339799294218,0.11501272264631043,Eastern Concrete,Roseland Plant,NJ,Eastern Region,other_or_unspecified,3000.0,3000,28.0,standard_28,133.0,strict_group,983.0,108.66666666666667,100.66666666666667,24.33333333333333,0.18295739348370924,32.33333333333333,0.24310776942355886,True,True,False
2011,0,0.7033024306846895,0.11501272264631043,Bonded Concrete Inc. / The Clemente Group,Pleasant Valley Plant,NY,Eastern Region,other_or_unspecified,3000.0,3000,28.0,standard_28,116.66666666666667,strict_group,983.0,108.66666666666667,100.66666666666667,8.0,0.06857142857142857,16.0,0.13714285714285715,True,False,False
30432,1,0.6994012801044596,0.11501272264631043,Eastern Concrete,West Nyack Plant,NY,Eastern Region,other_or_unspecified,3000.0,3000,28.0,standard_28,164.33333333333334,strict_group,983.0,108.66666666666667,100.66666666666667,55.66666666666667,0.3387423935091278,63.66666666666667,0.38742393509127787,True,True,True
30431,1,0.6994012801044596,0.11501272264631043,Eastern Concrete,West Nyack Plant,NY,Eastern Region,other_or_unspecified,3000.0,3000,28.0,standard_28,165.0,strict_group,983.0,108.66666666666667,100.66666666666667,56.33333333333333,0.3414141414141414,64.33333333333333,0.38989898989898986,True,True,True
26602,1,0.6990087738268932,0.11501272264631043,Eastern Concrete,Newark Plant,NJ,Eastern Region,filler,3000.0,3000,28.0,standard_28,124.0,strict_group,44.0,122.66666666666667,86.8,1.3333333333333286,0.010752688172042972,37.2,0.30000000000000004,True,False,False
22355,0,0.6971237963664987,0.11501272264631043,CTI Ready Mix,CTI Ready Mix West Des Moines Plant,IA,North Central Region,filler,4000.0,4000,28.0,standard_28,122.25,national_spec_group,169.0,95.25,86.25,27.0,0.22085889570552147,36.0,0.294478527607362,True,True,True
33373,0,0.6953538218081101,0.11501272264631043,Kirkpatrick Concrete,Alton Plant,AL,Southeastern Region,other_or_unspecified,2500.0,2500,28.0,standard_28,120.8,strict_group,11.0,97.4,95.2,23.39999999999999,0.1937086092715231,25.599999999999994,0.21192052980132445,True,True,False
22744,1,0.6933828725990393,0.11501272264631043,Eastern Concrete,Bogota Plant,NJ,Eastern Region,other_or_unspecified,3000.0,3000,28.0,standard_28,133.0,strict_group,983.0,108.66666666666667,100.66666666666667,24.33333333333333,0.18295739348370924,32.33333333333333,0.24310776942355886,True,True,False
27357,1,0.6933828725990393,0.11501272264631043,Eastern Concrete,North Bergen Plant,NJ,Eastern Region,other_or_unspecified,3000.0,3000,28.0,standard_28,132.33333333333334,strict_group,983.0,108.66666666666667,100.66666666666667,23.66666666666667,0.1788413098236776,31.66666666666667,0.23929471032745595,True,True,False
23897,1,0.6933828725990393,0.11501272264631043,Eastern Concrete,Broadway Plant,NJ,Eastern Region,other_or_unspecified,3000.0,3000,28.0,standard_28,129.66666666666666,strict_group,983.0,108.66666666666667,100.66666666666667,20.999999999999986,0.16195372750642664,28.999999999999986,0.22365038560411302,True,True,False
25542,1,0.6909819777657945,0.11501272264631043,Eastern Concrete,Howell Plant,NJ,Eastern Region,other_or_unspecified,3000.0,3000,28.0,standard_28,142.66666666666666,strict_group,983.0,108.66666666666667,100.66666666666667,33.999999999999986,0.2383177570093457,41.999999999999986,0.2943925233644859,True,True,True
25483,1,0.6909819777657945,0.11501272264631043,Eastern Concrete,Howell Plant,NJ,Eastern Region,other_or_unspecified,3000.0,3000,28.0,standard_28,133.33333333333334,strict_group,983.0,108.66666666666667,100.66666666666667,24.66666666666667,0.18500000000000003,32.66666666666667,0.24500000000000002,True,True,False
25484,1,0.6909819777657945,0.11501272264631043,Eastern Concrete,Howell Plant,NJ,Eastern Region,other_or_unspecified,3000.0,3000,28.0,standard_28,133.0,strict_group,983.0,108.66666666666667,100.66666666666667,24.33333333333333,0.18295739348370924,32.33333333333333,0.24310776942355886,True,True,False
25543,1,0.6909819777657945,0.11501272264631043,Eastern Concrete,Howell Plant,NJ,Eastern Region,other_or_unspecified,3000.0,3000,28.0,standard_28,143.0,strict_group,983.0,108.66666666666667,100.66666666666667,34.33333333333333,0.24009324009324007,42.33333333333333,0.296037296037296,True,True,True
25482,1,0.6909819777657945,0.11501272264631043,Eastern Concrete,Howell Plant,NJ,Eastern Region,other_or_unspecified,3000.0,3000,28.0,standard_28,134.33333333333334,strict_group,983.0,108.66666666666667,100.66666666666667,25.66666666666667,0.19106699751861045,33.66666666666667,0.250620347394541,True,True,False
25528,1,0.6909819777657945,0.11501272264631043,Eastern Concrete,Howell Plant,NJ,Eastern Region,other_or_unspecified,3000.0,3000,28.0,standard_28,143.33333333333334,strict_group,983.0,108.66666666666667,100.66666666666667,34.66666666666667,0.2418604651162791,42.66666666666667,0.29767441860465116,True,True,True
28890,1,0.6909047924404828,0.11501272264631043,Eastern Concrete,Roseland Plant,NJ,Eastern Region,other_or_unspecified,3000.0,3000,28.0,standard_28,137.33333333333334,strict_group,983.0,108.66666666666667,100.66666666666667,28.66666666666667,0.20873786407766992,36.66666666666667,0.2669902912621359,True,True,True
26221,0,0.6883216047690947,0.11501272264631043,Eastern Concrete,Newark Plant,NJ,Eastern Region,other_or_unspecified,3000.0,3000,28.0,standard_28,123.33333333333333,strict_group,983.0,108.66666666666667,100.66666666666667,14.666666666666657,0.11891891891891884,22.666666666666657,0.1837837837837837,True,True,False
26182,0,0.6883216047690947,0.11501272264631043,Eastern Concrete,Newark Plant,NJ,Eastern Region,other_or_unspecified,3000.0,3000,28.0,standard_28,119.66666666666667,strict_group,983.0,108.66666666666667,100.66666666666667,11.0,0.09192200557103064,19.0,0.15877437325905291,True,False,False
26181,0,0.6883216047690947,0.11501272264631043,Eastern Concrete,Newark Plant,NJ,Eastern Region,other_or_unspecified,3000.0,3000,28.0,standard_28,118.66666666666667,strict_group,983.0,108.66666666666667,100.66666666666667,10.0,0.08426966292134831,18.0,0.15168539325842695,True,False,False
26208,1,0.6883216047690947,0.11501272264631043,Eastern Concrete,Newark Plant,NJ,Eastern Region,other_or_unspecified,3000.0,3000,28.0,standard_28,124.0,strict_group,983.0,108.66666666666667,100.66666666666667,15.333333333333329,0.12365591397849458,23.33333333333333,0.18817204301075266,True,True,False
26228,1,0.6883216047690947,0.11501272264631043,Eastern Concrete,Newark Plant,NJ,Eastern Region,other_or_unspecified,3000.0,3000,28.0,standard_28,126.0,strict_group,983.0,108.66666666666667,100.66666666666667,17.33333333333333,0.13756613756613753,25.33333333333333,0.20105820105820102,True,True,False
26227,1,0.6883216047690947,0.11501272264631043,Eastern Concrete,Newark Plant,NJ,Eastern Region,other_or_unspecified,3000.0,3000,28.0,standard_28,126.0,strict_group,983.0,108.66666666666667,100.66666666666667,17.33333333333333,0.13756613756613753,25.33333333333333,0.20105820105820102,True,True,False
26196,0,0.6883216047690947,0.11501272264631043,Eastern Concrete,Newark Plant,NJ,Eastern Region,other_or_unspecified,3000.0,3000,28.0,standard_28,119.66666666666667,strict_group,983.0,108.66666666666667,100.66666666666667,11.0,0.09192200557103064,19.0,0.15877437325905291,True,False,False
26202,1,0.6883216047690947,0.11501272264631043,Eastern Concrete,Newark Plant,NJ,Eastern Region,other_or_unspecified,3000.0,3000,28.0,standard_28,124.0,strict_group,983.0,108.66666666666667,100.66666666666667,15.333333333333329,0.12365591397849458,23.33333333333333,0.18817204301075266,True,True,False
26195,0,0.6883216047690947,0.11501272264631043,Eastern Concrete,Newark Plant,NJ,Eastern Region,other_or_unspecified,3000.0,3000,28.0,standard_28,119.66666666666667,strict_group,983.0,108.66666666666667,100.66666666666667,11.0,0.09192200557103064,19.0,0.15877437325905291,True,False,False
22159,1,0.6805409758097775,0.11501272264631043,"Corliss Resources, Inc.",Enumclaw Plant,WA,Pacific Northwest Region,other_or_unspecified,2500.0,2500,1.0,early,139.2,none,,,,,,,,False,False,False
22245,1,0.6805409758097775,0.11501272264631043,"Corliss Resources, Inc.",Sumner Plant,WA,Pacific Northwest Region,other_or_unspecified,2500.0,2500,1.0,early,136.0,none,,,,,,,,False,False,False
27819,1,0.6787951620975591,0.11501272264631043,Eastern Concrete,North Bergen Plant,NJ,Eastern Region,filler,3500.0,3500,28.0,standard_28,124.57142857142857,strict_group,95.0,116.85714285714286,110.11428571428571,7.714285714285708,0.06192660550458711,14.457142857142856,0.11605504587155963,True,False,False
24387,0,0.6787951620975591,0.11501272264631043,Eastern Concrete,Broadway Plant,NJ,Eastern Region,filler,3500.0,3500,28.0,standard_28,122.28571428571429,strict_group,95.0,116.85714285714286,110.11428571428571,5.428571428571431,0.04439252336448599,12.171428571428578,0.09953271028037387,True,False,False
23218,1,0.6787951620975591,0.11501272264631043,Eastern Concrete,Bogota Plant,NJ,Eastern Region,filler,3500.0,3500,28.0,standard_28,125.42857142857143,strict_group,95.0,116.85714285714286,110.11428571428571,8.57142857142857,0.06833712984054668,15.314285714285717,0.12209567198177679,True,False,False
26660,1,0.6787546569211848,0.11501272264631043,Eastern Concrete,Newark Plant,NJ,Eastern Region,other_or_unspecified,3000.0,3000,28.0,standard_28,132.33333333333334,strict_group,983.0,108.66666666666667,100.66666666666667,23.66666666666667,0.1788413098236776,31.66666666666667,0.23929471032745595,True,True,False
28480,0,0.6757768931891693,0.11501272264631043,Eastern Concrete,Roseland Plant,NJ,Eastern Region,other_or_unspecified,3500.0,3500,28.0,standard_28,118.28571428571429,strict_group,785.0,97.42857142857143,86.68571428571428,20.85714285714286,0.17632850241545897,31.60000000000001,0.2671497584541063,True,True,False
28303,1,0.6757551492495152,0.11501272264631043,Eastern Concrete,North Bergen Plant,NJ,Eastern Region,other_or_unspecified,2500.0,2500,28.0,standard_28,124.8,strict_group,109.0,120.4,112.96000000000001,4.3999999999999915,0.03525641025641019,11.83999999999999,0.09487179487179478,True,False,False
24949,0,0.6757551492495152,0.11501272264631043,Eastern Concrete,Broadway Plant,NJ,Eastern Region,other_or_unspecified,2500.0,2500,28.0,standard_28,121.2,strict_group,109.0,120.4,112.96000000000001,0.7999999999999972,0.006600660066006577,8.239999999999995,0.06798679867986794,True,False,False
29535,1,0.6743581956811161,0.11501272264631043,Eastern Concrete,West Nyack Plant,NY,Eastern Region,other_or_unspecified,3000.0,3000,28.0,standard_28,140.0,strict_group,983.0,108.66666666666667,100.66666666666667,31.33333333333333,0.22380952380952376,39.33333333333333,0.2809523809523809,True,True,True
28438,1,0.6736515356260682,0.11501272264631043,Eastern Concrete,Roseland Plant,NJ,Eastern Region,other_or_unspecified,3000.0,3000,28.0,standard_28,131.33333333333334,strict_group,983.0,108.66666666666667,100.66666666666667,22.66666666666667,0.17258883248730966,30.66666666666667,0.233502538071066,True,True,False
28390,1,0.6736515356260682,0.11501272264631043,Eastern Concrete,Roseland Plant,NJ,Eastern Region,other_or_unspecified,3000.0,3000,28.0,standard_28,124.66666666666667,strict_group,983.0,108.66666666666667,100.66666666666667,16.0,0.1283422459893048,24.0,0.1925133689839572,True,True,False
28403,1,0.6736515356260682,0.11501272264631043,Eastern Concrete,Roseland Plant,NJ,Eastern Region,other_or_unspecified,3000.0,3000,28.0,standard_28,124.66666666666667,strict_group,983.0,108.66666666666667,100.66666666666667,16.0,0.1283422459893048,24.0,0.1925133689839572,True,True,False
28389,0,0.6736515356260682,0.11501272264631043,Eastern Concrete,Roseland Plant,NJ,Eastern Region,other_or_unspecified,3000.0,3000,28.0,standard_28,123.66666666666667,strict_group,983.0,108.66666666666667,100.66666666666667,15.0,0.12129380053908355,23.0,0.18598382749326145,True,True,False
28411,1,0.6736515356260682,0.11501272264631043,Eastern Concrete,Roseland Plant,NJ,Eastern Region,other_or_unspecified,3000.0,3000,28.0,standard_28,129.0,strict_group,983.0,108.66666666666667,100.66666666666667,20.33333333333333,0.15762273901808782,28.33333333333333,0.2196382428940568,True,True,False
28404,1,0.6736515356260682,0.11501272264631043,Eastern Concrete,Roseland Plant,NJ,Eastern Region,other_or_unspecified,3000.0,3000,28.0,standard_28,124.66666666666667,strict_group,983.0,108.66666666666667,100.66666666666667,16.0,0.1283422459893048,24.0,0.1925133689839572,True,True,False
28437,1,0.6736515356260682,0.11501272264631043,Eastern Concrete,Roseland Plant,NJ,Eastern Region,other_or_unspecified,3000.0,3000,28.0,standard_28,131.0,strict_group,983.0,108.66666666666667,100.66666666666667,22.33333333333333,0.1704834605597964,30.33333333333333,0.23155216284987273,True,True,False
28431,1,0.6736515356260682,0.11501272264631043,Eastern Concrete,Roseland Plant,NJ,Eastern Region,other_or_unspecified,3000.0,3000,28.0,standard_28,128.66666666666666,strict_group,983.0,108.66666666666667,100.66666666666667,19.999999999999986,0.15544041450777193,27.999999999999986,0.21761658031088074,True,True,False
28417,1,0.6736515356260682,0.11501272264631043,Eastern Concrete,Roseland Plant,NJ,Eastern Region,other_or_unspecified,3000.0,3000,28.0,standard_28,129.33333333333334,strict_group,983.0,108.66666666666667,100.66666666666667,20.66666666666667,0.1597938144329897,28.66666666666667,0.2216494845360825,True,True,False
29564,1,0.673038570043442,0.11501272264631043,Eastern Concrete,West Nyack Plant,NY,Eastern Region,other_or_unspecified,3000.0,3000,28.0,standard_28,144.0,strict_group,983.0,108.66666666666667,100.66666666666667,35.33333333333333,0.24537037037037035,43.33333333333333,0.3009259259259259,True,True,True
29539,1,0.673038570043442,0.11501272264631043,Eastern Concrete,West Nyack Plant,NY,Eastern Region,other_or_unspecified,3000.0,3000,28.0,standard_28,138.33333333333334,strict_group,983.0,108.66666666666667,100.66666666666667,29.66666666666667,0.21445783132530122,37.66666666666667,0.27228915662650605,True,True,True
29583,1,0.673038570043442,0.11501272264631043,Eastern Concrete,West Nyack Plant,NY,Eastern Region,other_or_unspecified,3000.0,3000,28.0,standard_28,145.66666666666666,strict_group,983.0,108.66666666666667,100.66666666666667,36.999999999999986,0.2540045766590388,44.999999999999986,0.3089244851258581,True,True,True
29551,1,0.673038570043442,0.11501272264631043,Eastern Concrete,West Nyack Plant,NY,Eastern Region,other_or_unspecified,3000.0,3000,28.0,standard_28,139.66666666666666,strict_group,983.0,108.66666666666667,100.66666666666667,30.999999999999986,0.22195704057279228,38.999999999999986,0.2792362768496419,True,True,True
29974,0,0.6727984404223316,0.11501272264631043,Eastern Concrete,West Nyack Plant,NY,Eastern Region,filler,4000.0,4000,28.0,standard_28,118.75,strict_group,125.0,99.25,92.1,19.5,0.16421052631578947,26.650000000000006,0.224421052631579,True,True,False
22624,0,0.6711048607627708,0.11501272264631043,Eastern Concrete,Bayonne Plant,NJ,Eastern Region,other_or_unspecified,3000.0,3000,28.0,standard_28,120.0,strict_group,983.0,108.66666666666667,100.66666666666667,11.333333333333329,0.0944444444444444,19.33333333333333,0.16111111111111107,True,False,False
28901,0,0.6709303613064701,0.11501272264631043,Eastern Concrete,Roseland Plant,NJ,Eastern Region,filler,3500.0,3500,28.0,standard_28,122.85714285714286,strict_group,95.0,116.85714285714286,110.11428571428571,6.0,0.04883720930232558,12.742857142857147,0.10372093023255817,True,False,False
29561,1,0.6673342073777002,0.11501272264631043,Eastern Concrete,West Nyack Plant,NY,Eastern Region,other_or_unspecified,3000.0,3000,28.0,standard_28,146.0,strict_group,983.0,108.66666666666667,100.66666666666667,37.33333333333333,0.2557077625570776,45.33333333333333,0.3105022831050228,True,True,True
30015,1,0.6660989363172054,0.11501272264631043,Eastern Concrete,West Nyack Plant,NY,Eastern Region,other_or_unspecified,3000.0,3000,28.0,standard_28,161.0,strict_group,983.0,108.66666666666667,100.66666666666667,52.33333333333333,0.3250517598343685,60.33333333333333,0.3747412008281573,True,True,True
29902,1,0.6660989363172054,0.11501272264631043,Eastern Concrete,West Nyack Plant,NY,Eastern Region,other_or_unspecified,3000.0,3000,28.0,standard_28,135.0,strict_group,983.0,108.66666666666667,100.66666666666667,26.33333333333333,0.1950617283950617,34.33333333333333,0.25432098765432093,True,True,False
22214,1,0.6651766512057034,0.11501272264631043,"Corliss Resources, Inc.",Puyallup Plant,WA,Pacific Northwest Region,other_or_unspecified,2500.0,2500,1.0,early,140.0,none,,,,,,,,False,False,False
33160,0,0.6641158241441834,0.11501272264631043,Hood River Sand and Gravel,Hood River Plant,OR,Pacific Northwest Region,paving,3300.0,3500,28.0,standard_28,120.0,regional_strength_group,40.0,90.14285714285714,88.2,29.85714285714286,0.24880952380952384,31.799999999999997,0.26499999999999996,True,True,True
29576,1,0.662542741572638,0.11501272264631043,Eastern Concrete,West Nyack Plant,NY,Eastern Region,other_or_unspecified,3000.0,3000,28.0,standard_28,143.0,strict_group,983.0,108.66666666666667,100.66666666666667,34.33333333333333,0.24009324009324007,42.33333333333333,0.296037296037296,True,True,True
2065,0,0.6611138304295288,0.11501272264631043,Boston Sand & Gravel,Boston Sand & Gravel,MA,Eastern Region,filler,3000.0,3000,28.0,standard_28,85.0,strict_group,44.0,122.66666666666667,86.8,0.0,0.0,0.0,0.0,True,False,False
28441,0,0.6573881190158235,0.11501272264631043,Eastern Concrete,Roseland Plant,NJ,Eastern Region,other_or_unspecified,3500.0,3500,28.0,standard_28,115.42857142857143,strict_group,785.0,97.42857142857143,86.68571428571428,18.0,0.15594059405940594,28.742857142857147,0.24900990099009904,True,True,False
28528,1,0.6573881190158235,0.11501272264631043,Eastern Concrete,Roseland Plant,NJ,Eastern Region,other_or_unspecified,3500.0,3500,28.0,standard_28,124.28571428571429,strict_group,785.0,97.42857142857143,86.68571428571428,26.85714285714286,0.21609195402298853,37.60000000000001,0.30252873563218396,True,True,True
22187,1,0.6535449809091335,0.11501272264631043,"Corliss Resources, Inc.",Federal Way Plant,WA,Pacific Northwest Region,other_or_unspecified,2500.0,2500,1.0,early,137.6,none,,,,,,,,False,False,False
33351,1,0.6519684039759509,0.11501272264631043,Kirkpatrick Concrete,Alabaster Plant,AL,Southeastern Region,other_or_unspecified,2500.0,2500,28.0,standard_28,125.6,strict_group,11.0,97.4,95.2,28.19999999999999,0.2245222929936305,30.39999999999999,0.2420382165605095,True,True,True
33438,0,0.6519684039759509,0.11501272264631043,Kirkpatrick Concrete,Lakeshore Plant,AL,Southeastern Region,other_or_unspecified,2500.0,2500,28.0,standard_28,118.4,strict_group,11.0,97.4,95.2,21.0,0.17736486486486486,23.200000000000003,0.19594594594594597,True,True,False
33416,0,0.6519684039759509,0.11501272264631043,Kirkpatrick Concrete,Highway 280 Plant,AL,Southeastern Region,other_or_unspecified,2500.0,2500,28.0,standard_28,120.4,strict_group,11.0,97.4,95.2,23.0,0.19102990033222592,25.200000000000003,0.20930232558139536,True,True,False
33394,0,0.6519684039759509,0.11501272264631043,Kirkpatrick Concrete,Gardendale Plant,AL,Southeastern Region,other_or_unspecified,2500.0,2500,28.0,standard_28,120.8,strict_group,11.0,97.4,95.2,23.39999999999999,0.1937086092715231,25.599999999999994,0.21192052980132445,True,True,False
33159,1,0.64987766551817,0.11501272264631043,Hood River Sand and Gravel,Hood River Plant,OR,Pacific Northwest Region,paving,3000.0,3000,28.0,standard_28,126.66666666666667,strict_group,6.0,80.83333333333334,78.83333333333334,45.83333333333333,0.36184210526315785,47.83333333333333,0.3776315789473684,True,True,True
26204,1,0.6443790169803062,0.11501272264631043,Eastern Concrete,Newark Plant,NJ,Eastern Region,other_or_unspecified,3000.0,3000,28.0,standard_28,124.33333333333333,strict_group,983.0,108.66666666666667,100.66666666666667,15.666666666666657,0.12600536193029482,23.666666666666657,0.19034852546916883,True,True,False
30331,1,0.6412070381312114,0.11501272264631043,Eastern Concrete,West Nyack Plant,NY,Eastern Region,other_or_unspecified,3000.0,3000,28.0,standard_28,170.66666666666666,strict_group,983.0,108.66666666666667,100.66666666666667,61.999999999999986,0.36328124999999994,69.99999999999999,0.41015624999999994,True,True,True
23164,1,0.6365816507042723,0.11501272264631043,Eastern Concrete,Bogota Plant,NJ,Eastern Region,other_or_unspecified,3000.0,3000,28.0,standard_28,135.0,strict_group,983.0,108.66666666666667,100.66666666666667,26.33333333333333,0.1950617283950617,34.33333333333333,0.25432098765432093,True,True,False
27765,1,0.6365816507042723,0.11501272264631043,Eastern Concrete,North Bergen Plant,NJ,Eastern Region,other_or_unspecified,3000.0,3000,28.0,standard_28,133.66666666666666,strict_group,983.0,108.66666666666667,100.66666666666667,24.999999999999986,0.18703241895261835,32.999999999999986,0.24688279301745628,True,True,False
24333,1,0.6365816507042723,0.11501272264631043,Eastern Concrete,Broadway Plant,NJ,Eastern Region,other_or_unspecified,3000.0,3000,28.0,standard_28,131.0,strict_group,983.0,108.66666666666667,100.66666666666667,22.33333333333333,0.1704834605597964,30.33333333333333,0.23155216284987273,True,True,False
29537,1,0.6340524911247643,0.11501272264631043,Eastern Concrete,West Nyack Plant,NY,Eastern Region,other_or_unspecified,3000.0,3000,28.0,standard_28,140.33333333333334,strict_group,983.0,108.66666666666667,100.66666666666667,31.66666666666667,0.22565320665083138,39.66666666666667,0.2826603325415677,True,True,True
29731,1,0.6340524911247643,0.11501272264631043,Eastern Concrete,West Nyack Plant,NY,Eastern Region,other_or_unspecified,3000.0,3000,28.0,standard_28,167.33333333333334,strict_group,983.0,108.66666666666667,100.66666666666667,58.66666666666667,0.350597609561753,66.66666666666667,0.398406374501992,True,True,True
29575,1,0.6340524911247643,0.11501272264631043,Eastern Concrete,West Nyack Plant,NY,Eastern Region,other_or_unspecified,3000.0,3000,28.0,standard_28,144.0,strict_group,983.0,108.66666666666667,100.66666666666667,35.33333333333333,0.24537037037037035,43.33333333333333,0.3009259259259259,True,True,True
29964,1,0.6308267759140289,0.11501272264631043,Eastern Concrete,West Nyack Plant,NY,Eastern Region,other_or_unspecified,3000.0,3000,28.0,standard_28,152.66666666666666,strict_group,983.0,108.66666666666667,100.66666666666667,43.999999999999986,0.2882096069868995,51.999999999999986,0.3406113537117903,True,True,True
25016,0,0.6217382176522881,0.11501272264631043,Eastern Concrete,Broadway Plant,NJ,Eastern Region,filler,2500.0,2500,28.0,standard_28,76.0,strict_group,7.0,76.4,74.4,0.0,0.0,1.5999999999999943,0.021052631578947295,True,False,False
23826,0,0.6217382176522881,0.11501272264631043,Eastern Concrete,Bogota Plant,NJ,Eastern Region,filler,2500.0,2500,28.0,standard_28,79.2,strict_group,7.0,76.4,74.4,2.799999999999997,0.03535353535353532,4.799999999999997,0.060606060606060566,True,False,False
28351,0,0.6217382176522881,0.11501272264631043,Eastern Concrete,North Bergen Plant,NJ,Eastern Region,filler,2500.0,2500,28.0,standard_28,80.4,strict_group,7.0,76.4,74.4,4.0,0.04975124378109452,6.0,0.07462686567164178,True,False,False
29529,1,0.6164017595737653,0.11501272264631043,Eastern Concrete,West Nyack Plant,NY,Eastern Region,other_or_unspecified,2500.0,2500,28.0,standard_28,139.2,strict_group,109.0,120.4,112.96000000000001,18.799999999999983,0.1350574712643677,26.23999999999998,0.18850574712643667,True,True,False
27297,0,0.616057081038253,0.11501272264631043,Eastern Concrete,Newark Plant,NJ,Eastern Region,other_or_unspecified,3000.0,3000,28.0,standard_28,111.0,strict_group,983.0,108.66666666666667,100.66666666666667,2.3333333333333286,0.021021021021020977,10.333333333333329,0.09309309309309305,True,False,False
23924,1,0.6123093941740164,0.11501272264631043,Eastern Concrete,Broadway Plant,NJ,Eastern Region,other_or_unspecified,3000.0,3000,28.0,standard_28,133.66666666666666,strict_group,983.0,108.66666666666667,100.66666666666667,24.999999999999986,0.18703241895261835,32.999999999999986,0.24688279301745628,True,True,False
27383,1,0.6123093941740164,0.11501272264631043,Eastern Concrete,North Bergen Plant,NJ,Eastern Region,other_or_unspecified,3000.0,3000,28.0,standard_28,136.66666666666666,strict_group,983.0,108.66666666666667,100.66666666666667,27.999999999999986,0.2048780487804877,35.999999999999986,0.26341463414634136,True,True,True
22767,1,0.6123093941740164,0.11501272264631043,Eastern Concrete,Bogota Plant,NJ,Eastern Region,other_or_unspecified,3000.0,3000,28.0,standard_28,137.0,strict_group,983.0,108.66666666666667,100.66666666666667,28.33333333333333,0.2068126520681265,36.33333333333333,0.2652068126520681,True,True,True
29708,0,0.6101421924130086,0.11501272264631043,Eastern Concrete,West Nyack Plant,NY,Eastern Region,other_or_unspecified,3000.0,3000,28.0,standard_28,95.33333333333333,strict_group,983.0,108.66666666666667,100.66666666666667,0.0,0.0,0.0,0.0,True,False,False
29556,0,0.6101421924130086,0.11501272264631043,Eastern Concrete,West Nyack Plant,NY,Eastern Region,other_or_unspecified,3000.0,3000,28.0,standard_28,103.33333333333333,strict_group,983.0,108.66666666666667,100.66666666666667,0.0,0.0,2.666666666666657,0.025806451612903136,True,False,False
22632,0,0.6093805218588858,0.11501272264631043,Eastern Concrete,Bayonne Plant,NJ,Eastern Region,filler,3500.0,3500,28.0,standard_28,114.0,strict_group,95.0,116.85714285714286,110.11428571428571,0.0,0.0,3.885714285714286,0.034085213032581455,True,False,False
30324,1,0.6078199778477644,0.11501272264631043,Eastern Concrete,West Nyack Plant,NY,Eastern Region,other_or_unspecified,3000.0,3000,28.0,standard_28,150.66666666666666,strict_group,983.0,108.66666666666667,100.66666666666667,41.999999999999986,0.2787610619469026,49.999999999999986,0.3318584070796459,True,True,True
23282,0,0.6051755062161095,0.11501272264631043,Eastern Concrete,Bogota Plant,NJ,Eastern Region,other_or_unspecified,3000.0,3000,28.0,standard_28,94.66666666666667,strict_group,983.0,108.66666666666667,100.66666666666667,0.0,0.0,0.0,0.0,True,False,False
24451,0,0.6051755062161095,0.11501272264631043,Eastern Concrete,Broadway Plant,NJ,Eastern Region,other_or_unspecified,3000.0,3000,28.0,standard_28,91.0,strict_group,983.0,108.66666666666667,100.66666666666667,0.0,0.0,0.0,0.0,True,False,False
29531,1,0.6014078148767893,0.11501272264631043,Eastern Concrete,West Nyack Plant,NY,Eastern Region,other_or_unspecified,2500.0,2500,28.0,standard_28,164.0,strict_group,109.0,120.4,112.96000000000001,43.599999999999994,0.2658536585365853,51.03999999999999,0.3112195121951219,True,True,True
29371,1,0.6013706199367066,0.11501272264631043,Eastern Concrete,Roseland Plant,NJ,Eastern Region,other_or_unspecified,3000.0,3000,28.0,standard_28,139.33333333333334,strict_group,983.0,108.66666666666667,100.66666666666667,30.66666666666667,0.22009569377990432,38.66666666666667,0.27751196172248804,True,True,True
26670,0,0.5997351224154784,0.11501272264631043,Eastern Concrete,Newark Plant,NJ,Eastern Region,filler,3500.0,3500,28.0,standard_28,118.0,strict_group,95.0,116.85714285714286,110.11428571428571,1.1428571428571388,0.00968523002421304,7.885714285714286,0.06682808716707023,True,False,False
25555,1,0.5974209417447377,0.11501272264631043,Eastern Concrete,Howell Plant,NJ,Eastern Region,filler,3500.0,3500,28.0,standard_28,126.57142857142857,strict_group,95.0,116.85714285714286,110.11428571428571,9.714285714285708,0.07674943566591418,16.457142857142856,0.13002257336343115,True,False,False
27287,0,0.5944264492123658,0.11501272264631043,Eastern Concrete,Newark Plant,NJ,Eastern Region,other_or_unspecified,3000.0,3000,28.0,standard_28,100.33333333333333,strict_group,983.0,108.66666666666667,100.66666666666667,0.0,0.0,0.0,0.0,True,False,False
30323,1,0.592911665833554,0.11501272264631043,Eastern Concrete,West Nyack Plant,NY,Eastern Region,other_or_unspecified,3000.0,3000,28.0,standard_28,150.0,strict_group,983.0,108.66666666666667,100.66666666666667,41.33333333333333,0.2755555555555555,49.33333333333333,0.32888888888888884,True,True,True
27345,0,0.592511415837899,0.11501272264631043,Eastern Concrete,North Bergen Plant,NJ,Eastern Region,other_or_unspecified,3000.0,3000,28.0,standard_28,112.0,strict_group,983.0,108.66666666666667,100.66666666666667,3.3333333333333286,0.02976190476190472,11.333333333333329,0.10119047619047615,True,False,False
22730,0,0.592511415837899,0.11501272264631043,Eastern Concrete,Bogota Plant,NJ,Eastern Region,other_or_unspecified,3000.0,3000,28.0,standard_28,112.0,strict_group,983.0,108.66666666666667,100.66666666666667,3.3333333333333286,0.02976190476190472,11.333333333333329,0.10119047619047615,True,False,False
22755,0,0.592511415837899,0.11501272264631043,Eastern Concrete,Bogota Plant,NJ,Eastern Region,other_or_unspecified,3000.0,3000,28.0,standard_28,116.0,strict_group,983.0,108.66666666666667,100.66666666666667,7.333333333333329,0.06321839080459767,15.333333333333329,0.13218390804597696,True,False,False
27381,0,0.592511415837899,0.11501272264631043,Eastern Concrete,North Bergen Plant,NJ,Eastern Region,other_or_unspecified,3000.0,3000,28.0,standard_28,117.66666666666667,strict_group,983.0,108.66666666666667,100.66666666666667,9.0,0.07648725212464588,17.0,0.14447592067988668,True,False,False
22731,0,0.592511415837899,0.11501272264631043,Eastern Concrete,Bogota Plant,NJ,Eastern Region,other_or_unspecified,3000.0,3000,28.0,standard_28,112.33333333333333,strict_group,983.0,108.66666666666667,100.66666666666667,3.666666666666657,0.03264094955489606,11.666666666666657,0.10385756676557856,True,False,False
27368,0,0.592511415837899,0.11501272264631043,Eastern Concrete,North Bergen Plant,NJ,Eastern Region,other_or_unspecified,3000.0,3000,28.0,standard_28,115.66666666666667,strict_group,983.0,108.66666666666667,100.66666666666667,7.0,0.06051873198847262,15.0,0.12968299711815562,True,False,False
23883,0,0.592511415837899,0.11501272264631043,Eastern Concrete,Broadway Plant,NJ,Eastern Region,other_or_unspecified,3000.0,3000,28.0,standard_28,109.0,strict_group,983.0,108.66666666666667,100.66666666666667,0.3333333333333286,0.003058103975535125,8.333333333333329,0.07645259938837916,True,False,False
23922,0,0.592511415837899,0.11501272264631043,Eastern Concrete,Broadway Plant,NJ,Eastern Region,other_or_unspecified,3000.0,3000,28.0,standard_28,114.66666666666667,strict_group,983.0,108.66666666666667,100.66666666666667,6.0,0.05232558139534883,14.0,0.12209302325581395,True,False,False
23909,0,0.592511415837899,0.11501272264631043,Eastern Concrete,Broadway Plant,NJ,Eastern Region,other_or_unspecified,3000.0,3000,28.0,standard_28,112.66666666666667,strict_group,983.0,108.66666666666667,100.66666666666667,4.0,0.03550295857988166,12.0,0.10650887573964496,True,False,False
23884,0,0.592511415837899,0.11501272264631043,Eastern Concrete,Broadway Plant,NJ,Eastern Region,other_or_unspecified,3000.0,3000,28.0,standard_28,109.0,strict_group,983.0,108.66666666666667,100.66666666666667,0.3333333333333286,0.003058103975535125,8.333333333333329,0.07645259938837916,True,False,False
27344,0,0.592511415837899,0.11501272264631043,Eastern Concrete,North Bergen Plant,NJ,Eastern Region,other_or_unspecified,3000.0,3000,28.0,standard_28,112.0,strict_group,983.0,108.66666666666667,100.66666666666667,3.3333333333333286,0.02976190476190472,11.333333333333329,0.10119047619047615,True,False,False
24329,0,0.5900799840023174,0.11501272264631043,Eastern Concrete,Broadway Plant,NJ,Eastern Region,other_or_unspecified,3000.0,3000,28.0,standard_28,112.66666666666667,strict_group,983.0,108.66666666666667,100.66666666666667,4.0,0.03550295857988166,12.0,0.10650887573964496,True,False,False
27761,0,0.5900799840023174,0.11501272264631043,Eastern Concrete,North Bergen Plant,NJ,Eastern Region,other_or_unspecified,3000.0,3000,28.0,standard_28,115.33333333333333,strict_group,983.0,108.66666666666667,100.66666666666667,6.666666666666657,0.05780346820809241,14.666666666666657,0.1271676300578034,True,False,False
23161,0,0.5900799840023174,0.11501272264631043,Eastern Concrete,Bogota Plant,NJ,Eastern Region,other_or_unspecified,3000.0,3000,28.0,standard_28,117.33333333333333,strict_group,983.0,108.66666666666667,100.66666666666667,8.666666666666657,0.07386363636363628,16.666666666666657,0.14204545454545447,True,False,False
23160,0,0.5900799840023174,0.11501272264631043,Eastern Concrete,Bogota Plant,NJ,Eastern Region,other_or_unspecified,3000.0,3000,28.0,standard_28,115.66666666666667,strict_group,983.0,108.66666666666667,100.66666666666667,7.0,0.06051873198847262,15.0,0.12968299711815562,True,False,False
27762,0,0.5900799840023174,0.11501272264631043,Eastern Concrete,North Bergen Plant,NJ,Eastern Region,other_or_unspecified,3000.0,3000,28.0,standard_28,116.0,strict_group,983.0,108.66666666666667,100.66666666666667,7.333333333333329,0.06321839080459767,15.333333333333329,0.13218390804597696,True,False,False
24330,0,0.5900799840023174,0.11501272264631043,Eastern Concrete,Broadway Plant,NJ,Eastern Region,other_or_unspecified,3000.0,3000,28.0,standard_28,113.33333333333333,strict_group,983.0,108.66666666666667,100.66666666666667,4.666666666666657,0.04117647058823521,12.666666666666657,0.11176470588235286,True,False,False
28963,0,0.5890466683403115,0.11501272264631043,Eastern Concrete,Roseland Plant,NJ,Eastern Region,other_or_unspecified,3000.0,3000,28.0,standard_28,92.33333333333333,strict_group,983.0,108.66666666666667,100.66666666666667,0.0,0.0,0.0,0.0,True,False,False
2002,0,0.5872602973670967,0.11501272264631043,Bonded Concrete Inc. / The Clemente Group,Colonie Plant,NY,Eastern Region,other_or_unspecified,3000.0,3000,28.0,standard_28,109.0,strict_group,983.0,108.66666666666667,100.66666666666667,0.3333333333333286,0.003058103975535125,8.333333333333329,0.07645259938837916,True,False,False
22629,0,0.5854678792362927,0.11501272264631043,Eastern Concrete,Bayonne Plant,NJ,Eastern Region,filler,3500.0,3500,28.0,standard_28,110.0,strict_group,95.0,116.85714285714286,110.11428571428571,0.0,0.0,0.0,0.0,True,False,False
26177,0,0.5844220946572157,0.11501272264631043,Eastern Concrete,Newark Plant,NJ,Eastern Region,other_or_unspecified,3000.0,3000,28.0,standard_28,120.66666666666667,strict_group,983.0,108.66666666666667,100.66666666666667,12.0,0.09944751381215469,20.0,0.16574585635359115,True,False,False
24951,0,0.583004375658278,0.11501272264631043,Eastern Concrete,Broadway Plant,NJ,Eastern Region,other_or_unspecified,3000.0,3000,28.0,standard_28,103.0,strict_group,983.0,108.66666666666667,100.66666666666667,0.0,0.0,2.3333333333333286,0.02265372168284785,True,False,False
28305,0,0.583004375658278,0.11501272264631043,Eastern Concrete,North Bergen Plant,NJ,Eastern Region,other_or_unspecified,3000.0,3000,28.0,standard_28,106.0,strict_group,983.0,108.66666666666667,100.66666666666667,0.0,0.0,5.333333333333329,0.050314465408804986,True,False,False
25565,1,0.5814909970076501,0.11501272264631043,Eastern Concrete,Howell Plant,NJ,Eastern Region,filler,3500.0,3500,28.0,standard_28,127.14285714285714,strict_group,95.0,116.85714285714286,110.11428571428571,10.285714285714278,0.08089887640449432,17.028571428571425,0.1339325842696629,True,False,False
28468,0,0.5795736302538349,0.11501272264631043,Eastern Concrete,Roseland Plant,NJ,Eastern Region,other_or_unspecified,3500.0,3500,28.0,standard_28,118.28571428571429,strict_group,785.0,97.42857142857143,86.68571428571428,20.85714285714286,0.17632850241545897,31.60000000000001,0.2671497584541063,True,True,False
29538,1,0.5788115980350057,0.11501272264631043,Eastern Concrete,West Nyack Plant,NY,Eastern Region,other_or_unspecified,3000.0,3000,28.0,standard_28,139.0,strict_group,983.0,108.66666666666667,100.66666666666667,30.33333333333333,0.21822541966426856,38.33333333333333,0.2757793764988009,True,True,True
24360,1,0.5772814510319159,0.11501272264631043,Eastern Concrete,Broadway Plant,NJ,Eastern Region,other_or_unspecified,3000.0,3000,28.0,standard_28,138.0,strict_group,983.0,108.66666666666667,100.66666666666667,29.33333333333333,0.21256038647342992,37.33333333333333,0.27053140096618356,True,True,True
23191,1,0.5772814510319159,0.11501272264631043,Eastern Concrete,Bogota Plant,NJ,Eastern Region,other_or_unspecified,3000.0,3000,28.0,standard_28,141.33333333333334,strict_group,983.0,108.66666666666667,100.66666666666667,32.66666666666667,0.23113207547169812,40.66666666666667,0.28773584905660377,True,True,True
27792,1,0.5772814510319159,0.11501272264631043,Eastern Concrete,North Bergen Plant,NJ,Eastern Region,other_or_unspecified,3000.0,3000,28.0,standard_28,140.66666666666666,strict_group,983.0,108.66666666666667,100.66666666666667,31.999999999999986,0.22748815165876768,39.999999999999986,0.28436018957345965,True,True,True
24314,1,0.5772814510319159,0.11501272264631043,Eastern Concrete,Broadway Plant,NJ,Eastern Region,other_or_unspecified,3000.0,3000,28.0,standard_28,129.33333333333334,strict_group,983.0,108.66666666666667,100.66666666666667,20.66666666666667,0.1597938144329897,28.66666666666667,0.2216494845360825,True,True,False
27807,1,0.5772814510319159,0.11501272264631043,Eastern Concrete,North Bergen Plant,NJ,Eastern Region,other_or_unspecified,3000.0,3000,28.0,standard_28,140.66666666666666,strict_group,983.0,108.66666666666667,100.66666666666667,31.999999999999986,0.22748815165876768,39.999999999999986,0.28436018957345965,True,True,True
27806,1,0.5772814510319159,0.11501272264631043,Eastern Concrete,North Bergen Plant,NJ,Eastern Region,other_or_unspecified,3000.0,3000,28.0,standard_28,140.33333333333334,strict_group,983.0,108.66666666666667,100.66666666666667,31.66666666666667,0.22565320665083138,39.66666666666667,0.2826603325415677,True,True,True
27747,1,0.5772814510319159,0.11501272264631043,Eastern Concrete,North Bergen Plant,NJ,Eastern Region,other_or_unspecified,3000.0,3000,28.0,standard_28,132.0,strict_group,983.0,108.66666666666667,100.66666666666667,23.33333333333333,0.17676767676767674,31.33333333333333,0.23737373737373735,True,True,False
24316,1,0.5772814510319159,0.11501272264631043,Eastern Concrete,Broadway Plant,NJ,Eastern Region,other_or_unspecified,3000.0,3000,28.0,standard_28,129.66666666666666,strict_group,983.0,108.66666666666667,100.66666666666667,20.999999999999986,0.16195372750642664,28.999999999999986,0.22365038560411302,True,True,False
27748,1,0.5772814510319159,0.11501272264631043,Eastern Concrete,North Bergen Plant,NJ,Eastern Region,other_or_unspecified,3000.0,3000,28.0,standard_28,132.66666666666666,strict_group,983.0,108.66666666666667,100.66666666666667,23.999999999999986,0.18090452261306522,31.999999999999986,0.24120603015075368,True,True,False
23147,1,0.5772814510319159,0.11501272264631043,Eastern Concrete,Bogota Plant,NJ,Eastern Region,other_or_unspecified,3000.0,3000,28.0,standard_28,133.33333333333334,strict_group,983.0,108.66666666666667,100.66666666666667,24.66666666666667,0.18500000000000003,32.66666666666667,0.24500000000000002,True,True,False
23146,1,0.5772814510319159,0.11501272264631043,Eastern Concrete,Bogota Plant,NJ,Eastern Region,other_or_unspecified,3000.0,3000,28.0,standard_28,133.66666666666666,strict_group,983.0,108.66666666666667,100.66666666666667,24.999999999999986,0.18703241895261835,32.999999999999986,0.24688279301745628,True,True,False
24315,1,0.5772814510319159,0.11501272264631043,Eastern Concrete,Broadway Plant,NJ,Eastern Region,other_or_unspecified,3000.0,3000,28.0,standard_28,130.0,strict_group,983.0,108.66666666666667,100.66666666666667,21.33333333333333,0.16410256410256407,29.33333333333333,0.22564102564102562,True,True,False
23206,1,0.5772814510319159,0.11501272264631043,Eastern Concrete,Bogota Plant,NJ,Eastern Region,other_or_unspecified,3000.0,3000,28.0,standard_28,141.33333333333334,strict_group,983.0,108.66666666666667,100.66666666666667,32.66666666666667,0.23113207547169812,40.66666666666667,0.28773584905660377,True,True,True
23205,1,0.5772814510319159,0.11501272264631043,Eastern Concrete,Bogota Plant,NJ,Eastern Region,other_or_unspecified,3000.0,3000,28.0,standard_28,141.33333333333334,strict_group,983.0,108.66666666666667,100.66666666666667,32.66666666666667,0.23113207547169812,40.66666666666667,0.28773584905660377,True,True,True
24375,1,0.5772814510319159,0.11501272264631043,Eastern Concrete,Broadway Plant,NJ,Eastern Region,other_or_unspecified,3000.0,3000,28.0,standard_28,138.0,strict_group,983.0,108.66666666666667,100.66666666666667,29.33333333333333,0.21256038647342992,37.33333333333333,0.27053140096618356,True,True,True
27749,1,0.5772814510319159,0.11501272264631043,Eastern Concrete,North Bergen Plant,NJ,Eastern Region,other_or_unspecified,3000.0,3000,28.0,standard_28,132.33333333333334,strict_group,983.0,108.66666666666667,100.66666666666667,23.66666666666667,0.1788413098236776,31.66666666666667,0.23929471032745595,True,True,False
23145,1,0.5772814510319159,0.11501272264631043,Eastern Concrete,Bogota Plant,NJ,Eastern Region,other_or_unspecified,3000.0,3000,28.0,standard_28,132.66666666666666,strict_group,983.0,108.66666666666667,100.66666666666667,23.999999999999986,0.18090452261306522,31.999999999999986,0.24120603015075368,True,True,False
24374,1,0.5772814510319159,0.11501272264631043,Eastern Concrete,Broadway Plant,NJ,Eastern Region,other_or_unspecified,3000.0,3000,28.0,standard_28,137.66666666666666,strict_group,983.0,108.66666666666667,100.66666666666667,28.999999999999986,0.2106537530266343,36.999999999999986,0.26876513317191275,True,True,True
42808,1,0.5762522874398628,0.11501272264631043,Scioto Ready Mix,New Albany Plant,OH,Great Lakes Region,other_or_unspecified,3000.0,3000,28.0,standard_28,159.0,strict_group,29.0,83.0,73.6,76.0,0.4779874213836478,85.4,0.5371069182389937,True,True,True
42686,1,0.5762522874398628,0.11501272264631043,Scioto Ready Mix,Alexandria Plant,OH,Great Lakes Region,other_or_unspecified,3000.0,3000,28.0,standard_28,153.66666666666666,strict_group,29.0,83.0,73.6,70.66666666666666,0.4598698481561822,80.06666666666666,0.5210412147505423,True,True,True
42758,1,0.5762522874398628,0.11501272264631043,Scioto Ready Mix,Dublin Plant,OH,Great Lakes Region,other_or_unspecified,3000.0,3000,28.0,standard_28,152.66666666666666,strict_group,29.0,83.0,73.6,69.66666666666666,0.4563318777292576,79.06666666666666,0.5179039301310043,True,True,True
42715,1,0.5762522874398628,0.11501272264631043,Scioto Ready Mix,Delaware Plant,OH,Great Lakes Region,other_or_unspecified,3000.0,3000,28.0,standard_28,157.0,strict_group,29.0,83.0,73.6,74.0,0.4713375796178344,83.4,0.5312101910828025,True,True,True
25081,1,0.5759334148995142,0.11501272264631043,Eastern Concrete,Howell Plant,NJ,Eastern Region,other_or_unspecified,3000.0,3000,28.0,standard_28,134.33333333333334,strict_group,983.0,108.66666666666667,100.66666666666667,25.66666666666667,0.19106699751861045,33.66666666666667,0.250620347394541,True,True,False
29565,1,0.5749399140332934,0.11501272264631043,Eastern Concrete,West Nyack Plant,NY,Eastern Region,other_or_unspecified,3000.0,3000,28.0,standard_28,144.0,strict_group,983.0,108.66666666666667,100.66666666666667,35.33333333333333,0.24537037037037035,43.33333333333333,0.3009259259259259,True,True,True
27519,0,0.5748307895393955,0.11501272264631043,Eastern Concrete,North Bergen Plant,NJ,Eastern Region,other_or_unspecified,3000.0,3000,28.0,standard_28,93.66666666666667,strict_group,983.0,108.66666666666667,100.66666666666667,0.0,0.0,0.0,0.0,True,False,False
27351,0,0.5748307895393955,0.11501272264631043,Eastern Concrete,North Bergen Plant,NJ,Eastern Region,other_or_unspecified,3000.0,3000,28.0,standard_28,91.33333333333333,strict_group,983.0,108.66666666666667,100.66666666666667,0.0,0.0,0.0,0.0,True,False,False
27520,0,0.5748307895393955,0.11501272264631043,Eastern Concrete,North Bergen Plant,NJ,Eastern Region,other_or_unspecified,3000.0,3000,28.0,standard_28,84.33333333333333,strict_group,983.0,108.66666666666667,100.66666666666667,0.0,0.0,0.0,0.0,True,False,False
24064,0,0.5748307895393955,0.11501272264631043,Eastern Concrete,Broadway Plant,NJ,Eastern Region,other_or_unspecified,3000.0,3000,28.0,standard_28,91.33333333333333,strict_group,983.0,108.66666666666667,100.66666666666667,0.0,0.0,0.0,0.0,True,False,False
24067,0,0.5748307895393955,0.11501272264631043,Eastern Concrete,Broadway Plant,NJ,Eastern Region,other_or_unspecified,3000.0,3000,28.0,standard_28,80.66666666666667,strict_group,983.0,108.66666666666667,100.66666666666667,0.0,0.0,0.0,0.0,True,False,False
24066,0,0.5748307895393955,0.11501272264631043,Eastern Concrete,Broadway Plant,NJ,Eastern Region,other_or_unspecified,3000.0,3000,28.0,standard_28,90.33333333333333,strict_group,983.0,108.66666666666667,100.66666666666667,0.0,0.0,0.0,0.0,True,False,False
22900,0,0.5748307895393955,0.11501272264631043,Eastern Concrete,Bogota Plant,NJ,Eastern Region,other_or_unspecified,3000.0,3000,28.0,standard_28,93.33333333333333,strict_group,983.0,108.66666666666667,100.66666666666667,0.0,0.0,0.0,0.0,True,False,False
22738,0,0.5748307895393955,0.11501272264631043,Eastern Concrete,Bogota Plant,NJ,Eastern Region,other_or_unspecified,3000.0,3000,28.0,standard_28,91.0,strict_group,983.0,108.66666666666667,100.66666666666667,0.0,0.0,0.0,0.0,True,False,False
27517,0,0.5748307895393955,0.11501272264631043,Eastern Concrete,North Bergen Plant,NJ,Eastern Region,other_or_unspecified,3000.0,3000,28.0,standard_28,94.33333333333333,strict_group,983.0,108.66666666666667,100.66666666666667,0.0,0.0,0.0,0.0,True,False,False
23891,0,0.5748307895393955,0.11501272264631043,Eastern Concrete,Broadway Plant,NJ,Eastern Region,other_or_unspecified,3000.0,3000,28.0,standard_28,88.0,strict_group,983.0,108.66666666666667,100.66666666666667,0.0,0.0,0.0,0.0,True,False,False
22901,0,0.5748307895393955,0.11501272264631043,Eastern Concrete,Bogota Plant,NJ,Eastern Region,other_or_unspecified,3000.0,3000,28.0,standard_28,84.0,strict_group,983.0,108.66666666666667,100.66666666666667,0.0,0.0,0.0,0.0,True,False,False
22898,0,0.5748307895393955,0.11501272264631043,Eastern Concrete,Bogota Plant,NJ,Eastern Region,other_or_unspecified,3000.0,3000,28.0,standard_28,95.0,strict_group,983.0,108.66666666666667,100.66666666666667,0.0,0.0,0.0,0.0,True,False,False
27144,1,0.5732119205160311,0.11501272264631043,Eastern Concrete,Newark Plant,NJ,Eastern Region,other_or_unspecified,3000.0,3000,28.0,standard_28,141.66666666666666,strict_group,983.0,108.66666666666667,100.66666666666667,32.999999999999986,0.23294117647058815,40.999999999999986,0.28941176470588226,True,True,True
26019,1,0.5732119205160311,0.11501272264631043,Eastern Concrete,Howell Plant,NJ,Eastern Region,other_or_unspecified,3000.0,3000,28.0,standard_28,144.33333333333334,strict_group,983.0,108.66666666666667,100.66666666666667,35.66666666666667,0.2471131639722864,43.66666666666667,0.302540415704388,True,True,True
25972,0,0.5667833148270347,0.11501272264631043,Eastern Concrete,Howell Plant,NJ,Eastern Region,other_or_unspecified,4000.0,4000,28.0,standard_28,123.5,strict_group,2318.0,91.5,80.75,32.0,0.2591093117408907,42.75,0.34615384615384615,True,True,True
33221,0,0.5653915237734912,0.11501272264631043,Hood River Sand and Gravel,The Dalles Plant,OR,Pacific Northwest Region,paving,3300.0,3500,28.0,standard_28,104.24242424242425,regional_strength_group,40.0,90.14285714285714,88.2,14.09956709956711,0.13525747508305658,16.042424242424246,0.15389534883720934,True,True,False
28482,0,0.5619407745582295,0.11501272264631043,Eastern Concrete,Roseland Plant,NJ,Eastern Region,other_or_unspecified,3500.0,3500,28.0,standard_28,118.57142857142857,strict_group,785.0,97.42857142857143,86.68571428571428,21.14285714285714,0.17831325301204817,31.885714285714286,0.2689156626506024,True,True,False
29944,1,0.5594209833313294,0.11501272264631043,Eastern Concrete,West Nyack Plant,NY,Eastern Region,other_or_unspecified,3000.0,3000,28.0,standard_28,149.33333333333334,strict_group,983.0,108.66666666666667,100.66666666666667,40.66666666666667,0.2723214285714286,48.66666666666667,0.32589285714285715,True,True,True
22628,0,0.5592041261119489,0.11501272264631043,Eastern Concrete,Bayonne Plant,NJ,Eastern Region,filler,3500.0,3500,28.0,standard_28,106.57142857142857,strict_group,95.0,116.85714285714286,110.11428571428571,0.0,0.0,0.0,0.0,True,False,False
28581,0,0.5566163345151228,0.11501272264631043,Eastern Concrete,Roseland Plant,NJ,Eastern Region,other_or_unspecified,3000.0,3000,28.0,standard_28,93.33333333333333,strict_group,983.0,108.66666666666667,100.66666666666667,0.0,0.0,0.0,0.0,True,False,False
28583,0,0.5566163345151228,0.11501272264631043,Eastern Concrete,Roseland Plant,NJ,Eastern Region,other_or_unspecified,3000.0,3000,28.0,standard_28,91.66666666666667,strict_group,983.0,108.66666666666667,100.66666666666667,0.0,0.0,0.0,0.0,True,False,False
28584,0,0.5566163345151228,0.11501272264631043,Eastern Concrete,Roseland Plant,NJ,Eastern Region,other_or_unspecified,3000.0,3000,28.0,standard_28,82.33333333333333,strict_group,983.0,108.66666666666667,100.66666666666667,0.0,0.0,0.0,0.0,True,False,False
28409,0,0.5566163345151228,0.11501272264631043,Eastern Concrete,Roseland Plant,NJ,Eastern Region,other_or_unspecified,3000.0,3000,28.0,standard_28,89.0,strict_group,983.0,108.66666666666667,100.66666666666667,0.0,0.0,0.0,0.0,True,False,False
27350,0,0.5559947961861373,0.11501272264631043,Eastern Concrete,North Bergen Plant,NJ,Eastern Region,other_or_unspecified,3000.0,3000,28.0,standard_28,105.0,strict_group,983.0,108.66666666666667,100.66666666666667,0.0,0.0,4.333333333333329,0.04126984126984123,True,False,False
23890,0,0.5559947961861373,0.11501272264631043,Eastern Concrete,Broadway Plant,NJ,Eastern Region,other_or_unspecified,3000.0,3000,28.0,standard_28,101.66666666666667,strict_group,983.0,108.66666666666667,100.66666666666667,0.0,0.0,1.0,0.009836065573770491,True,False,False
22737,0,0.5559947961861373,0.11501272264631043,Eastern Concrete,Bogota Plant,NJ,Eastern Region,other_or_unspecified,3000.0,3000,28.0,standard_28,104.66666666666667,strict_group,983.0,108.66666666666667,100.66666666666667,0.0,0.0,4.0,0.03821656050955414,True,False,False
29463,0,0.5517163512783372,0.11501272264631043,Eastern Concrete,Roseland Plant,NJ,Eastern Region,filler,4000.0,4000,28.0,standard_28,108.75,strict_group,125.0,99.25,92.1,9.5,0.08735632183908046,16.650000000000006,0.15310344827586211,True,False,False
26232,1,0.5504059098756785,0.11501272264631043,Eastern Concrete,Newark Plant,NJ,Eastern Region,other_or_unspecified,3000.0,3000,28.0,standard_28,129.0,strict_group,983.0,108.66666666666667,100.66666666666667,20.33333333333333,0.15762273901808782,28.33333333333333,0.2196382428940568,True,True,False
22373,0,0.5494027972311102,0.11501272264631043,CTI Ready Mix,CTI Ready Mix West Des Moines Plant,IA,North Central Region,filler,1500.0,1500,28.0,standard_28,66.2,regional_strength_group,6.0,70.66666666666666,67.76666666666667,0.0,0.0,0.0,0.0,True,False,False
29562,1,0.54935601588356,0.11501272264631043,Eastern Concrete,West Nyack Plant,NY,Eastern Region,other_or_unspecified,3000.0,3000,28.0,standard_28,144.66666666666666,strict_group,983.0,108.66666666666667,100.66666666666667,35.999999999999986,0.24884792626728103,43.999999999999986,0.3041474654377879,True,True,True
33137,0,0.547879116326078,0.11501272264631043,Hood River Sand and Gravel,Hood River Plant,OR,Pacific Northwest Region,other_or_unspecified,3000.0,3000,28.0,standard_28,116.33333333333333,strict_group,33.0,65.33333333333333,61.53333333333334,51.0,0.4383954154727794,54.79999999999999,0.47106017191977073,True,True,True
25086,1,0.54746253100625,0.11501272264631043,Eastern Concrete,Howell Plant,NJ,Eastern Region,other_or_unspecified,3000.0,3000,28.0,standard_28,134.0,strict_group,983.0,108.66666666666667,100.66666666666667,25.33333333333333,0.18905472636815918,33.33333333333333,0.24875621890547261,True,True,False
29588,1,0.5462352650183834,0.11501272264631043,Eastern Concrete,West Nyack Plant,NY,Eastern Region,other_or_unspecified,3000.0,3000,28.0,standard_28,149.0,strict_group,983.0,108.66666666666667,100.66666666666667,40.33333333333333,0.27069351230425054,48.33333333333333,0.32438478747203575,True,True,True
22630,0,0.5380429262495716,0.11501272264631043,Eastern Concrete,Bayonne Plant,NJ,Eastern Region,filler,3500.0,3500,28.0,standard_28,110.28571428571429,strict_group,95.0,116.85714285714286,110.11428571428571,0.0,0.0,0.17142857142857792,0.0015544041450777791,True,False,False
2013,0,0.5354518196674186,0.11501272264631043,Bonded Concrete Inc. / The Clemente Group,Pleasant Valley Plant,NY,Eastern Region,other_or_unspecified,3000.0,3000,28.0,standard_28,109.66666666666667,strict_group,983.0,108.66666666666667,100.66666666666667,1.0,0.00911854103343465,9.0,0.08206686930091185,True,False,False
33375,0,0.5346938426692565,0.11501272264631043,Kirkpatrick Concrete,Alton Plant,AL,Southeastern Region,other_or_unspecified,3000.0,3000,28.0,standard_28,110.33333333333333,strict_group,35.0,89.83333333333334,77.66666666666667,20.499999999999986,0.18580060422960712,32.66666666666666,0.29607250755287,True,True,False
25053,1,0.534581440406233,0.11501272264631043,Eastern Concrete,Howell Plant,NJ,Eastern Region,other_or_unspecified,3000.0,3000,28.0,standard_28,129.0,strict_group,983.0,108.66666666666667,100.66666666666667,20.33333333333333,0.15762273901808782,28.33333333333333,0.2196382428940568,True,True,False
27136,1,0.5329751075220043,0.11501272264631043,Eastern Concrete,Newark Plant,NJ,Eastern Region,filler,3000.0,3000,28.0,standard_28,125.0,strict_group,44.0,122.66666666666667,86.8,2.3333333333333286,0.01866666666666663,38.2,0.30560000000000004,True,False,False
23156,0,0.5280168947166319,0.11501272264631043,Eastern Concrete,Bogota Plant,NJ,Eastern Region,other_or_unspecified,3000.0,3000,28.0,standard_28,110.66666666666667,strict_group,983.0,108.66666666666667,100.66666666666667,2.0,0.018072289156626505,10.0,0.09036144578313253,True,False,False
27758,0,0.5280168947166319,0.11501272264631043,Eastern Concrete,North Bergen Plant,NJ,Eastern Region,other_or_unspecified,3000.0,3000,28.0,standard_28,110.66666666666667,strict_group,983.0,108.66666666666667,100.66666666666667,2.0,0.018072289156626505,10.0,0.09036144578313253,True,False,False
23174,0,0.5280168947166319,0.11501272264631043,Eastern Concrete,Bogota Plant,NJ,Eastern Region,other_or_unspecified,3000.0,3000,28.0,standard_28,112.33333333333333,strict_group,983.0,108.66666666666667,100.66666666666667,3.666666666666657,0.03264094955489606,11.666666666666657,0.10385756676557856,True,False,False
24324,0,0.5280168947166319,0.11501272264631043,Eastern Concrete,Broadway Plant,NJ,Eastern Region,other_or_unspecified,3000.0,3000,28.0,standard_28,107.33333333333333,strict_group,983.0,108.66666666666667,100.66666666666667,0.0,0.0,6.666666666666657,0.06211180124223594,True,False,False
24343,0,0.5280168947166319,0.11501272264631043,Eastern Concrete,Broadway Plant,NJ,Eastern Region,other_or_unspecified,3000.0,3000,28.0,standard_28,109.0,strict_group,983.0,108.66666666666667,100.66666666666667,0.3333333333333286,0.003058103975535125,8.333333333333329,0.07645259938837916,True,False,False
24325,0,0.5280168947166319,0.11501272264631043,Eastern Concrete,Broadway Plant,NJ,Eastern Region,other_or_unspecified,3000.0,3000,28.0,standard_28,107.66666666666667,strict_group,983.0,108.66666666666667,100.66666666666667,0.0,0.0,7.0,0.06501547987616099,True,False,False
27757,0,0.5280168947166319,0.11501272264631043,Eastern Concrete,North Bergen Plant,NJ,Eastern Region,other_or_unspecified,3000.0,3000,28.0,standard_28,110.33333333333333,strict_group,983.0,108.66666666666667,100.66666666666667,1.6666666666666572,0.015105740181268796,9.666666666666657,0.08761329305135944,True,False,False
27775,0,0.5280168947166319,0.11501272264631043,Eastern Concrete,North Bergen Plant,NJ,Eastern Region,other_or_unspecified,3000.0,3000,28.0,standard_28,112.0,strict_group,983.0,108.66666666666667,100.66666666666667,3.3333333333333286,0.02976190476190472,11.333333333333329,0.10119047619047615,True,False,False
23155,0,0.5280168947166319,0.11501272264631043,Eastern Concrete,Bogota Plant,NJ,Eastern Region,other_or_unspecified,3000.0,3000,28.0,standard_28,110.66666666666667,strict_group,983.0,108.66666666666667,100.66666666666667,2.0,0.018072289156626505,10.0,0.09036144578313253,True,False,False
27138,1,0.5270621297178922,0.11501272264631043,Eastern Concrete,Newark Plant,NJ,Eastern Region,other_or_unspecified,3000.0,3000,28.0,standard_28,133.33333333333334,strict_group,983.0,108.66666666666667,100.66666666666667,24.66666666666667,0.18500000000000003,32.66666666666667,0.24500000000000002,True,True,False
26013,1,0.5270621297178922,0.11501272264631043,Eastern Concrete,Howell Plant,NJ,Eastern Region,other_or_unspecified,3000.0,3000,28.0,standard_28,135.66666666666666,strict_group,983.0,108.66666666666667,100.66666666666667,26.999999999999986,0.19901719901719891,34.999999999999986,0.2579852579852579,True,True,False
30392,1,0.5260096378099304,0.11501272264631043,Eastern Concrete,West Nyack Plant,NY,Eastern Region,other_or_unspecified,2500.0,2500,28.0,standard_28,138.0,strict_group,109.0,120.4,112.96000000000001,17.599999999999994,0.12753623188405794,25.039999999999992,0.18144927536231878,True,True,False
24397,0,0.5196105712747837,0.11501272264631043,Eastern Concrete,Broadway Plant,NJ,Eastern Region,filler,3500.0,3500,28.0,standard_28,122.85714285714286,strict_group,95.0,116.85714285714286,110.11428571428571,6.0,0.04883720930232558,12.742857142857147,0.10372093023255817,True,False,False
27828,1,0.5196105712747837,0.11501272264631043,Eastern Concrete,North Bergen Plant,NJ,Eastern Region,filler,3500.0,3500,28.0,standard_28,125.14285714285714,strict_group,95.0,116.85714285714286,110.11428571428571,8.285714285714278,0.0662100456621004,15.028571428571425,0.12009132420091322,True,False,False
23228,1,0.5196105712747837,0.11501272264631043,Eastern Concrete,Bogota Plant,NJ,Eastern Region,filler,3500.0,3500,28.0,standard_28,125.71428571428571,strict_group,95.0,116.85714285714286,110.11428571428571,8.857142857142847,0.07045454545454538,15.599999999999994,0.12409090909090906,True,False,False
27340,0,0.517824275249765,0.11501272264631043,Eastern Concrete,North Bergen Plant,NJ,Eastern Region,other_or_unspecified,3000.0,3000,28.0,standard_28,107.33333333333333,strict_group,983.0,108.66666666666667,100.66666666666667,0.0,0.0,6.666666666666657,0.06211180124223594,True,False,False
22765,0,0.517824275249765,0.11501272264631043,Eastern Concrete,Bogota Plant,NJ,Eastern Region,other_or_unspecified,3000.0,3000,28.0,standard_28,113.33333333333333,strict_group,983.0,108.66666666666667,100.66666666666667,4.666666666666657,0.04117647058823521,12.666666666666657,0.11176470588235286,True,False,False
27339,0,0.517824275249765,0.11501272264631043,Eastern Concrete,North Bergen Plant,NJ,Eastern Region,other_or_unspecified,3000.0,3000,28.0,standard_28,106.66666666666667,strict_group,983.0,108.66666666666667,100.66666666666667,0.0,0.0,6.0,0.056249999999999994,True,False,False
23914,0,0.517824275249765,0.11501272264631043,Eastern Concrete,Broadway Plant,NJ,Eastern Region,other_or_unspecified,3000.0,3000,28.0,standard_28,107.0,strict_group,983.0,108.66666666666667,100.66666666666667,0.0,0.0,6.333333333333329,0.05919003115264793,True,False,False
23921,0,0.517824275249765,0.11501272264631043,Eastern Concrete,Broadway Plant,NJ,Eastern Region,other_or_unspecified,3000.0,3000,28.0,standard_28,109.66666666666667,strict_group,983.0,108.66666666666667,100.66666666666667,1.0,0.00911854103343465,9.0,0.08206686930091185,True,False,False
23880,0,0.517824275249765,0.11501272264631043,Eastern Concrete,Broadway Plant,NJ,Eastern Region,other_or_unspecified,3000.0,3000,28.0,standard_28,107.33333333333333,strict_group,983.0,108.66666666666667,100.66666666666667,0.0,0.0,6.666666666666657,0.06211180124223594,True,False,False
23916,0,0.517824275249765,0.11501272264631043,Eastern Concrete,Broadway Plant,NJ,Eastern Region,other_or_unspecified,3000.0,3000,28.0,standard_28,107.0,strict_group,983.0,108.66666666666667,100.66666666666667,0.0,0.0,6.333333333333329,0.05919003115264793,True,False,False
23915,0,0.517824275249765,0.11501272264631043,Eastern Concrete,Broadway Plant,NJ,Eastern Region,other_or_unspecified,3000.0,3000,28.0,standard_28,107.33333333333333,strict_group,983.0,108.66666666666667,100.66666666666667,0.0,0.0,6.666666666666657,0.06211180124223594,True,False,False
23894,0,0.517824275249765,0.11501272264631043,Eastern Concrete,Broadway Plant,NJ,Eastern Region,other_or_unspecified,3000.0,3000,28.0,standard_28,107.33333333333333,strict_group,983.0,108.66666666666667,100.66666666666667,0.0,0.0,6.666666666666657,0.06211180124223594,True,False,False
23918,0,0.517824275249765,0.11501272264631043,Eastern Concrete,Broadway Plant,NJ,Eastern Region,other_or_unspecified,3000.0,3000,28.0,standard_28,107.33333333333333,strict_group,983.0,108.66666666666667,100.66666666666667,0.0,0.0,6.666666666666657,0.06211180124223594,True,False,False
23981,0,0.517824275249765,0.11501272264631043,Eastern Concrete,Broadway Plant,NJ,Eastern Region,other_or_unspecified,3000.0,3000,28.0,standard_28,103.33333333333333,strict_group,983.0,108.66666666666667,100.66666666666667,0.0,0.0,2.666666666666657,0.025806451612903136,True,False,False
22761,0,0.517824275249765,0.11501272264631043,Eastern Concrete,Bogota Plant,NJ,Eastern Region,other_or_unspecified,3000.0,3000,28.0,standard_28,110.33333333333333,strict_group,983.0,108.66666666666667,100.66666666666667,1.6666666666666572,0.015105740181268796,9.666666666666657,0.08761329305135944,True,False,False
22759,0,0.517824275249765,0.11501272264631043,Eastern Concrete,Bogota Plant,NJ,Eastern Region,other_or_unspecified,3000.0,3000,28.0,standard_28,110.33333333333333,strict_group,983.0,108.66666666666667,100.66666666666667,1.6666666666666572,0.015105740181268796,9.666666666666657,0.08761329305135944,True,False,False
22741,0,0.517824275249765,0.11501272264631043,Eastern Concrete,Bogota Plant,NJ,Eastern Region,other_or_unspecified,3000.0,3000,28.0,standard_28,110.66666666666667,strict_group,983.0,108.66666666666667,100.66666666666667,2.0,0.018072289156626505,10.0,0.09036144578313253,True,False,False
22752,0,0.517824275249765,0.11501272264631043,Eastern Concrete,Bogota Plant,NJ,Eastern Region,other_or_unspecified,3000.0,3000,28.0,standard_28,110.66666666666667,strict_group,983.0,108.66666666666667,100.66666666666667,2.0,0.018072289156626505,10.0,0.09036144578313253,True,False,False
23905,0,0.517824275249765,0.11501272264631043,Eastern Concrete,Broadway Plant,NJ,Eastern Region,other_or_unspecified,3000.0,3000,28.0,standard_28,107.66666666666667,strict_group,983.0,108.66666666666667,100.66666666666667,0.0,0.0,7.0,0.06501547987616099,True,False,False
22760,0,0.517824275249765,0.11501272264631043,Eastern Concrete,Bogota Plant,NJ,Eastern Region,other_or_unspecified,3000.0,3000,28.0,standard_28,110.66666666666667,strict_group,983.0,108.66666666666667,100.66666666666667,2.0,0.018072289156626505,10.0,0.09036144578313253,True,False,False
23879,0,0.517824275249765,0.11501272264631043,Eastern Concrete,Broadway Plant,NJ,Eastern Region,other_or_unspecified,3000.0,3000,28.0,standard_28,104.0,strict_group,983.0,108.66666666666667,100.66666666666667,0.0,0.0,3.3333333333333286,0.03205128205128201,True,False,False
27365,0,0.517824275249765,0.11501272264631043,Eastern Concrete,North Bergen Plant,NJ,Eastern Region,other_or_unspecified,3000.0,3000,28.0,standard_28,110.33333333333333,strict_group,983.0,108.66666666666667,100.66666666666667,1.6666666666666572,0.015105740181268796,9.666666666666657,0.08761329305135944,True,False,False
27354,0,0.517824275249765,0.11501272264631043,Eastern Concrete,North Bergen Plant,NJ,Eastern Region,other_or_unspecified,3000.0,3000,28.0,standard_28,110.33333333333333,strict_group,983.0,108.66666666666667,100.66666666666667,1.6666666666666572,0.015105740181268796,9.666666666666657,0.08761329305135944,True,False,False
27373,0,0.517824275249765,0.11501272264631043,Eastern Concrete,North Bergen Plant,NJ,Eastern Region,other_or_unspecified,3000.0,3000,28.0,standard_28,110.0,strict_group,983.0,108.66666666666667,100.66666666666667,1.3333333333333286,0.012121212121212078,9.333333333333329,0.08484848484848481,True,False,False
27374,0,0.517824275249765,0.11501272264631043,Eastern Concrete,North Bergen Plant,NJ,Eastern Region,other_or_unspecified,3000.0,3000,28.0,standard_28,110.0,strict_group,983.0,108.66666666666667,100.66666666666667,1.3333333333333286,0.012121212121212078,9.333333333333329,0.08484848484848481,True,False,False
27341,0,0.517824275249765,0.11501272264631043,Eastern Concrete,North Bergen Plant,NJ,Eastern Region,other_or_unspecified,3000.0,3000,28.0,standard_28,110.33333333333333,strict_group,983.0,108.66666666666667,100.66666666666667,1.6666666666666572,0.015105740181268796,9.666666666666657,0.08761329305135944,True,False,False
27375,0,0.517824275249765,0.11501272264631043,Eastern Concrete,North Bergen Plant,NJ,Eastern Region,other_or_unspecified,3000.0,3000,28.0,standard_28,110.0,strict_group,983.0,108.66666666666667,100.66666666666667,1.3333333333333286,0.012121212121212078,9.333333333333329,0.08484848484848481,True,False,False
27380,0,0.517824275249765,0.11501272264631043,Eastern Concrete,North Bergen Plant,NJ,Eastern Region,other_or_unspecified,3000.0,3000,28.0,standard_28,112.33333333333333,strict_group,983.0,108.66666666666667,100.66666666666667,3.666666666666657,0.03264094955489606,11.666666666666657,0.10385756676557856,True,False,False
27377,0,0.517824275249765,0.11501272264631043,Eastern Concrete,North Bergen Plant,NJ,Eastern Region,other_or_unspecified,3000.0,3000,28.0,standard_28,110.33333333333333,strict_group,983.0,108.66666666666667,100.66666666666667,1.6666666666666572,0.015105740181268796,9.666666666666657,0.08761329305135944,True,False,False
23878,0,0.517824275249765,0.11501272264631043,Eastern Concrete,Broadway Plant,NJ,Eastern Region,other_or_unspecified,3000.0,3000,28.0,standard_28,103.66666666666667,strict_group,983.0,108.66666666666667,100.66666666666667,0.0,0.0,3.0,0.028938906752411574,True,False,False
22726,0,0.517824275249765,0.11501272264631043,Eastern Concrete,Bogota Plant,NJ,Eastern Region,other_or_unspecified,3000.0,3000,28.0,standard_28,106.66666666666667,strict_group,983.0,108.66666666666667,100.66666666666667,0.0,0.0,6.0,0.056249999999999994,True,False,False
27438,0,0.517824275249765,0.11501272264631043,Eastern Concrete,North Bergen Plant,NJ,Eastern Region,other_or_unspecified,3000.0,3000,28.0,standard_28,106.0,strict_group,983.0,108.66666666666667,100.66666666666667,0.0,0.0,5.333333333333329,0.050314465408804986,True,False,False
22820,0,0.517824275249765,0.11501272264631043,Eastern Concrete,Bogota Plant,NJ,Eastern Region,other_or_unspecified,3000.0,3000,28.0,standard_28,107.33333333333333,strict_group,983.0,108.66666666666667,100.66666666666667,0.0,0.0,6.666666666666657,0.06211180124223594,True,False,False
22727,0,0.517824275249765,0.11501272264631043,Eastern Concrete,Bogota Plant,NJ,Eastern Region,other_or_unspecified,3000.0,3000,28.0,standard_28,107.33333333333333,strict_group,983.0,108.66666666666667,100.66666666666667,0.0,0.0,6.666666666666657,0.06211180124223594,True,False,False
29377,1,0.5175532051919078,0.11501272264631043,Eastern Concrete,Roseland Plant,NJ,Eastern Region,other_or_unspecified,3000.0,3000,28.0,standard_28,158.33333333333334,strict_group,983.0,108.66666666666667,100.66666666666667,49.66666666666667,0.3136842105263158,57.66666666666667,0.3642105263157895,True,True,True
25556,1,0.5157961938256392,0.11501272264631043,Eastern Concrete,Howell Plant,NJ,Eastern Region,filler,3500.0,3500,28.0,standard_28,125.71428571428571,strict_group,95.0,116.85714285714286,110.11428571428571,8.857142857142847,0.07045454545454538,15.599999999999994,0.12409090909090906,True,False,False
22633,0,0.5136578788333934,0.11501272264631043,Eastern Concrete,Bayonne Plant,NJ,Eastern Region,filler,3500.0,3500,28.0,standard_28,119.42857142857143,strict_group,95.0,116.85714285714286,110.11428571428571,2.5714285714285694,0.021531100478468884,9.314285714285717,0.07799043062200958,True,False,False
22319,0,0.5124968379427416,0.11501272264631043,CTI Ready Mix,CTI Ready Mix Elkhart Plant,IA,North Central Region,other_or_unspecified,2000.0,2000,28.0,standard_28,105.0,national_spec_group,64.0,139.0,132.2,0.0,0.0,0.0,0.0,True,False,False
27137,1,0.5078625590347429,0.11501272264631043,Eastern Concrete,Newark Plant,NJ,Eastern Region,other_or_unspecified,3000.0,3000,28.0,standard_28,132.66666666666666,strict_group,983.0,108.66666666666667,100.66666666666667,23.999999999999986,0.18090452261306522,31.999999999999986,0.24120603015075368,True,True,False
26012,1,0.5078625590347429,0.11501272264631043,Eastern Concrete,Howell Plant,NJ,Eastern Region,other_or_unspecified,3000.0,3000,28.0,standard_28,135.33333333333334,strict_group,983.0,108.66666666666667,100.66666666666667,26.66666666666667,0.19704433497536947,34.66666666666667,0.2561576354679803,True,True,False
29963,1,0.5058589754623117,0.11501272264631043,Eastern Concrete,West Nyack Plant,NY,Eastern Region,other_or_unspecified,3000.0,3000,28.0,standard_28,154.0,strict_group,983.0,108.66666666666667,100.66666666666667,45.33333333333333,0.29437229437229434,53.33333333333333,0.3463203463203463,True,True,True
29923,1,0.505208046936138,0.11501272264631043,Eastern Concrete,West Nyack Plant,NY,Eastern Region,other_or_unspecified,3000.0,3000,28.0,standard_28,146.66666666666666,strict_group,983.0,108.66666666666667,100.66666666666667,37.999999999999986,0.25909090909090904,45.999999999999986,0.31363636363636355,True,True,True
27142,1,0.5009736954025101,0.11501272264631043,Eastern Concrete,Newark Plant,NJ,Eastern Region,other_or_unspecified,3000.0,3000,28.0,standard_28,142.33333333333334,strict_group,983.0,108.66666666666667,100.66666666666667,33.66666666666667,0.23653395784543327,41.66666666666667,0.2927400468384075,True,True,True
26017,1,0.5009736954025101,0.11501272264631043,Eastern Concrete,Howell Plant,NJ,Eastern Region,other_or_unspecified,3000.0,3000,28.0,standard_28,144.33333333333334,strict_group,983.0,108.66666666666667,100.66666666666667,35.66666666666667,0.2471131639722864,43.66666666666667,0.302540415704388,True,True,True
27335,1,0.5003033994431564,0.11501272264631043,Eastern Concrete,North Bergen Plant,NJ,Eastern Region,other_or_unspecified,3000.0,3000,28.0,standard_28,128.66666666666666,strict_group,983.0,108.66666666666667,100.66666666666667,19.999999999999986,0.15544041450777193,27.999999999999986,0.21761658031088074,True,True,False
22722,1,0.5003033994431564,0.11501272264631043,Eastern Concrete,Bogota Plant,NJ,Eastern Region,other_or_unspecified,3000.0,3000,28.0,standard_28,129.33333333333334,strict_group,983.0,108.66666666666667,100.66666666666667,20.66666666666667,0.1597938144329897,28.66666666666667,0.2216494845360825,True,True,False
23874,1,0.5003033994431564,0.11501272264631043,Eastern Concrete,Broadway Plant,NJ,Eastern Region,other_or_unspecified,3000.0,3000,28.0,standard_28,126.0,strict_group,983.0,108.66666666666667,100.66666666666667,17.33333333333333,0.13756613756613753,25.33333333333333,0.20105820105820102,True,True,False
29558,1,0.497982955414259,0.11501272264631043,Eastern Concrete,West Nyack Plant,NY,Eastern Region,other_or_unspecified,3000.0,3000,28.0,standard_28,144.66666666666666,strict_group,983.0,108.66666666666667,100.66666666666667,35.999999999999986,0.24884792626728103,43.999999999999986,0.3041474654377879,True,True,True
28304,0,0.4960774929351016,0.11501272264631043,Eastern Concrete,North Bergen Plant,NJ,Eastern Region,other_or_unspecified,3000.0,3000,28.0,standard_28,106.33333333333333,strict_group,983.0,108.66666666666667,100.66666666666667,0.0,0.0,5.666666666666657,0.05329153605015665,True,False,False
24950,0,0.4960774929351016,0.11501272264631043,Eastern Concrete,Broadway Plant,NJ,Eastern Region,other_or_unspecified,3000.0,3000,28.0,standard_28,103.33333333333333,strict_group,983.0,108.66666666666667,100.66666666666667,0.0,0.0,2.666666666666657,0.025806451612903136,True,False,False
4578,0,0.495104133161859,0.11501272264631043,Cape Cod Ready Mix,Carver Plant,MA,Eastern Region,other_or_unspecified,3000.0,3000,28.0,standard_28,109.0,strict_group,983.0,108.66666666666667,100.66666666666667,0.3333333333333286,0.003058103975535125,8.333333333333329,0.07645259938837916,True,False,False
26671,0,0.4935882656916059,0.11501272264631043,Eastern Concrete,Newark Plant,NJ,Eastern Region,filler,3500.0,3500,28.0,standard_28,118.28571428571429,strict_group,95.0,116.85714285714286,110.11428571428571,1.4285714285714306,0.012077294685990355,8.171428571428578,0.06908212560386479,True,False,False
25108,1,0.4917634692806882,0.11501272264631043,Eastern Concrete,Howell Plant,NJ,Eastern Region,other_or_unspecified,3000.0,3000,28.0,standard_28,139.0,strict_group,983.0,108.66666666666667,100.66666666666667,30.33333333333333,0.21822541966426856,38.33333333333333,0.2757793764988009,True,True,True
33222,0,0.4915013647077697,0.11501272264631043,Hood River Sand and Gravel,The Dalles Plant,OR,Pacific Northwest Region,paving,4000.0,4000,28.0,standard_28,101.5,national_spec_group,63.0,72.875,67.75,28.625,0.28201970443349755,33.75,0.33251231527093594,True,True,True
28526,0,0.4912951902245549,0.11501272264631043,Eastern Concrete,Roseland Plant,NJ,Eastern Region,other_or_unspecified,4000.0,4000,28.0,standard_28,109.0,strict_group,2318.0,91.5,80.75,17.5,0.16055045871559634,28.25,0.2591743119266055,True,True,False
24980,1,0.4899989515672917,0.11501272264631043,Eastern Concrete,Broadway Plant,NJ,Eastern Region,filler,3000.0,3000,28.0,standard_28,128.33333333333334,strict_group,44.0,122.66666666666667,86.8,5.666666666666671,0.04415584415584419,41.533333333333346,0.3236363636363637,True,False,False
27241,1,0.4888858518379571,0.11501272264631043,Eastern Concrete,Newark Plant,NJ,Eastern Region,filler,3500.0,3500,28.0,standard_28,126.85714285714286,strict_group,95.0,116.85714285714286,110.11428571428571,10.0,0.07882882882882883,16.742857142857147,0.13198198198198202,True,False,False
26115,1,0.4888858518379571,0.11501272264631043,Eastern Concrete,Howell Plant,NJ,Eastern Region,filler,3500.0,3500,28.0,standard_28,128.85714285714286,strict_group,95.0,116.85714285714286,110.11428571428571,12.0,0.09312638580931264,18.742857142857147,0.14545454545454548,True,False,False
29560,1,0.4851662871656371,0.11501272264631043,Eastern Concrete,West Nyack Plant,NY,Eastern Region,other_or_unspecified,3000.0,3000,28.0,standard_28,144.66666666666666,strict_group,983.0,108.66666666666667,100.66666666666667,35.999999999999986,0.24884792626728103,43.999999999999986,0.3041474654377879,True,True,True
28470,0,0.484065600968796,0.11501272264631043,Eastern Concrete,Roseland Plant,NJ,Eastern Region,other_or_unspecified,3500.0,3500,28.0,standard_28,118.57142857142857,strict_group,785.0,97.42857142857143,86.68571428571428,21.14285714285714,0.17831325301204817,31.885714285714286,0.2689156626506024,True,True,False
28234,1,0.483944727049524,0.11501272264631043,Eastern Concrete,North Bergen Plant,NJ,Eastern Region,other_or_unspecified,3000.0,3000,28.0,standard_28,147.0,strict_group,983.0,108.66666666666667,100.66666666666667,38.33333333333333,0.26077097505668934,46.33333333333333,0.3151927437641723,True,True,True
24872,1,0.483944727049524,0.11501272264631043,Eastern Concrete,Broadway Plant,NJ,Eastern Region,other_or_unspecified,3000.0,3000,28.0,standard_28,146.66666666666666,strict_group,983.0,108.66666666666667,100.66666666666667,37.999999999999986,0.25909090909090904,45.999999999999986,0.31363636363636355,True,True,True
23693,1,0.483944727049524,0.11501272264631043,Eastern Concrete,Bogota Plant,NJ,Eastern Region,other_or_unspecified,3000.0,3000,28.0,standard_28,150.66666666666666,strict_group,983.0,108.66666666666667,100.66666666666667,41.999999999999986,0.2787610619469026,49.999999999999986,0.3318584070796459,True,True,True
22099,0,0.4833129351313419,0.11501272264631043,Conewago Manufacturing,Conewago Manufacturing Plant,PA,Eastern Region,filler,3000.0,3000,28.0,standard_28,103.0,strict_group,44.0,122.66666666666667,86.8,0.0,0.0,16.200000000000003,0.15728155339805827,True,False,False
33440,0,0.4817019621186065,0.11501272264631043,Kirkpatrick Concrete,Lakeshore Plant,AL,Southeastern Region,other_or_unspecified,3000.0,3000,28.0,standard_28,108.33333333333333,strict_group,35.0,89.83333333333334,77.66666666666667,18.499999999999986,0.17076923076923065,30.666666666666657,0.283076923076923,True,True,False
33396,0,0.4817019621186065,0.11501272264631043,Kirkpatrick Concrete,Gardendale Plant,AL,Southeastern Region,other_or_unspecified,3000.0,3000,28.0,standard_28,110.33333333333333,strict_group,35.0,89.83333333333334,77.66666666666667,20.499999999999986,0.18580060422960712,32.66666666666666,0.29607250755287,True,True,False
33418,0,0.4817019621186065,0.11501272264631043,Kirkpatrick Concrete,Highway 280 Plant,AL,Southeastern Region,other_or_unspecified,3000.0,3000,28.0,standard_28,110.0,strict_group,35.0,89.83333333333334,77.66666666666667,20.166666666666657,0.18333333333333324,32.33333333333333,0.2939393939393939,True,True,False
33353,0,0.4817019621186065,0.11501272264631043,Kirkpatrick Concrete,Alabaster Plant,AL,Southeastern Region,other_or_unspecified,3000.0,3000,28.0,standard_28,114.33333333333333,strict_group,35.0,89.83333333333334,77.66666666666667,24.499999999999986,0.21428571428571416,36.66666666666666,0.32069970845481044,True,True,True
29706,0,0.4805467512529066,0.11501272264631043,Eastern Concrete,West Nyack Plant,NY,Eastern Region,other_or_unspecified,3000.0,3000,28.0,standard_28,105.33333333333333,strict_group,983.0,108.66666666666667,100.66666666666667,0.0,0.0,4.666666666666657,0.04430379746835434,True,False,False
29505,1,0.4795606446905799,0.11501272264631043,Eastern Concrete,Roseland Plant,NJ,Eastern Region,other_or_unspecified,3000.0,3000,28.0,standard_28,129.66666666666666,strict_group,983.0,108.66666666666667,100.66666666666667,20.999999999999986,0.16195372750642664,28.999999999999986,0.22365038560411302,True,True,False
22796,0,0.4773842453997259,0.11501272264631043,Eastern Concrete,Bogota Plant,NJ,Eastern Region,other_or_unspecified,4000.0,4000,28.0,standard_28,106.0,strict_group,2318.0,91.5,80.75,14.5,0.13679245283018868,25.25,0.23820754716981132,True,True,False
23954,0,0.4773842453997259,0.11501272264631043,Eastern Concrete,Broadway Plant,NJ,Eastern Region,other_or_unspecified,4000.0,4000,28.0,standard_28,103.5,strict_group,2318.0,91.5,80.75,12.0,0.11594202898550725,22.75,0.21980676328502416,True,True,False
27411,0,0.4773842453997259,0.11501272264631043,Eastern Concrete,North Bergen Plant,NJ,Eastern Region,other_or_unspecified,4000.0,4000,28.0,standard_28,105.5,strict_group,2318.0,91.5,80.75,14.0,0.13270142180094788,24.75,0.23459715639810427,True,True,False
24874,1,0.4743797714515023,0.11501272264631043,Eastern Concrete,Broadway Plant,NJ,Eastern Region,other_or_unspecified,3000.0,3000,28.0,standard_28,146.0,strict_group,983.0,108.66666666666667,100.66666666666667,37.33333333333333,0.2557077625570776,45.33333333333333,0.3105022831050228,True,True,True
23695,1,0.4743797714515023,0.11501272264631043,Eastern Concrete,Bogota Plant,NJ,Eastern Region,other_or_unspecified,3000.0,3000,28.0,standard_28,150.0,strict_group,983.0,108.66666666666667,100.66666666666667,41.33333333333333,0.2755555555555555,49.33333333333333,0.32888888888888884,True,True,True
28236,1,0.4743797714515023,0.11501272264631043,Eastern Concrete,North Bergen Plant,NJ,Eastern Region,other_or_unspecified,3000.0,3000,28.0,standard_28,146.33333333333334,strict_group,983.0,108.66666666666667,100.66666666666667,37.66666666666667,0.25740318906605925,45.66666666666667,0.3120728929384966,True,True,True
23770,1,0.4709083559543671,0.11501272264631043,Eastern Concrete,Bogota Plant,NJ,Eastern Region,other_or_unspecified,2500.0,2500,28.0,standard_28,124.8,strict_group,109.0,120.4,112.96000000000001,4.3999999999999915,0.03525641025641019,11.83999999999999,0.09487179487179478,True,False,False
22106,0,0.4707548671947018,0.11501272264631043,Conewago Manufacturing,Conewago Manufacturing Plant,PA,Eastern Region,other_or_unspecified,2500.0,2500,28.0,standard_28,111.2,strict_group,109.0,120.4,112.96000000000001,0.0,0.0,0.0,0.0,True,False,False
23773,0,0.4631322149772451,0.11501272264631043,Eastern Concrete,Bogota Plant,NJ,Eastern Region,other_or_unspecified,3000.0,3000,28.0,standard_28,106.33333333333333,strict_group,983.0,108.66666666666667,100.66666666666667,0.0,0.0,5.666666666666657,0.05329153605015665,True,False,False
30032,0,0.4628233242954194,0.11501272264631043,Eastern Concrete,West Nyack Plant,NY,Eastern Region,other_or_unspecified,3000.0,3000,28.0,standard_28,106.0,strict_group,983.0,108.66666666666667,100.66666666666667,0.0,0.0,5.333333333333329,0.050314465408804986,True,False,False
30427,0,0.4619127384682101,0.11501272264631043,Eastern Concrete,West Nyack Plant,NY,Eastern Region,filler,2500.0,2500,28.0,standard_28,90.8,strict_group,7.0,76.4,74.4,14.399999999999991,0.15859030837004395,16.39999999999999,0.18061674008810563,True,True,False
22635,0,0.4545467759850836,0.11501272264631043,Eastern Concrete,Bayonne Plant,NJ,Eastern Region,filler,3500.0,3500,28.0,standard_28,114.0,strict_group,95.0,116.85714285714286,110.11428571428571,0.0,0.0,3.885714285714286,0.034085213032581455,True,False,False
25019,1,0.453878540668178,0.11501272264631043,Eastern Concrete,Broadway Plant,NJ,Eastern Region,other_or_unspecified,3000.0,3000,28.0,standard_28,130.0,strict_group,983.0,108.66666666666667,100.66666666666667,21.33333333333333,0.16410256410256407,29.33333333333333,0.22564102564102562,True,True,False
23237,0,0.4507291855320466,0.11501272264631043,Eastern Concrete,Bogota Plant,NJ,Eastern Region,other_or_unspecified,4000.0,4000,28.0,standard_28,110.25,strict_group,2318.0,91.5,80.75,18.75,0.17006802721088435,29.5,0.2675736961451247,True,True,False
27837,0,0.4507291855320466,0.11501272264631043,Eastern Concrete,North Bergen Plant,NJ,Eastern Region,other_or_unspecified,4000.0,4000,28.0,standard_28,109.0,strict_group,2318.0,91.5,80.75,17.5,0.16055045871559634,28.25,0.2591743119266055,True,True,False
24406,0,0.4507291855320466,0.11501272264631043,Eastern Concrete,Broadway Plant,NJ,Eastern Region,other_or_unspecified,4000.0,4000,28.0,standard_28,107.5,strict_group,2318.0,91.5,80.75,16.0,0.14883720930232558,26.75,0.24883720930232558,True,True,False
2017,0,0.4440351586197348,0.11501272264631043,Bonded Concrete Inc. / The Clemente Group,Pleasant Valley Plant,NY,Eastern Region,other_or_unspecified,3000.0,3000,28.0,standard_28,104.0,strict_group,983.0,108.66666666666667,100.66666666666667,0.0,0.0,3.3333333333333286,0.03205128205128201,True,False,False
24889,1,0.4417914281114704,0.11501272264631043,Eastern Concrete,Broadway Plant,NJ,Eastern Region,filler,3500.0,3500,28.0,standard_28,130.57142857142858,strict_group,95.0,116.85714285714286,110.11428571428571,13.714285714285722,0.10503282275711165,20.45714285714287,0.15667396061269154,True,True,False
28249,1,0.4417914281114704,0.11501272264631043,Eastern Concrete,North Bergen Plant,NJ,Eastern Region,filler,3500.0,3500,28.0,standard_28,131.14285714285714,strict_group,95.0,116.85714285714286,110.11428571428571,14.285714285714278,0.10893246187363828,21.028571428571425,0.1603485838779956,True,True,False
23710,1,0.4417914281114704,0.11501272264631043,Eastern Concrete,Bogota Plant,NJ,Eastern Region,filler,3500.0,3500,28.0,standard_28,134.28571428571428,strict_group,95.0,116.85714285714286,110.11428571428571,17.428571428571416,0.1297872340425531,24.171428571428564,0.17999999999999997,True,True,False
24399,0,0.4405711604692841,0.11501272264631043,Eastern Concrete,Broadway Plant,NJ,Eastern Region,other_or_unspecified,3500.0,3500,28.0,standard_28,121.14285714285714,strict_group,785.0,97.42857142857143,86.68571428571428,23.714285714285708,0.19575471698113203,34.457142857142856,0.28443396226415096,True,True,False
23230,1,0.4405711604692841,0.11501272264631043,Eastern Concrete,Bogota Plant,NJ,Eastern Region,other_or_unspecified,3500.0,3500,28.0,standard_28,124.0,strict_group,785.0,97.42857142857143,86.68571428571428,26.57142857142857,0.21428571428571427,37.31428571428572,0.3009216589861751,True,True,True
27830,0,0.4405711604692841,0.11501272264631043,Eastern Concrete,North Bergen Plant,NJ,Eastern Region,other_or_unspecified,3500.0,3500,28.0,standard_28,123.14285714285714,strict_group,785.0,97.42857142857143,86.68571428571428,25.714285714285708,0.20881670533642688,36.457142857142856,0.2960556844547564,True,True,True
2016,0,0.4398635542903862,0.11501272264631043,Bonded Concrete Inc. / The Clemente Group,Pleasant Valley Plant,NY,Eastern Region,other_or_unspecified,3000.0,3000,28.0,standard_28,100.33333333333333,strict_group,983.0,108.66666666666667,100.66666666666667,0.0,0.0,0.0,0.0,True,False,False
24010,0,0.4377959224709303,0.11501272264631043,Eastern Concrete,Broadway Plant,NJ,Eastern Region,other_or_unspecified,4000.0,4000,28.0,standard_28,108.25,strict_group,2318.0,91.5,80.75,16.75,0.15473441108545036,27.5,0.2540415704387991,True,True,False
27464,0,0.4377959224709303,0.11501272264631043,Eastern Concrete,North Bergen Plant,NJ,Eastern Region,other_or_unspecified,4000.0,4000,28.0,standard_28,110.0,strict_group,2318.0,91.5,80.75,18.5,0.16818181818181818,29.25,0.26590909090909093,True,True,False
22845,0,0.4377959224709303,0.11501272264631043,Eastern Concrete,Bogota Plant,NJ,Eastern Region,other_or_unspecified,4000.0,4000,28.0,standard_28,111.25,strict_group,2318.0,91.5,80.75,19.75,0.17752808988764046,30.5,0.27415730337078653,True,True,False
25083,1,0.4369349970664094,0.11501272264631043,Eastern Concrete,Howell Plant,NJ,Eastern Region,other_or_unspecified,3000.0,3000,28.0,standard_28,135.0,strict_group,983.0,108.66666666666667,100.66666666666667,26.33333333333333,0.1950617283950617,34.33333333333333,0.25432098765432093,True,True,False
28460,0,0.4358803604603828,0.11501272264631043,Eastern Concrete,Roseland Plant,NJ,Eastern Region,other_or_unspecified,3500.0,3500,28.0,standard_28,114.57142857142857,strict_group,785.0,97.42857142857143,86.68571428571428,17.14285714285714,0.14962593516209474,27.885714285714286,0.2433915211970075,True,True,False
169,0,0.4358379712636049,0.11501272264631043,Altaview Concrete,American Fork Plant,UT,Rocky Mountains Region,other_or_unspecified,3000.0,3000,28.0,standard_28,88.66666666666667,strict_group,32.0,87.16666666666666,83.73333333333333,1.5000000000000142,0.016917293233082865,4.933333333333337,0.05563909774436094,True,False,False
24388,0,0.4345366234538542,0.11501272264631043,Eastern Concrete,Broadway Plant,NJ,Eastern Region,filler,3500.0,3500,28.0,standard_28,122.57142857142857,strict_group,95.0,116.85714285714286,110.11428571428571,5.714285714285708,0.04662004662004657,12.457142857142856,0.10163170163170163,True,False,False
23219,1,0.4345366234538542,0.11501272264631043,Eastern Concrete,Bogota Plant,NJ,Eastern Region,filler,3500.0,3500,28.0,standard_28,125.42857142857143,strict_group,95.0,116.85714285714286,110.11428571428571,8.57142857142857,0.06833712984054668,15.314285714285717,0.12209567198177679,True,False,False
27820,1,0.4345366234538542,0.11501272264631043,Eastern Concrete,North Bergen Plant,NJ,Eastern Region,filler,3500.0,3500,28.0,standard_28,124.57142857142857,strict_group,95.0,116.85714285714286,110.11428571428571,7.714285714285708,0.06192660550458711,14.457142857142856,0.11605504587155963,True,False,False
23889,0,0.433261235847401,0.11501272264631043,Eastern Concrete,Broadway Plant,NJ,Eastern Region,other_or_unspecified,3000.0,3000,28.0,standard_28,97.0,strict_group,983.0,108.66666666666667,100.66666666666667,0.0,0.0,0.0,0.0,True,False,False
27349,0,0.433261235847401,0.11501272264631043,Eastern Concrete,North Bergen Plant,NJ,Eastern Region,other_or_unspecified,3000.0,3000,28.0,standard_28,100.66666666666667,strict_group,983.0,108.66666666666667,100.66666666666667,0.0,0.0,0.0,0.0,True,False,False
22736,0,0.433261235847401,0.11501272264631043,Eastern Concrete,Bogota Plant,NJ,Eastern Region,other_or_unspecified,3000.0,3000,28.0,standard_28,100.33333333333333,strict_group,983.0,108.66666666666667,100.66666666666667,0.0,0.0,0.0,0.0,True,False,False
29707,0,0.4312292202150259,0.11501272264631043,Eastern Concrete,West Nyack Plant,NY,Eastern Region,other_or_unspecified,3000.0,3000,28.0,standard_28,104.66666666666667,strict_group,983.0,108.66666666666667,100.66666666666667,0.0,0.0,4.0,0.03821656050955414,True,False,False
22110,0,0.42585441502553,0.11501272264631043,Conewago Manufacturing,Conewago Manufacturing Plant,PA,Eastern Region,filler,3000.0,3000,28.0,standard_28,97.0,strict_group,44.0,122.66666666666667,86.8,0.0,0.0,10.200000000000003,0.10515463917525776,True,False,False
27320,1,0.4235414259647609,0.11501272264631043,Eastern Concrete,North Bergen Plant,NJ,Eastern Region,other_or_unspecified,2500.0,2500,28.0,standard_28,125.2,strict_group,109.0,120.4,112.96000000000001,4.799999999999997,0.038338658146964834,12.239999999999995,0.09776357827476034,True,False,False
23859,0,0.4235414259647609,0.11501272264631043,Eastern Concrete,Broadway Plant,NJ,Eastern Region,other_or_unspecified,2500.0,2500,28.0,standard_28,121.2,strict_group,109.0,120.4,112.96000000000001,0.7999999999999972,0.006600660066006577,8.239999999999995,0.06798679867986794,True,False,False
27366,0,0.4228845694599057,0.11501272264631043,Eastern Concrete,North Bergen Plant,NJ,Eastern Region,other_or_unspecified,3000.0,3000,28.0,standard_28,110.33333333333333,strict_group,983.0,108.66666666666667,100.66666666666667,1.6666666666666572,0.015105740181268796,9.666666666666657,0.08761329305135944,True,False,False
23906,0,0.4228845694599057,0.11501272264631043,Eastern Concrete,Broadway Plant,NJ,Eastern Region,other_or_unspecified,3000.0,3000,28.0,standard_28,107.33333333333333,strict_group,983.0,108.66666666666667,100.66666666666667,0.0,0.0,6.666666666666657,0.06211180124223594,True,False,False
28876,0,0.4223123868191645,0.11501272264631043,Eastern Concrete,Roseland Plant,NJ,Eastern Region,filler,3500.0,3500,28.0,standard_28,118.0,strict_group,95.0,116.85714285714286,110.11428571428571,1.1428571428571388,0.00968523002421304,7.885714285714286,0.06682808716707023,True,False,False
29369,1,0.4211211462826284,0.11501272264631043,Eastern Concrete,Roseland Plant,NJ,Eastern Region,other_or_unspecified,3000.0,3000,28.0,standard_28,139.0,strict_group,983.0,108.66666666666667,100.66666666666667,30.33333333333333,0.21822541966426856,38.33333333333333,0.2757793764988009,True,True,True
29925,1,0.4197033727258586,0.11501272264631043,Eastern Concrete,West Nyack Plant,NY,Eastern Region,other_or_unspecified,3000.0,3000,28.0,standard_28,142.66666666666666,strict_group,983.0,108.66666666666667,100.66666666666667,33.999999999999986,0.2383177570093457,41.999999999999986,0.2943925233644859,True,True,True
27447,0,0.4175653163583295,0.11501272264631043,Eastern Concrete,North Bergen Plant,NJ,Eastern Region,other_or_unspecified,4000.0,4000,28.0,standard_28,109.0,strict_group,2318.0,91.5,80.75,17.5,0.16055045871559634,28.25,0.2591743119266055,True,True,False
22830,0,0.4175653163583295,0.11501272264631043,Eastern Concrete,Bogota Plant,NJ,Eastern Region,other_or_unspecified,4000.0,4000,28.0,standard_28,109.5,strict_group,2318.0,91.5,80.75,18.0,0.1643835616438356,28.75,0.2625570776255708,True,True,False
23992,0,0.4175653163583295,0.11501272264631043,Eastern Concrete,Broadway Plant,NJ,Eastern Region,other_or_unspecified,4000.0,4000,28.0,standard_28,107.0,strict_group,2318.0,91.5,80.75,15.5,0.14485981308411214,26.25,0.24532710280373832,True,True,False
29483,1,0.4166496504950156,0.11501272264631043,Eastern Concrete,Roseland Plant,NJ,Eastern Region,filler,3000.0,3000,28.0,standard_28,129.33333333333334,strict_group,44.0,122.66666666666667,86.8,6.666666666666671,0.05154639175257735,42.533333333333346,0.32886597938144335,True,False,False
25126,0,0.4134570563644456,0.11501272264631043,Eastern Concrete,Howell Plant,NJ,Eastern Region,other_or_unspecified,3500.0,3500,28.0,standard_28,119.14285714285714,strict_group,785.0,97.42857142857143,86.68571428571428,21.714285714285708,0.1822541966426858,32.457142857142856,0.2724220623501199,True,True,False
29933,1,0.4131397459882603,0.11501272264631043,Eastern Concrete,West Nyack Plant,NY,Eastern Region,filler,3500.0,3500,28.0,standard_28,127.14285714285714,strict_group,95.0,116.85714285714286,110.11428571428571,10.285714285714278,0.08089887640449432,17.028571428571425,0.1339325842696629,True,False,False
30328,1,0.4093052565849203,0.11501272264631043,Eastern Concrete,West Nyack Plant,NY,Eastern Region,other_or_unspecified,3000.0,3000,28.0,standard_28,159.33333333333334,strict_group,983.0,108.66666666666667,100.66666666666667,50.66666666666667,0.3179916317991632,58.66666666666667,0.3682008368200837,True,True,True
28857,0,0.4091129153523323,0.11501272264631043,Eastern Concrete,Roseland Plant,NJ,Eastern Region,filler,3500.0,3500,28.0,standard_28,114.28571428571429,strict_group,95.0,116.85714285714286,110.11428571428571,0.0,0.0,4.171428571428578,0.03650000000000005,True,False,False
23873,0,0.4089517336541539,0.11501272264631043,Eastern Concrete,Broadway Plant,NJ,Eastern Region,other_or_unspecified,3000.0,3000,28.0,standard_28,114.66666666666667,strict_group,983.0,108.66666666666667,100.66666666666667,6.0,0.05232558139534883,14.0,0.12209302325581395,True,False,False
27334,0,0.4089517336541539,0.11501272264631043,Eastern Concrete,North Bergen Plant,NJ,Eastern Region,other_or_unspecified,3000.0,3000,28.0,standard_28,117.66666666666667,strict_group,983.0,108.66666666666667,100.66666666666667,9.0,0.07648725212464588,17.0,0.14447592067988668,True,False,False
22721,0,0.4089517336541539,0.11501272264631043,Eastern Concrete,Bogota Plant,NJ,Eastern Region,other_or_unspecified,3000.0,3000,28.0,standard_28,117.66666666666667,strict_group,983.0,108.66666666666667,100.66666666666667,9.0,0.07648725212464588,17.0,0.14447592067988668,True,False,False
29384,1,0.4081837692079544,0.11501272264631043,Eastern Concrete,Roseland Plant,NJ,Eastern Region,filler,3500.0,3500,28.0,standard_28,127.71428571428571,strict_group,95.0,116.85714285714286,110.11428571428571,10.857142857142847,0.08501118568232655,17.599999999999994,0.13780760626398206,True,False,False
29550,0,0.4063560207563808,0.11501272264631043,Eastern Concrete,West Nyack Plant,NY,Eastern Region,other_or_unspecified,3000.0,3000,28.0,standard_28,123.33333333333333,strict_group,983.0,108.66666666666667,100.66666666666667,14.666666666666657,0.11891891891891884,22.666666666666657,0.1837837837837837,True,True,False
29906,1,0.4054563254908953,0.11501272264631043,Eastern Concrete,West Nyack Plant,NY,Eastern Region,other_or_unspecified,3000.0,3000,28.0,standard_28,145.0,strict_group,983.0,108.66666666666667,100.66666666666667,36.33333333333333,0.25057471264367814,44.33333333333333,0.3057471264367816,True,True,True
4630,0,0.405037184688705,0.11501272264631043,Cape Cod Ready Mix,Orleans Plant,MA,Eastern Region,filler,3000.0,3000,28.0,standard_28,31.3,strict_group,44.0,122.66666666666667,86.8,0.0,0.0,0.0,0.0,True,False,False
30394,0,0.4023475569002377,0.11501272264631043,Eastern Concrete,West Nyack Plant,NY,Eastern Region,other_or_unspecified,3000.0,3000,28.0,standard_28,117.0,strict_group,983.0,108.66666666666667,100.66666666666667,8.333333333333329,0.07122507122507118,16.33333333333333,0.13960113960113957,True,False,False
25076,0,0.4023183491976362,0.11501272264631043,Eastern Concrete,Howell Plant,NJ,Eastern Region,other_or_unspecified,3000.0,3000,28.0,standard_28,107.0,strict_group,983.0,108.66666666666667,100.66666666666667,0.0,0.0,6.333333333333329,0.05919003115264793,True,False,False
28505,0,0.399631170670604,0.11501272264631043,Eastern Concrete,Roseland Plant,NJ,Eastern Region,other_or_unspecified,4000.0,4000,28.0,standard_28,107.0,strict_group,2318.0,91.5,80.75,15.5,0.14485981308411214,26.25,0.24532710280373832,True,True,False
25613,0,0.3982028580135912,0.11501272264631043,Eastern Concrete,Howell Plant,NJ,Eastern Region,filler,4000.0,4000,28.0,standard_28,113.25,strict_group,125.0,99.25,92.1,14.0,0.12362030905077263,21.150000000000006,0.18675496688741727,True,True,False
30299,1,0.3977486315782106,0.11501272264631043,Eastern Concrete,West Nyack Plant,NY,Eastern Region,other_or_unspecified,4000.0,4000,28.0,standard_28,134.75,strict_group,2318.0,91.5,80.75,43.25,0.3209647495361781,54.0,0.4007421150278293,True,True,True
27159,1,0.3972264462813343,0.11501272264631043,Eastern Concrete,Newark Plant,NJ,Eastern Region,filler,3500.0,3500,28.0,standard_28,127.14285714285714,strict_group,95.0,116.85714285714286,110.11428571428571,10.285714285714278,0.08089887640449432,17.028571428571425,0.1339325842696629,True,False,False
26034,1,0.3972264462813343,0.11501272264631043,Eastern Concrete,Howell Plant,NJ,Eastern Region,filler,3500.0,3500,28.0,standard_28,129.14285714285714,strict_group,95.0,116.85714285714286,110.11428571428571,12.285714285714278,0.0951327433628318,19.028571428571425,0.1473451327433628,True,False,False
28571,0,0.3971690132371996,0.11501272264631043,Eastern Concrete,Roseland Plant,NJ,Eastern Region,other_or_unspecified,4000.0,4000,28.0,standard_28,111.75,strict_group,2318.0,91.5,80.75,20.25,0.18120805369127516,31.0,0.27740492170022374,True,True,False
4555,0,0.3961169647812171,0.11501272264631043,Cape Cod Ready Mix,Carver Plant,MA,Eastern Region,other_or_unspecified,3000.0,3000,28.0,standard_28,108.0,strict_group,983.0,108.66666666666667,100.66666666666667,0.0,0.0,7.333333333333329,0.06790123456790119,True,False,False
1981,0,0.393456223889599,0.11501272264631043,Bonded Concrete Inc. / The Clemente Group,Colonie Plant,NY,Eastern Region,other_or_unspecified,2500.0,2500,28.0,standard_28,80.4,strict_group,109.0,120.4,112.96000000000001,0.0,0.0,0.0,0.0,True,False,False
1982,0,0.393456223889599,0.11501272264631043,Bonded Concrete Inc. / The Clemente Group,Colonie Plant,NY,Eastern Region,other_or_unspecified,2500.0,2500,28.0,standard_28,110.0,strict_group,109.0,120.4,112.96000000000001,0.0,0.0,0.0,0.0,True,False,False
24816,0,0.3927206906763296,0.11501272264631043,Eastern Concrete,Broadway Plant,NJ,Eastern Region,other_or_unspecified,4000.0,4000,28.0,standard_28,113.25,strict_group,2318.0,91.5,80.75,21.75,0.19205298013245034,32.5,0.2869757174392936,True,True,False
23643,0,0.3927206906763296,0.11501272264631043,Eastern Concrete,Bogota Plant,NJ,Eastern Region,other_or_unspecified,4000.0,4000,28.0,standard_28,116.25,strict_group,2318.0,91.5,80.75,24.75,0.2129032258064516,35.5,0.3053763440860215,True,True,True
28189,0,0.3927206906763296,0.11501272264631043,Eastern Concrete,North Bergen Plant,NJ,Eastern Region,other_or_unspecified,4000.0,4000,28.0,standard_28,114.75,strict_group,2318.0,91.5,80.75,23.25,0.20261437908496732,34.0,0.2962962962962963,True,True,True
23786,0,0.3921342248890484,0.11501272264631043,Eastern Concrete,Bogota Plant,NJ,Eastern Region,filler,4000.0,4000,28.0,standard_28,111.0,strict_group,125.0,99.25,92.1,11.75,0.10585585585585586,18.900000000000006,0.17027027027027034,True,True,False
28315,0,0.3921342248890484,0.11501272264631043,Eastern Concrete,North Bergen Plant,NJ,Eastern Region,filler,4000.0,4000,28.0,standard_28,109.75,strict_group,125.0,99.25,92.1,10.5,0.09567198177676538,17.650000000000006,0.1608200455580866,True,False,False
24962,0,0.3921342248890484,0.11501272264631043,Eastern Concrete,Broadway Plant,NJ,Eastern Region,filler,4000.0,4000,28.0,standard_28,108.0,strict_group,125.0,99.25,92.1,8.75,0.08101851851851852,15.900000000000006,0.14722222222222228,True,False,False
28192,0,0.3905060080977166,0.11501272264631043,Eastern Concrete,North Bergen Plant,NJ,Eastern Region,other_or_unspecified,4000.0,4000,28.0,standard_28,123.5,strict_group,2318.0,91.5,80.75,32.0,0.2591093117408907,42.75,0.34615384615384615,True,True,True
23646,1,0.3905060080977166,0.11501272264631043,Eastern Concrete,Bogota Plant,NJ,Eastern Region,other_or_unspecified,4000.0,4000,28.0,standard_28,125.25,strict_group,2318.0,91.5,80.75,33.75,0.2694610778443114,44.5,0.35528942115768464,True,True,True
24819,0,0.3905060080977166,0.11501272264631043,Eastern Concrete,Broadway Plant,NJ,Eastern Region,other_or_unspecified,4000.0,4000,28.0,standard_28,122.25,strict_group,2318.0,91.5,80.75,30.75,0.25153374233128833,41.5,0.3394683026584867,True,True,True
27870,0,0.3862532242906291,0.11501272264631043,Eastern Concrete,North Bergen Plant,NJ,Eastern Region,filler,4000.0,4000,28.0,standard_28,113.75,strict_group,125.0,99.25,92.1,14.5,0.12747252747252746,21.650000000000006,0.19032967032967038,True,True,False
29368,1,0.3824761328535028,0.11501272264631043,Eastern Concrete,Roseland Plant,NJ,Eastern Region,other_or_unspecified,3000.0,3000,28.0,standard_28,138.66666666666666,strict_group,983.0,108.66666666666667,100.66666666666667,29.999999999999986,0.21634615384615377,37.999999999999986,0.27403846153846145,True,True,True
27836,0,0.376253527714643,0.11501272264631043,Eastern Concrete,North Bergen Plant,NJ,Eastern Region,other_or_unspecified,4000.0,4000,28.0,standard_28,109.5,strict_group,2318.0,91.5,80.75,18.0,0.1643835616438356,28.75,0.2625570776255708,True,True,False
23236,0,0.376253527714643,0.11501272264631043,Eastern Concrete,Bogota Plant,NJ,Eastern Region,other_or_unspecified,4000.0,4000,28.0,standard_28,110.75,strict_group,2318.0,91.5,80.75,19.25,0.17381489841986456,30.0,0.2708803611738149,True,True,False
24405,0,0.376253527714643,0.11501272264631043,Eastern Concrete,Broadway Plant,NJ,Eastern Region,other_or_unspecified,4000.0,4000,28.0,standard_28,107.75,strict_group,2318.0,91.5,80.75,16.25,0.15081206496519722,27.0,0.2505800464037123,True,True,False
4589,0,0.3748387838983119,0.11501272264631043,Cape Cod Ready Mix,Dennis Plant,MA,Eastern Region,filler,4000.0,4000,28.0,standard_28,118.5,strict_group,125.0,99.25,92.1,19.25,0.16244725738396623,26.400000000000006,0.22278481012658233,True,True,False
4661,0,0.3748387838983119,0.11501272264631043,Cape Cod Ready Mix,Sandwich Plant,MA,Eastern Region,filler,4000.0,4000,28.0,standard_28,119.25,strict_group,125.0,99.25,92.1,20.0,0.16771488469601678,27.150000000000006,0.22767295597484283,True,True,False
26020,1,0.3741080753036052,0.11501272264631043,Eastern Concrete,Howell Plant,NJ,Eastern Region,other_or_unspecified,3000.0,3000,28.0,standard_28,154.66666666666666,strict_group,983.0,108.66666666666667,100.66666666666667,45.999999999999986,0.2974137931034482,53.999999999999986,0.3491379310344827,True,True,True
27145,1,0.3741080753036052,0.11501272264631043,Eastern Concrete,Newark Plant,NJ,Eastern Region,other_or_unspecified,3000.0,3000,28.0,standard_28,152.66666666666666,strict_group,983.0,108.66666666666667,100.66666666666667,43.999999999999986,0.2882096069868995,51.999999999999986,0.3406113537117903,True,True,True
28328,1,0.3728075212848575,0.11501272264631043,Eastern Concrete,North Bergen Plant,NJ,Eastern Region,filler,3500.0,3500,28.0,standard_28,130.57142857142858,strict_group,95.0,116.85714285714286,110.11428571428571,13.714285714285722,0.10503282275711165,20.45714285714287,0.15667396061269154,True,True,False
24974,1,0.3728075212848575,0.11501272264631043,Eastern Concrete,Broadway Plant,NJ,Eastern Region,filler,3500.0,3500,28.0,standard_28,130.57142857142858,strict_group,95.0,116.85714285714286,110.11428571428571,13.714285714285722,0.10503282275711165,20.45714285714287,0.15667396061269154,True,True,False
23800,1,0.3728075212848575,0.11501272264631043,Eastern Concrete,Bogota Plant,NJ,Eastern Region,filler,3500.0,3500,28.0,standard_28,134.0,strict_group,95.0,116.85714285714286,110.11428571428571,17.14285714285714,0.12793176972281448,23.885714285714286,0.17825159914712155,True,True,False
28859,0,0.3709550530839779,0.11501272264631043,Eastern Concrete,Roseland Plant,NJ,Eastern Region,filler,3500.0,3500,28.0,standard_28,114.28571428571429,strict_group,95.0,116.85714285714286,110.11428571428571,0.0,0.0,4.171428571428578,0.03650000000000005,True,False,False
29932,1,0.3690313359017305,0.11501272264631043,Eastern Concrete,West Nyack Plant,NY,Eastern Region,other_or_unspecified,3000.0,3000,28.0,standard_28,125.0,strict_group,983.0,108.66666666666667,100.66666666666667,16.33333333333333,0.13066666666666663,24.33333333333333,0.19466666666666663,True,True,False
26627,0,0.3670039601606635,0.11501272264631043,Eastern Concrete,Newark Plant,NJ,Eastern Region,filler,3500.0,3500,28.0,standard_28,109.71428571428571,strict_group,95.0,116.85714285714286,110.11428571428571,0.0,0.0,0.0,0.0,True,False,False
26669,0,0.3663084309032561,0.11501272264631043,Eastern Concrete,Newark Plant,NJ,Eastern Region,filler,4000.0,4000,28.0,standard_28,103.25,strict_group,125.0,99.25,92.1,4.0,0.0387409200968523,11.150000000000006,0.10799031476997584,True,False,False
24327,0,0.3661217853915946,0.11501272264631043,Eastern Concrete,Broadway Plant,NJ,Eastern Region,other_or_unspecified,3000.0,3000,28.0,standard_28,97.0,strict_group,983.0,108.66666666666667,100.66666666666667,0.0,0.0,0.0,0.0,True,False,False
23158,0,0.3661217853915946,0.11501272264631043,Eastern Concrete,Bogota Plant,NJ,Eastern Region,other_or_unspecified,3000.0,3000,28.0,standard_28,100.0,strict_group,983.0,108.66666666666667,100.66666666666667,0.0,0.0,0.0,0.0,True,False,False
24445,0,0.3633234190657231,0.11501272264631043,Eastern Concrete,Broadway Plant,NJ,Eastern Region,filler,4000.0,4000,28.0,standard_28,111.75,strict_group,125.0,99.25,92.1,12.5,0.11185682326621924,19.650000000000006,0.1758389261744967,True,True,False
23276,0,0.3633234190657231,0.11501272264631043,Eastern Concrete,Bogota Plant,NJ,Eastern Region,filler,4000.0,4000,28.0,standard_28,114.5,strict_group,125.0,99.25,92.1,15.25,0.1331877729257642,22.400000000000006,0.19563318777292582,True,True,False
25567,1,0.3630480521114774,0.11501272264631043,Eastern Concrete,Howell Plant,NJ,Eastern Region,other_or_unspecified,3500.0,3500,28.0,standard_28,125.14285714285714,strict_group,785.0,97.42857142857143,86.68571428571428,27.714285714285708,0.22146118721461183,38.457142857142856,0.30730593607305934,True,True,True
23175,0,0.3625363339173487,0.11501272264631043,Eastern Concrete,Bogota Plant,NJ,Eastern Region,filler,3500.0,3500,28.0,standard_28,116.85714285714286,strict_group,95.0,116.85714285714286,110.11428571428571,0.0,0.0,6.742857142857147,0.05770171149144258,True,False,False
27776,0,0.3625363339173487,0.11501272264631043,Eastern Concrete,North Bergen Plant,NJ,Eastern Region,filler,3500.0,3500,28.0,standard_28,116.28571428571429,strict_group,95.0,116.85714285714286,110.11428571428571,0.0,0.0,6.171428571428578,0.05307125307125313,True,False,False
24344,0,0.3625363339173487,0.11501272264631043,Eastern Concrete,Broadway Plant,NJ,Eastern Region,filler,3500.0,3500,28.0,standard_28,114.0,strict_group,95.0,116.85714285714286,110.11428571428571,0.0,0.0,3.885714285714286,0.034085213032581455,True,False,False
28957,0,0.3607052156578198,0.11501272264631043,Eastern Concrete,Roseland Plant,NJ,Eastern Region,filler,4000.0,4000,28.0,standard_28,112.0,strict_group,125.0,99.25,92.1,12.75,0.11383928571428571,19.900000000000006,0.1776785714285715,True,True,False
24328,0,0.3579306284228149,0.11501272264631043,Eastern Concrete,Broadway Plant,NJ,Eastern Region,other_or_unspecified,3000.0,3000,28.0,standard_28,113.33333333333333,strict_group,983.0,108.66666666666667,100.66666666666667,4.666666666666657,0.04117647058823521,12.666666666666657,0.11176470588235286,True,False,False
24323,0,0.3579306284228149,0.11501272264631043,Eastern Concrete,Broadway Plant,NJ,Eastern Region,other_or_unspecified,3000.0,3000,28.0,standard_28,108.0,strict_group,983.0,108.66666666666667,100.66666666666667,0.0,0.0,7.333333333333329,0.06790123456790119,True,False,False
27760,0,0.3579306284228149,0.11501272264631043,Eastern Concrete,North Bergen Plant,NJ,Eastern Region,other_or_unspecified,3000.0,3000,28.0,standard_28,116.33333333333333,strict_group,983.0,108.66666666666667,100.66666666666667,7.666666666666657,0.06590257879656153,15.666666666666657,0.13467048710601712,True,False,False
27756,0,0.3579306284228149,0.11501272264631043,Eastern Concrete,North Bergen Plant,NJ,Eastern Region,other_or_unspecified,3000.0,3000,28.0,standard_28,111.0,strict_group,983.0,108.66666666666667,100.66666666666667,2.3333333333333286,0.021021021021020977,10.333333333333329,0.09309309309309305,True,False,False
23159,0,0.3579306284228149,0.11501272264631043,Eastern Concrete,Bogota Plant,NJ,Eastern Region,other_or_unspecified,3000.0,3000,28.0,standard_28,116.66666666666667,strict_group,983.0,108.66666666666667,100.66666666666667,8.0,0.06857142857142857,16.0,0.13714285714285715,True,False,False
23154,0,0.3579306284228149,0.11501272264631043,Eastern Concrete,Bogota Plant,NJ,Eastern Region,other_or_unspecified,3000.0,3000,28.0,standard_28,111.33333333333333,strict_group,983.0,108.66666666666667,100.66666666666667,2.666666666666657,0.023952095808383148,10.666666666666657,0.09580838323353286,True,False,False
29702,0,0.3558468525450699,0.11501272264631043,Eastern Concrete,West Nyack Plant,NY,Eastern Region,other_or_unspecified,4000.0,4000,28.0,standard_28,123.0,strict_group,2318.0,91.5,80.75,31.5,0.25609756097560976,42.25,0.3434959349593496,True,True,True
26121,1,0.3557146394491474,0.11501272264631043,Eastern Concrete,Howell Plant,NJ,Eastern Region,filler,3000.0,3000,28.0,standard_28,129.0,strict_group,44.0,122.66666666666667,86.8,6.333333333333329,0.04909560723514208,42.2,0.32713178294573647,True,False,False
27755,0,0.35497915080969,0.11501272264631043,Eastern Concrete,North Bergen Plant,NJ,Eastern Region,other_or_unspecified,3000.0,3000,28.0,standard_28,111.33333333333333,strict_group,983.0,108.66666666666667,100.66666666666667,2.666666666666657,0.023952095808383148,10.666666666666657,0.09580838323353286,True,False,False
27779,0,0.35497915080969,0.11501272264631043,Eastern Concrete,North Bergen Plant,NJ,Eastern Region,other_or_unspecified,3000.0,3000,28.0,standard_28,114.33333333333333,strict_group,983.0,108.66666666666667,100.66666666666667,5.666666666666657,0.04956268221574336,13.666666666666657,0.11953352769679293,True,False,False
24353,0,0.35497915080969,0.11501272264631043,Eastern Concrete,Broadway Plant,NJ,Eastern Region,other_or_unspecified,3000.0,3000,28.0,standard_28,111.33333333333333,strict_group,983.0,108.66666666666667,100.66666666666667,2.666666666666657,0.023952095808383148,10.666666666666657,0.09580838323353286,True,False,False
24322,0,0.35497915080969,0.11501272264631043,Eastern Concrete,Broadway Plant,NJ,Eastern Region,other_or_unspecified,3000.0,3000,28.0,standard_28,108.33333333333333,strict_group,983.0,108.66666666666667,100.66666666666667,0.0,0.0,7.666666666666657,0.07076923076923068,True,False,False
24321,0,0.35497915080969,0.11501272264631043,Eastern Concrete,Broadway Plant,NJ,Eastern Region,other_or_unspecified,3000.0,3000,28.0,standard_28,108.0,strict_group,983.0,108.66666666666667,100.66666666666667,0.0,0.0,7.333333333333329,0.06790123456790119,True,False,False
27785,0,0.35497915080969,0.11501272264631043,Eastern Concrete,North Bergen Plant,NJ,Eastern Region,other_or_unspecified,3000.0,3000,28.0,standard_28,114.33333333333333,strict_group,983.0,108.66666666666667,100.66666666666667,5.666666666666657,0.04956268221574336,13.666666666666657,0.11953352769679293,True,False,False
23184,0,0.35497915080969,0.11501272264631043,Eastern Concrete,Bogota Plant,NJ,Eastern Region,other_or_unspecified,3000.0,3000,28.0,standard_28,114.66666666666667,strict_group,983.0,108.66666666666667,100.66666666666667,6.0,0.05232558139534883,14.0,0.12209302325581395,True,False,False
23178,0,0.35497915080969,0.11501272264631043,Eastern Concrete,Bogota Plant,NJ,Eastern Region,other_or_unspecified,3000.0,3000,28.0,standard_28,114.66666666666667,strict_group,983.0,108.66666666666667,100.66666666666667,6.0,0.05232558139534883,14.0,0.12209302325581395,True,False,False
23153,0,0.35497915080969,0.11501272264631043,Eastern Concrete,Bogota Plant,NJ,Eastern Region,other_or_unspecified,3000.0,3000,28.0,standard_28,111.33333333333333,strict_group,983.0,108.66666666666667,100.66666666666667,2.666666666666657,0.023952095808383148,10.666666666666657,0.09580838323353286,True,False,False
23152,0,0.35497915080969,0.11501272264631043,Eastern Concrete,Bogota Plant,NJ,Eastern Region,other_or_unspecified,3000.0,3000,28.0,standard_28,111.33333333333333,strict_group,983.0,108.66666666666667,100.66666666666667,2.666666666666657,0.023952095808383148,10.666666666666657,0.09580838323353286,True,False,False
23197,0,0.35497915080969,0.11501272264631043,Eastern Concrete,Bogota Plant,NJ,Eastern Region,other_or_unspecified,3000.0,3000,28.0,standard_28,118.0,strict_group,983.0,108.66666666666667,100.66666666666667,9.333333333333329,0.07909604519774008,17.33333333333333,0.1468926553672316,True,False,False
24366,0,0.35497915080969,0.11501272264631043,Eastern Concrete,Broadway Plant,NJ,Eastern Region,other_or_unspecified,3000.0,3000,28.0,standard_28,115.0,strict_group,983.0,108.66666666666667,100.66666666666667,6.333333333333329,0.0550724637681159,14.333333333333329,0.12463768115942025,True,False,False
27754,0,0.35497915080969,0.11501272264631043,Eastern Concrete,North Bergen Plant,NJ,Eastern Region,other_or_unspecified,3000.0,3000,28.0,standard_28,111.0,strict_group,983.0,108.66666666666667,100.66666666666667,2.3333333333333286,0.021021021021020977,10.333333333333329,0.09309309309309305,True,False,False
27798,0,0.35497915080969,0.11501272264631043,Eastern Concrete,North Bergen Plant,NJ,Eastern Region,other_or_unspecified,3000.0,3000,28.0,standard_28,117.66666666666667,strict_group,983.0,108.66666666666667,100.66666666666667,9.0,0.07648725212464588,17.0,0.14447592067988668,True,False,False
24347,0,0.35497915080969,0.11501272264631043,Eastern Concrete,Broadway Plant,NJ,Eastern Region,other_or_unspecified,3000.0,3000,28.0,standard_28,111.33333333333333,strict_group,983.0,108.66666666666667,100.66666666666667,2.666666666666657,0.023952095808383148,10.666666666666657,0.09580838323353286,True,False,False
23217,0,0.3542095006468235,0.11501272264631043,Eastern Concrete,Bogota Plant,NJ,Eastern Region,filler,4000.0,4000,28.0,standard_28,109.75,strict_group,125.0,99.25,92.1,10.5,0.09567198177676538,17.650000000000006,0.1608200455580866,True,False,False
27818,0,0.3542095006468235,0.11501272264631043,Eastern Concrete,North Bergen Plant,NJ,Eastern Region,filler,4000.0,4000,28.0,standard_28,108.75,strict_group,125.0,99.25,92.1,9.5,0.08735632183908046,16.650000000000006,0.15310344827586211,True,False,False
24386,0,0.3542095006468235,0.11501272264631043,Eastern Concrete,Broadway Plant,NJ,Eastern Region,filler,4000.0,4000,28.0,standard_28,107.0,strict_group,125.0,99.25,92.1,7.75,0.07242990654205607,14.900000000000006,0.1392523364485982,True,False,False
29580,0,0.3520090673366222,0.11501272264631043,Eastern Concrete,West Nyack Plant,NY,Eastern Region,other_or_unspecified,3000.0,3000,28.0,standard_28,122.66666666666667,strict_group,983.0,108.66666666666667,100.66666666666667,14.0,0.11413043478260869,22.0,0.1793478260869565,True,True,False
29546,0,0.3520090673366222,0.11501272264631043,Eastern Concrete,West Nyack Plant,NY,Eastern Region,other_or_unspecified,3000.0,3000,28.0,standard_28,121.66666666666667,strict_group,983.0,108.66666666666667,100.66666666666667,13.0,0.10684931506849314,21.0,0.17260273972602738,True,True,False
26680,0,0.3519895818957932,0.11501272264631043,Eastern Concrete,Newark Plant,NJ,Eastern Region,filler,4000.0,4000,28.0,standard_28,103.75,strict_group,125.0,99.25,92.1,4.5,0.043373493975903614,11.650000000000006,0.11228915662650608,True,False,False
1986,0,0.3506596879039507,0.11501272264631043,Bonded Concrete Inc. / The Clemente Group,Colonie Plant,NY,Eastern Region,other_or_unspecified,3000.0,3000,28.0,standard_28,96.0,strict_group,983.0,108.66666666666667,100.66666666666667,0.0,0.0,0.0,0.0,True,False,False
1985,0,0.3506596879039507,0.11501272264631043,Bonded Concrete Inc. / The Clemente Group,Colonie Plant,NY,Eastern Region,other_or_unspecified,3000.0,3000,28.0,standard_28,100.33333333333333,strict_group,983.0,108.66666666666667,100.66666666666667,0.0,0.0,0.0,0.0,True,False,False
25969,0,0.349953209619862,0.11501272264631043,Eastern Concrete,Howell Plant,NJ,Eastern Region,other_or_unspecified,4000.0,4000,28.0,standard_28,114.0,strict_group,2318.0,91.5,80.75,22.5,0.19736842105263158,33.25,0.2916666666666667,True,True,False
2162,0,0.3481131907297809,0.11501272264631043,Boston Sand & Gravel,Boston Sand & Gravel,MA,Eastern Region,other_or_unspecified,4000.0,4000,28.0,standard_28,104.0,strict_group,2318.0,91.5,80.75,12.5,0.1201923076923077,23.25,0.22355769230769232,True,True,False
29841,1,0.3445166320468219,0.11501272264631043,Eastern Concrete,West Nyack Plant,NY,Eastern Region,other_or_unspecified,4000.0,4000,28.0,standard_28,142.75,strict_group,2318.0,91.5,80.75,51.25,0.35901926444833626,62.0,0.4343257443082312,True,True,True
25554,0,0.3438547545677577,0.11501272264631043,Eastern Concrete,Howell Plant,NJ,Eastern Region,filler,4000.0,4000,28.0,standard_28,109.75,strict_group,125.0,99.25,92.1,10.5,0.09567198177676538,17.650000000000006,0.1608200455580866,True,False,False
26191,0,0.3432908653837651,0.11501272264631043,Eastern Concrete,Newark Plant,NJ,Eastern Region,other_or_unspecified,3000.0,3000,28.0,standard_28,105.0,strict_group,983.0,108.66666666666667,100.66666666666667,0.0,0.0,4.333333333333329,0.04126984126984123,True,False,False
25067,0,0.3432908653837651,0.11501272264631043,Eastern Concrete,Howell Plant,NJ,Eastern Region,other_or_unspecified,3000.0,3000,28.0,standard_28,114.66666666666667,strict_group,983.0,108.66666666666667,100.66666666666667,6.0,0.05232558139534883,14.0,0.12209302325581395,True,False,False
26192,0,0.3432908653837651,0.11501272264631043,Eastern Concrete,Newark Plant,NJ,Eastern Region,other_or_unspecified,3000.0,3000,28.0,standard_28,105.0,strict_group,983.0,108.66666666666667,100.66666666666667,0.0,0.0,4.333333333333329,0.04126984126984123,True,False,False
25068,0,0.3432908653837651,0.11501272264631043,Eastern Concrete,Howell Plant,NJ,Eastern Region,other_or_unspecified,3000.0,3000,28.0,standard_28,114.66666666666667,strict_group,983.0,108.66666666666667,100.66666666666667,6.0,0.05232558139534883,14.0,0.12209302325581395,True,False,False
23904,0,0.3429155372018105,0.11501272264631043,Eastern Concrete,Broadway Plant,NJ,Eastern Region,other_or_unspecified,3000.0,3000,28.0,standard_28,107.33333333333333,strict_group,983.0,108.66666666666667,100.66666666666667,0.0,0.0,6.666666666666657,0.06211180124223594,True,False,False
27364,0,0.3429155372018105,0.11501272264631043,Eastern Concrete,North Bergen Plant,NJ,Eastern Region,other_or_unspecified,3000.0,3000,28.0,standard_28,110.33333333333333,strict_group,983.0,108.66666666666667,100.66666666666667,1.6666666666666572,0.015105740181268796,9.666666666666657,0.08761329305135944,True,False,False
22751,0,0.3429155372018105,0.11501272264631043,Eastern Concrete,Bogota Plant,NJ,Eastern Region,other_or_unspecified,3000.0,3000,28.0,standard_28,110.33333333333333,strict_group,983.0,108.66666666666667,100.66666666666667,1.6666666666666572,0.015105740181268796,9.666666666666657,0.08761329305135944,True,False,False
28256,0,0.342862346833405,0.11501272264631043,Eastern Concrete,North Bergen Plant,NJ,Eastern Region,other_or_unspecified,4000.0,4000,28.0,standard_28,118.25,strict_group,2318.0,91.5,80.75,26.75,0.226215644820296,37.5,0.3171247357293869,True,True,True
23718,0,0.342862346833405,0.11501272264631043,Eastern Concrete,Bogota Plant,NJ,Eastern Region,other_or_unspecified,4000.0,4000,28.0,standard_28,121.0,strict_group,2318.0,91.5,80.75,29.5,0.24380165289256198,40.25,0.33264462809917356,True,True,True
24897,0,0.342862346833405,0.11501272264631043,Eastern Concrete,Broadway Plant,NJ,Eastern Region,other_or_unspecified,4000.0,4000,28.0,standard_28,118.0,strict_group,2318.0,91.5,80.75,26.5,0.2245762711864407,37.25,0.3156779661016949,True,True,True
29392,1,0.3405804099992698,0.11501272264631043,Eastern Concrete,Roseland Plant,NJ,Eastern Region,filler,3500.0,3500,28.0,standard_28,132.0,strict_group,95.0,116.85714285714286,110.11428571428571,15.142857142857139,0.11471861471861469,21.885714285714286,0.1658008658008658,True,True,False
29951,1,0.3402538563835617,0.11501272264631043,Eastern Concrete,West Nyack Plant,NY,Eastern Region,filler,3500.0,3500,28.0,standard_28,132.0,strict_group,95.0,116.85714285714286,110.11428571428571,15.142857142857139,0.11471861471861469,21.885714285714286,0.1658008658008658,True,True,False
27073,0,0.3397217823667865,0.11501272264631043,Eastern Concrete,Newark Plant,NJ,Eastern Region,other_or_unspecified,4000.0,4000,28.0,standard_28,109.5,strict_group,2318.0,91.5,80.75,18.0,0.1643835616438356,28.75,0.2625570776255708,True,True,False
30101,1,0.3387475807684655,0.11501272264631043,Eastern Concrete,West Nyack Plant,NY,Eastern Region,filler,4000.0,4000,28.0,standard_28,135.5,strict_group,125.0,99.25,92.1,36.25,0.26752767527675275,43.400000000000006,0.32029520295202957,True,True,True
22105,0,0.3325099100533829,0.11501272264631043,Conewago Manufacturing,Conewago Manufacturing Plant,PA,Eastern Region,other_or_unspecified,2500.0,2500,28.0,standard_28,110.8,strict_group,109.0,120.4,112.96000000000001,0.0,0.0,0.0,0.0,True,False,False
26199,0,0.3312830985691102,0.11501272264631043,Eastern Concrete,Newark Plant,NJ,Eastern Region,other_or_unspecified,3000.0,3000,28.0,standard_28,97.33333333333333,strict_group,983.0,108.66666666666667,100.66666666666667,0.0,0.0,0.0,0.0,True,False,False
21946,1,0.3274559982776751,0.11501272264631043,Chandler Concrete,Boone Plant,NC,Southeastern Region,filler,3000.0,3000,28.0,standard_28,125.0,national_spec_group,73.0,99.33333333333333,91.33333333333333,25.66666666666667,0.20533333333333337,33.66666666666667,0.26933333333333337,True,True,True
23735,0,0.3267048003885359,0.11501272264631043,Eastern Concrete,Bogota Plant,NJ,Eastern Region,filler,4000.0,4000,28.0,standard_28,121.0,strict_group,125.0,99.25,92.1,21.75,0.1797520661157025,28.900000000000006,0.23884297520661163,True,True,False
24913,0,0.3267048003885359,0.11501272264631043,Eastern Concrete,Broadway Plant,NJ,Eastern Region,filler,4000.0,4000,28.0,standard_28,118.0,strict_group,125.0,99.25,92.1,18.75,0.15889830508474576,25.900000000000006,0.21949152542372885,True,True,False
26611,0,0.3264528457071296,0.11501272264631043,Eastern Concrete,Newark Plant,NJ,Eastern Region,other_or_unspecified,3000.0,3000,28.0,standard_28,92.66666666666667,strict_group,983.0,108.66666666666667,100.66666666666667,0.0,0.0,0.0,0.0,True,False,False
25495,0,0.3264528457071296,0.11501272264631043,Eastern Concrete,Howell Plant,NJ,Eastern Region,other_or_unspecified,3000.0,3000,28.0,standard_28,101.66666666666667,strict_group,983.0,108.66666666666667,100.66666666666667,0.0,0.0,1.0,0.009836065573770491,True,False,False
28446,0,0.3263244261931528,0.11501272264631043,Eastern Concrete,Roseland Plant,NJ,Eastern Region,other_or_unspecified,3500.0,3500,28.0,standard_28,114.28571428571429,strict_group,785.0,97.42857142857143,86.68571428571428,16.85714285714286,0.14750000000000002,27.60000000000001,0.24150000000000005,True,True,False
26140,1,0.3258843247972933,0.11501272264631043,Eastern Concrete,Howell Plant,NJ,Eastern Region,other_or_unspecified,3000.0,3000,28.0,standard_28,137.0,strict_group,983.0,108.66666666666667,100.66666666666667,28.33333333333333,0.2068126520681265,36.33333333333333,0.2652068126520681,True,True,True
29418,1,0.3247972352679312,0.11501272264631043,Eastern Concrete,Roseland Plant,NJ,Eastern Region,other_or_unspecified,4000.0,4000,28.0,standard_28,124.25,strict_group,2318.0,91.5,80.75,32.75,0.2635814889336016,43.5,0.3501006036217304,True,True,True
26629,0,0.3234665877347388,0.11501272264631043,Eastern Concrete,Newark Plant,NJ,Eastern Region,filler,3500.0,3500,28.0,standard_28,110.0,strict_group,95.0,116.85714285714286,110.11428571428571,0.0,0.0,0.0,0.0,True,False,False
27778,0,0.3192616429630958,0.11501272264631043,Eastern Concrete,North Bergen Plant,NJ,Eastern Region,filler,3500.0,3500,28.0,standard_28,116.28571428571429,strict_group,95.0,116.85714285714286,110.11428571428571,0.0,0.0,6.171428571428578,0.05307125307125313,True,False,False
24346,0,0.3192616429630958,0.11501272264631043,Eastern Concrete,Broadway Plant,NJ,Eastern Region,filler,3500.0,3500,28.0,standard_28,114.0,strict_group,95.0,116.85714285714286,110.11428571428571,0.0,0.0,3.885714285714286,0.034085213032581455,True,False,False
23177,0,0.3192616429630958,0.11501272264631043,Eastern Concrete,Bogota Plant,NJ,Eastern Region,filler,3500.0,3500,28.0,standard_28,116.85714285714286,strict_group,95.0,116.85714285714286,110.11428571428571,0.0,0.0,6.742857142857147,0.05770171149144258,True,False,False
25512,0,0.3192388209756184,0.11501272264631043,Eastern Concrete,Howell Plant,NJ,Eastern Region,filler,3500.0,3500,28.0,standard_28,118.28571428571429,strict_group,95.0,116.85714285714286,110.11428571428571,1.4285714285714306,0.012077294685990355,8.171428571428578,0.06908212560386479,True,False,False
29327,0,0.3177312666317944,0.11501272264631043,Eastern Concrete,Roseland Plant,NJ,Eastern Region,other_or_unspecified,4000.0,4000,28.0,standard_28,122.75,strict_group,2318.0,91.5,80.75,31.25,0.2545824847250509,42.0,0.3421588594704684,True,True,True
29612,1,0.3160645054191676,0.11501272264631043,Eastern Concrete,West Nyack Plant,NY,Eastern Region,other_or_unspecified,3500.0,3500,28.0,standard_28,132.28571428571428,strict_group,785.0,97.42857142857143,86.68571428571428,34.85714285714285,0.26349892008639303,45.599999999999994,0.3447084233261339,True,True,True
26183,0,0.314944831468181,0.11501272264631043,Eastern Concrete,Newark Plant,NJ,Eastern Region,other_or_unspecified,3000.0,3000,28.0,standard_28,110.0,strict_group,983.0,108.66666666666667,100.66666666666667,1.3333333333333286,0.012121212121212078,9.333333333333329,0.08484848484848481,True,False,False
25059,0,0.314944831468181,0.11501272264631043,Eastern Concrete,Howell Plant,NJ,Eastern Region,other_or_unspecified,3000.0,3000,28.0,standard_28,119.66666666666667,strict_group,983.0,108.66666666666667,100.66666666666667,11.0,0.09192200557103064,19.0,0.15877437325905291,True,False,False
27401,0,0.3146918408727394,0.11501272264631043,Eastern Concrete,North Bergen Plant,NJ,Eastern Region,other_or_unspecified,3500.0,3500,28.0,standard_28,116.57142857142857,strict_group,785.0,97.42857142857143,86.68571428571428,19.14285714285714,0.16421568627450978,29.885714285714286,0.2563725490196079,True,True,False
23943,0,0.3146918408727394,0.11501272264631043,Eastern Concrete,Broadway Plant,NJ,Eastern Region,other_or_unspecified,3500.0,3500,28.0,standard_28,114.0,strict_group,785.0,97.42857142857143,86.68571428571428,16.57142857142857,0.14536340852130325,27.314285714285717,0.23959899749373437,True,True,False
29976,1,0.3115233111623512,0.11501272264631043,Eastern Concrete,West Nyack Plant,NY,Eastern Region,filler,3500.0,3500,28.0,standard_28,136.57142857142858,strict_group,95.0,116.85714285714286,110.11428571428571,19.714285714285722,0.1443514644351465,26.45714285714287,0.19372384937238502,True,True,False
30430,1,0.3115093568018253,0.11501272264631043,Eastern Concrete,West Nyack Plant,NY,Eastern Region,other_or_unspecified,3000.0,3000,28.0,standard_28,143.33333333333334,strict_group,983.0,108.66666666666667,100.66666666666667,34.66666666666667,0.2418604651162791,42.66666666666667,0.29767441860465116,True,True,True
27218,0,0.3105259807001613,0.11501272264631043,Eastern Concrete,Newark Plant,NJ,Eastern Region,other_or_unspecified,3000.0,3000,28.0,standard_28,99.0,strict_group,983.0,108.66666666666667,100.66666666666667,0.0,0.0,0.0,0.0,True,False,False
26094,0,0.3105259807001613,0.11501272264631043,Eastern Concrete,Howell Plant,NJ,Eastern Region,other_or_unspecified,3000.0,3000,28.0,standard_28,108.33333333333333,strict_group,983.0,108.66666666666667,100.66666666666667,0.0,0.0,7.666666666666657,0.07076923076923068,True,False,False
29621,1,0.3095566110732831,0.11501272264631043,Eastern Concrete,West Nyack Plant,NY,Eastern Region,other_or_unspecified,3500.0,3500,28.0,standard_28,132.57142857142858,strict_group,785.0,97.42857142857143,86.68571428571428,35.14285714285715,0.26508620689655177,45.8857142857143,0.3461206896551725,True,True,True
4668,0,0.3036664859611654,0.11501272264631043,Cape Cod Ready Mix,Sandwich Plant,MA,Eastern Region,hardscape,3500.0,3500,28.0,standard_28,118.57142857142857,regional_strength_group,884.0,98.0,88.85714285714286,20.57142857142857,0.17349397590361446,29.714285714285708,0.2506024096385542,True,True,False
4596,0,0.3036664859611654,0.11501272264631043,Cape Cod Ready Mix,Dennis Plant,MA,Eastern Region,hardscape,3500.0,3500,28.0,standard_28,120.0,regional_strength_group,884.0,98.0,88.85714285714286,22.0,0.18333333333333332,31.14285714285714,0.2595238095238095,True,True,False
4558,0,0.3022716360762838,0.11501272264631043,Cape Cod Ready Mix,Carver Plant,MA,Eastern Region,filler,3000.0,3000,28.0,standard_28,25.133333333333336,strict_group,44.0,122.66666666666667,86.8,0.0,0.0,0.0,0.0,True,False,False
28875,0,0.3001796682990678,0.11501272264631043,Eastern Concrete,Roseland Plant,NJ,Eastern Region,filler,3500.0,3500,28.0,standard_28,119.14285714285714,strict_group,95.0,116.85714285714286,110.11428571428571,2.2857142857142776,0.01918465227817739,9.028571428571425,0.07577937649880093,True,False,False
29542,1,0.2999592350296164,0.11501272264631043,Eastern Concrete,West Nyack Plant,NY,Eastern Region,other_or_unspecified,3000.0,3000,28.0,standard_28,130.0,strict_group,983.0,108.66666666666667,100.66666666666667,21.33333333333333,0.16410256410256407,29.33333333333333,0.22564102564102562,True,True,False
28504,0,0.2999391894101873,0.11501272264631043,Eastern Concrete,Roseland Plant,NJ,Eastern Region,other_or_unspecified,4000.0,4000,28.0,standard_28,107.5,strict_group,2318.0,91.5,80.75,16.0,0.14883720930232558,26.75,0.24883720930232558,True,True,False
29477,1,0.2950916994792082,0.11501272264631043,Eastern Concrete,Roseland Plant,NJ,Eastern Region,filler,3500.0,3500,28.0,standard_28,131.71428571428572,strict_group,95.0,116.85714285714286,110.11428571428571,14.857142857142861,0.11279826464208245,21.60000000000001,0.1639913232104122,True,True,False
29991,0,0.2941702244409279,0.11501272264631043,Eastern Concrete,West Nyack Plant,NY,Eastern Region,other_or_unspecified,4000.0,4000,28.0,standard_28,120.0,strict_group,2318.0,91.5,80.75,28.5,0.2375,39.25,0.32708333333333334,True,True,True
30393,0,0.2934978217267928,0.11501272264631043,Eastern Concrete,West Nyack Plant,NY,Eastern Region,other_or_unspecified,3000.0,3000,28.0,standard_28,117.33333333333333,strict_group,983.0,108.66666666666667,100.66666666666667,8.666666666666657,0.07386363636363628,16.666666666666657,0.14204545454545447,True,False,False
24869,0,0.2906193009095013,0.11501272264631043,Eastern Concrete,Broadway Plant,NJ,Eastern Region,other_or_unspecified,3000.0,3000,28.0,standard_28,114.0,strict_group,983.0,108.66666666666667,100.66666666666667,5.333333333333329,0.04678362573099411,13.333333333333329,0.11695906432748533,True,False,False
23689,0,0.2906193009095013,0.11501272264631043,Eastern Concrete,Bogota Plant,NJ,Eastern Region,other_or_unspecified,3000.0,3000,28.0,standard_28,117.66666666666667,strict_group,983.0,108.66666666666667,100.66666666666667,9.0,0.07648725212464588,17.0,0.14447592067988668,True,False,False
28469,0,0.2898564627667396,0.11501272264631043,Eastern Concrete,Roseland Plant,NJ,Eastern Region,other_or_unspecified,4000.0,4000,28.0,standard_28,103.75,strict_group,2318.0,91.5,80.75,12.25,0.1180722891566265,23.0,0.2216867469879518,True,True,False
26206,1,0.2888495052511471,0.11501272264631043,Eastern Concrete,Newark Plant,NJ,Eastern Region,other_or_unspecified,3000.0,3000,28.0,standard_28,124.66666666666667,strict_group,983.0,108.66666666666667,100.66666666666667,16.0,0.1283422459893048,24.0,0.1925133689839572,True,True,False
28899,0,0.2883069466095198,0.11501272264631043,Eastern Concrete,Roseland Plant,NJ,Eastern Region,filler,4000.0,4000,28.0,standard_28,107.5,strict_group,125.0,99.25,92.1,8.25,0.07674418604651163,15.400000000000006,0.14325581395348844,True,False,False
28483,0,0.2882995737240492,0.11501272264631043,Eastern Concrete,Roseland Plant,NJ,Eastern Region,other_or_unspecified,3500.0,3500,28.0,standard_28,119.14285714285714,strict_group,785.0,97.42857142857143,86.68571428571428,21.714285714285708,0.1822541966426858,32.457142857142856,0.2724220623501199,True,True,False
28408,0,0.287548489925358,0.11501272264631043,Eastern Concrete,Roseland Plant,NJ,Eastern Region,other_or_unspecified,3000.0,3000,28.0,standard_28,102.66666666666667,strict_group,983.0,108.66666666666667,100.66666666666667,0.0,0.0,2.0,0.01948051948051948,True,False,False
22634,0,0.2865534999325331,0.11501272264631043,Eastern Concrete,Bayonne Plant,NJ,Eastern Region,filler,4000.0,4000,28.0,standard_28,99.5,strict_group,125.0,99.25,92.1,0.25,0.002512562814070352,7.400000000000006,0.07437185929648248,True,False,False
29006,0,0.2864354772735728,0.11501272264631043,Eastern Concrete,Roseland Plant,NJ,Eastern Region,filler,4000.0,4000,28.0,standard_28,115.0,strict_group,125.0,99.25,92.1,15.75,0.13695652173913042,22.900000000000006,0.19913043478260875,True,True,False
25092,0,0.2861481580570189,0.11501272264631043,Eastern Concrete,Howell Plant,NJ,Eastern Region,other_or_unspecified,3000.0,3000,28.0,standard_28,112.33333333333333,strict_group,983.0,108.66666666666667,100.66666666666667,3.666666666666657,0.03264094955489606,11.666666666666657,0.10385756676557856,True,False,False
26215,0,0.2861481580570189,0.11501272264631043,Eastern Concrete,Newark Plant,NJ,Eastern Region,other_or_unspecified,3000.0,3000,28.0,standard_28,103.0,strict_group,983.0,108.66666666666667,100.66666666666667,0.0,0.0,2.3333333333333286,0.02265372168284785,True,False,False
22805,0,0.286138407972241,0.11501272264631043,Eastern Concrete,Bogota Plant,NJ,Eastern Region,other_or_unspecified,3500.0,3500,28.0,standard_28,120.28571428571429,strict_group,785.0,97.42857142857143,86.68571428571428,22.85714285714286,0.19002375296912116,33.60000000000001,0.27933491686460815,True,True,False
27423,0,0.286138407972241,0.11501272264631043,Eastern Concrete,North Bergen Plant,NJ,Eastern Region,other_or_unspecified,3500.0,3500,28.0,standard_28,119.71428571428571,strict_group,785.0,97.42857142857143,86.68571428571428,22.285714285714278,0.1861575178997613,33.028571428571425,0.2758949880668258,True,True,False
23966,0,0.286138407972241,0.11501272264631043,Eastern Concrete,Broadway Plant,NJ,Eastern Region,other_or_unspecified,3500.0,3500,28.0,standard_28,117.42857142857143,strict_group,785.0,97.42857142857143,86.68571428571428,20.0,0.170316301703163,30.742857142857147,0.2618004866180049,True,True,False
22786,0,0.286138407972241,0.11501272264631043,Eastern Concrete,Bogota Plant,NJ,Eastern Region,other_or_unspecified,3500.0,3500,28.0,standard_28,116.85714285714286,strict_group,785.0,97.42857142857143,86.68571428571428,19.42857142857143,0.1662591687041565,30.171428571428578,0.2581907090464548,True,True,False
27402,0,0.286138407972241,0.11501272264631043,Eastern Concrete,North Bergen Plant,NJ,Eastern Region,other_or_unspecified,3500.0,3500,28.0,standard_28,116.57142857142857,strict_group,785.0,97.42857142857143,86.68571428571428,19.14285714285714,0.16421568627450978,29.885714285714286,0.2563725490196079,True,True,False
23944,0,0.286138407972241,0.11501272264631043,Eastern Concrete,Broadway Plant,NJ,Eastern Region,other_or_unspecified,3500.0,3500,28.0,standard_28,114.28571428571429,strict_group,785.0,97.42857142857143,86.68571428571428,16.85714285714286,0.14750000000000002,27.60000000000001,0.24150000000000005,True,True,False
24390,0,0.2853491316916817,0.11501272264631043,Eastern Concrete,Broadway Plant,NJ,Eastern Region,filler,3500.0,3500,28.0,standard_28,122.28571428571429,strict_group,95.0,116.85714285714286,110.11428571428571,5.428571428571431,0.04439252336448599,12.171428571428578,0.09953271028037387,True,False,False
23221,1,0.2853491316916817,0.11501272264631043,Eastern Concrete,Bogota Plant,NJ,Eastern Region,filler,3500.0,3500,28.0,standard_28,125.14285714285714,strict_group,95.0,116.85714285714286,110.11428571428571,8.285714285714278,0.0662100456621004,15.028571428571425,0.12009132420091322,True,False,False
27822,1,0.2853491316916817,0.11501272264631043,Eastern Concrete,North Bergen Plant,NJ,Eastern Region,filler,3500.0,3500,28.0,standard_28,124.57142857142857,strict_group,95.0,116.85714285714286,110.11428571428571,7.714285714285708,0.06192660550458711,14.457142857142856,0.11605504587155963,True,False,False
29324,0,0.2847872851756247,0.11501272264631043,Eastern Concrete,Roseland Plant,NJ,Eastern Region,other_or_unspecified,4000.0,4000,28.0,standard_28,114.0,strict_group,2318.0,91.5,80.75,22.5,0.19736842105263158,33.25,0.2916666666666667,True,True,False
29449,0,0.2837856897987009,0.11501272264631043,Eastern Concrete,Roseland Plant,NJ,Eastern Region,other_or_unspecified,2500.0,2500,28.0,standard_28,122.0,strict_group,109.0,120.4,112.96000000000001,1.5999999999999943,0.013114754098360609,9.039999999999992,0.07409836065573763,True,False,False
25063,0,0.282392511856321,0.11501272264631043,Eastern Concrete,Howell Plant,NJ,Eastern Region,other_or_unspecified,3000.0,3000,28.0,standard_28,109.66666666666667,strict_group,983.0,108.66666666666667,100.66666666666667,1.0,0.00911854103343465,9.0,0.08206686930091185,True,False,False
25087,0,0.282392511856321,0.11501272264631043,Eastern Concrete,Howell Plant,NJ,Eastern Region,other_or_unspecified,3000.0,3000,28.0,standard_28,113.0,strict_group,983.0,108.66666666666667,100.66666666666667,4.333333333333329,0.038348082595870164,12.333333333333329,0.10914454277286131,True,False,False
26210,0,0.282392511856321,0.11501272264631043,Eastern Concrete,Newark Plant,NJ,Eastern Region,other_or_unspecified,3000.0,3000,28.0,standard_28,103.33333333333333,strict_group,983.0,108.66666666666667,100.66666666666667,0.0,0.0,2.666666666666657,0.025806451612903136,True,False,False
26211,0,0.282392511856321,0.11501272264631043,Eastern Concrete,Newark Plant,NJ,Eastern Region,other_or_unspecified,3000.0,3000,28.0,standard_28,103.66666666666667,strict_group,983.0,108.66666666666667,100.66666666666667,0.0,0.0,3.0,0.028938906752411574,True,False,False
26185,0,0.282392511856321,0.11501272264631043,Eastern Concrete,Newark Plant,NJ,Eastern Region,other_or_unspecified,3000.0,3000,28.0,standard_28,100.0,strict_group,983.0,108.66666666666667,100.66666666666667,0.0,0.0,0.0,0.0,True,False,False
26186,0,0.282392511856321,0.11501272264631043,Eastern Concrete,Newark Plant,NJ,Eastern Region,other_or_unspecified,3000.0,3000,28.0,standard_28,100.33333333333333,strict_group,983.0,108.66666666666667,100.66666666666667,0.0,0.0,0.0,0.0,True,False,False
26187,0,0.282392511856321,0.11501272264631043,Eastern Concrete,Newark Plant,NJ,Eastern Region,other_or_unspecified,3000.0,3000,28.0,standard_28,100.0,strict_group,983.0,108.66666666666667,100.66666666666667,0.0,0.0,0.0,0.0,True,False,False
25088,0,0.282392511856321,0.11501272264631043,Eastern Concrete,Howell Plant,NJ,Eastern Region,other_or_unspecified,3000.0,3000,28.0,standard_28,113.33333333333333,strict_group,983.0,108.66666666666667,100.66666666666667,4.666666666666657,0.04117647058823521,12.666666666666657,0.11176470588235286,True,False,False
25089,0,0.282392511856321,0.11501272264631043,Eastern Concrete,Howell Plant,NJ,Eastern Region,other_or_unspecified,3000.0,3000,28.0,standard_28,113.33333333333333,strict_group,983.0,108.66666666666667,100.66666666666667,4.666666666666657,0.04117647058823521,12.666666666666657,0.11176470588235286,True,False,False
26212,0,0.282392511856321,0.11501272264631043,Eastern Concrete,Newark Plant,NJ,Eastern Region,other_or_unspecified,3000.0,3000,28.0,standard_28,103.66666666666667,strict_group,983.0,108.66666666666667,100.66666666666667,0.0,0.0,3.0,0.028938906752411574,True,False,False
25062,0,0.282392511856321,0.11501272264631043,Eastern Concrete,Howell Plant,NJ,Eastern Region,other_or_unspecified,3000.0,3000,28.0,standard_28,109.66666666666667,strict_group,983.0,108.66666666666667,100.66666666666667,1.0,0.00911854103343465,9.0,0.08206686930091185,True,False,False
25061,0,0.282392511856321,0.11501272264631043,Eastern Concrete,Howell Plant,NJ,Eastern Region,other_or_unspecified,3000.0,3000,28.0,standard_28,109.66666666666667,strict_group,983.0,108.66666666666667,100.66666666666667,1.0,0.00911854103343465,9.0,0.08206686930091185,True,False,False
22096,0,0.2794085752680926,0.11501272264631043,Conewago Manufacturing,Conewago Manufacturing Plant,PA,Eastern Region,other_or_unspecified,3000.0,3000,28.0,standard_28,117.66666666666667,strict_group,983.0,108.66666666666667,100.66666666666667,9.0,0.07648725212464588,17.0,0.14447592067988668,True,False,False
25514,0,0.2788714365625103,0.11501272264631043,Eastern Concrete,Howell Plant,NJ,Eastern Region,filler,3500.0,3500,28.0,standard_28,118.28571428571429,strict_group,95.0,116.85714285714286,110.11428571428571,1.4285714285714306,0.012077294685990355,8.171428571428578,0.06908212560386479,True,False,False
23772,0,0.2786999858215283,0.11501272264631043,Eastern Concrete,Bogota Plant,NJ,Eastern Region,other_or_unspecified,3000.0,3000,28.0,standard_28,106.33333333333333,strict_group,983.0,108.66666666666667,100.66666666666667,0.0,0.0,5.666666666666657,0.05329153605015665,True,False,False
4687,0,0.2783358380371705,0.11501272264631043,Cape Cod Ready Mix,Sandwich Plant,MA,Eastern Region,other_or_unspecified,3000.0,3000,28.0,standard_28,110.0,strict_group,983.0,108.66666666666667,100.66666666666667,1.3333333333333286,0.012121212121212078,9.333333333333329,0.08484848484848481,True,False,False
4616,0,0.2783358380371705,0.11501272264631043,Cape Cod Ready Mix,Dennis Plant,MA,Eastern Region,other_or_unspecified,3000.0,3000,28.0,standard_28,115.66666666666667,strict_group,983.0,108.66666666666667,100.66666666666667,7.0,0.06051873198847262,15.0,0.12968299711815562,True,False,False
4615,0,0.2783358380371705,0.11501272264631043,Cape Cod Ready Mix,Dennis Plant,MA,Eastern Region,other_or_unspecified,3000.0,3000,28.0,standard_28,111.33333333333333,strict_group,983.0,108.66666666666667,100.66666666666667,2.666666666666657,0.023952095808383148,10.666666666666657,0.09580838323353286,True,False,False
4614,0,0.2783358380371705,0.11501272264631043,Cape Cod Ready Mix,Dennis Plant,MA,Eastern Region,other_or_unspecified,3000.0,3000,28.0,standard_28,108.33333333333333,strict_group,983.0,108.66666666666667,100.66666666666667,0.0,0.0,7.666666666666657,0.07076923076923068,True,False,False
4688,0,0.2783358380371705,0.11501272264631043,Cape Cod Ready Mix,Sandwich Plant,MA,Eastern Region,other_or_unspecified,3000.0,3000,28.0,standard_28,113.33333333333333,strict_group,983.0,108.66666666666667,100.66666666666667,4.666666666666657,0.04117647058823521,12.666666666666657,0.11176470588235286,True,False,False
4686,0,0.2783358380371705,0.11501272264631043,Cape Cod Ready Mix,Sandwich Plant,MA,Eastern Region,other_or_unspecified,3000.0,3000,28.0,standard_28,106.66666666666667,strict_group,983.0,108.66666666666667,100.66666666666667,0.0,0.0,6.0,0.056249999999999994,True,False,False
4560,0,0.278203417969826,0.11501272264631043,Cape Cod Ready Mix,Carver Plant,MA,Eastern Region,hardscape,3500.0,3500,28.0,standard_28,121.14285714285714,regional_strength_group,884.0,98.0,88.85714285714286,23.14285714285714,0.1910377358490566,32.28571428571428,0.2665094339622641,True,True,False
27795,0,0.2778991489540969,0.11501272264631043,Eastern Concrete,North Bergen Plant,NJ,Eastern Region,filler,3500.0,3500,28.0,standard_28,120.0,strict_group,95.0,116.85714285714286,110.11428571428571,3.142857142857139,0.026190476190476156,9.885714285714286,0.08238095238095239,True,False,False
33192,0,0.2777675251913742,0.11501272264631043,Hood River Sand and Gravel,The Dalles Plant,OR,Pacific Northwest Region,other_or_unspecified,3000.0,3000,28.0,standard_28,100.66666666666667,strict_group,33.0,65.33333333333333,61.53333333333334,35.33333333333334,0.3509933774834438,39.13333333333333,0.3887417218543046,True,True,True
33199,0,0.2777675251913742,0.11501272264631043,Hood River Sand and Gravel,The Dalles Plant,OR,Pacific Northwest Region,other_or_unspecified,3000.0,3000,28.0,standard_28,100.33333333333333,strict_group,33.0,65.33333333333333,61.53333333333334,35.0,0.3488372093023256,38.79999999999999,0.38671096345514944,True,True,True
28443,0,0.2769746035073225,0.11501272264631043,Eastern Concrete,Roseland Plant,NJ,Eastern Region,other_or_unspecified,3500.0,3500,28.0,standard_28,115.14285714285714,strict_group,785.0,97.42857142857143,86.68571428571428,17.714285714285708,0.1538461538461538,28.457142857142856,0.24714640198511165,True,True,False
29510,0,0.2769584377867951,0.11501272264631043,Eastern Concrete,Roseland Plant,NJ,Eastern Region,other_or_unspecified,4000.0,4000,28.0,standard_28,101.75,strict_group,2318.0,91.5,80.75,10.25,0.10073710073710074,21.0,0.20638820638820637,True,True,False
23987,0,0.27386669541825,0.11501272264631043,Eastern Concrete,Broadway Plant,NJ,Eastern Region,other_or_unspecified,4000.0,4000,28.0,standard_28,107.0,strict_group,2318.0,91.5,80.75,15.5,0.14485981308411214,26.25,0.24532710280373832,True,True,False
27443,0,0.27386669541825,0.11501272264631043,Eastern Concrete,North Bergen Plant,NJ,Eastern Region,other_or_unspecified,4000.0,4000,28.0,standard_28,109.0,strict_group,2318.0,91.5,80.75,17.5,0.16055045871559634,28.25,0.2591743119266055,True,True,False
22825,0,0.27386669541825,0.11501272264631043,Eastern Concrete,Bogota Plant,NJ,Eastern Region,other_or_unspecified,4000.0,4000,28.0,standard_28,109.5,strict_group,2318.0,91.5,80.75,18.0,0.1643835616438356,28.75,0.2625570776255708,True,True,False
27229,0,0.2720851828933734,0.11501272264631043,Eastern Concrete,Newark Plant,NJ,Eastern Region,filler,4000.0,4000,28.0,standard_28,104.25,strict_group,125.0,99.25,92.1,5.0,0.047961630695443645,12.150000000000006,0.11654676258992812,True,False,False
29977,0,0.2705088450641525,0.11501272264631043,Eastern Concrete,West Nyack Plant,NY,Eastern Region,filler,4000.0,4000,28.0,standard_28,117.5,strict_group,125.0,99.25,92.1,18.25,0.15531914893617021,25.400000000000006,0.2161702127659575,True,True,False
27217,0,0.2705071125988588,0.11501272264631043,Eastern Concrete,Newark Plant,NJ,Eastern Region,other_or_unspecified,2500.0,2500,28.0,standard_28,116.0,strict_group,109.0,120.4,112.96000000000001,0.0,0.0,3.039999999999992,0.02620689655172407,True,False,False
26093,1,0.2705071125988588,0.11501272264631043,Eastern Concrete,Howell Plant,NJ,Eastern Region,other_or_unspecified,2500.0,2500,28.0,standard_28,127.2,strict_group,109.0,120.4,112.96000000000001,6.799999999999997,0.05345911949685532,14.239999999999995,0.11194968553459116,True,False,False
28577,0,0.2695959551506114,0.11501272264631043,Eastern Concrete,Roseland Plant,NJ,Eastern Region,other_or_unspecified,4000.0,4000,28.0,standard_28,111.5,strict_group,2318.0,91.5,80.75,20.0,0.17937219730941703,30.75,0.2757847533632287,True,True,False
30029,1,0.2693850783197052,0.11501272264631043,Eastern Concrete,West Nyack Plant,NY,Eastern Region,filler,4000.0,4000,28.0,standard_28,124.25,strict_group,125.0,99.25,92.1,25.0,0.2012072434607646,32.150000000000006,0.2587525150905433,True,True,True
25005,0,0.2689747513891765,0.11501272264631043,Eastern Concrete,Broadway Plant,NJ,Eastern Region,other_or_unspecified,3000.0,3000,28.0,standard_28,103.0,strict_group,983.0,108.66666666666667,100.66666666666667,0.0,0.0,2.3333333333333286,0.02265372168284785,True,False,False
4632,1,0.2682687722890572,0.11501272264631043,Cape Cod Ready Mix,Orleans Plant,MA,Eastern Region,hardscape,3500.0,3500,28.0,standard_28,125.71428571428571,regional_strength_group,884.0,98.0,88.85714285714286,27.714285714285708,0.2204545454545454,36.85714285714285,0.2931818181818181,True,True,True
27247,0,0.2681636176199387,0.11501272264631043,Eastern Concrete,Newark Plant,NJ,Eastern Region,filler,3000.0,3000,28.0,standard_28,123.66666666666667,strict_group,44.0,122.66666666666667,86.8,1.0,0.008086253369272238,36.866666666666674,0.29811320754716986,True,False,False
25045,1,0.2674235783767819,0.11501272264631043,Eastern Concrete,Howell Plant,NJ,Eastern Region,other_or_unspecified,2500.0,2500,28.0,standard_28,127.6,strict_group,109.0,120.4,112.96000000000001,7.199999999999989,0.05642633228840117,14.639999999999986,0.11473354231974911,True,False,False
26169,0,0.2674235783767819,0.11501272264631043,Eastern Concrete,Newark Plant,NJ,Eastern Region,other_or_unspecified,2500.0,2500,28.0,standard_28,116.0,strict_group,109.0,120.4,112.96000000000001,0.0,0.0,3.039999999999992,0.02620689655172407,True,False,False
24025,0,0.2665441972509274,0.11501272264631043,Eastern Concrete,Broadway Plant,NJ,Eastern Region,other_or_unspecified,4000.0,4000,28.0,standard_28,110.75,strict_group,2318.0,91.5,80.75,19.25,0.17381489841986456,30.0,0.2708803611738149,True,True,False
27478,0,0.2665441972509274,0.11501272264631043,Eastern Concrete,North Bergen Plant,NJ,Eastern Region,other_or_unspecified,4000.0,4000,28.0,standard_28,112.25,strict_group,2318.0,91.5,80.75,20.75,0.18485523385300667,31.5,0.2806236080178174,True,True,False
22860,0,0.2665441972509274,0.11501272264631043,Eastern Concrete,Bogota Plant,NJ,Eastern Region,other_or_unspecified,4000.0,4000,28.0,standard_28,113.75,strict_group,2318.0,91.5,80.75,22.25,0.1956043956043956,33.0,0.29010989010989013,True,True,False
28506,0,0.2659817910328278,0.11501272264631043,Eastern Concrete,Roseland Plant,NJ,Eastern Region,other_or_unspecified,4000.0,4000,28.0,standard_28,108.0,strict_group,2318.0,91.5,80.75,16.5,0.1527777777777778,27.25,0.2523148148148148,True,True,False
28538,0,0.2655218915707557,0.11501272264631043,Eastern Concrete,Roseland Plant,NJ,Eastern Region,other_or_unspecified,4000.0,4000,28.0,standard_28,107.75,strict_group,2318.0,91.5,80.75,16.25,0.15081206496519722,27.0,0.2505800464037123,True,True,False
29571,0,0.2647045907544982,0.11501272264631043,Eastern Concrete,West Nyack Plant,NY,Eastern Region,other_or_unspecified,3000.0,3000,28.0,standard_28,121.66666666666667,strict_group,983.0,108.66666666666667,100.66666666666667,13.0,0.10684931506849314,21.0,0.17260273972602738,True,True,False
29413,0,0.2629022953531214,0.11501272264631043,Eastern Concrete,Roseland Plant,NJ,Eastern Region,other_or_unspecified,4000.0,4000,28.0,standard_28,120.5,strict_group,2318.0,91.5,80.75,29.0,0.24066390041493776,39.75,0.32987551867219916,True,True,True
33419,0,0.2611758409686771,0.11501272264631043,Kirkpatrick Concrete,Highway 280 Plant,AL,Southeastern Region,other_or_unspecified,3000.0,3000,28.0,standard_28,110.33333333333333,strict_group,35.0,89.83333333333334,77.66666666666667,20.499999999999986,0.18580060422960712,32.66666666666666,0.29607250755287,True,True,False
33397,0,0.2611758409686771,0.11501272264631043,Kirkpatrick Concrete,Gardendale Plant,AL,Southeastern Region,other_or_unspecified,3000.0,3000,28.0,standard_28,110.66666666666667,strict_group,35.0,89.83333333333334,77.66666666666667,20.83333333333333,0.18825301204819272,33.0,0.29819277108433734,True,True,False
33354,0,0.2611758409686771,0.11501272264631043,Kirkpatrick Concrete,Alabaster Plant,AL,Southeastern Region,other_or_unspecified,3000.0,3000,28.0,standard_28,114.66666666666667,strict_group,35.0,89.83333333333334,77.66666666666667,24.83333333333333,0.2165697674418604,37.0,0.3226744186046511,True,True,True
33441,0,0.2611758409686771,0.11501272264631043,Kirkpatrick Concrete,Lakeshore Plant,AL,Southeastern Region,other_or_unspecified,3000.0,3000,28.0,standard_28,108.66666666666667,strict_group,35.0,89.83333333333334,77.66666666666667,18.83333333333333,0.17331288343558277,31.0,0.28527607361963186,True,True,False
33189,1,0.2609640154874122,0.11501272264631043,Hood River Sand and Gravel,North Bonneville Plant,WA,Pacific Northwest Region,paving,3000.0,3000,28.0,standard_28,130.33333333333334,strict_group,6.0,80.83333333333334,78.83333333333334,49.5,0.3797953964194373,51.5,0.3951406649616368,True,True,True
27076,0,0.2596460553721632,0.11501272264631043,Eastern Concrete,Newark Plant,NJ,Eastern Region,other_or_unspecified,4000.0,4000,28.0,standard_28,118.5,strict_group,2318.0,91.5,80.75,27.0,0.22784810126582278,37.75,0.31856540084388185,True,True,True
28877,0,0.2584427909570808,0.11501272264631043,Eastern Concrete,Roseland Plant,NJ,Eastern Region,filler,3500.0,3500,28.0,standard_28,118.0,strict_group,95.0,116.85714285714286,110.11428571428571,1.1428571428571388,0.00968523002421304,7.885714285714286,0.06682808716707023,True,False,False
26682,0,0.2575511186733803,0.11501272264631043,Eastern Concrete,Newark Plant,NJ,Eastern Region,other_or_unspecified,4000.0,4000,28.0,standard_28,102.25,strict_group,2318.0,91.5,80.75,10.75,0.10513447432762836,21.5,0.21026894865525672,True,True,False
33125,0,0.2557624621646628,0.11501272264631043,Hood River Sand and Gravel,Dallesport Plant,WA,Pacific Northwest Region,other_or_unspecified,3000.0,3000,28.0,standard_28,113.33333333333333,strict_group,33.0,65.33333333333333,61.53333333333334,48.0,0.4235294117647059,51.79999999999999,0.4570588235294117,True,True,True
28912,0,0.2551715026998596,0.11501272264631043,Eastern Concrete,Roseland Plant,NJ,Eastern Region,other_or_unspecified,3500.0,3500,28.0,standard_28,121.42857142857143,strict_group,785.0,97.42857142857143,86.68571428571428,24.0,0.1976470588235294,34.74285714285715,0.2861176470588236,True,True,False
22729,0,0.2544330639274998,0.11501272264631043,Eastern Concrete,Bogota Plant,NJ,Eastern Region,other_or_unspecified,3000.0,3000,28.0,standard_28,113.0,strict_group,983.0,108.66666666666667,100.66666666666667,4.333333333333329,0.038348082595870164,12.333333333333329,0.10914454277286131,True,False,False
23881,0,0.2544330639274998,0.11501272264631043,Eastern Concrete,Broadway Plant,NJ,Eastern Region,other_or_unspecified,3000.0,3000,28.0,standard_28,109.66666666666667,strict_group,983.0,108.66666666666667,100.66666666666667,1.0,0.00911854103343465,9.0,0.08206686930091185,True,False,False
22728,0,0.2544330639274998,0.11501272264631043,Eastern Concrete,Bogota Plant,NJ,Eastern Region,other_or_unspecified,3000.0,3000,28.0,standard_28,113.0,strict_group,983.0,108.66666666666667,100.66666666666667,4.333333333333329,0.038348082595870164,12.333333333333329,0.10914454277286131,True,False,False
27342,0,0.2544330639274998,0.11501272264631043,Eastern Concrete,North Bergen Plant,NJ,Eastern Region,other_or_unspecified,3000.0,3000,28.0,standard_28,112.66666666666667,strict_group,983.0,108.66666666666667,100.66666666666667,4.0,0.03550295857988166,12.0,0.10650887573964496,True,False,False
27343,0,0.2544330639274998,0.11501272264631043,Eastern Concrete,North Bergen Plant,NJ,Eastern Region,other_or_unspecified,3000.0,3000,28.0,standard_28,112.66666666666667,strict_group,983.0,108.66666666666667,100.66666666666667,4.0,0.03550295857988166,12.0,0.10650887573964496,True,False,False
23882,0,0.2544330639274998,0.11501272264631043,Eastern Concrete,Broadway Plant,NJ,Eastern Region,other_or_unspecified,3000.0,3000,28.0,standard_28,109.66666666666667,strict_group,983.0,108.66666666666667,100.66666666666667,1.0,0.00911854103343465,9.0,0.08206686930091185,True,False,False
23781,0,0.2537804714215418,0.11501272264631043,Eastern Concrete,Bogota Plant,NJ,Eastern Region,other_or_unspecified,4000.0,4000,28.0,standard_28,107.25,strict_group,2318.0,91.5,80.75,15.75,0.14685314685314685,26.5,0.24708624708624707,True,True,False
28311,0,0.2537804714215418,0.11501272264631043,Eastern Concrete,North Bergen Plant,NJ,Eastern Region,other_or_unspecified,4000.0,4000,28.0,standard_28,106.75,strict_group,2318.0,91.5,80.75,15.25,0.14285714285714285,26.0,0.24355971896955503,True,True,False
24958,0,0.2537804714215418,0.11501272264631043,Eastern Concrete,Broadway Plant,NJ,Eastern Region,other_or_unspecified,4000.0,4000,28.0,standard_28,104.75,strict_group,2318.0,91.5,80.75,13.25,0.12649164677804295,24.0,0.22911694510739858,True,True,False
29941,1,0.2532648966340529,0.11501272264631043,Eastern Concrete,West Nyack Plant,NY,Eastern Region,other_or_unspecified,3000.0,3000,28.0,standard_28,127.0,strict_group,983.0,108.66666666666667,100.66666666666667,18.33333333333333,0.14435695538057738,26.33333333333333,0.20734908136482935,True,True,False
30330,1,0.2528310826788628,0.11501272264631043,Eastern Concrete,West Nyack Plant,NY,Eastern Region,other_or_unspecified,3000.0,3000,28.0,standard_28,159.66666666666666,strict_group,983.0,108.66666666666667,100.66666666666667,50.999999999999986,0.3194154488517745,58.999999999999986,0.36951983298538615,True,True,True
33157,1,0.2524512173559345,0.11501272264631043,Hood River Sand and Gravel,Hood River Plant,OR,Pacific Northwest Region,filler,4000.0,4000,28.0,standard_28,137.5,strict_group,15.0,75.625,64.9,61.875,0.45,72.6,0.5279999999999999,True,True,True
23162,0,0.2522069430909515,0.11501272264631043,Eastern Concrete,Bogota Plant,NJ,Eastern Region,other_or_unspecified,3000.0,3000,28.0,standard_28,116.0,strict_group,983.0,108.66666666666667,100.66666666666667,7.333333333333329,0.06321839080459767,15.333333333333329,0.13218390804597696,True,False,False
24331,0,0.2522069430909515,0.11501272264631043,Eastern Concrete,Broadway Plant,NJ,Eastern Region,other_or_unspecified,3000.0,3000,28.0,standard_28,112.66666666666667,strict_group,983.0,108.66666666666667,100.66666666666667,4.0,0.03550295857988166,12.0,0.10650887573964496,True,False,False
27763,0,0.2522069430909515,0.11501272264631043,Eastern Concrete,North Bergen Plant,NJ,Eastern Region,other_or_unspecified,3000.0,3000,28.0,standard_28,115.66666666666667,strict_group,983.0,108.66666666666667,100.66666666666667,7.0,0.06051873198847262,15.0,0.12968299711815562,True,False,False
4556,0,0.2494752392088311,0.11501272264631043,Cape Cod Ready Mix,Carver Plant,MA,Eastern Region,other_or_unspecified,3000.0,3000,28.0,standard_28,114.0,strict_group,983.0,108.66666666666667,100.66666666666667,5.333333333333329,0.04678362573099411,13.333333333333329,0.11695906432748533,True,False,False
26783,0,0.2488829505241133,0.11501272264631043,Eastern Concrete,Newark Plant,NJ,Eastern Region,other_or_unspecified,4000.0,4000,28.0,standard_28,112.75,strict_group,2318.0,91.5,80.75,21.25,0.188470066518847,32.0,0.2838137472283814,True,True,False
28461,0,0.2485981750490307,0.11501272264631043,Eastern Concrete,Roseland Plant,NJ,Eastern Region,other_or_unspecified,3500.0,3500,28.0,standard_28,114.28571428571429,strict_group,785.0,97.42857142857143,86.68571428571428,16.85714285714286,0.14750000000000002,27.60000000000001,0.24150000000000005,True,True,False
25529,0,0.2463270499362275,0.11501272264631043,Eastern Concrete,Howell Plant,NJ,Eastern Region,filler,3500.0,3500,28.0,standard_28,122.57142857142857,strict_group,95.0,116.85714285714286,110.11428571428571,5.714285714285708,0.04662004662004657,12.457142857142856,0.10163170163170163,True,False,False
26593,1,0.2463061879061296,0.11501272264631043,Eastern Concrete,Newark Plant,NJ,Eastern Region,other_or_unspecified,4000.0,4000,28.0,standard_28,147.5,strict_group,2318.0,91.5,80.75,56.0,0.37966101694915255,66.75,0.45254237288135596,True,True,True
28903,0,0.2460785806143717,0.11501272264631043,Eastern Concrete,Roseland Plant,NJ,Eastern Region,filler,3500.0,3500,28.0,standard_28,122.57142857142857,strict_group,95.0,116.85714285714286,110.11428571428571,5.714285714285708,0.04662004662004657,12.457142857142856,0.10163170163170163,True,False,False
2068,0,0.2444303801238094,0.11501272264631043,Boston Sand & Gravel,Boston Sand & Gravel,MA,Eastern Region,filler,3000.0,3000,28.0,standard_28,91.0,strict_group,44.0,122.66666666666667,86.8,0.0,0.0,4.200000000000003,0.046153846153846184,True,False,False
24326,0,0.243130358180601,0.11501272264631043,Eastern Concrete,Broadway Plant,NJ,Eastern Region,other_or_unspecified,3000.0,3000,28.0,standard_28,108.0,strict_group,983.0,108.66666666666667,100.66666666666667,0.0,0.0,7.333333333333329,0.06790123456790119,True,False,False
24339,0,0.243130358180601,0.11501272264631043,Eastern Concrete,Broadway Plant,NJ,Eastern Region,other_or_unspecified,3000.0,3000,28.0,standard_28,107.33333333333333,strict_group,983.0,108.66666666666667,100.66666666666667,0.0,0.0,6.666666666666657,0.06211180124223594,True,False,False
27771,0,0.243130358180601,0.11501272264631043,Eastern Concrete,North Bergen Plant,NJ,Eastern Region,other_or_unspecified,3000.0,3000,28.0,standard_28,110.33333333333333,strict_group,983.0,108.66666666666667,100.66666666666667,1.6666666666666572,0.015105740181268796,9.666666666666657,0.08761329305135944,True,False,False
24338,0,0.243130358180601,0.11501272264631043,Eastern Concrete,Broadway Plant,NJ,Eastern Region,other_or_unspecified,3000.0,3000,28.0,standard_28,112.66666666666667,strict_group,983.0,108.66666666666667,100.66666666666667,4.0,0.03550295857988166,12.0,0.10650887573964496,True,False,False
27759,0,0.243130358180601,0.11501272264631043,Eastern Concrete,North Bergen Plant,NJ,Eastern Region,other_or_unspecified,3000.0,3000,28.0,standard_28,111.0,strict_group,983.0,108.66666666666667,100.66666666666667,2.3333333333333286,0.021021021021020977,10.333333333333329,0.09309309309309305,True,False,False
24357,0,0.243130358180601,0.11501272264631043,Eastern Concrete,Broadway Plant,NJ,Eastern Region,other_or_unspecified,3000.0,3000,28.0,standard_28,111.0,strict_group,983.0,108.66666666666667,100.66666666666667,2.3333333333333286,0.021021021021020977,10.333333333333329,0.09309309309309305,True,False,False
24355,0,0.243130358180601,0.11501272264631043,Eastern Concrete,Broadway Plant,NJ,Eastern Region,other_or_unspecified,3000.0,3000,28.0,standard_28,110.0,strict_group,983.0,108.66666666666667,100.66666666666667,1.3333333333333286,0.012121212121212078,9.333333333333329,0.08484848484848481,True,False,False
27770,0,0.243130358180601,0.11501272264631043,Eastern Concrete,North Bergen Plant,NJ,Eastern Region,other_or_unspecified,3000.0,3000,28.0,standard_28,115.66666666666667,strict_group,983.0,108.66666666666667,100.66666666666667,7.0,0.06051873198847262,15.0,0.12968299711815562,True,False,False
24354,0,0.243130358180601,0.11501272264631043,Eastern Concrete,Broadway Plant,NJ,Eastern Region,other_or_unspecified,3000.0,3000,28.0,standard_28,110.66666666666667,strict_group,983.0,108.66666666666667,100.66666666666667,2.0,0.018072289156626505,10.0,0.09036144578313253,True,False,False
27789,0,0.243130358180601,0.11501272264631043,Eastern Concrete,North Bergen Plant,NJ,Eastern Region,other_or_unspecified,3000.0,3000,28.0,standard_28,114.0,strict_group,983.0,108.66666666666667,100.66666666666667,5.333333333333329,0.04678362573099411,13.333333333333329,0.11695906432748533,True,False,False
23157,0,0.243130358180601,0.11501272264631043,Eastern Concrete,Bogota Plant,NJ,Eastern Region,other_or_unspecified,3000.0,3000,28.0,standard_28,111.0,strict_group,983.0,108.66666666666667,100.66666666666667,2.3333333333333286,0.021021021021020977,10.333333333333329,0.09309309309309305,True,False,False
23188,0,0.243130358180601,0.11501272264631043,Eastern Concrete,Bogota Plant,NJ,Eastern Region,other_or_unspecified,3000.0,3000,28.0,standard_28,114.33333333333333,strict_group,983.0,108.66666666666667,100.66666666666667,5.666666666666657,0.04956268221574336,13.666666666666657,0.11953352769679293,True,False,False
27786,0,0.243130358180601,0.11501272264631043,Eastern Concrete,North Bergen Plant,NJ,Eastern Region,other_or_unspecified,3000.0,3000,28.0,standard_28,113.66666666666667,strict_group,983.0,108.66666666666667,100.66666666666667,5.0,0.0439882697947214,13.0,0.11436950146627566,True,False,False
23169,0,0.243130358180601,0.11501272264631043,Eastern Concrete,Bogota Plant,NJ,Eastern Region,other_or_unspecified,3000.0,3000,28.0,standard_28,116.0,strict_group,983.0,108.66666666666667,100.66666666666667,7.333333333333329,0.06321839080459767,15.333333333333329,0.13218390804597696,True,False,False
23170,0,0.243130358180601,0.11501272264631043,Eastern Concrete,Bogota Plant,NJ,Eastern Region,other_or_unspecified,3000.0,3000,28.0,standard_28,110.66666666666667,strict_group,983.0,108.66666666666667,100.66666666666667,2.0,0.018072289156626505,10.0,0.09036144578313253,True,False,False
23186,0,0.243130358180601,0.11501272264631043,Eastern Concrete,Bogota Plant,NJ,Eastern Region,other_or_unspecified,3000.0,3000,28.0,standard_28,113.33333333333333,strict_group,983.0,108.66666666666667,100.66666666666667,4.666666666666657,0.04117647058823521,12.666666666666657,0.11176470588235286,True,False,False
23185,0,0.243130358180601,0.11501272264631043,Eastern Concrete,Bogota Plant,NJ,Eastern Region,other_or_unspecified,3000.0,3000,28.0,standard_28,114.0,strict_group,983.0,108.66666666666667,100.66666666666667,5.333333333333329,0.04678362573099411,13.333333333333329,0.11695906432748533,True,False,False
27787,0,0.243130358180601,0.11501272264631043,Eastern Concrete,North Bergen Plant,NJ,Eastern Region,other_or_unspecified,3000.0,3000,28.0,standard_28,113.0,strict_group,983.0,108.66666666666667,100.66666666666667,4.333333333333329,0.038348082595870164,12.333333333333329,0.10914454277286131,True,False,False
27861,1,0.2419835171767498,0.11501272264631043,Eastern Concrete,North Bergen Plant,NJ,Eastern Region,other_or_unspecified,3500.0,3500,28.0,standard_28,126.85714285714286,strict_group,785.0,97.42857142857143,86.68571428571428,29.42857142857143,0.231981981981982,40.17142857142858,0.3166666666666667,True,True,True
23262,1,0.2419835171767498,0.11501272264631043,Eastern Concrete,Bogota Plant,NJ,Eastern Region,other_or_unspecified,3500.0,3500,28.0,standard_28,127.71428571428571,strict_group,785.0,97.42857142857143,86.68571428571428,30.285714285714278,0.23713646532438473,41.028571428571425,0.32125279642058163,True,True,True
24431,1,0.2419835171767498,0.11501272264631043,Eastern Concrete,Broadway Plant,NJ,Eastern Region,other_or_unspecified,3500.0,3500,28.0,standard_28,124.85714285714286,strict_group,785.0,97.42857142857143,86.68571428571428,27.42857142857143,0.2196796338672769,38.17142857142858,0.30572082379862703,True,True,True
29985,1,0.2419002417260023,0.11501272264631043,Eastern Concrete,West Nyack Plant,NY,Eastern Region,other_or_unspecified,3500.0,3500,28.0,standard_28,134.85714285714286,strict_group,785.0,97.42857142857143,86.68571428571428,37.42857142857143,0.2775423728813559,48.17142857142858,0.35720338983050853,True,True,True
25017,0,0.2383033472735474,0.11501272264631043,Eastern Concrete,Broadway Plant,NJ,Eastern Region,other_or_unspecified,3000.0,3000,28.0,standard_28,100.66666666666667,strict_group,983.0,108.66666666666667,100.66666666666667,0.0,0.0,0.0,0.0,True,False,False
28352,0,0.2383033472735474,0.11501272264631043,Eastern Concrete,North Bergen Plant,NJ,Eastern Region,other_or_unspecified,3000.0,3000,28.0,standard_28,104.0,strict_group,983.0,108.66666666666667,100.66666666666667,0.0,0.0,3.3333333333333286,0.03205128205128201,True,False,False
23827,0,0.2383033472735474,0.11501272264631043,Eastern Concrete,Bogota Plant,NJ,Eastern Region,other_or_unspecified,3000.0,3000,28.0,standard_28,103.33333333333333,strict_group,983.0,108.66666666666667,100.66666666666667,0.0,0.0,2.666666666666657,0.025806451612903136,True,False,False
22642,0,0.2374344304737948,0.11501272264631043,Eastern Concrete,Bayonne Plant,NJ,Eastern Region,filler,4000.0,4000,28.0,standard_28,108.0,strict_group,125.0,99.25,92.1,8.75,0.08101851851851852,15.900000000000006,0.14722222222222228,True,False,False
26673,0,0.2362747017877114,0.11501272264631043,Eastern Concrete,Newark Plant,NJ,Eastern Region,filler,3500.0,3500,28.0,standard_28,118.0,strict_group,95.0,116.85714285714286,110.11428571428571,1.1428571428571388,0.00968523002421304,7.885714285714286,0.06682808716707023,True,False,False
28485,0,0.2359806003621202,0.11501272264631043,Eastern Concrete,Roseland Plant,NJ,Eastern Region,other_or_unspecified,3500.0,3500,28.0,standard_28,118.0,strict_group,785.0,97.42857142857143,86.68571428571428,20.57142857142857,0.17433414043583534,31.314285714285717,0.2653753026634383,True,True,False
24238,1,0.2347819819489577,0.11501272264631043,Eastern Concrete,Broadway Plant,NJ,Eastern Region,other_or_unspecified,4000.0,4000,28.0,standard_28,129.75,strict_group,2318.0,91.5,80.75,38.25,0.2947976878612717,49.0,0.37764932562620424,True,True,True
27680,1,0.2347819819489577,0.11501272264631043,Eastern Concrete,North Bergen Plant,NJ,Eastern Region,other_or_unspecified,4000.0,4000,28.0,standard_28,131.25,strict_group,2318.0,91.5,80.75,39.75,0.3028571428571429,50.5,0.38476190476190475,True,True,True
23070,1,0.2347819819489577,0.11501272264631043,Eastern Concrete,Bogota Plant,NJ,Eastern Region,other_or_unspecified,4000.0,4000,28.0,standard_28,132.25,strict_group,2318.0,91.5,80.75,40.75,0.30812854442344045,51.5,0.389413988657845,True,True,True
27149,0,0.2347273059971976,0.11501272264631043,Eastern Concrete,Newark Plant,NJ,Eastern Region,other_or_unspecified,3000.0,3000,28.0,standard_28,123.33333333333333,strict_group,983.0,108.66666666666667,100.66666666666667,14.666666666666657,0.11891891891891884,22.666666666666657,0.1837837837837837,True,True,False
26024,1,0.2347273059971976,0.11501272264631043,Eastern Concrete,Howell Plant,NJ,Eastern Region,other_or_unspecified,3000.0,3000,28.0,standard_28,125.33333333333333,strict_group,983.0,108.66666666666667,100.66666666666667,16.666666666666657,0.13297872340425526,24.666666666666657,0.1968085106382978,True,True,False
23196,1,0.2330691285236051,0.11501272264631043,Eastern Concrete,Bogota Plant,NJ,Eastern Region,other_or_unspecified,3500.0,3500,28.0,standard_28,130.0,strict_group,785.0,97.42857142857143,86.68571428571428,32.57142857142857,0.25054945054945055,43.31428571428572,0.3331868131868132,True,True,True
24365,1,0.2330691285236051,0.11501272264631043,Eastern Concrete,Broadway Plant,NJ,Eastern Region,other_or_unspecified,3500.0,3500,28.0,standard_28,127.14285714285714,strict_group,785.0,97.42857142857143,86.68571428571428,29.714285714285708,0.23370786516853928,40.457142857142856,0.31820224719101126,True,True,True
27797,1,0.2330691285236051,0.11501272264631043,Eastern Concrete,North Bergen Plant,NJ,Eastern Region,other_or_unspecified,3500.0,3500,28.0,standard_28,129.14285714285714,strict_group,785.0,97.42857142857143,86.68571428571428,31.714285714285708,0.24557522123893802,42.457142857142856,0.32876106194690263,True,True,True
28274,0,0.2330150368643939,0.11501272264631043,Eastern Concrete,North Bergen Plant,NJ,Eastern Region,filler,4000.0,4000,28.0,standard_28,122.25,strict_group,125.0,99.25,92.1,23.0,0.18813905930470348,30.150000000000006,0.2466257668711657,True,True,False
24918,0,0.2330150368643939,0.11501272264631043,Eastern Concrete,Broadway Plant,NJ,Eastern Region,filler,4000.0,4000,28.0,standard_28,122.25,strict_group,125.0,99.25,92.1,23.0,0.18813905930470348,30.150000000000006,0.2466257668711657,True,True,False
23740,1,0.2330150368643939,0.11501272264631043,Eastern Concrete,Bogota Plant,NJ,Eastern Region,filler,4000.0,4000,28.0,standard_28,125.25,strict_group,125.0,99.25,92.1,26.0,0.20758483033932135,33.150000000000006,0.2646706586826348,True,True,True
29415,0,0.2323435069543844,0.11501272264631043,Eastern Concrete,Roseland Plant,NJ,Eastern Region,filler,4000.0,4000,28.0,standard_28,119.0,strict_group,125.0,99.25,92.1,19.75,0.16596638655462184,26.900000000000006,0.22605042016806728,True,True,False
29936,1,0.2316436913542063,0.11501272264631043,Eastern Concrete,West Nyack Plant,NY,Eastern Region,other_or_unspecified,3000.0,3000,28.0,standard_28,126.66666666666667,strict_group,983.0,108.66666666666667,100.66666666666667,18.0,0.14210526315789473,26.0,0.20526315789473684,True,True,False
4580,0,0.2309155330019251,0.11501272264631043,Cape Cod Ready Mix,Carver Plant,MA,Eastern Region,other_or_unspecified,3000.0,3000,28.0,standard_28,116.0,strict_group,983.0,108.66666666666667,100.66666666666667,7.333333333333329,0.06321839080459767,15.333333333333329,0.13218390804597696,True,False,False
4579,0,0.2309155330019251,0.11501272264631043,Cape Cod Ready Mix,Carver Plant,MA,Eastern Region,other_or_unspecified,3000.0,3000,28.0,standard_28,111.0,strict_group,983.0,108.66666666666667,100.66666666666667,2.3333333333333286,0.021021021021020977,10.333333333333329,0.09309309309309305,True,False,False
30411,1,0.2292768982450044,0.11501272264631043,Eastern Concrete,West Nyack Plant,NY,Eastern Region,filler,3500.0,3500,28.0,standard_28,142.0,strict_group,95.0,116.85714285714286,110.11428571428571,25.14285714285714,0.1770623742454728,31.885714285714286,0.22454728370221327,True,True,False
27424,0,0.2268055237593973,0.11501272264631043,Eastern Concrete,North Bergen Plant,NJ,Eastern Region,other_or_unspecified,3500.0,3500,28.0,standard_28,119.71428571428571,strict_group,785.0,97.42857142857143,86.68571428571428,22.285714285714278,0.1861575178997613,33.028571428571425,0.2758949880668258,True,True,False
23967,0,0.2268055237593973,0.11501272264631043,Eastern Concrete,Broadway Plant,NJ,Eastern Region,other_or_unspecified,3500.0,3500,28.0,standard_28,117.71428571428571,strict_group,785.0,97.42857142857143,86.68571428571428,20.285714285714278,0.1723300970873786,31.028571428571425,0.26359223300970874,True,True,False
22806,0,0.2268055237593973,0.11501272264631043,Eastern Concrete,Bogota Plant,NJ,Eastern Region,other_or_unspecified,3500.0,3500,28.0,standard_28,120.57142857142857,strict_group,785.0,97.42857142857143,86.68571428571428,23.14285714285714,0.1919431279620853,33.885714285714286,0.28104265402843603,True,True,False
26726,0,0.2266262597000002,0.11501272264631043,Eastern Concrete,Newark Plant,NJ,Eastern Region,filler,4000.0,4000,28.0,standard_28,108.5,strict_group,125.0,99.25,92.1,9.25,0.08525345622119816,16.400000000000006,0.15115207373271894,True,False,False
24497,0,0.2255797476801638,0.11501272264631043,Eastern Concrete,Broadway Plant,NJ,Eastern Region,filler,4000.0,4000,28.0,standard_28,114.5,strict_group,125.0,99.25,92.1,15.25,0.1331877729257642,22.400000000000006,0.19563318777292582,True,True,False
27909,0,0.2255797476801638,0.11501272264631043,Eastern Concrete,North Bergen Plant,NJ,Eastern Region,filler,4000.0,4000,28.0,standard_28,116.0,strict_group,125.0,99.25,92.1,16.75,0.14439655172413793,23.900000000000006,0.20603448275862074,True,True,False
23328,0,0.2255797476801638,0.11501272264631043,Eastern Concrete,Bogota Plant,NJ,Eastern Region,filler,4000.0,4000,28.0,standard_28,117.0,strict_group,125.0,99.25,92.1,17.75,0.1517094017094017,24.900000000000006,0.21282051282051287,True,True,False
25558,1,0.2250498689393881,0.11501272264631043,Eastern Concrete,Howell Plant,NJ,Eastern Region,filler,3500.0,3500,28.0,standard_28,126.57142857142857,strict_group,95.0,116.85714285714286,110.11428571428571,9.714285714285708,0.07674943566591418,16.457142857142856,0.13002257336343115,True,False,False
2161,0,0.2239291784182317,0.11501272264631043,Boston Sand & Gravel,Boston Sand & Gravel,MA,Eastern Region,other_or_unspecified,4000.0,4000,28.0,standard_28,104.25,strict_group,2318.0,91.5,80.75,12.75,0.1223021582733813,23.5,0.22541966426858512,True,True,False
42861,0,0.2232985746303493,0.11501272264631043,Scioto Ready Mix,Obetz Plant,OH,Great Lakes Region,other_or_unspecified,3000.0,3000,28.0,standard_28,109.33333333333333,strict_group,29.0,83.0,73.6,26.33333333333333,0.24085365853658533,35.733333333333334,0.32682926829268294,True,True,True
29039,0,0.2231202887292485,0.11501272264631043,Eastern Concrete,Roseland Plant,NJ,Eastern Region,other_or_unspecified,5000.0,5000,28.0,standard_28,81.2,strict_group,1511.0,79.4,69.6,1.7999999999999972,0.022167487684729027,11.600000000000009,0.14285714285714296,True,False,False
30335,1,0.2220384041656471,0.11501272264631043,Eastern Concrete,West Nyack Plant,NY,Eastern Region,other_or_unspecified,3000.0,3000,28.0,standard_28,139.66666666666666,strict_group,983.0,108.66666666666667,100.66666666666667,30.999999999999986,0.22195704057279228,38.999999999999986,0.2792362768496419,True,True,True
23699,1,0.221365338226028,0.11501272264631043,Eastern Concrete,Bogota Plant,NJ,Eastern Region,other_or_unspecified,3000.0,3000,28.0,standard_28,132.33333333333334,strict_group,983.0,108.66666666666667,100.66666666666667,23.66666666666667,0.1788413098236776,31.66666666666667,0.23929471032745595,True,True,False
24878,1,0.221365338226028,0.11501272264631043,Eastern Concrete,Broadway Plant,NJ,Eastern Region,other_or_unspecified,3000.0,3000,28.0,standard_28,128.0,strict_group,983.0,108.66666666666667,100.66666666666667,19.33333333333333,0.15104166666666663,27.33333333333333,0.21354166666666663,True,True,False
28239,1,0.221365338226028,0.11501272264631043,Eastern Concrete,North Bergen Plant,NJ,Eastern Region,other_or_unspecified,3000.0,3000,28.0,standard_28,129.0,strict_group,983.0,108.66666666666667,100.66666666666667,20.33333333333333,0.15762273901808782,28.33333333333333,0.2196382428940568,True,True,False
25144,0,0.220703298287942,0.11501272264631043,Eastern Concrete,Howell Plant,NJ,Eastern Region,other_or_unspecified,3500.0,3500,28.0,standard_28,123.42857142857143,strict_group,785.0,97.42857142857143,86.68571428571428,26.0,0.21064814814814814,36.74285714285715,0.2976851851851852,True,True,True
22666,0,0.2178352903858538,0.11501272264631043,Eastern Concrete,Bayonne Plant,NJ,Eastern Region,other_or_unspecified,2500.0,2500,28.0,standard_28,111.2,strict_group,109.0,120.4,112.96000000000001,0.0,0.0,0.0,0.0,True,False,False
27515,0,0.215806732297539,0.11501272264631043,Eastern Concrete,North Bergen Plant,NJ,Eastern Region,other_or_unspecified,4000.0,4000,28.0,standard_28,112.5,strict_group,2318.0,91.5,80.75,21.0,0.18666666666666668,31.75,0.2822222222222222,True,True,False
24062,0,0.215806732297539,0.11501272264631043,Eastern Concrete,Broadway Plant,NJ,Eastern Region,other_or_unspecified,4000.0,4000,28.0,standard_28,110.75,strict_group,2318.0,91.5,80.75,19.25,0.17381489841986456,30.0,0.2708803611738149,True,True,False
22896,0,0.215806732297539,0.11501272264631043,Eastern Concrete,Bogota Plant,NJ,Eastern Region,other_or_unspecified,4000.0,4000,28.0,standard_28,113.0,strict_group,2318.0,91.5,80.75,21.5,0.1902654867256637,32.25,0.2853982300884956,True,True,False
29396,0,0.2151167067622416,0.11501272264631043,Eastern Concrete,Roseland Plant,NJ,Eastern Region,filler,3500.0,3500,28.0,standard_28,104.57142857142857,strict_group,95.0,116.85714285714286,110.11428571428571,0.0,0.0,0.0,0.0,True,False,False
22570,0,0.2145242141382443,0.11501272264631043,Eastern Concrete,Bayonne Plant,NJ,Eastern Region,other_or_unspecified,3500.0,3500,28.0,standard_28,106.85714285714286,strict_group,785.0,97.42857142857143,86.68571428571428,9.42857142857143,0.08823529411764708,20.171428571428578,0.1887700534759359,True,False,False
30344,1,0.214499206000051,0.11501272264631043,Eastern Concrete,West Nyack Plant,NY,Eastern Region,filler,3500.0,3500,28.0,standard_28,142.57142857142858,strict_group,95.0,116.85714285714286,110.11428571428571,25.714285714285722,0.1803607214428858,32.45714285714287,0.22765531062124256,True,True,False
27407,0,0.2142735353207993,0.11501272264631043,Eastern Concrete,North Bergen Plant,NJ,Eastern Region,other_or_unspecified,3500.0,3500,28.0,standard_28,120.57142857142857,strict_group,785.0,97.42857142857143,86.68571428571428,23.14285714285714,0.1919431279620853,33.885714285714286,0.28104265402843603,True,True,False
23950,0,0.2142735353207993,0.11501272264631043,Eastern Concrete,Broadway Plant,NJ,Eastern Region,other_or_unspecified,3500.0,3500,28.0,standard_28,118.0,strict_group,785.0,97.42857142857143,86.68571428571428,20.57142857142857,0.17433414043583534,31.314285714285717,0.2653753026634383,True,True,False
22792,0,0.2142735353207993,0.11501272264631043,Eastern Concrete,Bogota Plant,NJ,Eastern Region,other_or_unspecified,3500.0,3500,28.0,standard_28,120.85714285714286,strict_group,785.0,97.42857142857143,86.68571428571428,23.42857142857143,0.1938534278959811,34.17142857142858,0.28274231678487,True,True,False
42681,0,0.2141121617262184,0.11501272264631043,Scioto Ready Mix,Alexandria Plant,OH,Great Lakes Region,structural,3000.0,3000,28.0,standard_28,80.0,strict_group,16.0,71.25,64.16666666666666,8.75,0.109375,15.833333333333343,0.1979166666666668,True,True,False
42739,0,0.2141121617262184,0.11501272264631043,Scioto Ready Mix,Dublin Plant,OH,Great Lakes Region,structural,3000.0,3000,28.0,standard_28,78.33333333333333,strict_group,16.0,71.25,64.16666666666666,7.083333333333329,0.09042553191489357,14.166666666666671,0.1808510638297873,True,False,False
42710,0,0.2141121617262184,0.11501272264631043,Scioto Ready Mix,Delaware Plant,OH,Great Lakes Region,structural,3000.0,3000,28.0,standard_28,82.0,strict_group,16.0,71.25,64.16666666666666,10.75,0.13109756097560976,17.833333333333343,0.2174796747967481,True,True,False
22703,0,0.2125419495430778,0.11501272264631043,Eastern Concrete,Bogota Plant,NJ,Eastern Region,other_or_unspecified,2500.0,2500,28.0,standard_28,116.0,strict_group,109.0,120.4,112.96000000000001,0.0,0.0,3.039999999999992,0.02620689655172407,True,False,False
27315,0,0.2125419495430778,0.11501272264631043,Eastern Concrete,North Bergen Plant,NJ,Eastern Region,other_or_unspecified,2500.0,2500,28.0,standard_28,116.0,strict_group,109.0,120.4,112.96000000000001,0.0,0.0,3.039999999999992,0.02620689655172407,True,False,False
23854,0,0.2125419495430778,0.11501272264631043,Eastern Concrete,Broadway Plant,NJ,Eastern Region,other_or_unspecified,2500.0,2500,28.0,standard_28,112.0,strict_group,109.0,120.4,112.96000000000001,0.0,0.0,0.0,0.0,True,False,False
26101,0,0.211929273633382,0.11501272264631043,Eastern Concrete,Howell Plant,NJ,Eastern Region,other_or_unspecified,4000.0,4000,28.0,standard_28,108.75,strict_group,2318.0,91.5,80.75,17.25,0.15862068965517243,28.0,0.2574712643678161,True,True,False
29009,0,0.2118744137901073,0.11501272264631043,Eastern Concrete,Roseland Plant,NJ,Eastern Region,filler,4000.0,4000,28.0,standard_28,114.25,strict_group,125.0,99.25,92.1,15.0,0.13129102844638948,22.150000000000006,0.19387308533916853,True,True,False
22816,0,0.2104230307082102,0.11501272264631043,Eastern Concrete,Bogota Plant,NJ,Eastern Region,other_or_unspecified,4000.0,4000,28.0,standard_28,106.5,strict_group,2318.0,91.5,80.75,15.0,0.14084507042253522,25.75,0.24178403755868544,True,True,False
27434,0,0.2104230307082102,0.11501272264631043,Eastern Concrete,North Bergen Plant,NJ,Eastern Region,other_or_unspecified,4000.0,4000,28.0,standard_28,105.5,strict_group,2318.0,91.5,80.75,14.0,0.13270142180094788,24.75,0.23459715639810427,True,True,False
22864,0,0.2104230307082102,0.11501272264631043,Eastern Concrete,Bogota Plant,NJ,Eastern Region,other_or_unspecified,4000.0,4000,28.0,standard_28,112.0,strict_group,2318.0,91.5,80.75,20.5,0.18303571428571427,31.25,0.27901785714285715,True,True,False
23977,0,0.2104230307082102,0.11501272264631043,Eastern Concrete,Broadway Plant,NJ,Eastern Region,other_or_unspecified,4000.0,4000,28.0,standard_28,103.75,strict_group,2318.0,91.5,80.75,12.25,0.1180722891566265,23.0,0.2216867469879518,True,True,False
27495,0,0.2104230307082102,0.11501272264631043,Eastern Concrete,North Bergen Plant,NJ,Eastern Region,other_or_unspecified,4000.0,4000,28.0,standard_28,111.0,strict_group,2318.0,91.5,80.75,19.5,0.17567567567567569,30.25,0.2725225225225225,True,True,False
27482,0,0.2104230307082102,0.11501272264631043,Eastern Concrete,North Bergen Plant,NJ,Eastern Region,other_or_unspecified,4000.0,4000,28.0,standard_28,111.5,strict_group,2318.0,91.5,80.75,20.0,0.17937219730941703,30.75,0.2757847533632287,True,True,False
24043,0,0.2104230307082102,0.11501272264631043,Eastern Concrete,Broadway Plant,NJ,Eastern Region,other_or_unspecified,4000.0,4000,28.0,standard_28,109.25,strict_group,2318.0,91.5,80.75,17.75,0.16247139588100687,28.5,0.2608695652173913,True,True,False
22865,0,0.2104230307082102,0.11501272264631043,Eastern Concrete,Bogota Plant,NJ,Eastern Region,other_or_unspecified,4000.0,4000,28.0,standard_28,113.0,strict_group,2318.0,91.5,80.75,21.5,0.1902654867256637,32.25,0.2853982300884956,True,True,False
22878,0,0.2104230307082102,0.11501272264631043,Eastern Concrete,Bogota Plant,NJ,Eastern Region,other_or_unspecified,4000.0,4000,28.0,standard_28,111.75,strict_group,2318.0,91.5,80.75,20.25,0.18120805369127516,31.0,0.27740492170022374,True,True,False
27481,0,0.2104230307082102,0.11501272264631043,Eastern Concrete,North Bergen Plant,NJ,Eastern Region,other_or_unspecified,4000.0,4000,28.0,standard_28,111.5,strict_group,2318.0,91.5,80.75,20.0,0.17937219730941703,30.75,0.2757847533632287,True,True,False
24030,0,0.2104230307082102,0.11501272264631043,Eastern Concrete,Broadway Plant,NJ,Eastern Region,other_or_unspecified,4000.0,4000,28.0,standard_28,110.0,strict_group,2318.0,91.5,80.75,18.5,0.16818181818181818,29.25,0.26590909090909093,True,True,False
24029,0,0.2104230307082102,0.11501272264631043,Eastern Concrete,Broadway Plant,NJ,Eastern Region,other_or_unspecified,4000.0,4000,28.0,standard_28,109.75,strict_group,2318.0,91.5,80.75,18.25,0.1662870159453303,29.0,0.2642369020501139,True,True,False
25496,0,0.209812918541252,0.11501272264631043,Eastern Concrete,Howell Plant,NJ,Eastern Region,other_or_unspecified,3000.0,3000,28.0,standard_28,118.33333333333333,strict_group,983.0,108.66666666666667,100.66666666666667,9.666666666666657,0.08169014084507034,17.666666666666657,0.14929577464788724,True,False,False
25491,0,0.209812918541252,0.11501272264631043,Eastern Concrete,Howell Plant,NJ,Eastern Region,other_or_unspecified,3000.0,3000,28.0,standard_28,112.66666666666667,strict_group,983.0,108.66666666666667,100.66666666666667,4.0,0.03550295857988166,12.0,0.10650887573964496,True,False,False
26607,0,0.209812918541252,0.11501272264631043,Eastern Concrete,Newark Plant,NJ,Eastern Region,other_or_unspecified,3000.0,3000,28.0,standard_28,103.66666666666667,strict_group,983.0,108.66666666666667,100.66666666666667,0.0,0.0,3.0,0.028938906752411574,True,False,False
26612,0,0.209812918541252,0.11501272264631043,Eastern Concrete,Newark Plant,NJ,Eastern Region,other_or_unspecified,3000.0,3000,28.0,standard_28,109.0,strict_group,983.0,108.66666666666667,100.66666666666667,0.3333333333333286,0.003058103975535125,8.333333333333329,0.07645259938837916,True,False,False
27338,0,0.2096199010318639,0.11501272264631043,Eastern Concrete,North Bergen Plant,NJ,Eastern Region,other_or_unspecified,3000.0,3000,28.0,standard_28,107.66666666666667,strict_group,983.0,108.66666666666667,100.66666666666667,0.0,0.0,7.0,0.06501547987616099,True,False,False
22725,0,0.2096199010318639,0.11501272264631043,Eastern Concrete,Bogota Plant,NJ,Eastern Region,other_or_unspecified,3000.0,3000,28.0,standard_28,107.66666666666667,strict_group,983.0,108.66666666666667,100.66666666666667,0.0,0.0,7.0,0.06501547987616099,True,False,False
27336,0,0.2096199010318639,0.11501272264631043,Eastern Concrete,North Bergen Plant,NJ,Eastern Region,other_or_unspecified,3000.0,3000,28.0,standard_28,107.66666666666667,strict_group,983.0,108.66666666666667,100.66666666666667,0.0,0.0,7.0,0.06501547987616099,True,False,False
27362,0,0.2096199010318639,0.11501272264631043,Eastern Concrete,North Bergen Plant,NJ,Eastern Region,other_or_unspecified,3000.0,3000,28.0,standard_28,111.0,strict_group,983.0,108.66666666666667,100.66666666666667,2.3333333333333286,0.021021021021020977,10.333333333333329,0.09309309309309305,True,False,False
27337,0,0.2096199010318639,0.11501272264631043,Eastern Concrete,North Bergen Plant,NJ,Eastern Region,other_or_unspecified,3000.0,3000,28.0,standard_28,107.66666666666667,strict_group,983.0,108.66666666666667,100.66666666666667,0.0,0.0,7.0,0.06501547987616099,True,False,False
23876,0,0.2096199010318639,0.11501272264631043,Eastern Concrete,Broadway Plant,NJ,Eastern Region,other_or_unspecified,3000.0,3000,28.0,standard_28,104.66666666666667,strict_group,983.0,108.66666666666667,100.66666666666667,0.0,0.0,4.0,0.03821656050955414,True,False,False
23877,0,0.2096199010318639,0.11501272264631043,Eastern Concrete,Broadway Plant,NJ,Eastern Region,other_or_unspecified,3000.0,3000,28.0,standard_28,104.66666666666667,strict_group,983.0,108.66666666666667,100.66666666666667,0.0,0.0,4.0,0.03821656050955414,True,False,False
23903,0,0.2096199010318639,0.11501272264631043,Eastern Concrete,Broadway Plant,NJ,Eastern Region,other_or_unspecified,3000.0,3000,28.0,standard_28,108.33333333333333,strict_group,983.0,108.66666666666667,100.66666666666667,0.0,0.0,7.666666666666657,0.07076923076923068,True,False,False
27361,0,0.2096199010318639,0.11501272264631043,Eastern Concrete,North Bergen Plant,NJ,Eastern Region,other_or_unspecified,3000.0,3000,28.0,standard_28,111.0,strict_group,983.0,108.66666666666667,100.66666666666667,2.3333333333333286,0.021021021021020977,10.333333333333329,0.09309309309309305,True,False,False
22724,0,0.2096199010318639,0.11501272264631043,Eastern Concrete,Bogota Plant,NJ,Eastern Region,other_or_unspecified,3000.0,3000,28.0,standard_28,108.0,strict_group,983.0,108.66666666666667,100.66666666666667,0.0,0.0,7.333333333333329,0.06790123456790119,True,False,False
22723,0,0.2096199010318639,0.11501272264631043,Eastern Concrete,Bogota Plant,NJ,Eastern Region,other_or_unspecified,3000.0,3000,28.0,standard_28,107.66666666666667,strict_group,983.0,108.66666666666667,100.66666666666667,0.0,0.0,7.0,0.06501547987616099,True,False,False
22748,0,0.2096199010318639,0.11501272264631043,Eastern Concrete,Bogota Plant,NJ,Eastern Region,other_or_unspecified,3000.0,3000,28.0,standard_28,111.0,strict_group,983.0,108.66666666666667,100.66666666666667,2.3333333333333286,0.021021021021020977,10.333333333333329,0.09309309309309305,True,False,False
23901,0,0.2096199010318639,0.11501272264631043,Eastern Concrete,Broadway Plant,NJ,Eastern Region,other_or_unspecified,3000.0,3000,28.0,standard_28,108.0,strict_group,983.0,108.66666666666667,100.66666666666667,0.0,0.0,7.333333333333329,0.06790123456790119,True,False,False
23875,0,0.2096199010318639,0.11501272264631043,Eastern Concrete,Broadway Plant,NJ,Eastern Region,other_or_unspecified,3000.0,3000,28.0,standard_28,104.33333333333333,strict_group,983.0,108.66666666666667,100.66666666666667,0.0,0.0,3.666666666666657,0.03514376996805103,True,False,False
22749,0,0.2096199010318639,0.11501272264631043,Eastern Concrete,Bogota Plant,NJ,Eastern Region,other_or_unspecified,3000.0,3000,28.0,standard_28,111.33333333333333,strict_group,983.0,108.66666666666667,100.66666666666667,2.666666666666657,0.023952095808383148,10.666666666666657,0.09580838323353286,True,False,False
23902,0,0.2096199010318639,0.11501272264631043,Eastern Concrete,Broadway Plant,NJ,Eastern Region,other_or_unspecified,3000.0,3000,28.0,standard_28,108.0,strict_group,983.0,108.66666666666667,100.66666666666667,0.0,0.0,7.333333333333329,0.06790123456790119,True,False,False
22750,0,0.2096199010318639,0.11501272264631043,Eastern Concrete,Bogota Plant,NJ,Eastern Region,other_or_unspecified,3000.0,3000,28.0,standard_28,111.66666666666667,strict_group,983.0,108.66666666666667,100.66666666666667,3.0,0.026865671641791045,11.0,0.09850746268656715,True,False,False
27363,0,0.2096199010318639,0.11501272264631043,Eastern Concrete,North Bergen Plant,NJ,Eastern Region,other_or_unspecified,3000.0,3000,28.0,standard_28,111.33333333333333,strict_group,983.0,108.66666666666667,100.66666666666667,2.666666666666657,0.023952095808383148,10.666666666666657,0.09580838323353286,True,False,False
26770,0,0.2092706243577919,0.11501272264631043,Eastern Concrete,Newark Plant,NJ,Eastern Region,filler,4000.0,4000,28.0,standard_28,111.0,strict_group,125.0,99.25,92.1,11.75,0.10585585585585586,18.900000000000006,0.17027027027027034,True,True,False
23263,1,0.207718002515733,0.11501272264631043,Eastern Concrete,Bogota Plant,NJ,Eastern Region,other_or_unspecified,3500.0,3500,28.0,standard_28,127.71428571428571,strict_group,785.0,97.42857142857143,86.68571428571428,30.285714285714278,0.23713646532438473,41.028571428571425,0.32125279642058163,True,True,True
24432,1,0.207718002515733,0.11501272264631043,Eastern Concrete,Broadway Plant,NJ,Eastern Region,other_or_unspecified,3500.0,3500,28.0,standard_28,124.85714285714286,strict_group,785.0,97.42857142857143,86.68571428571428,27.42857142857143,0.2196796338672769,38.17142857142858,0.30572082379862703,True,True,True
27862,1,0.207718002515733,0.11501272264631043,Eastern Concrete,North Bergen Plant,NJ,Eastern Region,other_or_unspecified,3500.0,3500,28.0,standard_28,126.85714285714286,strict_group,785.0,97.42857142857143,86.68571428571428,29.42857142857143,0.231981981981982,40.17142857142858,0.3166666666666667,True,True,True
27919,0,0.2071738489948993,0.11501272264631043,Eastern Concrete,North Bergen Plant,NJ,Eastern Region,other_or_unspecified,4000.0,4000,28.0,standard_28,118.0,strict_group,2318.0,91.5,80.75,26.5,0.2245762711864407,37.25,0.3156779661016949,True,True,True
24507,0,0.2071738489948993,0.11501272264631043,Eastern Concrete,Broadway Plant,NJ,Eastern Region,other_or_unspecified,4000.0,4000,28.0,standard_28,116.5,strict_group,2318.0,91.5,80.75,25.0,0.2145922746781116,35.75,0.30686695278969955,True,True,True
23338,0,0.2071738489948993,0.11501272264631043,Eastern Concrete,Bogota Plant,NJ,Eastern Region,other_or_unspecified,4000.0,4000,28.0,standard_28,119.0,strict_group,2318.0,91.5,80.75,27.5,0.23109243697478993,38.25,0.32142857142857145,True,True,True
29380,1,0.2067186230844944,0.11501272264631043,Eastern Concrete,Roseland Plant,NJ,Eastern Region,other_or_unspecified,3000.0,3000,28.0,standard_28,130.33333333333334,strict_group,983.0,108.66666666666667,100.66666666666667,21.66666666666667,0.16624040920716115,29.66666666666667,0.2276214833759591,True,True,False
307,0,0.2065843685717543,0.11501272264631043,Altaview Concrete,West Jordan Plant,UT,Rocky Mountains Region,structural,3000.0,3000,28.0,standard_28,96.33333333333333,national_spec_group,26.0,74.66666666666667,65.66666666666666,21.666666666666657,0.2249134948096885,30.66666666666667,0.3183391003460208,True,True,True
29624,1,0.2047593180470667,0.11501272264631043,Eastern Concrete,West Nyack Plant,NY,Eastern Region,other_or_unspecified,3500.0,3500,28.0,standard_28,130.57142857142858,strict_group,785.0,97.42857142857143,86.68571428571428,33.14285714285715,0.25382932166301975,43.8857142857143,0.33610503282275717,True,True,True
29918,1,0.2044375552381187,0.11501272264631043,Eastern Concrete,West Nyack Plant,NY,Eastern Region,other_or_unspecified,3000.0,3000,28.0,standard_28,128.0,strict_group,983.0,108.66666666666667,100.66666666666667,19.33333333333333,0.15104166666666663,27.33333333333333,0.21354166666666663,True,True,False
29913,0,0.2044375552381187,0.11501272264631043,Eastern Concrete,West Nyack Plant,NY,Eastern Region,other_or_unspecified,3000.0,3000,28.0,standard_28,122.33333333333333,strict_group,983.0,108.66666666666667,100.66666666666667,13.666666666666657,0.11171662125340592,21.666666666666657,0.17711171662125333,True,True,False
25574,0,0.2038111259859256,0.11501272264631043,Eastern Concrete,Howell Plant,NJ,Eastern Region,other_or_unspecified,4000.0,4000,28.0,standard_28,109.0,strict_group,2318.0,91.5,80.75,17.5,0.16055045871559634,28.25,0.2591743119266055,True,True,False
24446,0,0.2033085784860663,0.11501272264631043,Eastern Concrete,Broadway Plant,NJ,Eastern Region,filler,4000.0,4000,28.0,standard_28,111.0,strict_group,125.0,99.25,92.1,11.75,0.10585585585585586,18.900000000000006,0.17027027027027034,True,True,False
26022,0,0.203138266220315,0.11501272264631043,Eastern Concrete,Howell Plant,NJ,Eastern Region,other_or_unspecified,3000.0,3000,28.0,standard_28,119.33333333333333,strict_group,983.0,108.66666666666667,100.66666666666667,10.666666666666657,0.08938547486033512,18.666666666666657,0.1564245810055865,True,False,False
27147,0,0.203138266220315,0.11501272264631043,Eastern Concrete,Newark Plant,NJ,Eastern Region,other_or_unspecified,3000.0,3000,28.0,standard_28,117.33333333333333,strict_group,983.0,108.66666666666667,100.66666666666667,8.666666666666657,0.07386363636363628,16.666666666666657,0.14204545454545447,True,False,False
22350,1,0.2018500706670807,0.11501272264631043,CTI Ready Mix,CTI Ready Mix West Des Moines Plant,IA,North Central Region,paving,4000.0,4000,28.0,standard_28,130.75,strict_group,23.0,78.125,70.95,52.625,0.4024856596558317,59.8,0.4573613766730401,True,True,True
22615,1,0.200421760637262,0.11501272264631043,Eastern Concrete,Bayonne Plant,NJ,Eastern Region,other_or_unspecified,4000.0,4000,28.0,standard_28,124.0,strict_group,2318.0,91.5,80.75,32.5,0.2620967741935484,43.25,0.3487903225806452,True,True,True
29383,1,0.2001477722513292,0.11501272264631043,Eastern Concrete,Roseland Plant,NJ,Eastern Region,other_or_unspecified,3500.0,3500,28.0,standard_28,128.28571428571428,strict_group,785.0,97.42857142857143,86.68571428571428,30.857142857142847,0.24053452115812912,41.599999999999994,0.3242761692650334,True,True,True
33161,0,0.199904548237931,0.11501272264631043,Hood River Sand and Gravel,Hood River Plant,OR,Pacific Northwest Region,paving,4000.0,4000,28.0,standard_28,104.0,national_spec_group,63.0,72.875,67.75,31.125,0.29927884615384615,36.25,0.3485576923076923,True,True,True
24363,0,0.1982373955919733,0.11501272264631043,Eastern Concrete,Broadway Plant,NJ,Eastern Region,filler,3500.0,3500,28.0,standard_28,118.0,strict_group,95.0,116.85714285714286,110.11428571428571,1.1428571428571388,0.00968523002421304,7.885714285714286,0.06682808716707023,True,False,False
23194,0,0.1982373955919733,0.11501272264631043,Eastern Concrete,Bogota Plant,NJ,Eastern Region,filler,3500.0,3500,28.0,standard_28,120.85714285714286,strict_group,95.0,116.85714285714286,110.11428571428571,4.0,0.03309692671394799,10.742857142857147,0.08888888888888892,True,False,False
28272,0,0.1972222377319256,0.11501272264631043,Eastern Concrete,North Bergen Plant,NJ,Eastern Region,other_or_unspecified,4000.0,4000,28.0,standard_28,123.25,strict_group,2318.0,91.5,80.75,31.75,0.25760649087221094,42.5,0.3448275862068966,True,True,True
24916,0,0.1972222377319256,0.11501272264631043,Eastern Concrete,Broadway Plant,NJ,Eastern Region,other_or_unspecified,4000.0,4000,28.0,standard_28,123.0,strict_group,2318.0,91.5,80.75,31.5,0.25609756097560976,42.25,0.3434959349593496,True,True,True
23738,1,0.1972222377319256,0.11501272264631043,Eastern Concrete,Bogota Plant,NJ,Eastern Region,other_or_unspecified,4000.0,4000,28.0,standard_28,126.25,strict_group,2318.0,91.5,80.75,34.75,0.27524752475247527,45.5,0.3603960396039604,True,True,True
24381,0,0.1969712728278604,0.11501272264631043,Eastern Concrete,Broadway Plant,NJ,Eastern Region,other_or_unspecified,3500.0,3500,28.0,standard_28,117.71428571428571,strict_group,785.0,97.42857142857143,86.68571428571428,20.285714285714278,0.1723300970873786,31.028571428571425,0.26359223300970874,True,True,False
23176,0,0.1969712728278604,0.11501272264631043,Eastern Concrete,Bogota Plant,NJ,Eastern Region,other_or_unspecified,3500.0,3500,28.0,standard_28,116.85714285714286,strict_group,785.0,97.42857142857143,86.68571428571428,19.42857142857143,0.1662591687041565,30.171428571428578,0.2581907090464548,True,True,False
24345,0,0.1969712728278604,0.11501272264631043,Eastern Concrete,Broadway Plant,NJ,Eastern Region,other_or_unspecified,3500.0,3500,28.0,standard_28,114.28571428571429,strict_group,785.0,97.42857142857143,86.68571428571428,16.85714285714286,0.14750000000000002,27.60000000000001,0.24150000000000005,True,True,False
27777,0,0.1969712728278604,0.11501272264631043,Eastern Concrete,North Bergen Plant,NJ,Eastern Region,other_or_unspecified,3500.0,3500,28.0,standard_28,116.57142857142857,strict_group,785.0,97.42857142857143,86.68571428571428,19.14285714285714,0.16421568627450978,29.885714285714286,0.2563725490196079,True,True,False
23212,0,0.1969712728278604,0.11501272264631043,Eastern Concrete,Bogota Plant,NJ,Eastern Region,other_or_unspecified,3500.0,3500,28.0,standard_28,120.57142857142857,strict_group,785.0,97.42857142857143,86.68571428571428,23.14285714285714,0.1919431279620853,33.885714285714286,0.28104265402843603,True,True,False
27813,0,0.1969712728278604,0.11501272264631043,Eastern Concrete,North Bergen Plant,NJ,Eastern Region,other_or_unspecified,3500.0,3500,28.0,standard_28,120.0,strict_group,785.0,97.42857142857143,86.68571428571428,22.57142857142857,0.18809523809523807,33.31428571428572,0.27761904761904765,True,True,False
25137,0,0.1968088473771686,0.11501272264631043,Eastern Concrete,Howell Plant,NJ,Eastern Region,other_or_unspecified,4000.0,4000,28.0,standard_28,107.5,strict_group,2318.0,91.5,80.75,16.0,0.14883720930232558,26.75,0.24883720930232558,True,True,False
27514,0,0.1942329736484659,0.11501272264631043,Eastern Concrete,North Bergen Plant,NJ,Eastern Region,other_or_unspecified,4000.0,4000,28.0,standard_28,112.75,strict_group,2318.0,91.5,80.75,21.25,0.188470066518847,32.0,0.2838137472283814,True,True,False
22895,0,0.1942329736484659,0.11501272264631043,Eastern Concrete,Bogota Plant,NJ,Eastern Region,other_or_unspecified,4000.0,4000,28.0,standard_28,113.25,strict_group,2318.0,91.5,80.75,21.75,0.19205298013245034,32.5,0.2869757174392936,True,True,False
24061,0,0.1942329736484659,0.11501272264631043,Eastern Concrete,Broadway Plant,NJ,Eastern Region,other_or_unspecified,4000.0,4000,28.0,standard_28,110.75,strict_group,2318.0,91.5,80.75,19.25,0.17381489841986456,30.0,0.2708803611738149,True,True,False
26688,0,0.1910014429482306,0.11501272264631043,Eastern Concrete,Newark Plant,NJ,Eastern Region,other_or_unspecified,4000.0,4000,28.0,standard_28,104.0,strict_group,2318.0,91.5,80.75,12.5,0.1201923076923077,23.25,0.22355769230769232,True,True,False
23782,0,0.1906702619661169,0.11501272264631043,Eastern Concrete,Bogota Plant,NJ,Eastern Region,other_or_unspecified,4000.0,4000,28.0,standard_28,107.25,strict_group,2318.0,91.5,80.75,15.75,0.14685314685314685,26.5,0.24708624708624707,True,True,False
28541,0,0.1864457804431984,0.11501272264631043,Eastern Concrete,Roseland Plant,NJ,Eastern Region,other_or_unspecified,4000.0,4000,28.0,standard_28,111.5,strict_group,2318.0,91.5,80.75,20.0,0.17937219730941703,30.75,0.2757847533632287,True,True,False
25670,0,0.1863341986278262,0.11501272264631043,Eastern Concrete,Howell Plant,NJ,Eastern Region,other_or_unspecified,4000.0,4000,28.0,standard_28,120.0,strict_group,2318.0,91.5,80.75,28.5,0.2375,39.25,0.32708333333333334,True,True,True
26681,0,0.1862323984861436,0.11501272264631043,Eastern Concrete,Newark Plant,NJ,Eastern Region,filler,4000.0,4000,28.0,standard_28,99.25,strict_group,125.0,99.25,92.1,0.0,0.0,7.150000000000006,0.07204030226700257,True,False,False
27419,0,0.1859375963758067,0.11501272264631043,Eastern Concrete,North Bergen Plant,NJ,Eastern Region,other_or_unspecified,3500.0,3500,28.0,standard_28,120.57142857142857,strict_group,785.0,97.42857142857143,86.68571428571428,23.14285714285714,0.1919431279620853,33.885714285714286,0.28104265402843603,True,True,False
23962,0,0.1859375963758067,0.11501272264631043,Eastern Concrete,Broadway Plant,NJ,Eastern Region,other_or_unspecified,3500.0,3500,28.0,standard_28,118.28571428571429,strict_group,785.0,97.42857142857143,86.68571428571428,20.85714285714286,0.17632850241545897,31.60000000000001,0.2671497584541063,True,True,False
4625,1,0.1848118803067301,0.11501272264631043,Cape Cod Ready Mix,Orleans Plant,MA,Eastern Region,filler,4000.0,4000,28.0,standard_28,124.75,strict_group,125.0,99.25,92.1,25.5,0.20440881763527055,32.650000000000006,0.2617234468937876,True,True,True
29587,1,0.1846672206856684,0.11501272264631043,Eastern Concrete,West Nyack Plant,NY,Eastern Region,other_or_unspecified,3500.0,3500,28.0,standard_28,128.0,strict_group,785.0,97.42857142857143,86.68571428571428,30.57142857142857,0.2388392857142857,41.31428571428572,0.32276785714285716,True,True,True
23280,0,0.1842943682861503,0.11501272264631043,Eastern Concrete,Bogota Plant,NJ,Eastern Region,filler,4000.0,4000,28.0,standard_28,113.0,strict_group,125.0,99.25,92.1,13.75,0.12168141592920353,20.900000000000006,0.18495575221238944,True,True,False
24449,0,0.1842943682861503,0.11501272264631043,Eastern Concrete,Broadway Plant,NJ,Eastern Region,filler,4000.0,4000,28.0,standard_28,110.5,strict_group,125.0,99.25,92.1,11.25,0.10180995475113122,18.400000000000006,0.16651583710407244,True,True,False
24439,0,0.1840223711624574,0.11501272264631043,Eastern Concrete,Broadway Plant,NJ,Eastern Region,other_or_unspecified,4000.0,4000,28.0,standard_28,110.25,strict_group,2318.0,91.5,80.75,18.75,0.17006802721088435,29.5,0.2675736961451247,True,True,False
27867,0,0.1840223711624574,0.11501272264631043,Eastern Concrete,North Bergen Plant,NJ,Eastern Region,other_or_unspecified,4000.0,4000,28.0,standard_28,112.25,strict_group,2318.0,91.5,80.75,20.75,0.18485523385300667,31.5,0.2806236080178174,True,True,False
23270,0,0.1840223711624574,0.11501272264631043,Eastern Concrete,Bogota Plant,NJ,Eastern Region,other_or_unspecified,4000.0,4000,28.0,standard_28,112.75,strict_group,2318.0,91.5,80.75,21.25,0.188470066518847,32.0,0.2838137472283814,True,True,False
23716,1,0.1831799277317824,0.11501272264631043,Eastern Concrete,Bogota Plant,NJ,Eastern Region,other_or_unspecified,3500.0,3500,28.0,standard_28,134.28571428571428,strict_group,785.0,97.42857142857143,86.68571428571428,36.85714285714285,0.27446808510638293,47.599999999999994,0.35446808510638295,True,True,True
24895,1,0.1831799277317824,0.11501272264631043,Eastern Concrete,Broadway Plant,NJ,Eastern Region,other_or_unspecified,3500.0,3500,28.0,standard_28,131.14285714285714,strict_group,785.0,97.42857142857143,86.68571428571428,33.71428571428571,0.25708061002178645,44.457142857142856,0.3389978213507625,True,True,True
25174,0,0.1827697266679931,0.11501272264631043,Eastern Concrete,Howell Plant,NJ,Eastern Region,other_or_unspecified,4000.0,4000,28.0,standard_28,111.0,strict_group,2318.0,91.5,80.75,19.5,0.17567567567567569,30.25,0.2725225225225225,True,True,False
42831,1,0.1827350641419916,0.11501272264631043,Scioto Ready Mix,New Albany Plant,OH,Great Lakes Region,other_or_unspecified,3000.0,3000,28.0,standard_28,133.0,strict_group,29.0,83.0,73.6,50.0,0.37593984962406013,59.400000000000006,0.4466165413533835,True,True,True
24191,0,0.1826180612905927,0.11501272264631043,Eastern Concrete,Broadway Plant,NJ,Eastern Region,other_or_unspecified,4000.0,4000,28.0,standard_28,122.25,strict_group,2318.0,91.5,80.75,30.75,0.25153374233128833,41.5,0.3394683026584867,True,True,True
23023,1,0.1826180612905927,0.11501272264631043,Eastern Concrete,Bogota Plant,NJ,Eastern Region,other_or_unspecified,4000.0,4000,28.0,standard_28,124.75,strict_group,2318.0,91.5,80.75,33.25,0.2665330661322645,44.0,0.3527054108216433,True,True,True
27638,0,0.1826180612905927,0.11501272264631043,Eastern Concrete,North Bergen Plant,NJ,Eastern Region,other_or_unspecified,4000.0,4000,28.0,standard_28,123.75,strict_group,2318.0,91.5,80.75,32.25,0.2606060606060606,43.0,0.3474747474747475,True,True,True
25075,0,0.1825147688589113,0.11501272264631043,Eastern Concrete,Howell Plant,NJ,Eastern Region,other_or_unspecified,3000.0,3000,28.0,standard_28,102.66666666666667,strict_group,983.0,108.66666666666667,100.66666666666667,0.0,0.0,2.0,0.01948051948051948,True,False,False
27906,0,0.1812298085172357,0.11501272264631043,Eastern Concrete,North Bergen Plant,NJ,Eastern Region,filler,4000.0,4000,28.0,standard_28,116.75,strict_group,125.0,99.25,92.1,17.5,0.14989293361884368,24.650000000000006,0.211134903640257,True,True,False
24494,0,0.1812298085172357,0.11501272264631043,Eastern Concrete,Broadway Plant,NJ,Eastern Region,filler,4000.0,4000,28.0,standard_28,115.0,strict_group,125.0,99.25,92.1,15.75,0.13695652173913042,22.900000000000006,0.19913043478260875,True,True,False
23325,0,0.1812298085172357,0.11501272264631043,Eastern Concrete,Bogota Plant,NJ,Eastern Region,filler,4000.0,4000,28.0,standard_28,117.5,strict_group,125.0,99.25,92.1,18.25,0.15531914893617021,25.400000000000006,0.2161702127659575,True,True,False
22572,0,0.1805148004353073,0.11501272264631043,Eastern Concrete,Bayonne Plant,NJ,Eastern Region,other_or_unspecified,4000.0,4000,28.0,standard_28,96.75,strict_group,2318.0,91.5,80.75,5.25,0.05426356589147287,16.0,0.165374677002584,True,False,False
25147,0,0.1803010252310964,0.11501272264631043,Eastern Concrete,Howell Plant,NJ,Eastern Region,other_or_unspecified,3500.0,3500,28.0,standard_28,118.85714285714286,strict_group,785.0,97.42857142857143,86.68571428571428,21.42857142857143,0.18028846153846154,32.17142857142858,0.27067307692307696,True,True,False
24876,0,0.1788198512388596,0.11501272264631043,Eastern Concrete,Broadway Plant,NJ,Eastern Region,other_or_unspecified,3000.0,3000,28.0,standard_28,120.66666666666667,strict_group,983.0,108.66666666666667,100.66666666666667,12.0,0.09944751381215469,20.0,0.16574585635359115,True,False,False
28238,0,0.1788198512388596,0.11501272264631043,Eastern Concrete,North Bergen Plant,NJ,Eastern Region,other_or_unspecified,3000.0,3000,28.0,standard_28,121.33333333333333,strict_group,983.0,108.66666666666667,100.66666666666667,12.666666666666657,0.10439560439560432,20.666666666666657,0.17032967032967025,True,True,False
23697,1,0.1788198512388596,0.11501272264631043,Eastern Concrete,Bogota Plant,NJ,Eastern Region,other_or_unspecified,3000.0,3000,28.0,standard_28,124.66666666666667,strict_group,983.0,108.66666666666667,100.66666666666667,16.0,0.1283422459893048,24.0,0.1925133689839572,True,True,False
26198,0,0.1774865794780201,0.11501272264631043,Eastern Concrete,Newark Plant,NJ,Eastern Region,other_or_unspecified,3000.0,3000,28.0,standard_28,93.0,strict_group,983.0,108.66666666666667,100.66666666666667,0.0,0.0,0.0,0.0,True,False,False
24389,0,0.1771220108412391,0.11501272264631043,Eastern Concrete,Broadway Plant,NJ,Eastern Region,filler,4000.0,4000,28.0,standard_28,106.25,strict_group,125.0,99.25,92.1,7.0,0.06588235294117648,14.150000000000006,0.13317647058823534,True,False,False
23220,0,0.1771220108412391,0.11501272264631043,Eastern Concrete,Bogota Plant,NJ,Eastern Region,filler,4000.0,4000,28.0,standard_28,108.75,strict_group,125.0,99.25,92.1,9.5,0.08735632183908046,16.650000000000006,0.15310344827586211,True,False,False
27821,0,0.1771220108412391,0.11501272264631043,Eastern Concrete,North Bergen Plant,NJ,Eastern Region,filler,4000.0,4000,28.0,standard_28,108.25,strict_group,125.0,99.25,92.1,9.0,0.08314087759815242,16.150000000000006,0.14919168591224025,True,False,False
24056,0,0.175369547176221,0.11501272264631043,Eastern Concrete,Broadway Plant,NJ,Eastern Region,other_or_unspecified,4000.0,4000,28.0,standard_28,111.25,strict_group,2318.0,91.5,80.75,19.75,0.17752808988764046,30.5,0.27415730337078653,True,True,False
27508,0,0.175369547176221,0.11501272264631043,Eastern Concrete,North Bergen Plant,NJ,Eastern Region,other_or_unspecified,4000.0,4000,28.0,standard_28,113.0,strict_group,2318.0,91.5,80.75,21.5,0.1902654867256637,32.25,0.2853982300884956,True,True,False
27470,0,0.1749122789224577,0.11501272264631043,Eastern Concrete,North Bergen Plant,NJ,Eastern Region,other_or_unspecified,4000.0,4000,28.0,standard_28,108.75,strict_group,2318.0,91.5,80.75,17.25,0.15862068965517243,28.0,0.2574712643678161,True,True,False
22851,0,0.1749122789224577,0.11501272264631043,Eastern Concrete,Bogota Plant,NJ,Eastern Region,other_or_unspecified,4000.0,4000,28.0,standard_28,109.5,strict_group,2318.0,91.5,80.75,18.0,0.1643835616438356,28.75,0.2625570776255708,True,True,False
24016,0,0.1749122789224577,0.11501272264631043,Eastern Concrete,Broadway Plant,NJ,Eastern Region,other_or_unspecified,4000.0,4000,28.0,standard_28,107.0,strict_group,2318.0,91.5,80.75,15.5,0.14485981308411214,26.25,0.24532710280373832,True,True,False
25657,0,0.1737532485233388,0.11501272264631043,Eastern Concrete,Howell Plant,NJ,Eastern Region,filler,4000.0,4000,28.0,standard_28,118.75,strict_group,125.0,99.25,92.1,19.5,0.16421052631578947,26.650000000000006,0.224421052631579,True,True,False
26251,0,0.1726584051314786,0.11501272264631043,Eastern Concrete,Newark Plant,NJ,Eastern Region,other_or_unspecified,3500.0,3500,28.0,standard_28,110.0,strict_group,785.0,97.42857142857143,86.68571428571428,12.57142857142857,0.11428571428571427,23.314285714285717,0.21194805194805197,True,True,False
29458,0,0.1716060748520638,0.11501272264631043,Eastern Concrete,Roseland Plant,NJ,Eastern Region,other_or_unspecified,4000.0,4000,28.0,standard_28,105.0,strict_group,2318.0,91.5,80.75,13.5,0.12857142857142856,24.25,0.23095238095238096,True,True,False
26614,0,0.1702234289880636,0.11501272264631043,Eastern Concrete,Newark Plant,NJ,Eastern Region,other_or_unspecified,3000.0,3000,28.0,standard_28,109.0,strict_group,983.0,108.66666666666667,100.66666666666667,0.3333333333333286,0.003058103975535125,8.333333333333329,0.07645259938837916,True,False,False
25497,0,0.1702234289880636,0.11501272264631043,Eastern Concrete,Howell Plant,NJ,Eastern Region,other_or_unspecified,3000.0,3000,28.0,standard_28,117.33333333333333,strict_group,983.0,108.66666666666667,100.66666666666667,8.666666666666657,0.07386363636363628,16.666666666666657,0.14204545454545447,True,False,False
25498,0,0.1702234289880636,0.11501272264631043,Eastern Concrete,Howell Plant,NJ,Eastern Region,other_or_unspecified,3000.0,3000,28.0,standard_28,114.66666666666667,strict_group,983.0,108.66666666666667,100.66666666666667,6.0,0.05232558139534883,14.0,0.12209302325581395,True,False,False
26613,0,0.1702234289880636,0.11501272264631043,Eastern Concrete,Newark Plant,NJ,Eastern Region,other_or_unspecified,3000.0,3000,28.0,standard_28,108.0,strict_group,983.0,108.66666666666667,100.66666666666667,0.0,0.0,7.333333333333329,0.06790123456790119,True,False,False
26058,0,0.1697991395164178,0.11501272264631043,Eastern Concrete,Howell Plant,NJ,Eastern Region,filler,4000.0,4000,28.0,standard_28,117.0,strict_group,125.0,99.25,92.1,17.75,0.1517094017094017,24.900000000000006,0.21282051282051287,True,True,False
27184,0,0.1697991395164178,0.11501272264631043,Eastern Concrete,Newark Plant,NJ,Eastern Region,filler,4000.0,4000,28.0,standard_28,115.0,strict_group,125.0,99.25,92.1,15.75,0.13695652173913042,22.900000000000006,0.19913043478260875,True,True,False
22571,0,0.1695828190389012,0.11501272264631043,Eastern Concrete,Bayonne Plant,NJ,Eastern Region,other_or_unspecified,4000.0,4000,28.0,standard_28,96.5,strict_group,2318.0,91.5,80.75,5.0,0.05181347150259067,15.75,0.16321243523316062,True,False,False
27225,0,0.1678173309143455,0.11501272264631043,Eastern Concrete,Newark Plant,NJ,Eastern Region,other_or_unspecified,4000.0,4000,28.0,standard_28,101.25,strict_group,2318.0,91.5,80.75,9.75,0.0962962962962963,20.5,0.20246913580246914,True,False,False
27422,0,0.1676816397566083,0.11501272264631043,Eastern Concrete,North Bergen Plant,NJ,Eastern Region,other_or_unspecified,3500.0,3500,28.0,standard_28,119.71428571428571,strict_group,785.0,97.42857142857143,86.68571428571428,22.285714285714278,0.1861575178997613,33.028571428571425,0.2758949880668258,True,True,False
29935,1,0.1671875824335051,0.11501272264631043,Eastern Concrete,West Nyack Plant,NY,Eastern Region,filler,3500.0,3500,28.0,standard_28,126.85714285714286,strict_group,95.0,116.85714285714286,110.11428571428571,10.0,0.07882882882882883,16.742857142857147,0.13198198198198202,True,False,False
22575,0,0.1665909590233334,0.11501272264631043,Eastern Concrete,Bayonne Plant,NJ,Eastern Region,other_or_unspecified,4000.0,4000,28.0,standard_28,100.0,strict_group,2318.0,91.5,80.75,8.5,0.085,19.25,0.1925,True,False,False
22577,0,0.1655778395729303,0.11501272264631043,Eastern Concrete,Bayonne Plant,NJ,Eastern Region,other_or_unspecified,4000.0,4000,28.0,standard_28,100.0,strict_group,2318.0,91.5,80.75,8.5,0.085,19.25,0.1925,True,False,False
28224,0,0.1651895298338657,0.11501272264631043,Eastern Concrete,North Bergen Plant,NJ,Eastern Region,other_or_unspecified,4000.0,4000,28.0,standard_28,114.25,strict_group,2318.0,91.5,80.75,22.75,0.19912472647702406,33.5,0.29321663019693656,True,True,False
23679,0,0.1651895298338657,0.11501272264631043,Eastern Concrete,Bogota Plant,NJ,Eastern Region,other_or_unspecified,4000.0,4000,28.0,standard_28,116.5,strict_group,2318.0,91.5,80.75,25.0,0.2145922746781116,35.75,0.30686695278969955,True,True,True
24856,0,0.1651895298338657,0.11501272264631043,Eastern Concrete,Broadway Plant,NJ,Eastern Region,other_or_unspecified,4000.0,4000,28.0,standard_28,113.0,strict_group,2318.0,91.5,80.75,21.5,0.1902654867256637,32.25,0.2853982300884956,True,True,False
24882,0,0.1651452880132792,0.11501272264631043,Eastern Concrete,Broadway Plant,NJ,Eastern Region,other_or_unspecified,3500.0,3500,28.0,standard_28,82.28571428571429,strict_group,785.0,97.42857142857143,86.68571428571428,0.0,0.0,0.0,0.0,True,False,False
23703,0,0.1651452880132792,0.11501272264631043,Eastern Concrete,Bogota Plant,NJ,Eastern Region,other_or_unspecified,3500.0,3500,28.0,standard_28,85.71428571428571,strict_group,785.0,97.42857142857143,86.68571428571428,0.0,0.0,0.0,0.0,True,False,False
28243,0,0.1651452880132792,0.11501272264631043,Eastern Concrete,North Bergen Plant,NJ,Eastern Region,other_or_unspecified,3500.0,3500,28.0,standard_28,83.42857142857143,strict_group,785.0,97.42857142857143,86.68571428571428,0.0,0.0,0.0,0.0,True,False,False
33167,0,0.1650984710886573,0.11501272264631043,Hood River Sand and Gravel,North Bonneville Plant,WA,Pacific Northwest Region,other_or_unspecified,3000.0,3000,28.0,standard_28,120.33333333333333,strict_group,33.0,65.33333333333333,61.53333333333334,55.0,0.45706371191135736,58.79999999999999,0.48864265927977835,True,True,True
28472,0,0.1650908419501514,0.11501272264631043,Eastern Concrete,Roseland Plant,NJ,Eastern Region,other_or_unspecified,4000.0,4000,28.0,standard_28,103.5,strict_group,2318.0,91.5,80.75,12.0,0.11594202898550725,22.75,0.21980676328502416,True,True,False
25048,1,0.1650588812263809,0.11501272264631043,Eastern Concrete,Howell Plant,NJ,Eastern Region,other_or_unspecified,2500.0,2500,28.0,standard_28,132.8,strict_group,109.0,120.4,112.96000000000001,12.400000000000006,0.09337349397590365,19.840000000000003,0.1493975903614458,True,False,False
26172,0,0.1650588812263809,0.11501272264631043,Eastern Concrete,Newark Plant,NJ,Eastern Region,other_or_unspecified,2500.0,2500,28.0,standard_28,121.2,strict_group,109.0,120.4,112.96000000000001,0.7999999999999972,0.006600660066006577,8.239999999999995,0.06798679867986794,True,False,False
22109,0,0.164676550842335,0.11501272264631043,Conewago Manufacturing,Conewago Manufacturing Plant,PA,Eastern Region,other_or_unspecified,3000.0,3000,28.0,standard_28,104.0,strict_group,983.0,108.66666666666667,100.66666666666667,0.0,0.0,3.3333333333333286,0.03205128205128201,True,False,False
29541,1,0.1642585033045633,0.11501272264631043,Eastern Concrete,West Nyack Plant,NY,Eastern Region,other_or_unspecified,3000.0,3000,28.0,standard_28,130.0,strict_group,983.0,108.66666666666667,100.66666666666667,21.33333333333333,0.16410256410256407,29.33333333333333,0.22564102564102562,True,True,False
25573,0,0.1640994701937341,0.11501272264631043,Eastern Concrete,Howell Plant,NJ,Eastern Region,other_or_unspecified,4000.0,4000,28.0,standard_28,109.25,strict_group,2318.0,91.5,80.75,17.75,0.16247139588100687,28.5,0.2608695652173913,True,True,False
26644,0,0.1631236965286727,0.11501272264631043,Eastern Concrete,Newark Plant,NJ,Eastern Region,filler,3500.0,3500,28.0,standard_28,114.0,strict_group,95.0,116.85714285714286,110.11428571428571,0.0,0.0,3.885714285714286,0.034085213032581455,True,False,False
29978,1,0.1629110177088802,0.11501272264631043,Eastern Concrete,West Nyack Plant,NY,Eastern Region,filler,3500.0,3500,28.0,standard_28,134.85714285714286,strict_group,95.0,116.85714285714286,110.11428571428571,18.0,0.13347457627118645,24.742857142857147,0.18347457627118646,True,True,False
26646,0,0.1628958141624742,0.11501272264631043,Eastern Concrete,Newark Plant,NJ,Eastern Region,filler,3500.0,3500,28.0,standard_28,113.71428571428571,strict_group,95.0,116.85714285714286,110.11428571428571,0.0,0.0,3.5999999999999943,0.03165829145728638,True,False,False
22113,0,0.1621384624155345,0.11501272264631043,Conewago Manufacturing,Conewago Manufacturing Plant,PA,Eastern Region,filler,3000.0,3000,28.0,standard_28,110.0,strict_group,44.0,122.66666666666667,86.8,0.0,0.0,23.200000000000003,0.21090909090909093,True,False,False
23192,0,0.1621273366714205,0.11501272264631043,Eastern Concrete,Bogota Plant,NJ,Eastern Region,filler,3500.0,3500,28.0,standard_28,121.14285714285714,strict_group,95.0,116.85714285714286,110.11428571428571,4.285714285714278,0.035377358490565974,11.028571428571425,0.09103773584905658,True,False,False
27793,0,0.1621273366714205,0.11501272264631043,Eastern Concrete,North Bergen Plant,NJ,Eastern Region,filler,3500.0,3500,28.0,standard_28,120.57142857142857,strict_group,95.0,116.85714285714286,110.11428571428571,3.714285714285708,0.03080568720379142,10.457142857142856,0.0867298578199052,True,False,False
24361,0,0.1621273366714205,0.11501272264631043,Eastern Concrete,Broadway Plant,NJ,Eastern Region,filler,3500.0,3500,28.0,standard_28,118.28571428571429,strict_group,95.0,116.85714285714286,110.11428571428571,1.4285714285714306,0.012077294685990355,8.171428571428578,0.06908212560386479,True,False,False
24925,0,0.1615548554706388,0.11501272264631043,Eastern Concrete,Broadway Plant,NJ,Eastern Region,other_or_unspecified,3500.0,3500,28.0,standard_28,90.85714285714286,strict_group,785.0,97.42857142857143,86.68571428571428,0.0,0.0,4.171428571428578,0.04591194968553466,True,False,False
28281,0,0.1615548554706388,0.11501272264631043,Eastern Concrete,North Bergen Plant,NJ,Eastern Region,other_or_unspecified,3500.0,3500,28.0,standard_28,91.71428571428571,strict_group,785.0,97.42857142857143,86.68571428571428,0.0,0.0,5.028571428571425,0.05482866043613704,True,False,False
23747,0,0.1615548554706388,0.11501272264631043,Eastern Concrete,Bogota Plant,NJ,Eastern Region,other_or_unspecified,3500.0,3500,28.0,standard_28,94.28571428571429,strict_group,785.0,97.42857142857143,86.68571428571428,0.0,0.0,7.6000000000000085,0.0806060606060607,True,False,False
23965,0,0.160931929361277,0.11501272264631043,Eastern Concrete,Broadway Plant,NJ,Eastern Region,other_or_unspecified,3500.0,3500,28.0,standard_28,118.0,strict_group,785.0,97.42857142857143,86.68571428571428,20.57142857142857,0.17433414043583534,31.314285714285717,0.2653753026634383,True,True,False
25531,0,0.1594737255957079,0.11501272264631043,Eastern Concrete,Howell Plant,NJ,Eastern Region,filler,3500.0,3500,28.0,standard_28,122.28571428571429,strict_group,95.0,116.85714285714286,110.11428571428571,5.428571428571431,0.04439252336448599,12.171428571428578,0.09953271028037387,True,False,False
27412,0,0.1590294363281502,0.11501272264631043,Eastern Concrete,North Bergen Plant,NJ,Eastern Region,other_or_unspecified,4000.0,4000,28.0,standard_28,105.0,strict_group,2318.0,91.5,80.75,13.5,0.12857142857142856,24.25,0.23095238095238096,True,True,False
23955,0,0.1590294363281502,0.11501272264631043,Eastern Concrete,Broadway Plant,NJ,Eastern Region,other_or_unspecified,4000.0,4000,28.0,standard_28,103.0,strict_group,2318.0,91.5,80.75,11.5,0.11165048543689321,22.25,0.21601941747572814,True,True,False
22797,0,0.1590294363281502,0.11501272264631043,Eastern Concrete,Bogota Plant,NJ,Eastern Region,other_or_unspecified,4000.0,4000,28.0,standard_28,105.5,strict_group,2318.0,91.5,80.75,14.0,0.13270142180094788,24.75,0.23459715639810427,True,True,False
22111,0,0.1578450857140095,0.11501272264631043,Conewago Manufacturing,Conewago Manufacturing Plant,PA,Eastern Region,other_or_unspecified,3000.0,3000,28.0,standard_28,97.0,strict_group,983.0,108.66666666666667,100.66666666666667,0.0,0.0,0.0,0.0,True,False,False
33190,0,0.1578305516702352,0.11501272264631043,Hood River Sand and Gravel,North Bonneville Plant,WA,Pacific Northwest Region,paving,3300.0,3500,28.0,standard_28,123.63636363636364,regional_strength_group,40.0,90.14285714285714,88.2,33.4935064935065,0.27090336134453785,35.43636363636364,0.28661764705882353,True,True,True
28407,0,0.1568778911524193,0.11501272264631043,Eastern Concrete,Roseland Plant,NJ,Eastern Region,other_or_unspecified,3000.0,3000,28.0,standard_28,98.33333333333333,strict_group,983.0,108.66666666666667,100.66666666666667,0.0,0.0,0.0,0.0,True,False,False
27939,0,0.1565583525536101,0.11501272264631043,Eastern Concrete,North Bergen Plant,NJ,Eastern Region,filler,4000.0,4000,28.0,standard_28,120.25,strict_group,125.0,99.25,92.1,21.0,0.17463617463617465,28.150000000000006,0.23409563409563414,True,True,False
23362,0,0.1565583525536101,0.11501272264631043,Eastern Concrete,Bogota Plant,NJ,Eastern Region,filler,4000.0,4000,28.0,standard_28,121.0,strict_group,125.0,99.25,92.1,21.75,0.1797520661157025,28.900000000000006,0.23884297520661163,True,True,False
26021,0,0.1558455765235225,0.11501272264631043,Eastern Concrete,Howell Plant,NJ,Eastern Region,other_or_unspecified,3000.0,3000,28.0,standard_28,119.0,strict_group,983.0,108.66666666666667,100.66666666666667,10.333333333333329,0.08683473389355738,18.33333333333333,0.1540616246498599,True,False,False
27146,0,0.1558455765235225,0.11501272264631043,Eastern Concrete,Newark Plant,NJ,Eastern Region,other_or_unspecified,3000.0,3000,28.0,standard_28,117.0,strict_group,983.0,108.66666666666667,100.66666666666667,8.333333333333329,0.07122507122507118,16.33333333333333,0.13960113960113957,True,False,False
28919,0,0.1547811526447381,0.11501272264631043,Eastern Concrete,Roseland Plant,NJ,Eastern Region,other_or_unspecified,4000.0,4000,28.0,standard_28,108.0,strict_group,2318.0,91.5,80.75,16.5,0.1527777777777778,27.25,0.2523148148148148,True,True,False
23942,0,0.1547324193650212,0.11501272264631043,Eastern Concrete,Broadway Plant,NJ,Eastern Region,other_or_unspecified,3500.0,3500,28.0,standard_28,114.28571428571429,strict_group,785.0,97.42857142857143,86.68571428571428,16.85714285714286,0.14750000000000002,27.60000000000001,0.24150000000000005,True,True,False
27400,0,0.1547324193650212,0.11501272264631043,Eastern Concrete,North Bergen Plant,NJ,Eastern Region,other_or_unspecified,3500.0,3500,28.0,standard_28,116.85714285714286,strict_group,785.0,97.42857142857143,86.68571428571428,19.42857142857143,0.1662591687041565,30.171428571428578,0.2581907090464548,True,True,False
22785,0,0.1547324193650212,0.11501272264631043,Eastern Concrete,Bogota Plant,NJ,Eastern Region,other_or_unspecified,3500.0,3500,28.0,standard_28,117.14285714285714,strict_group,785.0,97.42857142857143,86.68571428571428,19.714285714285708,0.16829268292682922,30.457142857142856,0.26,True,True,False
42842,0,0.1546154068531317,0.11501272264631043,Scioto Ready Mix,Obetz Plant,OH,Great Lakes Region,structural,3000.0,3000,28.0,standard_28,77.66666666666667,strict_group,16.0,71.25,64.16666666666666,6.416666666666671,0.08261802575107302,13.500000000000014,0.17381974248927057,True,False,False
26273,0,0.1535855533311804,0.11501272264631043,Eastern Concrete,Newark Plant,NJ,Eastern Region,other_or_unspecified,3500.0,3500,28.0,standard_28,113.42857142857143,strict_group,785.0,97.42857142857143,86.68571428571428,16.0,0.14105793450881612,26.742857142857147,0.23576826196473555,True,True,False
25412,1,0.1534255870678695,0.11501272264631043,Eastern Concrete,Howell Plant,NJ,Eastern Region,other_or_unspecified,4000.0,4000,28.0,standard_28,134.0,strict_group,2318.0,91.5,80.75,42.5,0.31716417910447764,53.25,0.39738805970149255,True,True,True
28542,0,0.1532964246826094,0.11501272264631043,Eastern Concrete,Roseland Plant,NJ,Eastern Region,other_or_unspecified,4000.0,4000,28.0,standard_28,110.25,strict_group,2318.0,91.5,80.75,18.75,0.17006802721088435,29.5,0.2675736961451247,True,True,False
28527,0,0.1532546514085949,0.11501272264631043,Eastern Concrete,Roseland Plant,NJ,Eastern Region,other_or_unspecified,4000.0,4000,28.0,standard_28,108.0,strict_group,2318.0,91.5,80.75,16.5,0.1527777777777778,27.25,0.2523148148148148,True,True,False
28235,1,0.1531149815153816,0.11501272264631043,Eastern Concrete,North Bergen Plant,NJ,Eastern Region,other_or_unspecified,3500.0,3500,28.0,standard_28,125.14285714285714,strict_group,785.0,97.42857142857143,86.68571428571428,27.714285714285708,0.22146118721461183,38.457142857142856,0.30730593607305934,True,True,True
23694,1,0.1531149815153816,0.11501272264631043,Eastern Concrete,Bogota Plant,NJ,Eastern Region,other_or_unspecified,3500.0,3500,28.0,standard_28,128.28571428571428,strict_group,785.0,97.42857142857143,86.68571428571428,30.857142857142847,0.24053452115812912,41.599999999999994,0.3242761692650334,True,True,True
24873,1,0.1531149815153816,0.11501272264631043,Eastern Concrete,Broadway Plant,NJ,Eastern Region,other_or_unspecified,3500.0,3500,28.0,standard_28,124.85714285714286,strict_group,785.0,97.42857142857143,86.68571428571428,27.42857142857143,0.2196796338672769,38.17142857142858,0.30572082379862703,True,True,True
30070,1,0.1527534769797713,0.11501272264631043,Eastern Concrete,West Nyack Plant,NY,Eastern Region,filler,4000.0,4000,28.0,standard_28,126.25,strict_group,125.0,99.25,92.1,27.0,0.21386138613861386,34.150000000000006,0.2704950495049505,True,True,True
26361,0,0.152673011385111,0.11501272264631043,Eastern Concrete,Newark Plant,NJ,Eastern Region,other_or_unspecified,4000.0,4000,28.0,standard_28,107.25,strict_group,2318.0,91.5,80.75,15.75,0.14685314685314685,26.5,0.24708624708624707,True,True,False
30416,1,0.1524021268769426,0.11501272264631043,Eastern Concrete,West Nyack Plant,NY,Eastern Region,filler,3000.0,3000,28.0,standard_28,143.33333333333334,strict_group,44.0,122.66666666666667,86.8,20.66666666666667,0.14418604651162792,56.533333333333346,0.39441860465116285,True,True,False
33154,0,0.1523980417545675,0.11501272264631043,Hood River Sand and Gravel,Hood River Plant,OR,Pacific Northwest Region,other_or_unspecified,4000.0,4000,28.0,standard_28,106.25,strict_group,62.0,61.3125,57.525,44.9375,0.4229411764705882,48.725,0.4585882352941177,True,True,True
29605,1,0.1518122139425583,0.11501272264631043,Eastern Concrete,West Nyack Plant,NY,Eastern Region,other_or_unspecified,3500.0,3500,28.0,standard_28,127.14285714285714,strict_group,785.0,97.42857142857143,86.68571428571428,29.714285714285708,0.23370786516853928,40.457142857142856,0.31820224719101126,True,True,True
28228,0,0.1513652060484213,0.11501272264631043,Eastern Concrete,North Bergen Plant,NJ,Eastern Region,other_or_unspecified,4000.0,4000,28.0,standard_28,105.0,strict_group,2318.0,91.5,80.75,13.5,0.12857142857142856,24.25,0.23095238095238096,True,True,False
23949,0,0.1513652060484213,0.11501272264631043,Eastern Concrete,Broadway Plant,NJ,Eastern Region,other_or_unspecified,4000.0,4000,28.0,standard_28,103.25,strict_group,2318.0,91.5,80.75,11.75,0.11380145278450363,22.5,0.2179176755447942,True,True,False
27480,0,0.1513652060484213,0.11501272264631043,Eastern Concrete,North Bergen Plant,NJ,Eastern Region,other_or_unspecified,4000.0,4000,28.0,standard_28,111.25,strict_group,2318.0,91.5,80.75,19.75,0.17752808988764046,30.5,0.27415730337078653,True,True,False
27496,0,0.1513652060484213,0.11501272264631043,Eastern Concrete,North Bergen Plant,NJ,Eastern Region,other_or_unspecified,4000.0,4000,28.0,standard_28,111.25,strict_group,2318.0,91.5,80.75,19.75,0.17752808988764046,30.5,0.27415730337078653,True,True,False
23685,0,0.1513652060484213,0.11501272264631043,Eastern Concrete,Bogota Plant,NJ,Eastern Region,other_or_unspecified,4000.0,4000,28.0,standard_28,116.25,strict_group,2318.0,91.5,80.75,24.75,0.2129032258064516,35.5,0.3053763440860215,True,True,True
28229,0,0.1513652060484213,0.11501272264631043,Eastern Concrete,North Bergen Plant,NJ,Eastern Region,other_or_unspecified,4000.0,4000,28.0,standard_28,114.5,strict_group,2318.0,91.5,80.75,23.0,0.20087336244541484,33.75,0.29475982532751094,True,True,True
22862,0,0.1513652060484213,0.11501272264631043,Eastern Concrete,Bogota Plant,NJ,Eastern Region,other_or_unspecified,4000.0,4000,28.0,standard_28,112.5,strict_group,2318.0,91.5,80.75,21.0,0.18666666666666668,31.75,0.2822222222222222,True,True,False
24044,0,0.1513652060484213,0.11501272264631043,Eastern Concrete,Broadway Plant,NJ,Eastern Region,other_or_unspecified,4000.0,4000,28.0,standard_28,109.5,strict_group,2318.0,91.5,80.75,18.0,0.1643835616438356,28.75,0.2625570776255708,True,True,False
22863,0,0.1513652060484213,0.11501272264631043,Eastern Concrete,Bogota Plant,NJ,Eastern Region,other_or_unspecified,4000.0,4000,28.0,standard_28,112.0,strict_group,2318.0,91.5,80.75,20.5,0.18303571428571427,31.25,0.27901785714285715,True,True,False
24860,0,0.1513652060484213,0.11501272264631043,Eastern Concrete,Broadway Plant,NJ,Eastern Region,other_or_unspecified,4000.0,4000,28.0,standard_28,103.5,strict_group,2318.0,91.5,80.75,12.0,0.11594202898550725,22.75,0.21980676328502416,True,True,False
22815,0,0.1513652060484213,0.11501272264631043,Eastern Concrete,Bogota Plant,NJ,Eastern Region,other_or_unspecified,4000.0,4000,28.0,standard_28,106.25,strict_group,2318.0,91.5,80.75,14.75,0.1388235294117647,25.5,0.24,True,True,False
22935,0,0.1513652060484213,0.11501272264631043,Eastern Concrete,Bogota Plant,NJ,Eastern Region,other_or_unspecified,4000.0,4000,28.0,standard_28,115.25,strict_group,2318.0,91.5,80.75,23.75,0.20607375271149675,34.5,0.2993492407809111,True,True,True
27562,0,0.1513652060484213,0.11501272264631043,Eastern Concrete,North Bergen Plant,NJ,Eastern Region,other_or_unspecified,4000.0,4000,28.0,standard_28,114.0,strict_group,2318.0,91.5,80.75,22.5,0.19736842105263158,33.25,0.2916666666666667,True,True,False
23976,0,0.1513652060484213,0.11501272264631043,Eastern Concrete,Broadway Plant,NJ,Eastern Region,other_or_unspecified,4000.0,4000,28.0,standard_28,103.5,strict_group,2318.0,91.5,80.75,12.0,0.11594202898550725,22.75,0.21980676328502416,True,True,False
22879,0,0.1513652060484213,0.11501272264631043,Eastern Concrete,Bogota Plant,NJ,Eastern Region,other_or_unspecified,4000.0,4000,28.0,standard_28,112.0,strict_group,2318.0,91.5,80.75,20.5,0.18303571428571427,31.25,0.27901785714285715,True,True,False
27553,0,0.1513652060484213,0.11501272264631043,Eastern Concrete,North Bergen Plant,NJ,Eastern Region,other_or_unspecified,4000.0,4000,28.0,standard_28,114.5,strict_group,2318.0,91.5,80.75,23.0,0.20087336244541484,33.75,0.29475982532751094,True,True,True
27552,0,0.1513652060484213,0.11501272264631043,Eastern Concrete,North Bergen Plant,NJ,Eastern Region,other_or_unspecified,4000.0,4000,28.0,standard_28,114.5,strict_group,2318.0,91.5,80.75,23.0,0.20087336244541484,33.75,0.29475982532751094,True,True,True
22944,0,0.1513652060484213,0.11501272264631043,Eastern Concrete,Bogota Plant,NJ,Eastern Region,other_or_unspecified,4000.0,4000,28.0,standard_28,115.0,strict_group,2318.0,91.5,80.75,23.5,0.20434782608695654,34.25,0.29782608695652174,True,True,True
24028,0,0.1513652060484213,0.11501272264631043,Eastern Concrete,Broadway Plant,NJ,Eastern Region,other_or_unspecified,4000.0,4000,28.0,standard_28,109.5,strict_group,2318.0,91.5,80.75,18.0,0.1643835616438356,28.75,0.2625570776255708,True,True,False
27406,0,0.1513652060484213,0.11501272264631043,Eastern Concrete,North Bergen Plant,NJ,Eastern Region,other_or_unspecified,4000.0,4000,28.0,standard_28,105.25,strict_group,2318.0,91.5,80.75,13.75,0.13064133016627077,24.5,0.2327790973871734,True,True,False
27435,0,0.1513652060484213,0.11501272264631043,Eastern Concrete,North Bergen Plant,NJ,Eastern Region,other_or_unspecified,4000.0,4000,28.0,standard_28,106.0,strict_group,2318.0,91.5,80.75,14.5,0.13679245283018868,25.25,0.23820754716981132,True,True,False
27433,0,0.1513652060484213,0.11501272264631043,Eastern Concrete,North Bergen Plant,NJ,Eastern Region,other_or_unspecified,4000.0,4000,28.0,standard_28,105.25,strict_group,2318.0,91.5,80.75,13.75,0.13064133016627077,24.5,0.2327790973871734,True,True,False
22934,0,0.1513652060484213,0.11501272264631043,Eastern Concrete,Bogota Plant,NJ,Eastern Region,other_or_unspecified,4000.0,4000,28.0,standard_28,115.25,strict_group,2318.0,91.5,80.75,23.75,0.20607375271149675,34.5,0.2993492407809111,True,True,True
24027,0,0.1513652060484213,0.11501272264631043,Eastern Concrete,Broadway Plant,NJ,Eastern Region,other_or_unspecified,4000.0,4000,28.0,standard_28,109.5,strict_group,2318.0,91.5,80.75,18.0,0.1643835616438356,28.75,0.2625570776255708,True,True,False
24111,0,0.1513652060484213,0.11501272264631043,Eastern Concrete,Broadway Plant,NJ,Eastern Region,other_or_unspecified,4000.0,4000,28.0,standard_28,112.5,strict_group,2318.0,91.5,80.75,21.0,0.18666666666666668,31.75,0.2822222222222222,True,True,False
24042,0,0.1513652060484213,0.11501272264631043,Eastern Concrete,Broadway Plant,NJ,Eastern Region,other_or_unspecified,4000.0,4000,28.0,standard_28,109.25,strict_group,2318.0,91.5,80.75,17.75,0.16247139588100687,28.5,0.2608695652173913,True,True,False
23978,0,0.1513652060484213,0.11501272264631043,Eastern Concrete,Broadway Plant,NJ,Eastern Region,other_or_unspecified,4000.0,4000,28.0,standard_28,104.0,strict_group,2318.0,91.5,80.75,12.5,0.1201923076923077,23.25,0.22355769230769232,True,True,False
22817,0,0.1513652060484213,0.11501272264631043,Eastern Concrete,Bogota Plant,NJ,Eastern Region,other_or_unspecified,4000.0,4000,28.0,standard_28,106.25,strict_group,2318.0,91.5,80.75,14.75,0.1388235294117647,25.5,0.24,True,True,False
24101,0,0.1513652060484213,0.11501272264631043,Eastern Concrete,Broadway Plant,NJ,Eastern Region,other_or_unspecified,4000.0,4000,28.0,standard_28,112.75,strict_group,2318.0,91.5,80.75,21.25,0.188470066518847,32.0,0.2838137472283814,True,True,False
24102,0,0.1513652060484213,0.11501272264631043,Eastern Concrete,Broadway Plant,NJ,Eastern Region,other_or_unspecified,4000.0,4000,28.0,standard_28,112.75,strict_group,2318.0,91.5,80.75,21.25,0.188470066518847,32.0,0.2838137472283814,True,True,False
22791,0,0.1513652060484213,0.11501272264631043,Eastern Concrete,Bogota Plant,NJ,Eastern Region,other_or_unspecified,4000.0,4000,28.0,standard_28,105.5,strict_group,2318.0,91.5,80.75,14.0,0.13270142180094788,24.75,0.23459715639810427,True,True,False
23683,0,0.1513652060484213,0.11501272264631043,Eastern Concrete,Bogota Plant,NJ,Eastern Region,other_or_unspecified,4000.0,4000,28.0,standard_28,106.25,strict_group,2318.0,91.5,80.75,14.75,0.1388235294117647,25.5,0.24,True,True,False
27494,0,0.1513652060484213,0.11501272264631043,Eastern Concrete,North Bergen Plant,NJ,Eastern Region,other_or_unspecified,4000.0,4000,28.0,standard_28,111.0,strict_group,2318.0,91.5,80.75,19.5,0.17567567567567569,30.25,0.2725225225225225,True,True,False
24862,0,0.1513652060484213,0.11501272264631043,Eastern Concrete,Broadway Plant,NJ,Eastern Region,other_or_unspecified,4000.0,4000,28.0,standard_28,113.25,strict_group,2318.0,91.5,80.75,21.75,0.19205298013245034,32.5,0.2869757174392936,True,True,False
22877,0,0.1513652060484213,0.11501272264631043,Eastern Concrete,Bogota Plant,NJ,Eastern Region,other_or_unspecified,4000.0,4000,28.0,standard_28,111.75,strict_group,2318.0,91.5,80.75,20.25,0.18120805369127516,31.0,0.27740492170022374,True,True,False
29399,0,0.1508110660730287,0.11501272264631043,Eastern Concrete,Roseland Plant,NJ,Eastern Region,other_or_unspecified,4000.0,4000,28.0,standard_28,119.25,strict_group,2318.0,91.5,80.75,27.75,0.23270440251572327,38.5,0.3228511530398323,True,True,True
22848,1,0.1500121023672776,0.11501272264631043,Eastern Concrete,Bogota Plant,NJ,Eastern Region,other_or_unspecified,3500.0,3500,28.0,standard_28,124.0,strict_group,785.0,97.42857142857143,86.68571428571428,26.57142857142857,0.21428571428571427,37.31428571428572,0.3009216589861751,True,True,True
27467,0,0.1500121023672776,0.11501272264631043,Eastern Concrete,North Bergen Plant,NJ,Eastern Region,other_or_unspecified,3500.0,3500,28.0,standard_28,123.14285714285714,strict_group,785.0,97.42857142857143,86.68571428571428,25.714285714285708,0.20881670533642688,36.457142857142856,0.2960556844547564,True,True,True
24013,0,0.1500121023672776,0.11501272264631043,Eastern Concrete,Broadway Plant,NJ,Eastern Region,other_or_unspecified,3500.0,3500,28.0,standard_28,121.14285714285714,strict_group,785.0,97.42857142857143,86.68571428571428,23.714285714285708,0.19575471698113203,34.457142857142856,0.28443396226415096,True,True,False
29381,1,0.149820412108693,0.11501272264631043,Eastern Concrete,Roseland Plant,NJ,Eastern Region,other_or_unspecified,3000.0,3000,28.0,standard_28,129.33333333333334,strict_group,983.0,108.66666666666667,100.66666666666667,20.66666666666667,0.1597938144329897,28.66666666666667,0.2216494845360825,True,True,False
24584,1,0.1494277737603628,0.11501272264631043,Eastern Concrete,Broadway Plant,NJ,Eastern Region,other_or_unspecified,4000.0,4000,28.0,standard_28,126.25,strict_group,2318.0,91.5,80.75,34.75,0.27524752475247527,45.5,0.3603960396039604,True,True,True
23415,1,0.1494277737603628,0.11501272264631043,Eastern Concrete,Bogota Plant,NJ,Eastern Region,other_or_unspecified,4000.0,4000,28.0,standard_28,129.25,strict_group,2318.0,91.5,80.75,37.75,0.29206963249516443,48.5,0.37524177949709864,True,True,True
27988,1,0.1494277737603628,0.11501272264631043,Eastern Concrete,North Bergen Plant,NJ,Eastern Region,other_or_unspecified,4000.0,4000,28.0,standard_28,127.5,strict_group,2318.0,91.5,80.75,36.0,0.2823529411764706,46.75,0.36666666666666664,True,True,True
25165,0,0.1490108036395222,0.11501272264631043,Eastern Concrete,Howell Plant,NJ,Eastern Region,other_or_unspecified,4000.0,4000,28.0,standard_28,111.25,strict_group,2318.0,91.5,80.75,19.75,0.17752808988764046,30.5,0.27415730337078653,True,True,False
29591,1,0.1486516271787791,0.11501272264631043,Eastern Concrete,West Nyack Plant,NY,Eastern Region,other_or_unspecified,3500.0,3500,28.0,standard_28,127.71428571428571,strict_group,785.0,97.42857142857143,86.68571428571428,30.285714285714278,0.23713646532438473,41.028571428571425,0.32125279642058163,True,True,True
26146,0,0.1480648475795925,0.11501272264631043,Eastern Concrete,Howell Plant,NJ,Eastern Region,other_or_unspecified,3500.0,3500,28.0,standard_28,112.0,strict_group,785.0,97.42857142857143,86.68571428571428,14.57142857142857,0.1301020408163265,25.314285714285717,0.22602040816326532,True,True,False
27189,0,0.1475913796497571,0.11501272264631043,Eastern Concrete,Newark Plant,NJ,Eastern Region,filler,4000.0,4000,28.0,standard_28,119.0,strict_group,125.0,99.25,92.1,19.75,0.16596638655462184,26.900000000000006,0.22605042016806728,True,True,False
26250,0,0.1466722414127567,0.11501272264631043,Eastern Concrete,Newark Plant,NJ,Eastern Region,other_or_unspecified,3500.0,3500,28.0,standard_28,110.28571428571429,strict_group,785.0,97.42857142857143,86.68571428571428,12.857142857142861,0.11658031088082904,23.60000000000001,0.21398963730569956,True,True,False
29953,1,0.1449848043837335,0.11501272264631043,Eastern Concrete,West Nyack Plant,NY,Eastern Region,other_or_unspecified,3500.0,3500,28.0,standard_28,140.57142857142858,strict_group,785.0,97.42857142857143,86.68571428571428,43.14285714285715,0.3069105691056911,53.8857142857143,0.3833333333333334,True,True,True
29420,0,0.1447752144048461,0.11501272264631043,Eastern Concrete,Roseland Plant,NJ,Eastern Region,filler,4000.0,4000,28.0,standard_28,123.25,strict_group,125.0,99.25,92.1,24.0,0.1947261663286004,31.150000000000006,0.252738336713996,True,True,False
26184,0,0.1447414624203994,0.11501272264631043,Eastern Concrete,Newark Plant,NJ,Eastern Region,other_or_unspecified,3000.0,3000,28.0,standard_28,121.33333333333333,strict_group,983.0,108.66666666666667,100.66666666666667,12.666666666666657,0.10439560439560432,20.666666666666657,0.17032967032967025,True,True,False
25060,1,0.1447414624203994,0.11501272264631043,Eastern Concrete,Howell Plant,NJ,Eastern Region,other_or_unspecified,3000.0,3000,28.0,standard_28,131.0,strict_group,983.0,108.66666666666667,100.66666666666667,22.33333333333333,0.1704834605597964,30.33333333333333,0.23155216284987273,True,True,False
23245,0,0.1442230728971847,0.11501272264631043,Eastern Concrete,Bogota Plant,NJ,Eastern Region,other_or_unspecified,4000.0,4000,28.0,standard_28,112.25,strict_group,2318.0,91.5,80.75,20.75,0.18485523385300667,31.5,0.2806236080178174,True,True,False
24414,0,0.1442230728971847,0.11501272264631043,Eastern Concrete,Broadway Plant,NJ,Eastern Region,other_or_unspecified,4000.0,4000,28.0,standard_28,109.75,strict_group,2318.0,91.5,80.75,18.25,0.1662870159453303,29.0,0.2642369020501139,True,True,False
27845,0,0.1442230728971847,0.11501272264631043,Eastern Concrete,North Bergen Plant,NJ,Eastern Region,other_or_unspecified,4000.0,4000,28.0,standard_28,111.5,strict_group,2318.0,91.5,80.75,20.0,0.17937219730941703,30.75,0.2757847533632287,True,True,False
26268,0,0.1440683181180121,0.11501272264631043,Eastern Concrete,Newark Plant,NJ,Eastern Region,other_or_unspecified,3500.0,3500,28.0,standard_28,114.0,strict_group,785.0,97.42857142857143,86.68571428571428,16.57142857142857,0.14536340852130325,27.314285714285717,0.23959899749373437,True,True,False
29645,0,0.1439665684141761,0.11501272264631043,Eastern Concrete,West Nyack Plant,NY,Eastern Region,other_or_unspecified,4000.0,4000,28.0,standard_28,119.25,strict_group,2318.0,91.5,80.75,27.75,0.23270440251572327,38.5,0.3228511530398323,True,True,True
28706,0,0.1432148036774649,0.11501272264631043,Eastern Concrete,Roseland Plant,NJ,Eastern Region,other_or_unspecified,4000.0,4000,28.0,standard_28,122.25,strict_group,2318.0,91.5,80.75,30.75,0.25153374233128833,41.5,0.3394683026584867,True,True,True
4553,0,0.1430014795159986,0.11501272264631043,Cape Cod Ready Mix,Carver Plant,MA,Eastern Region,filler,4000.0,4000,28.0,standard_28,121.25,strict_group,125.0,99.25,92.1,22.0,0.18144329896907216,29.150000000000006,0.24041237113402067,True,True,False
22562,0,0.1424249952422282,0.11501272264631043,Eastern Concrete,Bayonne Plant,NJ,Eastern Region,other_or_unspecified,2500.0,2500,28.0,standard_28,106.0,strict_group,109.0,120.4,112.96000000000001,0.0,0.0,0.0,0.0,True,False,False
26672,0,0.1419752901846188,0.11501272264631043,Eastern Concrete,Newark Plant,NJ,Eastern Region,filler,4000.0,4000,28.0,standard_28,102.5,strict_group,125.0,99.25,92.1,3.25,0.03170731707317073,10.400000000000006,0.1014634146341464,True,False,False
24883,0,0.14098483433752,0.11501272264631043,Eastern Concrete,Broadway Plant,NJ,Eastern Region,other_or_unspecified,4000.0,4000,28.0,standard_28,76.25,strict_group,2318.0,91.5,80.75,0.0,0.0,0.0,0.0,True,False,False
28244,0,0.14098483433752,0.11501272264631043,Eastern Concrete,North Bergen Plant,NJ,Eastern Region,other_or_unspecified,4000.0,4000,28.0,standard_28,77.0,strict_group,2318.0,91.5,80.75,0.0,0.0,0.0,0.0,True,False,False
23704,0,0.14098483433752,0.11501272264631043,Eastern Concrete,Bogota Plant,NJ,Eastern Region,other_or_unspecified,4000.0,4000,28.0,standard_28,79.25,strict_group,2318.0,91.5,80.75,0.0,0.0,0.0,0.0,True,False,False
22574,0,0.1407962706117585,0.11501272264631043,Eastern Concrete,Bayonne Plant,NJ,Eastern Region,other_or_unspecified,4000.0,4000,28.0,standard_28,99.75,strict_group,2318.0,91.5,80.75,8.25,0.08270676691729323,19.0,0.19047619047619047,True,False,False
25042,0,0.1407453621878288,0.11501272264631043,Eastern Concrete,Howell Plant,NJ,Eastern Region,other_or_unspecified,2500.0,2500,28.0,standard_28,122.4,strict_group,109.0,120.4,112.96000000000001,2.0,0.016339869281045753,9.439999999999998,0.07712418300653592,True,False,False
26166,0,0.1407453621878288,0.11501272264631043,Eastern Concrete,Newark Plant,NJ,Eastern Region,other_or_unspecified,2500.0,2500,28.0,standard_28,111.2,strict_group,109.0,120.4,112.96000000000001,0.0,0.0,0.0,0.0,True,False,False
26175,0,0.1407453621878288,0.11501272264631043,Eastern Concrete,Newark Plant,NJ,Eastern Region,other_or_unspecified,2500.0,2500,28.0,standard_28,114.8,strict_group,109.0,120.4,112.96000000000001,0.0,0.0,1.8399999999999892,0.016027874564459837,True,False,False
26176,0,0.1407453621878288,0.11501272264631043,Eastern Concrete,Newark Plant,NJ,Eastern Region,other_or_unspecified,2500.0,2500,28.0,standard_28,115.2,strict_group,109.0,120.4,112.96000000000001,0.0,0.0,2.239999999999995,0.0194444444444444,True,False,False
25047,1,0.1407453621878288,0.11501272264631043,Eastern Concrete,Howell Plant,NJ,Eastern Region,other_or_unspecified,2500.0,2500,28.0,standard_28,126.8,strict_group,109.0,120.4,112.96000000000001,6.3999999999999915,0.05047318611987375,13.83999999999999,0.10914826498422704,True,False,False
25046,1,0.1407453621878288,0.11501272264631043,Eastern Concrete,Howell Plant,NJ,Eastern Region,other_or_unspecified,2500.0,2500,28.0,standard_28,126.8,strict_group,109.0,120.4,112.96000000000001,6.3999999999999915,0.05047318611987375,13.83999999999999,0.10914826498422704,True,False,False
25051,1,0.1407453621878288,0.11501272264631043,Eastern Concrete,Howell Plant,NJ,Eastern Region,other_or_unspecified,2500.0,2500,28.0,standard_28,125.6,strict_group,109.0,120.4,112.96000000000001,5.199999999999989,0.04140127388535023,12.639999999999986,0.10063694267515913,True,False,False
26170,0,0.1407453621878288,0.11501272264631043,Eastern Concrete,Newark Plant,NJ,Eastern Region,other_or_unspecified,2500.0,2500,28.0,standard_28,115.2,strict_group,109.0,120.4,112.96000000000001,0.0,0.0,2.239999999999995,0.0194444444444444,True,False,False
26171,0,0.1407453621878288,0.11501272264631043,Eastern Concrete,Newark Plant,NJ,Eastern Region,other_or_unspecified,2500.0,2500,28.0,standard_28,115.2,strict_group,109.0,120.4,112.96000000000001,0.0,0.0,2.239999999999995,0.0194444444444444,True,False,False
25052,1,0.1407453621878288,0.11501272264631043,Eastern Concrete,Howell Plant,NJ,Eastern Region,other_or_unspecified,2500.0,2500,28.0,standard_28,126.8,strict_group,109.0,120.4,112.96000000000001,6.3999999999999915,0.05047318611987375,13.83999999999999,0.10914826498422704,True,False,False
25557,0,0.1398627732891307,0.11501272264631043,Eastern Concrete,Howell Plant,NJ,Eastern Region,filler,4000.0,4000,28.0,standard_28,110.0,strict_group,125.0,99.25,92.1,10.75,0.09772727272727273,17.900000000000006,0.16272727272727278,True,False,False
28501,0,0.1395813604072195,0.11501272264631043,Eastern Concrete,Roseland Plant,NJ,Eastern Region,other_or_unspecified,4000.0,4000,28.0,standard_28,106.75,strict_group,2318.0,91.5,80.75,15.25,0.14285714285714285,26.0,0.24355971896955503,True,True,False
28445,0,0.1391194084958161,0.11501272264631043,Eastern Concrete,Roseland Plant,NJ,Eastern Region,other_or_unspecified,3500.0,3500,28.0,standard_28,114.28571428571429,strict_group,785.0,97.42857142857143,86.68571428571428,16.85714285714286,0.14750000000000002,27.60000000000001,0.24150000000000005,True,True,False
22831,0,0.1384604639066778,0.11501272264631043,Eastern Concrete,Bogota Plant,NJ,Eastern Region,other_or_unspecified,4000.0,4000,28.0,standard_28,109.5,strict_group,2318.0,91.5,80.75,18.0,0.1643835616438356,28.75,0.2625570776255708,True,True,False
27448,0,0.1384604639066778,0.11501272264631043,Eastern Concrete,North Bergen Plant,NJ,Eastern Region,other_or_unspecified,4000.0,4000,28.0,standard_28,108.75,strict_group,2318.0,91.5,80.75,17.25,0.15862068965517243,28.0,0.2574712643678161,True,True,False
23993,0,0.1384604639066778,0.11501272264631043,Eastern Concrete,Broadway Plant,NJ,Eastern Region,other_or_unspecified,4000.0,4000,28.0,standard_28,107.0,strict_group,2318.0,91.5,80.75,15.5,0.14485981308411214,26.25,0.24532710280373832,True,True,False
29555,0,0.1378873281217789,0.11501272264631043,Eastern Concrete,West Nyack Plant,NY,Eastern Region,other_or_unspecified,3000.0,3000,28.0,standard_28,111.66666666666667,strict_group,983.0,108.66666666666667,100.66666666666667,3.0,0.026865671641791045,11.0,0.09850746268656715,True,False,False
30102,1,0.1376506972405404,0.11501272264631043,Eastern Concrete,West Nyack Plant,NY,Eastern Region,filler,4000.0,4000,28.0,standard_28,134.5,strict_group,125.0,99.25,92.1,35.25,0.2620817843866171,42.400000000000006,0.3152416356877324,True,True,True
26626,0,0.1374856133606842,0.11501272264631043,Eastern Concrete,Newark Plant,NJ,Eastern Region,other_or_unspecified,3000.0,3000,28.0,standard_28,104.66666666666667,strict_group,983.0,108.66666666666667,100.66666666666667,0.0,0.0,4.0,0.03821656050955414,True,False,False
25493,0,0.1374856133606842,0.11501272264631043,Eastern Concrete,Howell Plant,NJ,Eastern Region,other_or_unspecified,3000.0,3000,28.0,standard_28,112.33333333333333,strict_group,983.0,108.66666666666667,100.66666666666667,3.666666666666657,0.03264094955489606,11.666666666666657,0.10385756676557856,True,False,False
26608,0,0.1374856133606842,0.11501272264631043,Eastern Concrete,Newark Plant,NJ,Eastern Region,other_or_unspecified,3000.0,3000,28.0,standard_28,103.0,strict_group,983.0,108.66666666666667,100.66666666666667,0.0,0.0,2.3333333333333286,0.02265372168284785,True,False,False
26609,0,0.1374856133606842,0.11501272264631043,Eastern Concrete,Newark Plant,NJ,Eastern Region,other_or_unspecified,3000.0,3000,28.0,standard_28,103.33333333333333,strict_group,983.0,108.66666666666667,100.66666666666667,0.0,0.0,2.666666666666657,0.025806451612903136,True,False,False
25511,0,0.1374856133606842,0.11501272264631043,Eastern Concrete,Howell Plant,NJ,Eastern Region,other_or_unspecified,3000.0,3000,28.0,standard_28,114.0,strict_group,983.0,108.66666666666667,100.66666666666667,5.333333333333329,0.04678362573099411,13.333333333333329,0.11695906432748533,True,False,False
25492,0,0.1374856133606842,0.11501272264631043,Eastern Concrete,Howell Plant,NJ,Eastern Region,other_or_unspecified,3000.0,3000,28.0,standard_28,112.33333333333333,strict_group,983.0,108.66666666666667,100.66666666666667,3.666666666666657,0.03264094955489606,11.666666666666657,0.10385756676557856,True,False,False
4594,0,0.1370604924046274,0.11501272264631043,Cape Cod Ready Mix,Dennis Plant,MA,Eastern Region,filler,3000.0,3000,28.0,standard_28,29.46666666666667,strict_group,44.0,122.66666666666667,86.8,0.0,0.0,0.0,0.0,True,False,False
4666,0,0.1370604924046274,0.11501272264631043,Cape Cod Ready Mix,Sandwich Plant,MA,Eastern Region,filler,3000.0,3000,28.0,standard_28,22.866666666666664,strict_group,44.0,122.66666666666667,86.8,0.0,0.0,0.0,0.0,True,False,False
26271,0,0.1369402331617822,0.11501272264631043,Eastern Concrete,Newark Plant,NJ,Eastern Region,other_or_unspecified,3500.0,3500,28.0,standard_28,113.71428571428571,strict_group,785.0,97.42857142857143,86.68571428571428,16.285714285714278,0.14321608040200998,27.028571428571425,0.23768844221105526,True,True,False
29616,0,0.1368324292318311,0.11501272264631043,Eastern Concrete,West Nyack Plant,NY,Eastern Region,other_or_unspecified,4000.0,4000,28.0,standard_28,114.75,strict_group,2318.0,91.5,80.75,23.25,0.20261437908496732,34.0,0.2962962962962963,True,True,True
22891,0,0.1364309059599906,0.11501272264631043,Eastern Concrete,Bogota Plant,NJ,Eastern Region,other_or_unspecified,4000.0,4000,28.0,standard_28,113.5,strict_group,2318.0,91.5,80.75,22.0,0.19383259911894274,32.75,0.28854625550660795,True,True,False
27509,0,0.1364309059599906,0.11501272264631043,Eastern Concrete,North Bergen Plant,NJ,Eastern Region,other_or_unspecified,4000.0,4000,28.0,standard_28,113.0,strict_group,2318.0,91.5,80.75,21.5,0.1902654867256637,32.25,0.2853982300884956,True,True,False
24057,0,0.1364309059599906,0.11501272264631043,Eastern Concrete,Broadway Plant,NJ,Eastern Region,other_or_unspecified,4000.0,4000,28.0,standard_28,111.25,strict_group,2318.0,91.5,80.75,19.75,0.17752808988764046,30.5,0.27415730337078653,True,True,False
26033,1,0.1361941298524059,0.11501272264631043,Eastern Concrete,Howell Plant,NJ,Eastern Region,other_or_unspecified,3500.0,3500,28.0,standard_28,129.42857142857142,strict_group,785.0,97.42857142857143,86.68571428571428,31.999999999999986,0.24724061810154516,42.74285714285713,0.330242825607064,True,True,True
27158,1,0.1361941298524059,0.11501272264631043,Eastern Concrete,Newark Plant,NJ,Eastern Region,other_or_unspecified,3500.0,3500,28.0,standard_28,127.71428571428571,strict_group,785.0,97.42857142857143,86.68571428571428,30.285714285714278,0.23713646532438473,41.028571428571425,0.32125279642058163,True,True,True
24059,0,0.1356582766661064,0.11501272264631043,Eastern Concrete,Broadway Plant,NJ,Eastern Region,other_or_unspecified,4000.0,4000,28.0,standard_28,111.0,strict_group,2318.0,91.5,80.75,19.5,0.17567567567567569,30.25,0.2725225225225225,True,True,False
27512,0,0.1356582766661064,0.11501272264631043,Eastern Concrete,North Bergen Plant,NJ,Eastern Region,other_or_unspecified,4000.0,4000,28.0,standard_28,113.0,strict_group,2318.0,91.5,80.75,21.5,0.1902654867256637,32.25,0.2853982300884956,True,True,False
22893,0,0.1356582766661064,0.11501272264631043,Eastern Concrete,Bogota Plant,NJ,Eastern Region,other_or_unspecified,4000.0,4000,28.0,standard_28,113.5,strict_group,2318.0,91.5,80.75,22.0,0.19383259911894274,32.75,0.28854625550660795,True,True,False
29947,1,0.1350168022618598,0.11501272264631043,Eastern Concrete,West Nyack Plant,NY,Eastern Region,other_or_unspecified,3500.0,3500,28.0,standard_28,132.28571428571428,strict_group,785.0,97.42857142857143,86.68571428571428,34.85714285714285,0.26349892008639303,45.599999999999994,0.3447084233261339,True,True,True
28510,0,0.1347797510649752,0.11501272264631043,Eastern Concrete,Roseland Plant,NJ,Eastern Region,other_or_unspecified,4000.0,4000,28.0,standard_28,107.0,strict_group,2318.0,91.5,80.75,15.5,0.14485981308411214,26.25,0.24532710280373832,True,True,False
22772,0,0.1344283876618287,0.11501272264631043,Eastern Concrete,Bogota Plant,NJ,Eastern Region,other_or_unspecified,3500.0,3500,28.0,standard_28,116.85714285714286,strict_group,785.0,97.42857142857143,86.68571428571428,19.42857142857143,0.1662591687041565,30.171428571428578,0.2581907090464548,True,True,False
23929,0,0.1344283876618287,0.11501272264631043,Eastern Concrete,Broadway Plant,NJ,Eastern Region,other_or_unspecified,3500.0,3500,28.0,standard_28,114.0,strict_group,785.0,97.42857142857143,86.68571428571428,16.57142857142857,0.14536340852130325,27.314285714285717,0.23959899749373437,True,True,False
27387,0,0.1344283876618287,0.11501272264631043,Eastern Concrete,North Bergen Plant,NJ,Eastern Region,other_or_unspecified,3500.0,3500,28.0,standard_28,116.28571428571429,strict_group,785.0,97.42857142857143,86.68571428571428,18.85714285714286,0.1621621621621622,29.60000000000001,0.25454545454545463,True,True,False
26023,1,0.1331762330815815,0.11501272264631043,Eastern Concrete,Howell Plant,NJ,Eastern Region,other_or_unspecified,3000.0,3000,28.0,standard_28,126.0,strict_group,983.0,108.66666666666667,100.66666666666667,17.33333333333333,0.13756613756613753,25.33333333333333,0.20105820105820102,True,True,False
27148,1,0.1331762330815815,0.11501272264631043,Eastern Concrete,Newark Plant,NJ,Eastern Region,other_or_unspecified,3000.0,3000,28.0,standard_28,124.33333333333333,strict_group,983.0,108.66666666666667,100.66666666666667,15.666666666666657,0.12600536193029482,23.666666666666657,0.19034852546916883,True,True,False
29945,1,0.132304129455141,0.11501272264631043,Eastern Concrete,West Nyack Plant,NY,Eastern Region,other_or_unspecified,3000.0,3000,28.0,standard_28,126.0,strict_group,983.0,108.66666666666667,100.66666666666667,17.33333333333333,0.13756613756613753,25.33333333333333,0.20105820105820102,True,True,False
29916,0,0.132304129455141,0.11501272264631043,Eastern Concrete,West Nyack Plant,NY,Eastern Region,other_or_unspecified,3000.0,3000,28.0,standard_28,121.66666666666667,strict_group,983.0,108.66666666666667,100.66666666666667,13.0,0.10684931506849314,21.0,0.17260273972602738,True,True,False
29928,0,0.132304129455141,0.11501272264631043,Eastern Concrete,West Nyack Plant,NY,Eastern Region,other_or_unspecified,3000.0,3000,28.0,standard_28,123.0,strict_group,983.0,108.66666666666667,100.66666666666667,14.333333333333329,0.11653116531165308,22.33333333333333,0.18157181571815714,True,True,False
25112,0,0.1319626888043296,0.11501272264631043,Eastern Concrete,Howell Plant,NJ,Eastern Region,other_or_unspecified,3500.0,3500,28.0,standard_28,118.57142857142857,strict_group,785.0,97.42857142857143,86.68571428571428,21.14285714285714,0.17831325301204817,31.885714285714286,0.2689156626506024,True,True,False
22115,0,0.1313411522300874,0.11501272264631043,Conewago Manufacturing,Conewago Manufacturing Plant,PA,Eastern Region,other_or_unspecified,3000.0,3000,28.0,standard_28,97.66666666666667,strict_group,983.0,108.66666666666667,100.66666666666667,0.0,0.0,0.0,0.0,True,False,False
24821,0,0.1310365273334426,0.11501272264631043,Eastern Concrete,Broadway Plant,NJ,Eastern Region,infrastructure,4000.0,4000,28.0,standard_28,123.75,strict_group,76.0,79.1875,74.875,44.5625,0.3601010101010101,48.875,0.39494949494949494,True,True,True
23648,1,0.1310365273334426,0.11501272264631043,Eastern Concrete,Bogota Plant,NJ,Eastern Region,infrastructure,4000.0,4000,28.0,standard_28,126.5,strict_group,76.0,79.1875,74.875,47.3125,0.3740118577075099,51.625,0.40810276679841895,True,True,True
28194,1,0.1310365273334426,0.11501272264631043,Eastern Concrete,North Bergen Plant,NJ,Eastern Region,infrastructure,4000.0,4000,28.0,standard_28,125.0,strict_group,76.0,79.1875,74.875,45.8125,0.3665,50.125,0.401,True,True,True
23324,0,0.1303931098253488,0.11501272264631043,Eastern Concrete,Bogota Plant,NJ,Eastern Region,other_or_unspecified,4000.0,4000,28.0,standard_28,117.5,strict_group,2318.0,91.5,80.75,26.0,0.22127659574468084,36.75,0.3127659574468085,True,True,True
24493,0,0.1303931098253488,0.11501272264631043,Eastern Concrete,Broadway Plant,NJ,Eastern Region,other_or_unspecified,4000.0,4000,28.0,standard_28,115.0,strict_group,2318.0,91.5,80.75,23.5,0.20434782608695654,34.25,0.29782608695652174,True,True,True
22846,0,0.1298601682450234,0.11501272264631043,Eastern Concrete,Bogota Plant,NJ,Eastern Region,other_or_unspecified,4000.0,4000,28.0,standard_28,110.25,strict_group,2318.0,91.5,80.75,18.75,0.17006802721088435,29.5,0.2675736961451247,True,True,False
24011,0,0.1298601682450234,0.11501272264631043,Eastern Concrete,Broadway Plant,NJ,Eastern Region,other_or_unspecified,4000.0,4000,28.0,standard_28,107.25,strict_group,2318.0,91.5,80.75,15.75,0.14685314685314685,26.5,0.24708624708624707,True,True,False
27465,0,0.1298601682450234,0.11501272264631043,Eastern Concrete,North Bergen Plant,NJ,Eastern Region,other_or_unspecified,4000.0,4000,28.0,standard_28,109.0,strict_group,2318.0,91.5,80.75,17.5,0.16055045871559634,28.25,0.2591743119266055,True,True,False
29921,1,0.1296698221291335,0.11501272264631043,Eastern Concrete,West Nyack Plant,NY,Eastern Region,other_or_unspecified,3000.0,3000,28.0,standard_28,127.0,strict_group,983.0,108.66666666666667,100.66666666666667,18.33333333333333,0.14435695538057738,26.33333333333333,0.20734908136482935,True,True,False
27386,0,0.1295234028104409,0.11501272264631043,Eastern Concrete,North Bergen Plant,NJ,Eastern Region,other_or_unspecified,3500.0,3500,28.0,standard_28,116.57142857142857,strict_group,785.0,97.42857142857143,86.68571428571428,19.14285714285714,0.16421568627450978,29.885714285714286,0.2563725490196079,True,True,False
23928,0,0.1295234028104409,0.11501272264631043,Eastern Concrete,Broadway Plant,NJ,Eastern Region,other_or_unspecified,3500.0,3500,28.0,standard_28,114.28571428571429,strict_group,785.0,97.42857142857143,86.68571428571428,16.85714285714286,0.14750000000000002,27.60000000000001,0.24150000000000005,True,True,False
22771,0,0.1295234028104409,0.11501272264631043,Eastern Concrete,Bogota Plant,NJ,Eastern Region,other_or_unspecified,3500.0,3500,28.0,standard_28,116.85714285714286,strict_group,785.0,97.42857142857143,86.68571428571428,19.42857142857143,0.1662591687041565,30.171428571428578,0.2581907090464548,True,True,False
29548,1,0.1294915504920451,0.11501272264631043,Eastern Concrete,West Nyack Plant,NY,Eastern Region,other_or_unspecified,3000.0,3000,28.0,standard_28,125.0,strict_group,983.0,108.66666666666667,100.66666666666667,16.33333333333333,0.13066666666666663,24.33333333333333,0.19466666666666663,True,True,False
26257,0,0.1293479684151052,0.11501272264631043,Eastern Concrete,Newark Plant,NJ,Eastern Region,other_or_unspecified,3500.0,3500,28.0,standard_28,114.0,strict_group,785.0,97.42857142857143,86.68571428571428,16.57142857142857,0.14536340852130325,27.314285714285717,0.23959899749373437,True,True,False
25191,0,0.1284287807289313,0.11501272264631043,Eastern Concrete,Howell Plant,NJ,Eastern Region,other_or_unspecified,4000.0,4000,28.0,standard_28,109.25,strict_group,2318.0,91.5,80.75,17.75,0.16247139588100687,28.5,0.2608695652173913,True,True,False
27908,0,0.1281373359585192,0.11501272264631043,Eastern Concrete,North Bergen Plant,NJ,Eastern Region,other_or_unspecified,4000.0,4000,28.0,standard_28,116.25,strict_group,2318.0,91.5,80.75,24.75,0.2129032258064516,35.5,0.3053763440860215,True,True,True
23327,0,0.1281373359585192,0.11501272264631043,Eastern Concrete,Bogota Plant,NJ,Eastern Region,other_or_unspecified,4000.0,4000,28.0,standard_28,117.0,strict_group,2318.0,91.5,80.75,25.5,0.21794871794871795,36.25,0.30982905982905984,True,True,True
24496,0,0.1281373359585192,0.11501272264631043,Eastern Concrete,Broadway Plant,NJ,Eastern Region,other_or_unspecified,4000.0,4000,28.0,standard_28,114.5,strict_group,2318.0,91.5,80.75,23.0,0.20087336244541484,33.75,0.29475982532751094,True,True,True
25607,0,0.1281228033436847,0.11501272264631043,Eastern Concrete,Howell Plant,NJ,Eastern Region,other_or_unspecified,4000.0,4000,28.0,standard_28,114.75,strict_group,2318.0,91.5,80.75,23.25,0.20261437908496732,34.0,0.2962962962962963,True,True,True
28380,1,0.1279053625274562,0.11501272264631043,Eastern Concrete,Roseland Plant,NJ,Eastern Region,other_or_unspecified,2500.0,2500,28.0,standard_28,127.2,strict_group,109.0,120.4,112.96000000000001,6.799999999999997,0.05345911949685532,14.239999999999995,0.11194968553459116,True,False,False
33218,0,0.1277434441835309,0.11501272264631043,Hood River Sand and Gravel,The Dalles Plant,OR,Pacific Northwest Region,other_or_unspecified,4000.0,4000,28.0,standard_28,93.0,strict_group,62.0,61.3125,57.525,31.6875,0.3407258064516129,35.475,0.3814516129032258,True,True,True
25490,0,0.1273375122580092,0.11501272264631043,Eastern Concrete,Howell Plant,NJ,Eastern Region,other_or_unspecified,3000.0,3000,28.0,standard_28,113.0,strict_group,983.0,108.66666666666667,100.66666666666667,4.333333333333329,0.038348082595870164,12.333333333333329,0.10914454277286131,True,False,False
25489,0,0.1273375122580092,0.11501272264631043,Eastern Concrete,Howell Plant,NJ,Eastern Region,other_or_unspecified,3000.0,3000,28.0,standard_28,113.0,strict_group,983.0,108.66666666666667,100.66666666666667,4.333333333333329,0.038348082595870164,12.333333333333329,0.10914454277286131,True,False,False
25521,0,0.1273375122580092,0.11501272264631043,Eastern Concrete,Howell Plant,NJ,Eastern Region,other_or_unspecified,3000.0,3000,28.0,standard_28,115.66666666666667,strict_group,983.0,108.66666666666667,100.66666666666667,7.0,0.06051873198847262,15.0,0.12968299711815562,True,False,False
26649,0,0.1273375122580092,0.11501272264631043,Eastern Concrete,Newark Plant,NJ,Eastern Region,other_or_unspecified,3000.0,3000,28.0,standard_28,110.33333333333333,strict_group,983.0,108.66666666666667,100.66666666666667,1.6666666666666572,0.015105740181268796,9.666666666666657,0.08761329305135944,True,False,False
26636,0,0.1273375122580092,0.11501272264631043,Eastern Concrete,Newark Plant,NJ,Eastern Region,other_or_unspecified,3000.0,3000,28.0,standard_28,107.0,strict_group,983.0,108.66666666666667,100.66666666666667,0.0,0.0,6.333333333333329,0.05919003115264793,True,False,False
25515,0,0.1273375122580092,0.11501272264631043,Eastern Concrete,Howell Plant,NJ,Eastern Region,other_or_unspecified,3000.0,3000,28.0,standard_28,116.33333333333333,strict_group,983.0,108.66666666666667,100.66666666666667,7.666666666666657,0.06590257879656153,15.666666666666657,0.13467048710601712,True,False,False
25534,0,0.1273375122580092,0.11501272264631043,Eastern Concrete,Howell Plant,NJ,Eastern Region,other_or_unspecified,3000.0,3000,28.0,standard_28,119.66666666666667,strict_group,983.0,108.66666666666667,100.66666666666667,11.0,0.09192200557103064,19.0,0.15877437325905291,True,False,False
26630,0,0.1273375122580092,0.11501272264631043,Eastern Concrete,Newark Plant,NJ,Eastern Region,other_or_unspecified,3000.0,3000,28.0,standard_28,107.0,strict_group,983.0,108.66666666666667,100.66666666666667,0.0,0.0,6.333333333333329,0.05919003115264793,True,False,False
26605,0,0.1273375122580092,0.11501272264631043,Eastern Concrete,Newark Plant,NJ,Eastern Region,other_or_unspecified,3000.0,3000,28.0,standard_28,103.66666666666667,strict_group,983.0,108.66666666666667,100.66666666666667,0.0,0.0,3.0,0.028938906752411574,True,False,False
26606,0,0.1273375122580092,0.11501272264631043,Eastern Concrete,Newark Plant,NJ,Eastern Region,other_or_unspecified,3000.0,3000,28.0,standard_28,103.66666666666667,strict_group,983.0,108.66666666666667,100.66666666666667,0.0,0.0,3.0,0.028938906752411574,True,False,False
22890,0,0.1259989103021346,0.11501272264631043,Eastern Concrete,Bogota Plant,NJ,Eastern Region,other_or_unspecified,4000.0,4000,28.0,standard_28,113.75,strict_group,2318.0,91.5,80.75,22.25,0.1956043956043956,33.0,0.29010989010989013,True,True,False
24055,0,0.1259989103021346,0.11501272264631043,Eastern Concrete,Broadway Plant,NJ,Eastern Region,other_or_unspecified,4000.0,4000,28.0,standard_28,111.25,strict_group,2318.0,91.5,80.75,19.75,0.17752808988764046,30.5,0.27415730337078653,True,True,False
27507,0,0.1259989103021346,0.11501272264631043,Eastern Concrete,North Bergen Plant,NJ,Eastern Region,other_or_unspecified,4000.0,4000,28.0,standard_28,113.25,strict_group,2318.0,91.5,80.75,21.75,0.19205298013245034,32.5,0.2869757174392936,True,True,False
22754,0,0.1257903545337017,0.11501272264631043,Eastern Concrete,Bogota Plant,NJ,Eastern Region,other_or_unspecified,3000.0,3000,28.0,standard_28,116.66666666666667,strict_group,983.0,108.66666666666667,100.66666666666667,8.0,0.06857142857142857,16.0,0.13714285714285715,True,False,False
23908,0,0.1257903545337017,0.11501272264631043,Eastern Concrete,Broadway Plant,NJ,Eastern Region,other_or_unspecified,3000.0,3000,28.0,standard_28,113.0,strict_group,983.0,108.66666666666667,100.66666666666667,4.333333333333329,0.038348082595870164,12.333333333333329,0.10914454277286131,True,False,False
29950,1,0.1257728059299663,0.11501272264631043,Eastern Concrete,West Nyack Plant,NY,Eastern Region,filler,3500.0,3500,28.0,standard_28,130.28571428571428,strict_group,95.0,116.85714285714286,110.11428571428571,13.428571428571416,0.10307017543859641,20.171428571428564,0.15482456140350873,True,True,False
23717,0,0.1249093581747945,0.11501272264631043,Eastern Concrete,Bogota Plant,NJ,Eastern Region,other_or_unspecified,4000.0,4000,28.0,standard_28,121.5,strict_group,2318.0,91.5,80.75,30.0,0.24691358024691357,40.75,0.33539094650205764,True,True,True
28268,0,0.1249093581747945,0.11501272264631043,Eastern Concrete,North Bergen Plant,NJ,Eastern Region,other_or_unspecified,4000.0,4000,28.0,standard_28,119.75,strict_group,2318.0,91.5,80.75,28.25,0.2359081419624217,39.0,0.325678496868476,True,True,True
24911,0,0.1249093581747945,0.11501272264631043,Eastern Concrete,Broadway Plant,NJ,Eastern Region,other_or_unspecified,4000.0,4000,28.0,standard_28,119.5,strict_group,2318.0,91.5,80.75,28.0,0.23430962343096234,38.75,0.32426778242677823,True,True,True
23733,0,0.1249093581747945,0.11501272264631043,Eastern Concrete,Bogota Plant,NJ,Eastern Region,other_or_unspecified,4000.0,4000,28.0,standard_28,122.5,strict_group,2318.0,91.5,80.75,31.0,0.2530612244897959,41.75,0.3408163265306122,True,True,True
28255,0,0.1249093581747945,0.11501272264631043,Eastern Concrete,North Bergen Plant,NJ,Eastern Region,other_or_unspecified,4000.0,4000,28.0,standard_28,118.75,strict_group,2318.0,91.5,80.75,27.25,0.2294736842105263,38.0,0.32,True,True,True
24896,0,0.1249093581747945,0.11501272264631043,Eastern Concrete,Broadway Plant,NJ,Eastern Region,other_or_unspecified,4000.0,4000,28.0,standard_28,118.5,strict_group,2318.0,91.5,80.75,27.0,0.22784810126582278,37.75,0.31856540084388185,True,True,True
26056,0,0.1244992533713159,0.11501272264631043,Eastern Concrete,Howell Plant,NJ,Eastern Region,other_or_unspecified,4000.0,4000,28.0,standard_28,118.5,strict_group,2318.0,91.5,80.75,27.0,0.22784810126582278,37.75,0.31856540084388185,True,True,True
26041,0,0.1244992533713159,0.11501272264631043,Eastern Concrete,Howell Plant,NJ,Eastern Region,other_or_unspecified,4000.0,4000,28.0,standard_28,117.0,strict_group,2318.0,91.5,80.75,25.5,0.21794871794871795,36.25,0.30982905982905984,True,True,True
27182,0,0.1244992533713159,0.11501272264631043,Eastern Concrete,Newark Plant,NJ,Eastern Region,other_or_unspecified,4000.0,4000,28.0,standard_28,116.25,strict_group,2318.0,91.5,80.75,24.75,0.2129032258064516,35.5,0.3053763440860215,True,True,True
27166,0,0.1244992533713159,0.11501272264631043,Eastern Concrete,Newark Plant,NJ,Eastern Region,other_or_unspecified,4000.0,4000,28.0,standard_28,115.25,strict_group,2318.0,91.5,80.75,23.75,0.20607375271149675,34.5,0.2993492407809111,True,True,True
28902,0,0.1240731183351217,0.11501272264631043,Eastern Concrete,Roseland Plant,NJ,Eastern Region,filler,4000.0,4000,28.0,standard_28,106.5,strict_group,125.0,99.25,92.1,7.25,0.06807511737089202,14.400000000000006,0.13521126760563384,True,False,False
24541,0,0.1239340029364297,0.11501272264631043,Eastern Concrete,Broadway Plant,NJ,Eastern Region,other_or_unspecified,4000.0,4000,28.0,standard_28,123.25,strict_group,2318.0,91.5,80.75,31.75,0.25760649087221094,42.5,0.3448275862068966,True,True,True
27947,1,0.1239340029364297,0.11501272264631043,Eastern Concrete,North Bergen Plant,NJ,Eastern Region,other_or_unspecified,4000.0,4000,28.0,standard_28,124.75,strict_group,2318.0,91.5,80.75,33.25,0.2665330661322645,44.0,0.3527054108216433,True,True,True
23372,1,0.1239340029364297,0.11501272264631043,Eastern Concrete,Bogota Plant,NJ,Eastern Region,other_or_unspecified,4000.0,4000,28.0,standard_28,125.75,strict_group,2318.0,91.5,80.75,34.25,0.27236580516898606,45.0,0.35785288270377735,True,True,True
2134,0,0.1236055399576864,0.11501272264631043,Boston Sand & Gravel,Boston Sand & Gravel,MA,Eastern Region,other_or_unspecified,3000.0,3000,28.0,standard_28,61.666666666666664,strict_group,983.0,108.66666666666667,100.66666666666667,0.0,0.0,0.0,0.0,True,False,False
33158,0,0.1231286412161336,0.11501272264631043,Hood River Sand and Gravel,Hood River Plant,OR,Pacific Northwest Region,other_or_unspecified,4000.0,4000,28.0,standard_28,106.75,strict_group,62.0,61.3125,57.525,45.4375,0.42564402810304447,49.225,0.4611241217798595,True,True,True
34292,0,0.1230312223476033,0.11501272264631043,"Martin Marietta - Smyrna Ready Mix Concrete, LLC.",Chambers Plant,CO,Rocky Mountains Region,filler,3000.0,3000,28.0,standard_28,101.33333333333333,strict_group,5.0,100.0,99.6,1.3333333333333286,0.01315789473684206,1.7333333333333343,0.01710526315789475,True,False,False
25693,0,0.1229783888007488,0.11501272264631043,Eastern Concrete,Howell Plant,NJ,Eastern Region,filler,4000.0,4000,28.0,standard_28,122.25,strict_group,125.0,99.25,92.1,23.0,0.18813905930470348,30.150000000000006,0.2466257668711657,True,True,False
26289,0,0.1228642538067347,0.11501272264631043,Eastern Concrete,Newark Plant,NJ,Eastern Region,other_or_unspecified,4000.0,4000,28.0,standard_28,103.0,strict_group,2318.0,91.5,80.75,11.5,0.11165048543689321,22.25,0.21601941747572814,True,True,False
25236,0,0.1228523908534331,0.11501272264631043,Eastern Concrete,Howell Plant,NJ,Eastern Region,other_or_unspecified,4000.0,4000,28.0,standard_28,115.25,strict_group,2318.0,91.5,80.75,23.75,0.20607375271149675,34.5,0.2993492407809111,True,True,True
24812,0,0.1228239193430462,0.11501272264631043,Eastern Concrete,Broadway Plant,NJ,Eastern Region,infrastructure,4000.0,4000,28.0,standard_28,77.25,strict_group,76.0,79.1875,74.875,0.0,0.0,2.375,0.030744336569579287,True,False,False
23641,0,0.1228239193430462,0.11501272264631043,Eastern Concrete,Bogota Plant,NJ,Eastern Region,infrastructure,4000.0,4000,28.0,standard_28,80.5,strict_group,76.0,79.1875,74.875,1.3125,0.016304347826086956,5.625,0.06987577639751552,True,False,False
28187,0,0.1228239193430462,0.11501272264631043,Eastern Concrete,North Bergen Plant,NJ,Eastern Region,infrastructure,4000.0,4000,28.0,standard_28,79.5,strict_group,76.0,79.1875,74.875,0.3125,0.003930817610062893,4.625,0.05817610062893082,True,False,False
25614,0,0.1221450656977199,0.11501272264631043,Eastern Concrete,Howell Plant,NJ,Eastern Region,filler,4000.0,4000,28.0,standard_28,114.75,strict_group,125.0,99.25,92.1,15.5,0.13507625272331156,22.650000000000006,0.19738562091503273,True,True,False
22667,0,0.1217653986402781,0.11501272264631043,Eastern Concrete,Bayonne Plant,NJ,Eastern Region,other_or_unspecified,3000.0,3000,28.0,standard_28,95.33333333333333,strict_group,983.0,108.66666666666667,100.66666666666667,0.0,0.0,0.0,0.0,True,False,False
22327,0,0.1214815231913954,0.11501272264631043,CTI Ready Mix,CTI Ready Mix Elkhart Plant,IA,North Central Region,filler,1500.0,1500,28.0,standard_28,74.66666666666667,regional_strength_group,6.0,70.66666666666666,67.76666666666667,4.000000000000014,0.053571428571428756,6.900000000000006,0.09241071428571436,True,False,False
22292,0,0.1214815231913954,0.11501272264631043,CTI Ready Mix,CTI Ready Mix Carlisle Plant,IA,North Central Region,filler,1500.0,1500,28.0,standard_28,69.33333333333333,regional_strength_group,6.0,70.66666666666666,67.76666666666667,0.0,0.0,1.5666666666666629,0.022596153846153794,True,False,False
26817,0,0.1210823284286274,0.11501272264631043,Eastern Concrete,Newark Plant,NJ,Eastern Region,other_or_unspecified,4000.0,4000,28.0,standard_28,119.75,strict_group,2318.0,91.5,80.75,28.25,0.2359081419624217,39.0,0.325678496868476,True,True,True
27385,0,0.120771592574357,0.11501272264631043,Eastern Concrete,North Bergen Plant,NJ,Eastern Region,other_or_unspecified,3500.0,3500,28.0,standard_28,116.28571428571429,strict_group,785.0,97.42857142857143,86.68571428571428,18.85714285714286,0.1621621621621622,29.60000000000001,0.25454545454545463,True,True,False
23927,0,0.120771592574357,0.11501272264631043,Eastern Concrete,Broadway Plant,NJ,Eastern Region,other_or_unspecified,3500.0,3500,28.0,standard_28,114.0,strict_group,785.0,97.42857142857143,86.68571428571428,16.57142857142857,0.14536340852130325,27.314285714285717,0.23959899749373437,True,True,False
22770,0,0.120771592574357,0.11501272264631043,Eastern Concrete,Bogota Plant,NJ,Eastern Region,other_or_unspecified,3500.0,3500,28.0,standard_28,116.85714285714286,strict_group,785.0,97.42857142857143,86.68571428571428,19.42857142857143,0.1662591687041565,30.171428571428578,0.2581907090464548,True,True,False
24893,0,0.1200606670600189,0.11501272264631043,Eastern Concrete,Broadway Plant,NJ,Eastern Region,filler,3500.0,3500,28.0,standard_28,103.14285714285714,strict_group,95.0,116.85714285714286,110.11428571428571,0.0,0.0,0.0,0.0,True,False,False
28253,0,0.1200606670600189,0.11501272264631043,Eastern Concrete,North Bergen Plant,NJ,Eastern Region,filler,3500.0,3500,28.0,standard_28,103.71428571428571,strict_group,95.0,116.85714285714286,110.11428571428571,0.0,0.0,0.0,0.0,True,False,False
23714,0,0.1200606670600189,0.11501272264631043,Eastern Concrete,Bogota Plant,NJ,Eastern Region,filler,3500.0,3500,28.0,standard_28,106.57142857142857,strict_group,95.0,116.85714285714286,110.11428571428571,0.0,0.0,0.0,0.0,True,False,False
29379,0,0.1200532028121953,0.11501272264631043,Eastern Concrete,Roseland Plant,NJ,Eastern Region,other_or_unspecified,3000.0,3000,28.0,standard_28,123.0,strict_group,983.0,108.66666666666667,100.66666666666667,14.333333333333329,0.11653116531165308,22.33333333333333,0.18157181571815714,True,True,False
24014,0,0.1195630556264457,0.11501272264631043,Eastern Concrete,Broadway Plant,NJ,Eastern Region,other_or_unspecified,4000.0,4000,28.0,standard_28,106.0,strict_group,2318.0,91.5,80.75,14.5,0.13679245283018868,25.25,0.23820754716981132,True,True,False
22849,0,0.1195630556264457,0.11501272264631043,Eastern Concrete,Bogota Plant,NJ,Eastern Region,other_or_unspecified,4000.0,4000,28.0,standard_28,108.75,strict_group,2318.0,91.5,80.75,17.25,0.15862068965517243,28.0,0.2574712643678161,True,True,False
22673,0,0.1194108457111466,0.11501272264631043,Eastern Concrete,Bayonne Plant,NJ,Eastern Region,other_or_unspecified,4000.0,4000,28.0,standard_28,102.25,strict_group,2318.0,91.5,80.75,10.75,0.10513447432762836,21.5,0.21026894865525672,True,True,False
30428,0,0.1192203605512527,0.11501272264631043,Eastern Concrete,West Nyack Plant,NY,Eastern Region,other_or_unspecified,3000.0,3000,28.0,standard_28,113.33333333333333,strict_group,983.0,108.66666666666667,100.66666666666667,4.666666666666657,0.04117647058823521,12.666666666666657,0.11176470588235286,True,False,False
25242,0,0.1188072176010527,0.11501272264631043,Eastern Concrete,Howell Plant,NJ,Eastern Region,other_or_unspecified,4000.0,4000,28.0,standard_28,115.25,strict_group,2318.0,91.5,80.75,23.75,0.20607375271149675,34.5,0.2993492407809111,True,True,True
26063,0,0.1187263028580261,0.11501272264631043,Eastern Concrete,Howell Plant,NJ,Eastern Region,filler,4000.0,4000,28.0,standard_28,121.0,strict_group,125.0,99.25,92.1,21.75,0.1797520661157025,28.900000000000006,0.23884297520661163,True,True,False
27421,0,0.1183582253414456,0.11501272264631043,Eastern Concrete,North Bergen Plant,NJ,Eastern Region,other_or_unspecified,3500.0,3500,28.0,standard_28,120.57142857142857,strict_group,785.0,97.42857142857143,86.68571428571428,23.14285714285714,0.1919431279620853,33.885714285714286,0.28104265402843603,True,True,False
23964,0,0.1183582253414456,0.11501272264631043,Eastern Concrete,Broadway Plant,NJ,Eastern Region,other_or_unspecified,3500.0,3500,28.0,standard_28,118.28571428571429,strict_group,785.0,97.42857142857143,86.68571428571428,20.85714285714286,0.17632850241545897,31.60000000000001,0.2671497584541063,True,True,False
22804,0,0.1183582253414456,0.11501272264631043,Eastern Concrete,Bogota Plant,NJ,Eastern Region,other_or_unspecified,3500.0,3500,28.0,standard_28,121.14285714285714,strict_group,785.0,97.42857142857143,86.68571428571428,23.714285714285708,0.19575471698113203,34.457142857142856,0.28443396226415096,True,True,False
33132,0,0.1176130884593048,0.11501272264631043,Hood River Sand and Gravel,Hood River Plant,OR,Pacific Northwest Region,filler,3000.0,3000,28.0,standard_28,112.0,strict_group,8.0,98.75,96.9,13.25,0.11830357142857142,15.099999999999994,0.1348214285714285,True,True,False
28572,0,0.1174701472864559,0.11501272264631043,Eastern Concrete,Roseland Plant,NJ,Eastern Region,other_or_unspecified,4000.0,4000,28.0,standard_28,111.25,strict_group,2318.0,91.5,80.75,19.75,0.17752808988764046,30.5,0.27415730337078653,True,True,False
30017,1,0.1169913955636828,0.11501272264631043,Eastern Concrete,West Nyack Plant,NY,Eastern Region,other_or_unspecified,3500.0,3500,28.0,standard_28,139.14285714285714,strict_group,785.0,97.42857142857143,86.68571428571428,41.71428571428571,0.29979466119096504,52.457142857142856,0.37700205338809034,True,True,True
25133,0,0.1169067889476977,0.11501272264631043,Eastern Concrete,Howell Plant,NJ,Eastern Region,other_or_unspecified,3500.0,3500,28.0,standard_28,122.57142857142857,strict_group,785.0,97.42857142857143,86.68571428571428,25.14285714285714,0.2051282051282051,35.885714285714286,0.29277389277389276,True,True,True
28961,0,0.1164738178027231,0.11501272264631043,Eastern Concrete,Roseland Plant,NJ,Eastern Region,filler,4000.0,4000,28.0,standard_28,110.5,strict_group,125.0,99.25,92.1,11.25,0.10180995475113122,18.400000000000006,0.16651583710407244,True,True,False
29019,0,0.1160038937456242,0.11501272264631043,Eastern Concrete,Roseland Plant,NJ,Eastern Region,other_or_unspecified,4000.0,4000,28.0,standard_28,116.5,strict_group,2318.0,91.5,80.75,25.0,0.2145922746781116,35.75,0.30686695278969955,True,True,True
24480,0,0.1158483897769726,0.11501272264631043,Eastern Concrete,Broadway Plant,NJ,Eastern Region,other_or_unspecified,4000.0,4000,28.0,standard_28,113.0,strict_group,2318.0,91.5,80.75,21.5,0.1902654867256637,32.25,0.2853982300884956,True,True,False
23311,0,0.1158483897769726,0.11501272264631043,Eastern Concrete,Bogota Plant,NJ,Eastern Region,other_or_unspecified,4000.0,4000,28.0,standard_28,115.75,strict_group,2318.0,91.5,80.75,24.25,0.20950323974082075,35.0,0.3023758099352052,True,True,True
25660,0,0.1158150300679508,0.11501272264631043,Eastern Concrete,Howell Plant,NJ,Eastern Region,filler,4000.0,4000,28.0,standard_28,118.25,strict_group,125.0,99.25,92.1,19.0,0.160676532769556,26.150000000000006,0.22114164904862585,True,True,False
30067,1,0.1157936738205668,0.11501272264631043,Eastern Concrete,West Nyack Plant,NY,Eastern Region,filler,4000.0,4000,28.0,standard_28,127.0,strict_group,125.0,99.25,92.1,27.75,0.21850393700787402,34.900000000000006,0.27480314960629926,True,True,True
28447,0,0.1154698424515439,0.11501272264631043,Eastern Concrete,Roseland Plant,NJ,Eastern Region,other_or_unspecified,3500.0,3500,28.0,standard_28,114.28571428571429,strict_group,785.0,97.42857142857143,86.68571428571428,16.85714285714286,0.14750000000000002,27.60000000000001,0.24150000000000005,True,True,False
26138,0,0.1150844322604049,0.11501272264631043,Eastern Concrete,Howell Plant,NJ,Eastern Region,other_or_unspecified,3000.0,3000,28.0,standard_28,109.0,strict_group,983.0,108.66666666666667,100.66666666666667,0.3333333333333286,0.003058103975535125,8.333333333333329,0.07645259938837916,True,False,False
27289,0,0.1150844322604049,0.11501272264631043,Eastern Concrete,Newark Plant,NJ,Eastern Region,other_or_unspecified,3000.0,3000,28.0,standard_28,96.33333333333333,strict_group,983.0,108.66666666666667,100.66666666666667,0.0,0.0,0.0,0.0,True,False,False
23771,0,0.1147438709265834,0.11501272264631043,Eastern Concrete,Bogota Plant,NJ,Eastern Region,other_or_unspecified,3000.0,3000,28.0,standard_28,108.33333333333333,strict_group,983.0,108.66666666666667,100.66666666666667,0.0,0.0,7.666666666666657,0.07076923076923068,True,False,False
27440,0,0.1147241300390603,0.11501272264631043,Eastern Concrete,North Bergen Plant,NJ,Eastern Region,other_or_unspecified,4000.0,4000,28.0,standard_28,108.75,strict_group,2318.0,91.5,80.75,17.25,0.15862068965517243,28.0,0.2574712643678161,True,True,False
22822,0,0.1147241300390603,0.11501272264631043,Eastern Concrete,Bogota Plant,NJ,Eastern Region,other_or_unspecified,4000.0,4000,28.0,standard_28,109.25,strict_group,2318.0,91.5,80.75,17.75,0.16247139588100687,28.5,0.2608695652173913,True,True,False
23983,0,0.1147241300390603,0.11501272264631043,Eastern Concrete,Broadway Plant,NJ,Eastern Region,other_or_unspecified,4000.0,4000,28.0,standard_28,106.75,strict_group,2318.0,91.5,80.75,15.25,0.14285714285714285,26.0,0.24355971896955503,True,True,False
26648,0,0.1143727464037858,0.11501272264631043,Eastern Concrete,Newark Plant,NJ,Eastern Region,other_or_unspecified,3500.0,3500,28.0,standard_28,122.85714285714286,strict_group,785.0,97.42857142857143,86.68571428571428,25.42857142857143,0.20697674418604653,36.17142857142858,0.2944186046511628,True,True,True
26855,0,0.1143292519237018,0.11501272264631043,Eastern Concrete,Newark Plant,NJ,Eastern Region,other_or_unspecified,4000.0,4000,28.0,standard_28,122.5,strict_group,2318.0,91.5,80.75,31.0,0.2530612244897959,41.75,0.3408163265306122,True,True,True
23963,0,0.1142095186241013,0.11501272264631043,Eastern Concrete,Broadway Plant,NJ,Eastern Region,other_or_unspecified,3500.0,3500,28.0,standard_28,118.28571428571429,strict_group,785.0,97.42857142857143,86.68571428571428,20.85714285714286,0.17632850241545897,31.60000000000001,0.2671497584541063,True,True,False
22803,0,0.1142095186241013,0.11501272264631043,Eastern Concrete,Bogota Plant,NJ,Eastern Region,other_or_unspecified,3500.0,3500,28.0,standard_28,121.14285714285714,strict_group,785.0,97.42857142857143,86.68571428571428,23.714285714285708,0.19575471698113203,34.457142857142856,0.28443396226415096,True,True,False
27420,0,0.1142095186241013,0.11501272264631043,Eastern Concrete,North Bergen Plant,NJ,Eastern Region,other_or_unspecified,3500.0,3500,28.0,standard_28,120.57142857142857,strict_group,785.0,97.42857142857143,86.68571428571428,23.14285714285714,0.1919431279620853,33.885714285714286,0.28104265402843603,True,True,False
27091,0,0.1140831628189315,0.11501272264631043,Eastern Concrete,Newark Plant,NJ,Eastern Region,infrastructure,4000.0,4000,28.0,standard_28,89.25,strict_group,76.0,79.1875,74.875,10.0625,0.11274509803921569,14.375,0.16106442577030813,True,True,False
27081,0,0.1140831628189315,0.11501272264631043,Eastern Concrete,Newark Plant,NJ,Eastern Region,infrastructure,4000.0,4000,28.0,standard_28,75.75,strict_group,76.0,79.1875,74.875,0.0,0.0,0.875,0.01155115511551155,True,False,False
27082,0,0.1140831628189315,0.11501272264631043,Eastern Concrete,Newark Plant,NJ,Eastern Region,infrastructure,4000.0,4000,28.0,standard_28,75.75,strict_group,76.0,79.1875,74.875,0.0,0.0,0.875,0.01155115511551155,True,False,False
26530,1,0.1138845348032285,0.11501272264631043,Eastern Concrete,Newark Plant,NJ,Eastern Region,other_or_unspecified,4000.0,4000,28.0,standard_28,125.75,strict_group,2318.0,91.5,80.75,34.25,0.27236580516898606,45.0,0.35785288270377735,True,True,True
28948,0,0.1138078489383682,0.11501272264631043,Eastern Concrete,Roseland Plant,NJ,Eastern Region,other_or_unspecified,4000.0,4000,28.0,standard_28,110.25,strict_group,2318.0,91.5,80.75,18.75,0.17006802721088435,29.5,0.2675736961451247,True,True,False
2026,0,0.1136755384437643,0.11501272264631043,Bonded Concrete Inc. / The Clemente Group,Pleasant Valley Plant,NY,Eastern Region,other_or_unspecified,3500.0,3500,28.0,standard_28,98.28571428571429,strict_group,785.0,97.42857142857143,86.68571428571428,0.8571428571428612,0.008720930232558181,11.600000000000009,0.11802325581395356,True,False,False
30129,1,0.1129573198843506,0.11501272264631043,Eastern Concrete,West Nyack Plant,NY,Eastern Region,other_or_unspecified,4000.0,4000,28.0,standard_28,138.75,strict_group,2318.0,91.5,80.75,47.25,0.34054054054054056,58.0,0.418018018018018,True,True,True
23953,0,0.1126428739776674,0.11501272264631043,Eastern Concrete,Broadway Plant,NJ,Eastern Region,other_or_unspecified,4000.0,4000,28.0,standard_28,103.0,strict_group,2318.0,91.5,80.75,11.5,0.11165048543689321,22.25,0.21601941747572814,True,True,False
27410,0,0.1126428739776674,0.11501272264631043,Eastern Concrete,North Bergen Plant,NJ,Eastern Region,other_or_unspecified,4000.0,4000,28.0,standard_28,105.0,strict_group,2318.0,91.5,80.75,13.5,0.12857142857142856,24.25,0.23095238095238096,True,True,False
22795,0,0.1126428739776674,0.11501272264631043,Eastern Concrete,Bogota Plant,NJ,Eastern Region,other_or_unspecified,4000.0,4000,28.0,standard_28,105.5,strict_group,2318.0,91.5,80.75,14.0,0.13270142180094788,24.75,0.23459715639810427,True,True,False
26356,0,0.1119824611344756,0.11501272264631043,Eastern Concrete,Newark Plant,NJ,Eastern Region,other_or_unspecified,4000.0,4000,28.0,standard_28,107.5,strict_group,2318.0,91.5,80.75,16.0,0.14883720930232558,26.75,0.24883720930232558,True,True,False
33374,0,0.1116782305524343,0.11501272264631043,Kirkpatrick Concrete,Alton Plant,AL,Southeastern Region,other_or_unspecified,2500.0,2500,28.0,standard_28,98.0,strict_group,11.0,97.4,95.2,0.5999999999999943,0.006122448979591778,2.799999999999997,0.028571428571428543,True,False,False
29451,0,0.1116506059734973,0.11501272264631043,Eastern Concrete,Roseland Plant,NJ,Eastern Region,other_or_unspecified,3000.0,3000,28.0,standard_28,104.0,strict_group,983.0,108.66666666666667,100.66666666666667,0.0,0.0,3.3333333333333286,0.03205128205128201,True,False,False
26261,0,0.1111964526236318,0.11501272264631043,Eastern Concrete,Newark Plant,NJ,Eastern Region,other_or_unspecified,4000.0,4000,28.0,standard_28,99.75,strict_group,2318.0,91.5,80.75,8.25,0.08270676691729323,19.0,0.19047619047619047,True,False,False
2012,0,0.1111427228369898,0.11501272264631043,Bonded Concrete Inc. / The Clemente Group,Pleasant Valley Plant,NY,Eastern Region,other_or_unspecified,3000.0,3000,28.0,standard_28,95.33333333333333,strict_group,983.0,108.66666666666667,100.66666666666667,0.0,0.0,0.0,0.0,True,False,False
29943,1,0.1106061990254639,0.11501272264631043,Eastern Concrete,West Nyack Plant,NY,Eastern Region,other_or_unspecified,3000.0,3000,28.0,standard_28,126.33333333333333,strict_group,983.0,108.66666666666667,100.66666666666667,17.666666666666657,0.13984168865435348,25.666666666666657,0.20316622691292868,True,True,False
29568,0,0.110493261214751,0.11501272264631043,Eastern Concrete,West Nyack Plant,NY,Eastern Region,other_or_unspecified,3000.0,3000,28.0,standard_28,123.0,strict_group,983.0,108.66666666666667,100.66666666666667,14.333333333333329,0.11653116531165308,22.33333333333333,0.18157181571815714,True,True,False
29543,0,0.110493261214751,0.11501272264631043,Eastern Concrete,West Nyack Plant,NY,Eastern Region,other_or_unspecified,3000.0,3000,28.0,standard_28,120.0,strict_group,983.0,108.66666666666667,100.66666666666667,11.333333333333329,0.0944444444444444,19.33333333333333,0.16111111111111107,True,False,False
28872,0,0.1092574277260229,0.11501272264631043,Eastern Concrete,Roseland Plant,NJ,Eastern Region,other_or_unspecified,3500.0,3500,28.0,standard_28,118.57142857142857,strict_group,785.0,97.42857142857143,86.68571428571428,21.14285714285714,0.17831325301204817,31.885714285714286,0.2689156626506024,True,True,False
28558,1,0.1092574277260229,0.11501272264631043,Eastern Concrete,Roseland Plant,NJ,Eastern Region,other_or_unspecified,3500.0,3500,28.0,standard_28,125.71428571428571,strict_group,785.0,97.42857142857143,86.68571428571428,28.285714285714278,0.22499999999999995,39.028571428571425,0.3104545454545454,True,True,True
28941,1,0.1092574277260229,0.11501272264631043,Eastern Concrete,Roseland Plant,NJ,Eastern Region,other_or_unspecified,3500.0,3500,28.0,standard_28,125.71428571428571,strict_group,785.0,97.42857142857143,86.68571428571428,28.285714285714278,0.22499999999999995,39.028571428571425,0.3104545454545454,True,True,True
4557,1,0.1091787208554651,0.11501272264631043,Cape Cod Ready Mix,Carver Plant,MA,Eastern Region,other_or_unspecified,3000.0,3000,28.0,standard_28,145.66666666666666,strict_group,983.0,108.66666666666667,100.66666666666667,36.999999999999986,0.2540045766590388,44.999999999999986,0.3089244851258581,True,True,True
29969,1,0.1084440310175577,0.11501272264631043,Eastern Concrete,West Nyack Plant,NY,Eastern Region,other_or_unspecified,3500.0,3500,28.0,standard_28,131.42857142857142,strict_group,785.0,97.42857142857143,86.68571428571428,33.999999999999986,0.25869565217391294,44.74285714285713,0.3404347826086956,True,True,True
25205,0,0.1081015801466356,0.11501272264631043,Eastern Concrete,Howell Plant,NJ,Eastern Region,other_or_unspecified,4000.0,4000,28.0,standard_28,111.75,strict_group,2318.0,91.5,80.75,20.25,0.18120805369127516,31.0,0.27740492170022374,True,True,False
26689,0,0.1070912098207839,0.11501272264631043,Eastern Concrete,Newark Plant,NJ,Eastern Region,other_or_unspecified,4000.0,4000,28.0,standard_28,103.75,strict_group,2318.0,91.5,80.75,12.25,0.1180722891566265,23.0,0.2216867469879518,True,True,False
29509,0,0.1070789039656524,0.11501272264631043,Eastern Concrete,Roseland Plant,NJ,Eastern Region,other_or_unspecified,4000.0,4000,28.0,standard_28,101.5,strict_group,2318.0,91.5,80.75,10.0,0.09852216748768473,20.75,0.2044334975369458,True,False,False
30191,1,0.1070400892241894,0.11501272264631043,Eastern Concrete,West Nyack Plant,NY,Eastern Region,other_or_unspecified,4000.0,4000,28.0,standard_28,148.5,strict_group,2318.0,91.5,80.75,57.0,0.3838383838383838,67.75,0.4562289562289562,True,True,True
23736,0,0.1069062499463056,0.11501272264631043,Eastern Concrete,Bogota Plant,NJ,Eastern Region,other_or_unspecified,4000.0,4000,28.0,standard_28,123.75,strict_group,2318.0,91.5,80.75,32.25,0.2606060606060606,43.0,0.3474747474747475,True,True,True
24914,0,0.1069062499463056,0.11501272264631043,Eastern Concrete,Broadway Plant,NJ,Eastern Region,other_or_unspecified,4000.0,4000,28.0,standard_28,120.75,strict_group,2318.0,91.5,80.75,29.25,0.2422360248447205,40.0,0.33126293995859213,True,True,True
28270,0,0.1069062499463056,0.11501272264631043,Eastern Concrete,North Bergen Plant,NJ,Eastern Region,other_or_unspecified,4000.0,4000,28.0,standard_28,121.0,strict_group,2318.0,91.5,80.75,29.5,0.24380165289256198,40.25,0.33264462809917356,True,True,True
25125,0,0.1068294910611299,0.11501272264631043,Eastern Concrete,Howell Plant,NJ,Eastern Region,other_or_unspecified,3500.0,3500,28.0,standard_28,119.42857142857143,strict_group,785.0,97.42857142857143,86.68571428571428,22.0,0.18421052631578946,32.74285714285715,0.27416267942583733,True,True,False
42700,0,0.106345685246397,0.11501272264631043,Scioto Ready Mix,Alexandria Plant,OH,Great Lakes Region,other_or_unspecified,3000.0,3000,28.0,standard_28,112.66666666666667,strict_group,29.0,83.0,73.6,29.66666666666667,0.26331360946745563,39.06666666666668,0.3467455621301776,True,True,True
42728,0,0.106345685246397,0.11501272264631043,Scioto Ready Mix,Delaware Plant,OH,Great Lakes Region,other_or_unspecified,3000.0,3000,28.0,standard_28,120.66666666666667,strict_group,29.0,83.0,73.6,37.66666666666667,0.3121546961325967,47.06666666666668,0.3900552486187846,True,True,True
42774,0,0.106345685246397,0.11501272264631043,Scioto Ready Mix,Dublin Plant,OH,Great Lakes Region,other_or_unspecified,3000.0,3000,28.0,standard_28,114.0,strict_group,29.0,83.0,73.6,31.0,0.2719298245614035,40.400000000000006,0.35438596491228075,True,True,True
33439,0,0.1061069852286336,0.11501272264631043,Kirkpatrick Concrete,Lakeshore Plant,AL,Southeastern Region,other_or_unspecified,2500.0,2500,28.0,standard_28,95.2,strict_group,11.0,97.4,95.2,0.0,0.0,0.0,0.0,True,False,False
33395,0,0.1061069852286336,0.11501272264631043,Kirkpatrick Concrete,Gardendale Plant,AL,Southeastern Region,other_or_unspecified,2500.0,2500,28.0,standard_28,97.6,strict_group,11.0,97.4,95.2,0.19999999999998863,0.002049180327868736,2.3999999999999915,0.024590163934426142,True,False,False
33352,0,0.1061069852286336,0.11501272264631043,Kirkpatrick Concrete,Alabaster Plant,AL,Southeastern Region,other_or_unspecified,2500.0,2500,28.0,standard_28,102.4,strict_group,11.0,97.4,95.2,5.0,0.048828125,7.200000000000003,0.07031250000000003,True,False,False
33417,0,0.1061069852286336,0.11501272264631043,Kirkpatrick Concrete,Highway 280 Plant,AL,Southeastern Region,other_or_unspecified,2500.0,2500,28.0,standard_28,97.2,strict_group,11.0,97.4,95.2,0.0,0.0,2.0,0.0205761316872428,True,False,False
28951,0,0.1056648927826987,0.11501272264631043,Eastern Concrete,Roseland Plant,NJ,Eastern Region,other_or_unspecified,4000.0,4000,28.0,standard_28,110.25,strict_group,2318.0,91.5,80.75,18.75,0.17006802721088435,29.5,0.2675736961451247,True,True,False
29615,0,0.1054180066539167,0.11501272264631043,Eastern Concrete,West Nyack Plant,NY,Eastern Region,other_or_unspecified,4000.0,4000,28.0,standard_28,114.25,strict_group,2318.0,91.5,80.75,22.75,0.19912472647702406,33.5,0.29321663019693656,True,True,False
29360,0,0.104881919160726,0.11501272264631043,Eastern Concrete,Roseland Plant,NJ,Eastern Region,other_or_unspecified,4000.0,4000,28.0,standard_28,114.25,strict_group,2318.0,91.5,80.75,22.75,0.19912472647702406,33.5,0.29321663019693656,True,True,False
29626,1,0.1048433295774172,0.11501272264631043,Eastern Concrete,West Nyack Plant,NY,Eastern Region,other_or_unspecified,3500.0,3500,28.0,standard_28,130.57142857142858,strict_group,785.0,97.42857142857143,86.68571428571428,33.14285714285715,0.25382932166301975,43.8857142857143,0.33610503282275717,True,True,True
25238,0,0.1038015952036176,0.11501272264631043,Eastern Concrete,Howell Plant,NJ,Eastern Region,other_or_unspecified,4000.0,4000,28.0,standard_28,115.0,strict_group,2318.0,91.5,80.75,23.5,0.20434782608695654,34.25,0.29782608695652174,True,True,True
28384,0,0.1036620513684059,0.11501272264631043,Eastern Concrete,Roseland Plant,NJ,Eastern Region,other_or_unspecified,2500.0,2500,28.0,standard_28,121.6,strict_group,109.0,120.4,112.96000000000001,1.1999999999999886,0.009868421052631486,8.639999999999986,0.07105263157894726,True,False,False
28379,0,0.1036620513684059,0.11501272264631043,Eastern Concrete,Roseland Plant,NJ,Eastern Region,other_or_unspecified,2500.0,2500,28.0,standard_28,121.6,strict_group,109.0,120.4,112.96000000000001,1.1999999999999886,0.009868421052631486,8.639999999999986,0.07105263157894726,True,False,False
28378,0,0.1036620513684059,0.11501272264631043,Eastern Concrete,Roseland Plant,NJ,Eastern Region,other_or_unspecified,2500.0,2500,28.0,standard_28,121.6,strict_group,109.0,120.4,112.96000000000001,1.1999999999999886,0.009868421052631486,8.639999999999986,0.07105263157894726,True,False,False
28383,0,0.1036620513684059,0.11501272264631043,Eastern Concrete,Roseland Plant,NJ,Eastern Region,other_or_unspecified,2500.0,2500,28.0,standard_28,121.2,strict_group,109.0,120.4,112.96000000000001,0.7999999999999972,0.006600660066006577,8.239999999999995,0.06798679867986794,True,False,False
28374,0,0.1036620513684059,0.11501272264631043,Eastern Concrete,Roseland Plant,NJ,Eastern Region,other_or_unspecified,2500.0,2500,28.0,standard_28,117.6,strict_group,109.0,120.4,112.96000000000001,0.0,0.0,4.639999999999986,0.039455782312925056,True,False,False
42742,0,0.1034247976670995,0.11501272264631043,Scioto Ready Mix,Dublin Plant,OH,Great Lakes Region,other_or_unspecified,3000.0,3000,28.0,standard_28,89.66666666666667,strict_group,29.0,83.0,73.6,6.666666666666671,0.0743494423791822,16.066666666666677,0.1791821561338291,True,False,False
42792,0,0.1034247976670995,0.11501272264631043,Scioto Ready Mix,New Albany Plant,OH,Great Lakes Region,other_or_unspecified,3000.0,3000,28.0,standard_28,95.33333333333333,strict_group,29.0,83.0,73.6,12.333333333333329,0.12937062937062932,21.733333333333334,0.22797202797202798,True,True,False
42788,0,0.1034247976670995,0.11501272264631043,Scioto Ready Mix,New Albany Plant,OH,Great Lakes Region,other_or_unspecified,3000.0,3000,28.0,standard_28,97.33333333333333,strict_group,29.0,83.0,73.6,14.333333333333329,0.1472602739726027,23.733333333333334,0.2438356164383562,True,True,False
28576,0,0.1033552335214016,0.11501272264631043,Eastern Concrete,Roseland Plant,NJ,Eastern Region,other_or_unspecified,4000.0,4000,28.0,standard_28,111.0,strict_group,2318.0,91.5,80.75,19.5,0.17567567567567569,30.25,0.2725225225225225,True,True,False
33443,0,0.1024090277056661,0.11501272264631043,Kirkpatrick Concrete,Lakeshore Plant,AL,Southeastern Region,other_or_unspecified,3000.0,3000,28.0,standard_28,91.0,strict_group,35.0,89.83333333333334,77.66666666666667,1.1666666666666572,0.012820512820512716,13.333333333333329,0.14652014652014647,True,False,False
33356,0,0.1024090277056661,0.11501272264631043,Kirkpatrick Concrete,Alabaster Plant,AL,Southeastern Region,other_or_unspecified,3000.0,3000,28.0,standard_28,96.66666666666667,strict_group,35.0,89.83333333333334,77.66666666666667,6.833333333333329,0.07068965517241374,19.0,0.19655172413793104,True,False,False
33421,0,0.1024090277056661,0.11501272264631043,Kirkpatrick Concrete,Highway 280 Plant,AL,Southeastern Region,other_or_unspecified,3000.0,3000,28.0,standard_28,92.33333333333333,strict_group,35.0,89.83333333333334,77.66666666666667,2.499999999999986,0.027075812274368078,14.666666666666657,0.1588447653429602,True,False,False
33399,0,0.1024090277056661,0.11501272264631043,Kirkpatrick Concrete,Gardendale Plant,AL,Southeastern Region,other_or_unspecified,3000.0,3000,28.0,standard_28,93.0,strict_group,35.0,89.83333333333334,77.66666666666667,3.166666666666657,0.03405017921146943,15.333333333333329,0.1648745519713261,True,False,False
22108,0,0.1020131753665336,0.11501272264631043,Conewago Manufacturing,Conewago Manufacturing Plant,PA,Eastern Region,filler,3000.0,3000,28.0,standard_28,95.66666666666667,strict_group,44.0,122.66666666666667,86.8,0.0,0.0,8.866666666666674,0.09268292682926836,True,False,False
24012,0,0.1009166168326472,0.11501272264631043,Eastern Concrete,Broadway Plant,NJ,Eastern Region,other_or_unspecified,3500.0,3500,28.0,standard_28,123.14285714285714,strict_group,785.0,97.42857142857143,86.68571428571428,25.714285714285708,0.20881670533642688,36.457142857142856,0.2960556844547564,True,True,True
22766,0,0.1009166168326472,0.11501272264631043,Eastern Concrete,Bogota Plant,NJ,Eastern Region,other_or_unspecified,3500.0,3500,28.0,standard_28,118.0,strict_group,785.0,97.42857142857143,86.68571428571428,20.57142857142857,0.17433414043583534,31.314285714285717,0.2653753026634383,True,True,False
27466,1,0.1009166168326472,0.11501272264631043,Eastern Concrete,North Bergen Plant,NJ,Eastern Region,other_or_unspecified,3500.0,3500,28.0,standard_28,125.14285714285714,strict_group,785.0,97.42857142857143,86.68571428571428,27.714285714285708,0.22146118721461183,38.457142857142856,0.30730593607305934,True,True,True
23923,0,0.1009166168326472,0.11501272264631043,Eastern Concrete,Broadway Plant,NJ,Eastern Region,other_or_unspecified,3500.0,3500,28.0,standard_28,114.85714285714286,strict_group,785.0,97.42857142857143,86.68571428571428,17.42857142857143,0.1517412935323383,28.171428571428578,0.24527363184079606,True,True,False
27382,0,0.1009166168326472,0.11501272264631043,Eastern Concrete,North Bergen Plant,NJ,Eastern Region,other_or_unspecified,3500.0,3500,28.0,standard_28,117.14285714285714,strict_group,785.0,97.42857142857143,86.68571428571428,19.714285714285708,0.16829268292682922,30.457142857142856,0.26,True,True,False
22847,1,0.1009166168326472,0.11501272264631043,Eastern Concrete,Bogota Plant,NJ,Eastern Region,other_or_unspecified,3500.0,3500,28.0,standard_28,126.57142857142857,strict_group,785.0,97.42857142857143,86.68571428571428,29.14285714285714,0.23024830699774262,39.885714285714286,0.31512415349887135,True,True,True
29093,1,0.1006420023742349,0.11501272264631043,Eastern Concrete,Roseland Plant,NJ,Eastern Region,other_or_unspecified,4000.0,4000,28.0,standard_28,126.25,strict_group,2318.0,91.5,80.75,34.75,0.27524752475247527,45.5,0.3603960396039604,True,True,True
30316,1,0.1005988877681326,0.11501272264631043,Eastern Concrete,West Nyack Plant,NY,Eastern Region,other_or_unspecified,4000.0,4000,28.0,standard_28,125.75,strict_group,2318.0,91.5,80.75,34.25,0.27236580516898606,45.0,0.35785288270377735,True,True,True
4650,0,0.1003377079946476,0.11501272264631043,Cape Cod Ready Mix,Orleans Plant,MA,Eastern Region,other_or_unspecified,3000.0,3000,28.0,standard_28,113.0,strict_group,983.0,108.66666666666667,100.66666666666667,4.333333333333329,0.038348082595870164,12.333333333333329,0.10914454277286131,True,False,False
4651,0,0.1003377079946476,0.11501272264631043,Cape Cod Ready Mix,Orleans Plant,MA,Eastern Region,other_or_unspecified,3000.0,3000,28.0,standard_28,115.66666666666667,strict_group,983.0,108.66666666666667,100.66666666666667,7.0,0.06051873198847262,15.0,0.12968299711815562,True,False,False
4652,0,0.1003377079946476,0.11501272264631043,Cape Cod Ready Mix,Orleans Plant,MA,Eastern Region,other_or_unspecified,3000.0,3000,28.0,standard_28,121.33333333333333,strict_group,983.0,108.66666666666667,100.66666666666667,12.666666666666657,0.10439560439560432,20.666666666666657,0.17032967032967025,True,True,False
25136,0,0.0999163479700032,0.11501272264631043,Eastern Concrete,Howell Plant,NJ,Eastern Region,other_or_unspecified,4000.0,4000,28.0,standard_28,107.0,strict_group,2318.0,91.5,80.75,15.5,0.14485981308411214,26.25,0.24532710280373832,True,True,False
23355,0,0.0995669849426786,0.11501272264631043,Eastern Concrete,Bogota Plant,NJ,Eastern Region,other_or_unspecified,4000.0,4000,28.0,standard_28,121.0,strict_group,2318.0,91.5,80.75,29.5,0.24380165289256198,40.25,0.33264462809917356,True,True,True
27933,0,0.0995669849426786,0.11501272264631043,Eastern Concrete,North Bergen Plant,NJ,Eastern Region,other_or_unspecified,4000.0,4000,28.0,standard_28,119.75,strict_group,2318.0,91.5,80.75,28.25,0.2359081419624217,39.0,0.325678496868476,True,True,True
24524,0,0.0995669849426786,0.11501272264631043,Eastern Concrete,Broadway Plant,NJ,Eastern Region,other_or_unspecified,4000.0,4000,28.0,standard_28,118.25,strict_group,2318.0,91.5,80.75,26.75,0.226215644820296,37.5,0.3171247357293869,True,True,True
27589,0,0.0989447912254132,0.11501272264631043,Eastern Concrete,North Bergen Plant,NJ,Eastern Region,other_or_unspecified,4000.0,4000,28.0,standard_28,117.75,strict_group,2318.0,91.5,80.75,26.25,0.2229299363057325,37.0,0.31422505307855625,True,True,True
22972,0,0.0989447912254132,0.11501272264631043,Eastern Concrete,Bogota Plant,NJ,Eastern Region,other_or_unspecified,4000.0,4000,28.0,standard_28,119.25,strict_group,2318.0,91.5,80.75,27.75,0.23270440251572327,38.5,0.3228511530398323,True,True,True
24140,0,0.0989447912254132,0.11501272264631043,Eastern Concrete,Broadway Plant,NJ,Eastern Region,other_or_unspecified,4000.0,4000,28.0,standard_28,116.5,strict_group,2318.0,91.5,80.75,25.0,0.2145922746781116,35.75,0.30686695278969955,True,True,True
29733,1,0.0984685840146041,0.11501272264631043,Eastern Concrete,West Nyack Plant,NY,Eastern Region,other_or_unspecified,4000.0,4000,28.0,standard_28,125.25,strict_group,2318.0,91.5,80.75,33.75,0.2694610778443114,44.5,0.35528942115768464,True,True,True
29693,0,0.0984685840146041,0.11501272264631043,Eastern Concrete,West Nyack Plant,NY,Eastern Region,other_or_unspecified,4000.0,4000,28.0,standard_28,121.75,strict_group,2318.0,91.5,80.75,30.25,0.24845995893223818,41.0,0.33675564681724846,True,True,True
29611,0,0.0984685840146041,0.11501272264631043,Eastern Concrete,West Nyack Plant,NY,Eastern Region,other_or_unspecified,4000.0,4000,28.0,standard_28,113.0,strict_group,2318.0,91.5,80.75,21.5,0.1902654867256637,32.25,0.2853982300884956,True,True,False
29637,0,0.0984685840146041,0.11501272264631043,Eastern Concrete,West Nyack Plant,NY,Eastern Region,other_or_unspecified,4000.0,4000,28.0,standard_28,115.75,strict_group,2318.0,91.5,80.75,24.25,0.20950323974082075,35.0,0.3023758099352052,True,True,True
29679,0,0.0984685840146041,0.11501272264631043,Eastern Concrete,West Nyack Plant,NY,Eastern Region,other_or_unspecified,4000.0,4000,28.0,standard_28,121.75,strict_group,2318.0,91.5,80.75,30.25,0.24845995893223818,41.0,0.33675564681724846,True,True,True
29676,0,0.0984685840146041,0.11501272264631043,Eastern Concrete,West Nyack Plant,NY,Eastern Region,other_or_unspecified,4000.0,4000,28.0,standard_28,122.0,strict_group,2318.0,91.5,80.75,30.5,0.25,41.25,0.33811475409836067,True,True,True
25530,0,0.0981049606345597,0.11501272264631043,Eastern Concrete,Howell Plant,NJ,Eastern Region,filler,3500.0,3500,28.0,standard_28,119.42857142857143,strict_group,95.0,116.85714285714286,110.11428571428571,2.5714285714285694,0.021531100478468884,9.314285714285717,0.07799043062200958,True,False,False
28958,0,0.0979995850726012,0.11501272264631043,Eastern Concrete,Roseland Plant,NJ,Eastern Region,filler,4000.0,4000,28.0,standard_28,111.0,strict_group,125.0,99.25,92.1,11.75,0.10585585585585586,18.900000000000006,0.17027027027027034,True,True,False
26236,0,0.0978513548494698,0.11501272264631043,Eastern Concrete,Newark Plant,NJ,Eastern Region,other_or_unspecified,3500.0,3500,28.0,standard_28,110.0,strict_group,785.0,97.42857142857143,86.68571428571428,12.57142857142857,0.11428571428571427,23.314285714285717,0.21194805194805197,True,True,False
27518,0,0.0971503606859714,0.11501272264631043,Eastern Concrete,North Bergen Plant,NJ,Eastern Region,other_or_unspecified,3000.0,3000,28.0,standard_28,92.33333333333333,strict_group,983.0,108.66666666666667,100.66666666666667,0.0,0.0,0.0,0.0,True,False,False
22899,0,0.0971503606859714,0.11501272264631043,Eastern Concrete,Bogota Plant,NJ,Eastern Region,other_or_unspecified,3000.0,3000,28.0,standard_28,92.0,strict_group,983.0,108.66666666666667,100.66666666666667,0.0,0.0,0.0,0.0,True,False,False
24065,0,0.0971503606859714,0.11501272264631043,Eastern Concrete,Broadway Plant,NJ,Eastern Region,other_or_unspecified,3000.0,3000,28.0,standard_28,89.0,strict_group,983.0,108.66666666666667,100.66666666666667,0.0,0.0,0.0,0.0,True,False,False
2131,0,0.0967821035804084,0.11501272264631043,Boston Sand & Gravel,Boston Sand & Gravel,MA,Eastern Region,other_or_unspecified,2500.0,2500,28.0,standard_28,74.8,strict_group,109.0,120.4,112.96000000000001,0.0,0.0,0.0,0.0,True,False,False
25599,1,0.0959407022761545,0.11501272264631043,Eastern Concrete,Howell Plant,NJ,Eastern Region,other_or_unspecified,3500.0,3500,28.0,standard_28,128.85714285714286,strict_group,785.0,97.42857142857143,86.68571428571428,31.42857142857143,0.24390243902439024,42.17142857142858,0.3272727272727273,True,True,True
26095,0,0.0957388034331274,0.11501272264631043,Eastern Concrete,Howell Plant,NJ,Eastern Region,other_or_unspecified,3000.0,3000,28.0,standard_28,108.0,strict_group,983.0,108.66666666666667,100.66666666666667,0.0,0.0,7.333333333333329,0.06790123456790119,True,False,False
27219,0,0.0957388034331274,0.11501272264631043,Eastern Concrete,Newark Plant,NJ,Eastern Region,other_or_unspecified,3000.0,3000,28.0,standard_28,98.66666666666667,strict_group,983.0,108.66666666666667,100.66666666666667,0.0,0.0,0.0,0.0,True,False,False
29949,1,0.0956766504381688,0.11501272264631043,Eastern Concrete,West Nyack Plant,NY,Eastern Region,filler,3500.0,3500,28.0,standard_28,131.42857142857142,strict_group,95.0,116.85714285714286,110.11428571428571,14.571428571428555,0.11086956521739119,21.314285714285703,0.1621739130434782,True,True,False
29992,0,0.0953940290785631,0.11501272264631043,Eastern Concrete,West Nyack Plant,NY,Eastern Region,other_or_unspecified,4000.0,4000,28.0,standard_28,119.25,strict_group,2318.0,91.5,80.75,27.75,0.23270440251572327,38.5,0.3228511530398323,True,True,True
27985,1,0.0953145233291988,0.11501272264631043,Eastern Concrete,North Bergen Plant,NJ,Eastern Region,other_or_unspecified,4000.0,4000,28.0,standard_28,128.0,strict_group,2318.0,91.5,80.75,36.5,0.28515625,47.25,0.369140625,True,True,True
24581,1,0.0953145233291988,0.11501272264631043,Eastern Concrete,Broadway Plant,NJ,Eastern Region,other_or_unspecified,4000.0,4000,28.0,standard_28,126.5,strict_group,2318.0,91.5,80.75,35.0,0.2766798418972332,45.75,0.3616600790513834,True,True,True
23412,1,0.0953145233291988,0.11501272264631043,Eastern Concrete,Bogota Plant,NJ,Eastern Region,other_or_unspecified,4000.0,4000,28.0,standard_28,129.0,strict_group,2318.0,91.5,80.75,37.5,0.29069767441860467,48.25,0.374031007751938,True,True,True
22576,0,0.094558550859227,0.11501272264631043,Eastern Concrete,Bayonne Plant,NJ,Eastern Region,other_or_unspecified,4000.0,4000,28.0,standard_28,99.75,strict_group,2318.0,91.5,80.75,8.25,0.08270676691729323,19.0,0.19047619047619047,True,False,False
27506,0,0.0944851895161083,0.11501272264631043,Eastern Concrete,North Bergen Plant,NJ,Eastern Region,other_or_unspecified,4000.0,4000,28.0,standard_28,113.5,strict_group,2318.0,91.5,80.75,22.0,0.19383259911894274,32.75,0.28854625550660795,True,True,False
24054,0,0.0944851895161083,0.11501272264631043,Eastern Concrete,Broadway Plant,NJ,Eastern Region,other_or_unspecified,4000.0,4000,28.0,standard_28,111.5,strict_group,2318.0,91.5,80.75,20.0,0.17937219730941703,30.75,0.2757847533632287,True,True,False
22889,0,0.0944851895161083,0.11501272264631043,Eastern Concrete,Bogota Plant,NJ,Eastern Region,other_or_unspecified,4000.0,4000,28.0,standard_28,114.25,strict_group,2318.0,91.5,80.75,22.75,0.19912472647702406,33.5,0.29321663019693656,True,True,False
29934,1,0.0944558738318224,0.11501272264631043,Eastern Concrete,West Nyack Plant,NY,Eastern Region,other_or_unspecified,3500.0,3500,28.0,standard_28,127.42857142857143,strict_group,785.0,97.42857142857143,86.68571428571428,30.0,0.23542600896860985,40.74285714285715,0.31973094170403593,True,True,True
26296,0,0.0942863131473208,0.11501272264631043,Eastern Concrete,Newark Plant,NJ,Eastern Region,other_or_unspecified,4000.0,4000,28.0,standard_28,103.25,strict_group,2318.0,91.5,80.75,11.75,0.11380145278450363,22.5,0.2179176755447942,True,True,False
29622,1,0.0940797779726839,0.11501272264631043,Eastern Concrete,West Nyack Plant,NY,Eastern Region,other_or_unspecified,3500.0,3500,28.0,standard_28,132.85714285714286,strict_group,785.0,97.42857142857143,86.68571428571428,35.42857142857143,0.26666666666666666,46.17142857142858,0.34752688172043017,True,True,True
24899,0,0.0937083407643694,0.11501272264631043,Eastern Concrete,Broadway Plant,NJ,Eastern Region,other_or_unspecified,4000.0,4000,28.0,standard_28,117.75,strict_group,2318.0,91.5,80.75,26.25,0.2229299363057325,37.0,0.31422505307855625,True,True,True
28258,0,0.0937083407643694,0.11501272264631043,Eastern Concrete,North Bergen Plant,NJ,Eastern Region,other_or_unspecified,4000.0,4000,28.0,standard_28,118.0,strict_group,2318.0,91.5,80.75,26.5,0.2245762711864407,37.25,0.3156779661016949,True,True,True
23720,0,0.0937083407643694,0.11501272264631043,Eastern Concrete,Bogota Plant,NJ,Eastern Region,other_or_unspecified,4000.0,4000,28.0,standard_28,120.75,strict_group,2318.0,91.5,80.75,29.25,0.2422360248447205,40.0,0.33126293995859213,True,True,True
29333,0,0.0936668839876113,0.11501272264631043,Eastern Concrete,Roseland Plant,NJ,Eastern Region,infrastructure,4000.0,4000,28.0,standard_28,80.25,strict_group,76.0,79.1875,74.875,1.0625,0.0132398753894081,5.375,0.06697819314641744,True,False,False
29332,0,0.0936668839876113,0.11501272264631043,Eastern Concrete,Roseland Plant,NJ,Eastern Region,infrastructure,4000.0,4000,28.0,standard_28,80.5,strict_group,76.0,79.1875,74.875,1.3125,0.016304347826086956,5.625,0.06987577639751552,True,False,False
29342,0,0.0936668839876113,0.11501272264631043,Eastern Concrete,Roseland Plant,NJ,Eastern Region,infrastructure,4000.0,4000,28.0,standard_28,93.5,strict_group,76.0,79.1875,74.875,14.3125,0.15307486631016043,18.625,0.19919786096256684,True,True,False
28573,0,0.0935413301495386,0.11501272264631043,Eastern Concrete,Roseland Plant,NJ,Eastern Region,other_or_unspecified,4000.0,4000,28.0,standard_28,111.25,strict_group,2318.0,91.5,80.75,19.75,0.17752808988764046,30.5,0.27415730337078653,True,True,False
28842,0,0.093380236548643,0.11501272264631043,Eastern Concrete,Roseland Plant,NJ,Eastern Region,other_or_unspecified,3000.0,3000,28.0,standard_28,113.0,strict_group,983.0,108.66666666666667,100.66666666666667,4.333333333333329,0.038348082595870164,12.333333333333329,0.10914454277286131,True,False,False
28843,0,0.093380236548643,0.11501272264631043,Eastern Concrete,Roseland Plant,NJ,Eastern Region,other_or_unspecified,3000.0,3000,28.0,standard_28,115.0,strict_group,983.0,108.66666666666667,100.66666666666667,6.333333333333329,0.0550724637681159,14.333333333333329,0.12463768115942025,True,False,False
23373,1,0.0930034658114261,0.11501272264631043,Eastern Concrete,Bogota Plant,NJ,Eastern Region,other_or_unspecified,4000.0,4000,28.0,standard_28,126.75,strict_group,2318.0,91.5,80.75,35.25,0.2781065088757396,46.0,0.3629191321499014,True,True,True
27948,1,0.0930034658114261,0.11501272264631043,Eastern Concrete,North Bergen Plant,NJ,Eastern Region,other_or_unspecified,4000.0,4000,28.0,standard_28,125.0,strict_group,2318.0,91.5,80.75,33.5,0.268,44.25,0.354,True,True,True
24824,0,0.0927479895207681,0.11501272264631043,Eastern Concrete,Broadway Plant,NJ,Eastern Region,infrastructure,4000.0,4000,28.0,standard_28,79.0,strict_group,76.0,79.1875,74.875,0.0,0.0,4.125,0.05221518987341772,True,False,False
23651,0,0.0927479895207681,0.11501272264631043,Eastern Concrete,Bogota Plant,NJ,Eastern Region,infrastructure,4000.0,4000,28.0,standard_28,82.0,strict_group,76.0,79.1875,74.875,2.8125,0.03429878048780488,7.125,0.08689024390243902,True,False,False
24825,0,0.0927479895207681,0.11501272264631043,Eastern Concrete,Broadway Plant,NJ,Eastern Region,infrastructure,4000.0,4000,28.0,standard_28,79.0,strict_group,76.0,79.1875,74.875,0.0,0.0,4.125,0.05221518987341772,True,False,False
23661,0,0.0927479895207681,0.11501272264631043,Eastern Concrete,Bogota Plant,NJ,Eastern Region,infrastructure,4000.0,4000,28.0,standard_28,95.5,strict_group,76.0,79.1875,74.875,16.3125,0.17081151832460734,20.625,0.21596858638743455,True,True,False
23652,0,0.0927479895207681,0.11501272264631043,Eastern Concrete,Bogota Plant,NJ,Eastern Region,infrastructure,4000.0,4000,28.0,standard_28,81.75,strict_group,76.0,79.1875,74.875,2.5625,0.03134556574923547,6.875,0.08409785932721713,True,False,False
28206,0,0.0927479895207681,0.11501272264631043,Eastern Concrete,North Bergen Plant,NJ,Eastern Region,infrastructure,4000.0,4000,28.0,standard_28,94.5,strict_group,76.0,79.1875,74.875,15.3125,0.16203703703703703,19.625,0.20767195767195767,True,True,False
28198,0,0.0927479895207681,0.11501272264631043,Eastern Concrete,North Bergen Plant,NJ,Eastern Region,infrastructure,4000.0,4000,28.0,standard_28,81.0,strict_group,76.0,79.1875,74.875,1.8125,0.022376543209876542,6.125,0.07561728395061729,True,False,False
28197,0,0.0927479895207681,0.11501272264631043,Eastern Concrete,North Bergen Plant,NJ,Eastern Region,infrastructure,4000.0,4000,28.0,standard_28,81.0,strict_group,76.0,79.1875,74.875,1.8125,0.022376543209876542,6.125,0.07561728395061729,True,False,False
24834,0,0.0927479895207681,0.11501272264631043,Eastern Concrete,Broadway Plant,NJ,Eastern Region,infrastructure,4000.0,4000,28.0,standard_28,92.5,strict_group,76.0,79.1875,74.875,13.3125,0.14391891891891892,17.625,0.19054054054054054,True,True,False
25549,0,0.0925490808693959,0.11501272264631043,Eastern Concrete,Howell Plant,NJ,Eastern Region,other_or_unspecified,3500.0,3500,28.0,standard_28,122.28571428571429,strict_group,785.0,97.42857142857143,86.68571428571428,24.85714285714286,0.2032710280373832,35.60000000000001,0.29112149532710285,True,True,True
25513,0,0.0925490808693959,0.11501272264631043,Eastern Concrete,Howell Plant,NJ,Eastern Region,other_or_unspecified,3500.0,3500,28.0,standard_28,118.57142857142857,strict_group,785.0,97.42857142857143,86.68571428571428,21.14285714285714,0.17831325301204817,31.885714285714286,0.2689156626506024,True,True,False
23316,1,0.0923621706922769,0.11501272264631043,Eastern Concrete,Bogota Plant,NJ,Eastern Region,other_or_unspecified,4000.0,4000,28.0,standard_28,124.0,strict_group,2318.0,91.5,80.75,32.5,0.2620967741935484,43.25,0.3487903225806452,True,True,True
24485,0,0.0923621706922769,0.11501272264631043,Eastern Concrete,Broadway Plant,NJ,Eastern Region,other_or_unspecified,4000.0,4000,28.0,standard_28,121.0,strict_group,2318.0,91.5,80.75,29.5,0.24380165289256198,40.25,0.33264462809917356,True,True,True
27794,0,0.0921004276917951,0.11501272264631043,Eastern Concrete,North Bergen Plant,NJ,Eastern Region,filler,3500.0,3500,28.0,standard_28,120.0,strict_group,95.0,116.85714285714286,110.11428571428571,3.142857142857139,0.026190476190476156,9.885714285714286,0.08238095238095239,True,False,False
23193,0,0.0921004276917951,0.11501272264631043,Eastern Concrete,Bogota Plant,NJ,Eastern Region,filler,3500.0,3500,28.0,standard_28,121.42857142857143,strict_group,95.0,116.85714285714286,110.11428571428571,4.571428571428569,0.037647058823529395,11.314285714285717,0.09317647058823532,True,False,False
24362,0,0.0921004276917951,0.11501272264631043,Eastern Concrete,Broadway Plant,NJ,Eastern Region,filler,3500.0,3500,28.0,standard_28,118.28571428571429,strict_group,95.0,116.85714285714286,110.11428571428571,1.4285714285714306,0.012077294685990355,8.171428571428578,0.06908212560386479,True,False,False
27951,1,0.0919573918042657,0.11501272264631043,Eastern Concrete,North Bergen Plant,NJ,Eastern Region,filler,4000.0,4000,28.0,standard_28,124.25,strict_group,125.0,99.25,92.1,25.0,0.2012072434607646,32.150000000000006,0.2587525150905433,True,True,True
23377,1,0.0919573918042657,0.11501272264631043,Eastern Concrete,Bogota Plant,NJ,Eastern Region,filler,4000.0,4000,28.0,standard_28,125.25,strict_group,125.0,99.25,92.1,26.0,0.20758483033932135,33.150000000000006,0.2646706586826348,True,True,True
23684,0,0.0918973625274852,0.11501272264631043,Eastern Concrete,Bogota Plant,NJ,Eastern Region,other_or_unspecified,4000.0,4000,28.0,standard_28,113.0,strict_group,2318.0,91.5,80.75,21.5,0.1902654867256637,32.25,0.2853982300884956,True,True,False
24861,0,0.0918973625274852,0.11501272264631043,Eastern Concrete,Broadway Plant,NJ,Eastern Region,other_or_unspecified,4000.0,4000,28.0,standard_28,110.0,strict_group,2318.0,91.5,80.75,18.5,0.16818181818181818,29.25,0.26590909090909093,True,True,False
26038,0,0.0918128989586983,0.11501272264631043,Eastern Concrete,Howell Plant,NJ,Eastern Region,filler,3500.0,3500,28.0,standard_28,101.42857142857143,strict_group,95.0,116.85714285714286,110.11428571428571,0.0,0.0,0.0,0.0,True,False,False
27163,0,0.0918128989586983,0.11501272264631043,Eastern Concrete,Newark Plant,NJ,Eastern Region,filler,3500.0,3500,28.0,standard_28,100.0,strict_group,95.0,116.85714285714286,110.11428571428571,0.0,0.0,0.0,0.0,True,False,False
24919,0,0.091717570476303,0.11501272264631043,Eastern Concrete,Broadway Plant,NJ,Eastern Region,other_or_unspecified,4000.0,4000,28.0,standard_28,122.75,strict_group,2318.0,91.5,80.75,31.25,0.2545824847250509,42.0,0.3421588594704684,True,True,True
23741,1,0.091717570476303,0.11501272264631043,Eastern Concrete,Bogota Plant,NJ,Eastern Region,other_or_unspecified,4000.0,4000,28.0,standard_28,125.5,strict_group,2318.0,91.5,80.75,34.0,0.27091633466135456,44.75,0.3565737051792829,True,True,True
28275,0,0.091717570476303,0.11501272264631043,Eastern Concrete,North Bergen Plant,NJ,Eastern Region,other_or_unspecified,4000.0,4000,28.0,standard_28,122.5,strict_group,2318.0,91.5,80.75,31.0,0.2530612244897959,41.75,0.3408163265306122,True,True,True
28578,0,0.0915321326272978,0.11501272264631043,Eastern Concrete,Roseland Plant,NJ,Eastern Region,other_or_unspecified,4000.0,4000,28.0,standard_28,111.0,strict_group,2318.0,91.5,80.75,19.5,0.17567567567567569,30.25,0.2725225225225225,True,True,False
30371,0,0.0915070420753683,0.11501272264631043,Eastern Concrete,West Nyack Plant,NY,Eastern Region,other_or_unspecified,3500.0,3500,28.0,standard_28,102.0,strict_group,785.0,97.42857142857143,86.68571428571428,4.571428571428569,0.04481792717086833,15.314285714285717,0.15014005602240899,True,False,False
27109,0,0.0914593047213842,0.11501272264631043,Eastern Concrete,Newark Plant,NJ,Eastern Region,other_or_unspecified,4000.0,4000,28.0,standard_28,109.25,strict_group,2318.0,91.5,80.75,17.75,0.16247139588100687,28.5,0.2608695652173913,True,True,False
25146,0,0.0910239904325556,0.11501272264631043,Eastern Concrete,Howell Plant,NJ,Eastern Region,other_or_unspecified,3500.0,3500,28.0,standard_28,122.57142857142857,strict_group,785.0,97.42857142857143,86.68571428571428,25.14285714285714,0.2051282051282051,35.885714285714286,0.29277389277389276,True,True,True
26358,0,0.0909676734869804,0.11501272264631043,Eastern Concrete,Newark Plant,NJ,Eastern Region,other_or_unspecified,4000.0,4000,28.0,standard_28,107.5,strict_group,2318.0,91.5,80.75,16.0,0.14883720930232558,26.75,0.24883720930232558,True,True,False
26213,0,0.0904946927799261,0.11501272264631043,Eastern Concrete,Newark Plant,NJ,Eastern Region,other_or_unspecified,3000.0,3000,28.0,standard_28,103.0,strict_group,983.0,108.66666666666667,100.66666666666667,0.0,0.0,2.3333333333333286,0.02265372168284785,True,False,False
25090,0,0.0904946927799261,0.11501272264631043,Eastern Concrete,Howell Plant,NJ,Eastern Region,other_or_unspecified,3000.0,3000,28.0,standard_28,112.33333333333333,strict_group,983.0,108.66666666666667,100.66666666666667,3.666666666666657,0.03264094955489606,11.666666666666657,0.10385756676557856,True,False,False
28574,0,0.0897893223609906,0.11501272264631043,Eastern Concrete,Roseland Plant,NJ,Eastern Region,other_or_unspecified,4000.0,4000,28.0,standard_28,111.0,strict_group,2318.0,91.5,80.75,19.5,0.17567567567567569,30.25,0.2725225225225225,True,True,False
4628,0,0.0897637948689903,0.11501272264631043,Cape Cod Ready Mix,Orleans Plant,MA,Eastern Region,other_or_unspecified,3000.0,3000,28.0,standard_28,119.0,strict_group,983.0,108.66666666666667,100.66666666666667,10.333333333333329,0.08683473389355738,18.33333333333333,0.1540616246498599,True,False,False
29060,1,0.0896332744848234,0.11501272264631043,Eastern Concrete,Roseland Plant,NJ,Eastern Region,other_or_unspecified,4000.0,4000,28.0,standard_28,133.0,strict_group,2318.0,91.5,80.75,41.5,0.31203007518796994,52.25,0.39285714285714285,True,True,True
30295,0,0.0896022999491095,0.11501272264631043,Eastern Concrete,West Nyack Plant,NY,Eastern Region,infrastructure,4000.0,4000,28.0,standard_28,88.5,strict_group,76.0,79.1875,74.875,9.3125,0.10522598870056497,13.625,0.153954802259887,True,True,False
27898,0,0.0893057526082916,0.11501272264631043,Eastern Concrete,North Bergen Plant,NJ,Eastern Region,other_or_unspecified,4000.0,4000,28.0,standard_28,114.25,strict_group,2318.0,91.5,80.75,22.75,0.19912472647702406,33.5,0.29321663019693656,True,True,False
24484,0,0.0893057526082916,0.11501272264631043,Eastern Concrete,Broadway Plant,NJ,Eastern Region,other_or_unspecified,4000.0,4000,28.0,standard_28,112.75,strict_group,2318.0,91.5,80.75,21.25,0.188470066518847,32.0,0.2838137472283814,True,True,False
24483,0,0.0893057526082916,0.11501272264631043,Eastern Concrete,Broadway Plant,NJ,Eastern Region,other_or_unspecified,4000.0,4000,28.0,standard_28,112.5,strict_group,2318.0,91.5,80.75,21.0,0.18666666666666668,31.75,0.2822222222222222,True,True,False
23314,0,0.0893057526082916,0.11501272264631043,Eastern Concrete,Bogota Plant,NJ,Eastern Region,other_or_unspecified,4000.0,4000,28.0,standard_28,115.0,strict_group,2318.0,91.5,80.75,23.5,0.20434782608695654,34.25,0.29782608695652174,True,True,True
23315,0,0.0893057526082916,0.11501272264631043,Eastern Concrete,Bogota Plant,NJ,Eastern Region,other_or_unspecified,4000.0,4000,28.0,standard_28,115.25,strict_group,2318.0,91.5,80.75,23.75,0.20607375271149675,34.5,0.2993492407809111,True,True,True
27899,0,0.0893057526082916,0.11501272264631043,Eastern Concrete,North Bergen Plant,NJ,Eastern Region,other_or_unspecified,4000.0,4000,28.0,standard_28,114.25,strict_group,2318.0,91.5,80.75,22.75,0.19912472647702406,33.5,0.29321663019693656,True,True,False
23354,0,0.0885924082630465,0.11501272264631043,Eastern Concrete,Bogota Plant,NJ,Eastern Region,other_or_unspecified,4000.0,4000,28.0,standard_28,121.0,strict_group,2318.0,91.5,80.75,29.5,0.24380165289256198,40.25,0.33264462809917356,True,True,True
24523,0,0.0885924082630465,0.11501272264631043,Eastern Concrete,Broadway Plant,NJ,Eastern Region,other_or_unspecified,4000.0,4000,28.0,standard_28,118.0,strict_group,2318.0,91.5,80.75,26.5,0.2245762711864407,37.25,0.3156779661016949,True,True,True
29617,0,0.0885830132524844,0.11501272264631043,Eastern Concrete,West Nyack Plant,NY,Eastern Region,other_or_unspecified,4000.0,4000,28.0,standard_28,114.75,strict_group,2318.0,91.5,80.75,23.25,0.20261437908496732,34.0,0.2962962962962963,True,True,True
29059,1,0.0882468995151719,0.11501272264631043,Eastern Concrete,Roseland Plant,NJ,Eastern Region,other_or_unspecified,4000.0,4000,28.0,standard_28,130.5,strict_group,2318.0,91.5,80.75,39.0,0.2988505747126437,49.75,0.38122605363984674,True,True,True
30349,1,0.0879263710399126,0.11501272264631043,Eastern Concrete,West Nyack Plant,NY,Eastern Region,other_or_unspecified,3500.0,3500,28.0,standard_28,142.28571428571428,strict_group,785.0,97.42857142857143,86.68571428571428,44.85714285714285,0.31526104417670675,55.599999999999994,0.39076305220883534,True,True,True
24506,0,0.0873985413457844,0.11501272264631043,Eastern Concrete,Broadway Plant,NJ,Eastern Region,other_or_unspecified,4000.0,4000,28.0,standard_28,116.5,strict_group,2318.0,91.5,80.75,25.0,0.2145922746781116,35.75,0.30686695278969955,True,True,True
27897,0,0.0873985413457844,0.11501272264631043,Eastern Concrete,North Bergen Plant,NJ,Eastern Region,other_or_unspecified,4000.0,4000,28.0,standard_28,114.0,strict_group,2318.0,91.5,80.75,22.5,0.19736842105263158,33.25,0.2916666666666667,True,True,False
24415,0,0.0873985413457844,0.11501272264631043,Eastern Concrete,Broadway Plant,NJ,Eastern Region,other_or_unspecified,4000.0,4000,28.0,standard_28,109.5,strict_group,2318.0,91.5,80.75,18.0,0.1643835616438356,28.75,0.2625570776255708,True,True,False
23305,0,0.0873985413457844,0.11501272264631043,Eastern Concrete,Bogota Plant,NJ,Eastern Region,other_or_unspecified,4000.0,4000,28.0,standard_28,115.25,strict_group,2318.0,91.5,80.75,23.75,0.20607375271149675,34.5,0.2993492407809111,True,True,True
23306,0,0.0873985413457844,0.11501272264631043,Eastern Concrete,Bogota Plant,NJ,Eastern Region,other_or_unspecified,4000.0,4000,28.0,standard_28,115.25,strict_group,2318.0,91.5,80.75,23.75,0.20607375271149675,34.5,0.2993492407809111,True,True,True
24475,0,0.0873985413457844,0.11501272264631043,Eastern Concrete,Broadway Plant,NJ,Eastern Region,other_or_unspecified,4000.0,4000,28.0,standard_28,112.75,strict_group,2318.0,91.5,80.75,21.25,0.188470066518847,32.0,0.2838137472283814,True,True,False
24482,0,0.0873985413457844,0.11501272264631043,Eastern Concrete,Broadway Plant,NJ,Eastern Region,other_or_unspecified,4000.0,4000,28.0,standard_28,112.5,strict_group,2318.0,91.5,80.75,21.0,0.18666666666666668,31.75,0.2822222222222222,True,True,False
24413,0,0.0873985413457844,0.11501272264631043,Eastern Concrete,Broadway Plant,NJ,Eastern Region,other_or_unspecified,4000.0,4000,28.0,standard_28,109.5,strict_group,2318.0,91.5,80.75,18.0,0.1643835616438356,28.75,0.2625570776255708,True,True,False
27918,0,0.0873985413457844,0.11501272264631043,Eastern Concrete,North Bergen Plant,NJ,Eastern Region,other_or_unspecified,4000.0,4000,28.0,standard_28,118.0,strict_group,2318.0,91.5,80.75,26.5,0.2245762711864407,37.25,0.3156779661016949,True,True,True
23413,1,0.0873985413457844,0.11501272264631043,Eastern Concrete,Bogota Plant,NJ,Eastern Region,other_or_unspecified,4000.0,4000,28.0,standard_28,128.0,strict_group,2318.0,91.5,80.75,36.5,0.28515625,47.25,0.369140625,True,True,True
24582,1,0.0873985413457844,0.11501272264631043,Eastern Concrete,Broadway Plant,NJ,Eastern Region,other_or_unspecified,4000.0,4000,28.0,standard_28,125.25,strict_group,2318.0,91.5,80.75,33.75,0.2694610778443114,44.5,0.35528942115768464,True,True,True
23313,0,0.0873985413457844,0.11501272264631043,Eastern Concrete,Bogota Plant,NJ,Eastern Region,other_or_unspecified,4000.0,4000,28.0,standard_28,115.0,strict_group,2318.0,91.5,80.75,23.5,0.20434782608695654,34.25,0.29782608695652174,True,True,True
23246,0,0.0873985413457844,0.11501272264631043,Eastern Concrete,Bogota Plant,NJ,Eastern Region,other_or_unspecified,4000.0,4000,28.0,standard_28,112.0,strict_group,2318.0,91.5,80.75,20.5,0.18303571428571427,31.25,0.27901785714285715,True,True,False
23337,0,0.0873985413457844,0.11501272264631043,Eastern Concrete,Bogota Plant,NJ,Eastern Region,other_or_unspecified,4000.0,4000,28.0,standard_28,119.0,strict_group,2318.0,91.5,80.75,27.5,0.23109243697478993,38.25,0.32142857142857145,True,True,True
27844,0,0.0873985413457844,0.11501272264631043,Eastern Concrete,North Bergen Plant,NJ,Eastern Region,other_or_unspecified,4000.0,4000,28.0,standard_28,111.25,strict_group,2318.0,91.5,80.75,19.75,0.17752808988764046,30.5,0.27415730337078653,True,True,False
23244,0,0.0873985413457844,0.11501272264631043,Eastern Concrete,Bogota Plant,NJ,Eastern Region,other_or_unspecified,4000.0,4000,28.0,standard_28,112.0,strict_group,2318.0,91.5,80.75,20.5,0.18303571428571427,31.25,0.27901785714285715,True,True,False
24474,0,0.0873985413457844,0.11501272264631043,Eastern Concrete,Broadway Plant,NJ,Eastern Region,other_or_unspecified,4000.0,4000,28.0,standard_28,112.75,strict_group,2318.0,91.5,80.75,21.25,0.188470066518847,32.0,0.2838137472283814,True,True,False
27846,0,0.0873985413457844,0.11501272264631043,Eastern Concrete,North Bergen Plant,NJ,Eastern Region,other_or_unspecified,4000.0,4000,28.0,standard_28,111.5,strict_group,2318.0,91.5,80.75,20.0,0.17937219730941703,30.75,0.2757847533632287,True,True,False
27986,1,0.0873985413457844,0.11501272264631043,Eastern Concrete,North Bergen Plant,NJ,Eastern Region,other_or_unspecified,4000.0,4000,28.0,standard_28,126.75,strict_group,2318.0,91.5,80.75,35.25,0.2781065088757396,46.0,0.3629191321499014,True,True,True
27891,0,0.0873985413457844,0.11501272264631043,Eastern Concrete,North Bergen Plant,NJ,Eastern Region,other_or_unspecified,4000.0,4000,28.0,standard_28,114.5,strict_group,2318.0,91.5,80.75,23.0,0.20087336244541484,33.75,0.29475982532751094,True,True,True
27892,0,0.0873985413457844,0.11501272264631043,Eastern Concrete,North Bergen Plant,NJ,Eastern Region,other_or_unspecified,4000.0,4000,28.0,standard_28,114.5,strict_group,2318.0,91.5,80.75,23.0,0.20087336244541484,33.75,0.29475982532751094,True,True,True
28878,1,0.0871545675797652,0.11501272264631043,Eastern Concrete,Roseland Plant,NJ,Eastern Region,other_or_unspecified,3500.0,3500,28.0,standard_28,127.14285714285714,strict_group,785.0,97.42857142857143,86.68571428571428,29.714285714285708,0.23370786516853928,40.457142857142856,0.31820224719101126,True,True,True
23734,0,0.0869495797513032,0.11501272264631043,Eastern Concrete,Bogota Plant,NJ,Eastern Region,other_or_unspecified,4000.0,4000,28.0,standard_28,122.0,strict_group,2318.0,91.5,80.75,30.5,0.25,41.25,0.33811475409836067,True,True,True
23705,0,0.0869495797513032,0.11501272264631043,Eastern Concrete,Bogota Plant,NJ,Eastern Region,other_or_unspecified,4000.0,4000,28.0,standard_28,115.5,strict_group,2318.0,91.5,80.75,24.0,0.2077922077922078,34.75,0.3008658008658009,True,True,True
24912,0,0.0869495797513032,0.11501272264631043,Eastern Concrete,Broadway Plant,NJ,Eastern Region,other_or_unspecified,4000.0,4000,28.0,standard_28,119.0,strict_group,2318.0,91.5,80.75,27.5,0.23109243697478993,38.25,0.32142857142857145,True,True,True
24884,0,0.0869495797513032,0.11501272264631043,Eastern Concrete,Broadway Plant,NJ,Eastern Region,other_or_unspecified,4000.0,4000,28.0,standard_28,112.5,strict_group,2318.0,91.5,80.75,21.0,0.18666666666666668,31.75,0.2822222222222222,True,True,False
28269,0,0.0869495797513032,0.11501272264631043,Eastern Concrete,North Bergen Plant,NJ,Eastern Region,other_or_unspecified,4000.0,4000,28.0,standard_28,119.0,strict_group,2318.0,91.5,80.75,27.5,0.23109243697478993,38.25,0.32142857142857145,True,True,True
28245,0,0.0869495797513032,0.11501272264631043,Eastern Concrete,North Bergen Plant,NJ,Eastern Region,other_or_unspecified,4000.0,4000,28.0,standard_28,112.5,strict_group,2318.0,91.5,80.75,21.0,0.18666666666666668,31.75,0.2822222222222222,True,True,False
33193,0,0.086797967537562,0.11501272264631043,Hood River Sand and Gravel,The Dalles Plant,OR,Pacific Northwest Region,filler,3000.0,3000,28.0,standard_28,97.0,strict_group,8.0,98.75,96.9,0.0,0.0,0.09999999999999432,0.0010309278350514879,True,False,False
42738,0,0.0867124387790019,0.11501272264631043,Scioto Ready Mix,Dublin Plant,OH,Great Lakes Region,filler,3000.0,3000,28.0,standard_28,97.0,strict_group,10.0,98.83333333333333,96.86666666666667,0.0,0.0,0.13333333333332575,0.001374570446735317,True,False,False
42709,0,0.0867124387790019,0.11501272264631043,Scioto Ready Mix,Delaware Plant,OH,Great Lakes Region,filler,3000.0,3000,28.0,standard_28,101.33333333333333,strict_group,10.0,98.83333333333333,96.86666666666667,2.5,0.024671052631578948,4.466666666666654,0.04407894736842093,True,False,False
42784,0,0.0867124387790019,0.11501272264631043,Scioto Ready Mix,New Albany Plant,OH,Great Lakes Region,filler,3000.0,3000,28.0,standard_28,106.0,strict_group,10.0,98.83333333333333,96.86666666666667,7.166666666666671,0.0676100628930818,9.133333333333326,0.08616352201257854,True,False,False
42680,0,0.0867124387790019,0.11501272264631043,Scioto Ready Mix,Alexandria Plant,OH,Great Lakes Region,filler,3000.0,3000,28.0,standard_28,98.0,strict_group,10.0,98.83333333333333,96.86666666666667,0.0,0.0,1.1333333333333258,0.011564625850340059,True,False,False
22794,0,0.0866807479343957,0.11501272264631043,Eastern Concrete,Bogota Plant,NJ,Eastern Region,other_or_unspecified,3500.0,3500,28.0,standard_28,121.14285714285714,strict_group,785.0,97.42857142857143,86.68571428571428,23.714285714285708,0.19575471698113203,34.457142857142856,0.28443396226415096,True,True,False
23952,0,0.0866807479343957,0.11501272264631043,Eastern Concrete,Broadway Plant,NJ,Eastern Region,other_or_unspecified,3500.0,3500,28.0,standard_28,118.28571428571429,strict_group,785.0,97.42857142857143,86.68571428571428,20.85714285714286,0.17632850241545897,31.60000000000001,0.2671497584541063,True,True,False
27409,0,0.0866807479343957,0.11501272264631043,Eastern Concrete,North Bergen Plant,NJ,Eastern Region,other_or_unspecified,3500.0,3500,28.0,standard_28,120.57142857142857,strict_group,785.0,97.42857142857143,86.68571428571428,23.14285714285714,0.1919431279620853,33.885714285714286,0.28104265402843603,True,True,False
28459,0,0.0866504303521809,0.11501272264631043,Eastern Concrete,Roseland Plant,NJ,Eastern Region,other_or_unspecified,3500.0,3500,28.0,standard_28,115.14285714285714,strict_group,785.0,97.42857142857143,86.68571428571428,17.714285714285708,0.1538461538461538,28.457142857142856,0.24714640198511165,True,True,False
26355,0,0.0866241430164228,0.11501272264631043,Eastern Concrete,Newark Plant,NJ,Eastern Region,other_or_unspecified,4000.0,4000,28.0,standard_28,107.75,strict_group,2318.0,91.5,80.75,16.25,0.15081206496519722,27.0,0.2505800464037123,True,True,False
22942,0,0.0865085170327027,0.11501272264631043,Eastern Concrete,Bogota Plant,NJ,Eastern Region,other_or_unspecified,4000.0,4000,28.0,standard_28,115.75,strict_group,2318.0,91.5,80.75,24.25,0.20950323974082075,35.0,0.3023758099352052,True,True,True
27560,0,0.0865085170327027,0.11501272264631043,Eastern Concrete,North Bergen Plant,NJ,Eastern Region,other_or_unspecified,4000.0,4000,28.0,standard_28,115.0,strict_group,2318.0,91.5,80.75,23.5,0.20434782608695654,34.25,0.29782608695652174,True,True,True
27431,0,0.0865085170327027,0.11501272264631043,Eastern Concrete,North Bergen Plant,NJ,Eastern Region,other_or_unspecified,4000.0,4000,28.0,standard_28,106.0,strict_group,2318.0,91.5,80.75,14.5,0.13679245283018868,25.25,0.23820754716981132,True,True,False
23974,0,0.0865085170327027,0.11501272264631043,Eastern Concrete,Broadway Plant,NJ,Eastern Region,other_or_unspecified,4000.0,4000,28.0,standard_28,104.0,strict_group,2318.0,91.5,80.75,12.5,0.1201923076923077,23.25,0.22355769230769232,True,True,False
27404,0,0.0865085170327027,0.11501272264631043,Eastern Concrete,North Bergen Plant,NJ,Eastern Region,other_or_unspecified,4000.0,4000,28.0,standard_28,104.5,strict_group,2318.0,91.5,80.75,13.0,0.12440191387559808,23.75,0.22727272727272727,True,True,False
22813,0,0.0865085170327027,0.11501272264631043,Eastern Concrete,Bogota Plant,NJ,Eastern Region,other_or_unspecified,4000.0,4000,28.0,standard_28,106.75,strict_group,2318.0,91.5,80.75,15.25,0.14285714285714285,26.0,0.24355971896955503,True,True,False
24109,0,0.0865085170327027,0.11501272264631043,Eastern Concrete,Broadway Plant,NJ,Eastern Region,other_or_unspecified,4000.0,4000,28.0,standard_28,113.25,strict_group,2318.0,91.5,80.75,21.75,0.19205298013245034,32.5,0.2869757174392936,True,True,False
23947,0,0.0865085170327027,0.11501272264631043,Eastern Concrete,Broadway Plant,NJ,Eastern Region,other_or_unspecified,4000.0,4000,28.0,standard_28,102.5,strict_group,2318.0,91.5,80.75,11.0,0.1073170731707317,21.75,0.2121951219512195,True,True,False
22789,0,0.0865085170327027,0.11501272264631043,Eastern Concrete,Bogota Plant,NJ,Eastern Region,other_or_unspecified,4000.0,4000,28.0,standard_28,105.25,strict_group,2318.0,91.5,80.75,13.75,0.13064133016627077,24.5,0.2327790973871734,True,True,False
26260,0,0.0864098263876378,0.11501272264631043,Eastern Concrete,Newark Plant,NJ,Eastern Region,other_or_unspecified,4000.0,4000,28.0,standard_28,99.5,strict_group,2318.0,91.5,80.75,8.0,0.08040201005025126,18.75,0.1884422110552764,True,False,False
33376,0,0.0863567934695263,0.11501272264631043,Kirkpatrick Concrete,Alton Plant,AL,Southeastern Region,other_or_unspecified,3000.0,3000,28.0,standard_28,110.66666666666667,strict_group,35.0,89.83333333333334,77.66666666666667,20.83333333333333,0.18825301204819272,33.0,0.29819277108433734,True,True,False
22910,0,0.0860020121386096,0.11501272264631043,Eastern Concrete,Bogota Plant,NJ,Eastern Region,other_or_unspecified,3500.0,3500,28.0,standard_28,85.14285714285714,strict_group,785.0,97.42857142857143,86.68571428571428,0.0,0.0,0.0,0.0,True,False,False
22908,0,0.0860020121386096,0.11501272264631043,Eastern Concrete,Bogota Plant,NJ,Eastern Region,other_or_unspecified,3500.0,3500,28.0,standard_28,85.42857142857143,strict_group,785.0,97.42857142857143,86.68571428571428,0.0,0.0,0.0,0.0,True,False,False
27523,0,0.0860020121386096,0.11501272264631043,Eastern Concrete,North Bergen Plant,NJ,Eastern Region,other_or_unspecified,3500.0,3500,28.0,standard_28,83.14285714285714,strict_group,785.0,97.42857142857143,86.68571428571428,0.0,0.0,0.0,0.0,True,False,False
27527,0,0.0860020121386096,0.11501272264631043,Eastern Concrete,North Bergen Plant,NJ,Eastern Region,other_or_unspecified,3500.0,3500,28.0,standard_28,85.42857142857143,strict_group,785.0,97.42857142857143,86.68571428571428,0.0,0.0,0.0,0.0,True,False,False
24074,0,0.0860020121386096,0.11501272264631043,Eastern Concrete,Broadway Plant,NJ,Eastern Region,other_or_unspecified,3500.0,3500,28.0,standard_28,82.57142857142857,strict_group,785.0,97.42857142857143,86.68571428571428,0.0,0.0,0.0,0.0,True,False,False
22904,0,0.0860020121386096,0.11501272264631043,Eastern Concrete,Bogota Plant,NJ,Eastern Region,other_or_unspecified,3500.0,3500,28.0,standard_28,82.85714285714286,strict_group,785.0,97.42857142857143,86.68571428571428,0.0,0.0,0.0,0.0,True,False,False
27529,0,0.0860020121386096,0.11501272264631043,Eastern Concrete,North Bergen Plant,NJ,Eastern Region,other_or_unspecified,3500.0,3500,28.0,standard_28,85.14285714285714,strict_group,785.0,97.42857142857143,86.68571428571428,0.0,0.0,0.0,0.0,True,False,False
24076,0,0.0860020121386096,0.11501272264631043,Eastern Concrete,Broadway Plant,NJ,Eastern Region,other_or_unspecified,3500.0,3500,28.0,standard_28,82.28571428571429,strict_group,785.0,97.42857142857143,86.68571428571428,0.0,0.0,0.0,0.0,True,False,False
24070,0,0.0860020121386096,0.11501272264631043,Eastern Concrete,Broadway Plant,NJ,Eastern Region,other_or_unspecified,3500.0,3500,28.0,standard_28,80.28571428571429,strict_group,785.0,97.42857142857143,86.68571428571428,0.0,0.0,0.0,0.0,True,False,False
29613,0,0.0859084641929553,0.11501272264631043,Eastern Concrete,West Nyack Plant,NY,Eastern Region,other_or_unspecified,4000.0,4000,28.0,standard_28,115.25,strict_group,2318.0,91.5,80.75,23.75,0.20607375271149675,34.5,0.2993492407809111,True,True,True
23742,1,0.0856755529258701,0.11501272264631043,Eastern Concrete,Bogota Plant,NJ,Eastern Region,other_or_unspecified,4000.0,4000,28.0,standard_28,125.75,strict_group,2318.0,91.5,80.75,34.25,0.27236580516898606,45.0,0.35785288270377735,True,True,True
24920,0,0.0856755529258701,0.11501272264631043,Eastern Concrete,Broadway Plant,NJ,Eastern Region,other_or_unspecified,4000.0,4000,28.0,standard_28,123.0,strict_group,2318.0,91.5,80.75,31.5,0.25609756097560976,42.25,0.3434959349593496,True,True,True
28276,0,0.0856755529258701,0.11501272264631043,Eastern Concrete,North Bergen Plant,NJ,Eastern Region,other_or_unspecified,4000.0,4000,28.0,standard_28,122.0,strict_group,2318.0,91.5,80.75,30.5,0.25,41.25,0.33811475409836067,True,True,True
25004,0,0.0852752559057943,0.11501272264631043,Eastern Concrete,Broadway Plant,NJ,Eastern Region,other_or_unspecified,3000.0,3000,28.0,standard_28,107.0,strict_group,983.0,108.66666666666667,100.66666666666667,0.0,0.0,6.333333333333329,0.05919003115264793,True,False,False
24909,1,0.0852337279520257,0.11501272264631043,Eastern Concrete,Broadway Plant,NJ,Eastern Region,other_or_unspecified,3500.0,3500,28.0,standard_28,134.85714285714286,strict_group,785.0,97.42857142857143,86.68571428571428,37.42857142857143,0.2775423728813559,48.17142857142858,0.35720338983050853,True,True,True
23730,1,0.0852337279520257,0.11501272264631043,Eastern Concrete,Bogota Plant,NJ,Eastern Region,other_or_unspecified,3500.0,3500,28.0,standard_28,138.0,strict_group,785.0,97.42857142857143,86.68571428571428,40.57142857142857,0.2939958592132505,51.31428571428572,0.3718426501035197,True,True,True
28266,1,0.0852337279520257,0.11501272264631043,Eastern Concrete,North Bergen Plant,NJ,Eastern Region,other_or_unspecified,3500.0,3500,28.0,standard_28,133.71428571428572,strict_group,785.0,97.42857142857143,86.68571428571428,36.28571428571429,0.2713675213675214,47.02857142857144,0.3517094017094018,True,True,True
22824,0,0.0851908223582742,0.11501272264631043,Eastern Concrete,Bogota Plant,NJ,Eastern Region,other_or_unspecified,4000.0,4000,28.0,standard_28,109.75,strict_group,2318.0,91.5,80.75,18.25,0.1662870159453303,29.0,0.2642369020501139,True,True,False
27442,0,0.0851908223582742,0.11501272264631043,Eastern Concrete,North Bergen Plant,NJ,Eastern Region,other_or_unspecified,4000.0,4000,28.0,standard_28,109.25,strict_group,2318.0,91.5,80.75,17.75,0.16247139588100687,28.5,0.2608695652173913,True,True,False
23986,0,0.0851908223582742,0.11501272264631043,Eastern Concrete,Broadway Plant,NJ,Eastern Region,other_or_unspecified,4000.0,4000,28.0,standard_28,107.25,strict_group,2318.0,91.5,80.75,15.75,0.14685314685314685,26.5,0.24708624708624707,True,True,False
27931,0,0.0851519616508667,0.11501272264631043,Eastern Concrete,North Bergen Plant,NJ,Eastern Region,other_or_unspecified,4000.0,4000,28.0,standard_28,119.75,strict_group,2318.0,91.5,80.75,28.25,0.2359081419624217,39.0,0.325678496868476,True,True,True
24521,0,0.0851519616508667,0.11501272264631043,Eastern Concrete,Broadway Plant,NJ,Eastern Region,other_or_unspecified,4000.0,4000,28.0,standard_28,118.25,strict_group,2318.0,91.5,80.75,26.75,0.226215644820296,37.5,0.3171247357293869,True,True,True
23352,0,0.0851519616508667,0.11501272264631043,Eastern Concrete,Bogota Plant,NJ,Eastern Region,other_or_unspecified,4000.0,4000,28.0,standard_28,121.0,strict_group,2318.0,91.5,80.75,29.5,0.24380165289256198,40.25,0.33264462809917356,True,True,True
23709,1,0.0850489562286752,0.11501272264631043,Eastern Concrete,Bogota Plant,NJ,Eastern Region,other_or_unspecified,3500.0,3500,28.0,standard_28,134.85714285714286,strict_group,785.0,97.42857142857143,86.68571428571428,37.42857142857143,0.2775423728813559,48.17142857142858,0.35720338983050853,True,True,True
24888,1,0.0850489562286752,0.11501272264631043,Eastern Concrete,Broadway Plant,NJ,Eastern Region,other_or_unspecified,3500.0,3500,28.0,standard_28,131.42857142857142,strict_group,785.0,97.42857142857143,86.68571428571428,33.999999999999986,0.25869565217391294,44.74285714285713,0.3404347826086956,True,True,True
29411,1,0.0850276172513524,0.11501272264631043,Eastern Concrete,Roseland Plant,NJ,Eastern Region,other_or_unspecified,3500.0,3500,28.0,standard_28,135.71428571428572,strict_group,785.0,97.42857142857143,86.68571428571428,38.28571428571429,0.28210526315789475,49.02857142857144,0.3612631578947369,True,True,True
28949,0,0.0842829649829315,0.11501272264631043,Eastern Concrete,Roseland Plant,NJ,Eastern Region,other_or_unspecified,4000.0,4000,28.0,standard_28,110.0,strict_group,2318.0,91.5,80.75,18.5,0.16818181818181818,29.25,0.26590909090909093,True,True,False
26363,0,0.0840014765234855,0.11501272264631043,Eastern Concrete,Newark Plant,NJ,Eastern Region,other_or_unspecified,4000.0,4000,28.0,standard_28,107.0,strict_group,2318.0,91.5,80.75,15.5,0.14485981308411214,26.25,0.24532710280373832,True,True,False
30399,0,0.0839048124053983,0.11501272264631043,Eastern Concrete,West Nyack Plant,NY,Eastern Region,other_or_unspecified,4000.0,4000,28.0,standard_28,116.0,strict_group,2318.0,91.5,80.75,24.5,0.21120689655172414,35.25,0.30387931034482757,True,True,True
25986,0,0.0836694862752484,0.11501272264631043,Eastern Concrete,Howell Plant,NJ,Eastern Region,infrastructure,4000.0,4000,28.0,standard_28,94.0,strict_group,76.0,79.1875,74.875,14.8125,0.15757978723404256,19.125,0.20345744680851063,True,True,False
25977,0,0.0836694862752484,0.11501272264631043,Eastern Concrete,Howell Plant,NJ,Eastern Region,infrastructure,4000.0,4000,28.0,standard_28,80.25,strict_group,76.0,79.1875,74.875,1.0625,0.0132398753894081,5.375,0.06697819314641744,True,False,False
25978,0,0.0836694862752484,0.11501272264631043,Eastern Concrete,Howell Plant,NJ,Eastern Region,infrastructure,4000.0,4000,28.0,standard_28,80.25,strict_group,76.0,79.1875,74.875,1.0625,0.0132398753894081,5.375,0.06697819314641744,True,False,False
25974,1,0.0834510258814892,0.11501272264631043,Eastern Concrete,Howell Plant,NJ,Eastern Region,infrastructure,4000.0,4000,28.0,standard_28,125.0,strict_group,76.0,79.1875,74.875,45.8125,0.3665,50.125,0.401,True,True,True
33191,0,0.0834423467118912,0.11501272264631043,Hood River Sand and Gravel,North Bonneville Plant,WA,Pacific Northwest Region,paving,4000.0,4000,28.0,standard_28,106.75,national_spec_group,63.0,72.875,67.75,33.875,0.31733021077283374,39.0,0.36533957845433257,True,True,True
30053,1,0.0833177277859843,0.11501272264631043,Eastern Concrete,West Nyack Plant,NY,Eastern Region,other_or_unspecified,4000.0,4000,28.0,standard_28,125.75,strict_group,2318.0,91.5,80.75,34.25,0.27236580516898606,45.0,0.35785288270377735,True,True,True
25533,1,0.0827849411142454,0.11501272264631043,Eastern Concrete,Howell Plant,NJ,Eastern Region,other_or_unspecified,3500.0,3500,28.0,standard_28,131.14285714285714,strict_group,785.0,97.42857142857143,86.68571428571428,33.71428571428571,0.25708061002178645,44.457142857142856,0.3389978213507625,True,True,True
25532,0,0.0823184856606927,0.11501272264631043,Eastern Concrete,Howell Plant,NJ,Eastern Region,filler,3500.0,3500,28.0,standard_28,122.0,strict_group,95.0,116.85714285714286,110.11428571428571,5.142857142857139,0.04215456674473064,11.885714285714286,0.09742388758782201,True,False,False
29996,0,0.0821956656509262,0.11501272264631043,Eastern Concrete,West Nyack Plant,NY,Eastern Region,other_or_unspecified,4000.0,4000,28.0,standard_28,121.75,strict_group,2318.0,91.5,80.75,30.25,0.24845995893223818,41.0,0.33675564681724846,True,True,True
30045,1,0.0821956656509262,0.11501272264631043,Eastern Concrete,West Nyack Plant,NY,Eastern Region,other_or_unspecified,4000.0,4000,28.0,standard_28,126.0,strict_group,2318.0,91.5,80.75,34.5,0.27380952380952384,45.25,0.35912698412698413,True,True,True
29995,0,0.0821956656509262,0.11501272264631043,Eastern Concrete,West Nyack Plant,NY,Eastern Region,other_or_unspecified,4000.0,4000,28.0,standard_28,121.5,strict_group,2318.0,91.5,80.75,30.0,0.24691358024691357,40.75,0.33539094650205764,True,True,True
26269,0,0.0819320910197973,0.11501272264631043,Eastern Concrete,Newark Plant,NJ,Eastern Region,other_or_unspecified,3500.0,3500,28.0,standard_28,114.0,strict_group,785.0,97.42857142857143,86.68571428571428,16.57142857142857,0.14536340852130325,27.314285714285717,0.23959899749373437,True,True,False
