row_index,y_true,domain_lgbm_probability,base_positive_rate,Company,Plant,Plant Location - State,U.S. Region of Plant,application_family,strength_psi,strength_bin_500,curing_days,curing_family,gwp_per_ksi,reference_group_type,reference_group_n,reference_p25_gwp_per_ksi,reference_p10_gwp_per_ksi,absolute_reduction_to_p25,relative_reduction_to_p25,absolute_reduction_to_p10,relative_reduction_to_p10,has_comparable_alternative_group,has_10pct_reduction_opportunity,has_20pct_reduction_opportunity
42876,1,0.9999463795530772,0.10909488412767818,Silver Strike Concrete,Silver Strike Sparks Plant,NV,Pacific Southwest Region,filler,200.0,0,28.0,standard_28,1380.0,national_spec_group,74.0,559.5,380.7666666666667,820.5,0.5945652173913043,999.2333333333333,0.7240821256038648,True,True,True
33626,1,0.999915370285671,0.10909488412767818,Knife River Corporation,Eugene (Oregon) Plant,OR,Pacific Northwest Region,filler,250.0,0,28.0,standard_28,556.0,strict_group,50.0,675.75,506.1,0.0,0.0,49.89999999999998,0.08974820143884887,True,False,False
43771,1,0.9999032011911516,0.10909488412767818,Smyrna Ready Mix,SCGA Mobile Plant,SC,Southeastern Region,filler,100.0,0,28.0,standard_28,575.0,national_spec_group,74.0,559.5,380.7666666666667,15.5,0.026956521739130435,194.2333333333333,0.33779710144927527,True,False,False
33461,1,0.9998962625618988,0.10909488412767818,Knife River Corporation,Boise (Idaho) Plant,ID,Pacific Northwest Region,filler,300.0,500,28.0,standard_28,360.0,strict_group,12.0,366.6666666666667,360.6666666666667,0.0,0.0,0.0,0.0,True,False,False
33555,1,0.9998949715413612,0.10909488412767818,Knife River Corporation,Coffee Lake Plant,OR,Pacific Northwest Region,filler,300.0,500,28.0,standard_28,423.33333333333337,strict_group,12.0,366.6666666666667,360.6666666666667,56.666666666666686,0.13385826771653547,62.666666666666686,0.14803149606299215,True,True,False
33625,1,0.9998929821923402,0.10909488412767818,Knife River Corporation,Eugene (Oregon) Plant,OR,Pacific Northwest Region,filler,300.0,500,28.0,standard_28,400.0,strict_group,12.0,366.6666666666667,360.6666666666667,33.333333333333314,0.08333333333333329,39.333333333333314,0.09833333333333329,True,False,False
423,1,0.9998928552762218,0.10909488412767818,American Rock Products (ARP),Hermiston Plant,OR,Pacific Northwest Region,filler,100.0,0,28.0,standard_28,1360.0,strict_group,50.0,675.75,506.1,684.25,0.503125,853.9,0.6278676470588235,True,True,True
33464,1,0.9998922175873928,0.10909488412767818,Knife River Corporation,Boise (Idaho) Plant,ID,Pacific Northwest Region,other_or_unspecified,300.0,500,28.0,standard_28,304.6666666666667,national_spec_group,20.0,217.375,207.0,87.29166666666669,0.28651531728665214,97.66666666666669,0.3205689277899344,True,True,True
33720,1,0.999890890735702,0.10909488412767818,Knife River Corporation,Linnton Plant,OR,Pacific Northwest Region,filler,300.0,500,28.0,standard_28,366.6666666666667,strict_group,12.0,366.6666666666667,360.6666666666667,0.0,0.0,6.0,0.01636363636363636,True,False,False
33863,1,0.999887110380358,0.10909488412767818,Knife River Corporation,Redmond (Oregon) Plant,OR,Pacific Northwest Region,filler,150.0,0,28.0,standard_28,1260.0,strict_group,50.0,675.75,506.1,584.25,0.4636904761904762,753.9,0.5983333333333333,True,True,True
33936,1,0.999886010408217,0.10909488412767818,Knife River Corporation,Tumalo (Oregon) Plant,OR,Pacific Northwest Region,filler,150.0,0,28.0,standard_28,1273.3333333333335,strict_group,50.0,675.75,506.1,597.5833333333335,0.4693062827225132,767.2333333333335,0.6025392670157068,True,True,True
421,1,0.9998858830801572,0.10909488412767818,American Rock Products (ARP),Hermiston Plant,OR,Pacific Northwest Region,filler,100.0,0,28.0,standard_28,705.0,strict_group,50.0,675.75,506.1,29.25,0.04148936170212766,198.89999999999998,0.28212765957446806,True,False,False
678,1,0.999885228914684,0.10909488412767818,American Rock Products (ARP),Walla Walla Plant,WA,Pacific Northwest Region,filler,100.0,0,28.0,standard_28,1030.0,strict_group,50.0,675.75,506.1,354.25,0.34393203883495144,523.9,0.5086407766990291,True,True,True
33465,1,0.999882795351703,0.10909488412767818,Knife River Corporation,Boise (Idaho) Plant,ID,Pacific Northwest Region,filler,300.0,500,28.0,standard_28,213.66666666666666,strict_group,12.0,366.6666666666667,360.6666666666667,0.0,0.0,0.0,0.0,True,False,False
337,1,0.999880682090368,0.10909488412767818,American Rock Products (ARP),Boardman Plant,OR,Pacific Northwest Region,filler,100.0,0,28.0,standard_28,630.0,strict_group,50.0,675.75,506.1,0.0,0.0,123.89999999999998,0.19666666666666663,True,False,False
339,1,0.9998793332684912,0.10909488412767818,American Rock Products (ARP),Boardman Plant,OR,Pacific Northwest Region,filler,100.0,0,28.0,standard_28,1140.0,strict_group,50.0,675.75,506.1,464.25,0.4072368421052632,633.9,0.5560526315789474,True,True,True
32894,1,0.9998783415576444,0.10909488412767818,Holcim - Aggregate Industries,REXCON Plant 8,MD,Eastern Region,filler,100.0,0,28.0,standard_28,915.9999999999999,strict_group,6.0,802.7499999999999,686.5,113.25,0.12363537117903932,229.4999999999999,0.2505458515283842,True,True,False
777,1,0.9998776929983676,0.10909488412767818,Amrize,Broomfield Plant,CO,Rocky Mountains Region,paving,50.0,0,28.0,standard_28,724.0,regional_strength_group,11.0,292.5,233.5,431.5,0.5959944751381215,490.5,0.6774861878453039,True,True,True
21770,1,0.9998733592849104,0.10909488412767818,Central Pre-Mix (CPM),Sullivan Plant ,WA,Pacific Northwest Region,filler,150.0,0,28.0,standard_28,312.0,strict_group,50.0,675.75,506.1,0.0,0.0,0.0,0.0,True,False,False
43866,1,0.999859331665774,0.10909488412767818,Smyrna Ready Mix,Nashville Plant,TN,Southeastern Region,filler,100.0,0,28.0,standard_28,1270.0,national_spec_group,74.0,559.5,380.7666666666667,710.5,0.5594488188976378,889.2333333333333,0.7001837270341208,True,True,True
33463,1,0.9998558664961068,0.10909488412767818,Knife River Corporation,Boise (Idaho) Plant,ID,Pacific Northwest Region,other_or_unspecified,300.0,500,28.0,standard_28,308.00000000000006,national_spec_group,20.0,217.375,207.0,90.62500000000006,0.2942370129870131,101.00000000000006,0.32792207792207806,True,True,True
33552,1,0.9998516328848996,0.10909488412767818,Knife River Corporation,Coffee Lake Plant,OR,Pacific Northwest Region,filler,150.0,0,28.0,standard_28,1246.6666666666667,strict_group,50.0,675.75,506.1,570.9166666666667,0.4579545454545455,740.5666666666667,0.5940374331550802,True,True,True
33909,1,0.9998516151397198,0.10909488412767818,Knife River Corporation,Sundial Plant,OR,Pacific Northwest Region,filler,300.0,500,28.0,standard_28,366.6666666666667,strict_group,12.0,366.6666666666667,360.6666666666667,0.0,0.0,6.0,0.01636363636363636,True,False,False
33849,1,0.9998465937496502,0.10909488412767818,Knife River Corporation,Redmond (Oregon) Plant,OR,Pacific Northwest Region,filler,100.0,0,28.0,standard_28,1260.0,strict_group,50.0,675.75,506.1,584.25,0.4636904761904762,753.9,0.5983333333333333,True,True,True
778,1,0.9998454126559586,0.10909488412767818,Amrize,Broomfield Plant,CO,Rocky Mountains Region,paving,50.0,0,28.0,standard_28,1038.0,regional_strength_group,11.0,292.5,233.5,745.5,0.7182080924855492,804.5,0.7750481695568401,True,True,True
21682,1,0.9998446290005552,0.10909488412767818,Central Pre-Mix (CPM),Sullivan Plant ,WA,Pacific Northwest Region,other_or_unspecified,150.0,0,28.0,standard_28,235.33333333333331,national_spec_group,21.0,315.3333333333333,270.6666666666667,0.0,0.0,0.0,0.0,True,False,False
555,1,0.9998435079683656,0.10909488412767818,American Rock Products (ARP),Pasco Plant,WA,Pacific Northwest Region,filler,100.0,0,28.0,standard_28,1290.0,strict_group,50.0,675.75,506.1,614.25,0.4761627906976744,783.9,0.6076744186046511,True,True,True
33900,1,0.9998434366628643,0.10909488412767818,Knife River Corporation,Sundial Plant,OR,Pacific Northwest Region,filler,150.0,0,28.0,standard_28,1326.6666666666667,strict_group,50.0,675.75,506.1,650.9166666666667,0.490640703517588,820.5666666666667,0.6185175879396985,True,True,True
33686,1,0.9998434366628643,0.10909488412767818,Knife River Corporation,Hillsboro Plant,OR,Pacific Northwest Region,filler,150.0,0,28.0,standard_28,1300.0,strict_group,50.0,675.75,506.1,624.25,0.4801923076923077,793.9,0.6106923076923076,True,True,True
21781,1,0.9998414849611452,0.10909488412767818,Central Pre-Mix (CPM),Sullivan Plant ,WA,Pacific Northwest Region,filler,100.0,0,28.0,standard_28,1280.0,strict_group,50.0,675.75,506.1,604.25,0.4720703125,773.9,0.604609375,True,True,True
422,1,0.9998399588746354,0.10909488412767818,American Rock Products (ARP),Hermiston Plant,OR,Pacific Northwest Region,filler,200.0,0,28.0,standard_28,675.0,strict_group,50.0,675.75,506.1,0.0,0.0,168.89999999999998,0.2502222222222222,True,False,False
424,1,0.9998390023877212,0.10909488412767818,American Rock Products (ARP),Hermiston Plant,OR,Pacific Northwest Region,filler,50.0,0,28.0,standard_28,1248.0,strict_group,50.0,675.75,506.1,572.25,0.45853365384615385,741.9,0.5944711538461538,True,True,True
43815,1,0.9998344960778022,0.10909488412767818,Smyrna Ready Mix,TN Mobile Plant,TN,Southeastern Region,paving,100.0,0,28.0,standard_28,1220.0,none,,,,,,,,False,False,False
338,1,0.9998294229448024,0.10909488412767818,American Rock Products (ARP),Boardman Plant,OR,Pacific Northwest Region,filler,200.0,0,28.0,standard_28,570.0,strict_group,50.0,675.75,506.1,0.0,0.0,63.89999999999998,0.1121052631578947,True,False,False
21782,1,0.9998198909259804,0.10909488412767818,Central Pre-Mix (CPM),Sullivan Plant ,WA,Pacific Northwest Region,filler,200.0,0,28.0,standard_28,471.0,strict_group,50.0,675.75,506.1,0.0,0.0,0.0,0.0,True,False,False
33834,1,0.9998191416127272,0.10909488412767818,Knife River Corporation,Prineville Plant,OR,Pacific Northwest Region,filler,150.0,0,28.0,standard_28,1293.3333333333335,strict_group,50.0,675.75,506.1,617.5833333333335,0.4775128865979382,787.2333333333335,0.6086855670103093,True,True,True
21772,1,0.9998184997764488,0.10909488412767818,Central Pre-Mix (CPM),Sullivan Plant ,WA,Pacific Northwest Region,filler,100.0,0,28.0,standard_28,640.9999999999999,strict_group,50.0,675.75,506.1,0.0,0.0,134.89999999999986,0.2104524180967237,True,False,False
33803,1,0.9998179589462336,0.10909488412767818,Knife River Corporation,Prineville (Oregon) Plant,OR,Pacific Northwest Region,filler,150.0,0,28.0,standard_28,1293.3333333333335,strict_group,50.0,675.75,506.1,617.5833333333335,0.4775128865979382,787.2333333333335,0.6086855670103093,True,True,True
34888,1,0.9997836367824622,0.10909488412767818,National Ready Mix,Artesia Plant,CA,Pacific Southwest Region,filler,100.0,0,28.0,standard_28,789.0,national_spec_group,74.0,559.5,380.7666666666667,229.5,0.2908745247148289,408.2333333333333,0.5174059991550485,True,True,True
33866,1,0.9997825471903268,0.10909488412767818,Knife River Corporation,Redmond (Oregon) Plant,OR,Pacific Northwest Region,filler,300.0,500,28.0,standard_28,570.0,strict_group,12.0,366.6666666666667,360.6666666666667,203.33333333333331,0.3567251461988304,209.33333333333331,0.36725146198830405,True,True,True
33806,1,0.9997814880494292,0.10909488412767818,Knife River Corporation,Prineville (Oregon) Plant,OR,Pacific Northwest Region,filler,300.0,500,28.0,standard_28,586.6666666666667,strict_group,12.0,366.6666666666667,360.6666666666667,220.00000000000006,0.37500000000000006,226.00000000000006,0.38522727272727275,True,True,True
33837,1,0.9997792893043238,0.10909488412767818,Knife River Corporation,Prineville Plant,OR,Pacific Northwest Region,filler,300.0,500,28.0,standard_28,586.6666666666667,strict_group,12.0,366.6666666666667,360.6666666666667,220.00000000000006,0.37500000000000006,226.00000000000006,0.38522727272727275,True,True,True
32631,1,0.9997776215796044,0.10909488412767818,Holcim - Aggregate Industries,Jessup Plant,MD,Eastern Region,filler,100.0,0,28.0,standard_28,1120.0,strict_group,6.0,802.7499999999999,686.5,317.2500000000001,0.28325892857142865,433.5,0.38705357142857144,True,True,True
2233,1,0.999774553444052,0.10909488412767818,Brewster Transit Mix,Brewster Ready Mix Plant,NY,Eastern Region,filler,100.0,0,56.0,extended_56,1190.0,regional_strength_group,14.0,688.5,603.5999999999999,501.5,0.42142857142857143,586.4000000000001,0.49277310924369755,True,True,True
22299,1,0.9997718291952636,0.10909488412767818,CTI Ready Mix,CTI Ready Mix Carlisle Plant,IA,North Central Region,other_or_unspecified,150.0,0,28.0,standard_28,853.3333333333334,strict_group,17.0,322.0,300.6666666666667,531.3333333333334,0.62265625,552.6666666666667,0.64765625,True,True,True
22334,1,0.9997718291952636,0.10909488412767818,CTI Ready Mix,CTI Ready Mix Elkhart Plant,IA,North Central Region,other_or_unspecified,150.0,0,28.0,standard_28,900.0,strict_group,17.0,322.0,300.6666666666667,578.0,0.6422222222222222,599.3333333333333,0.6659259259259258,True,True,True
33624,1,0.9997717193053208,0.10909488412767818,Knife River Corporation,Eugene (Oregon) Plant,OR,Pacific Northwest Region,filler,200.0,0,28.0,standard_28,955.0,strict_group,50.0,675.75,506.1,279.25,0.29240837696335076,448.9,0.47005235602094236,True,True,True
21780,1,0.9997692473048284,0.10909488412767818,Central Pre-Mix (CPM),Sullivan Plant ,WA,Pacific Northwest Region,filler,65.0,0,28.0,standard_28,707.6923076923076,strict_group,50.0,675.75,506.1,31.942307692307622,0.0451358695652173,201.5923076923076,0.2848586956521738,True,False,False
33939,1,0.999766865858032,0.10909488412767818,Knife River Corporation,Tumalo (Oregon) Plant,OR,Pacific Northwest Region,filler,300.0,500,28.0,standard_28,580.0,strict_group,12.0,366.6666666666667,360.6666666666667,213.33333333333331,0.367816091954023,219.33333333333331,0.37816091954022985,True,True,True
556,1,0.9997657366682854,0.10909488412767818,American Rock Products (ARP),Pasco Plant,WA,Pacific Northwest Region,filler,100.0,0,28.0,standard_28,1330.0,strict_group,50.0,675.75,506.1,654.25,0.4919172932330827,823.9,0.6194736842105263,True,True,True
43951,1,0.999765720455658,0.10909488412767818,Stoneway Concrete,Houser Plant,WA,Pacific Northwest Region,filler,150.0,0,28.0,standard_28,686.6666666666667,strict_group,50.0,675.75,506.1,10.916666666666742,0.015898058252427294,180.56666666666672,0.2629611650485437,True,False,False
21771,1,0.999765617528618,0.10909488412767818,Central Pre-Mix (CPM),Sullivan Plant ,WA,Pacific Northwest Region,filler,100.0,0,28.0,standard_28,677.9999999999999,strict_group,50.0,675.75,506.1,2.2499999999998863,0.003318584070796293,171.89999999999986,0.2535398230088494,True,False,False
526,1,0.9997653866322962,0.10909488412767818,American Rock Products (ARP),Hospital Plant,WA,Pacific Northwest Region,filler,100.0,0,28.0,standard_28,1390.0,strict_group,50.0,675.75,506.1,714.25,0.5138489208633094,883.9,0.6358992805755396,True,True,True
33496,1,0.9997605732868012,0.10909488412767818,Knife River Corporation,Boise (Idaho) Plant,ID,Pacific Northwest Region,other_or_unspecified,300.0,500,28.0,standard_28,1016.6666666666667,national_spec_group,20.0,217.375,207.0,799.2916666666667,0.786188524590164,809.6666666666667,0.7963934426229509,True,True,True
617,1,0.999752809791694,0.10909488412767818,American Rock Products (ARP),Prosser Plant,WA,Pacific Northwest Region,filler,300.0,500,28.0,standard_28,676.6666666666667,strict_group,12.0,366.6666666666667,360.6666666666667,310.00000000000006,0.45812807881773404,316.00000000000006,0.46699507389162564,True,True,True
589,1,0.9997525371865515,0.10909488412767818,American Rock Products (ARP),Pendleton Plant,OR,Pacific Northwest Region,filler,300.0,500,28.0,standard_28,1070.0,strict_group,12.0,366.6666666666667,360.6666666666667,703.3333333333333,0.6573208722741433,709.3333333333333,0.6629283489096572,True,True,True
21613,1,0.9997430111496144,0.10909488412767818,Central Pre-Mix (CPM),Crestline Plant ,WA,Pacific Northwest Region,filler,200.0,0,28.0,standard_28,650.0,strict_group,50.0,675.75,506.1,0.0,0.0,143.89999999999998,0.22138461538461535,True,False,False
22380,1,0.999741234331895,0.10909488412767818,CTI Ready Mix,CTI Ready Mix West Des Moines Plant,IA,North Central Region,other_or_unspecified,150.0,0,28.0,standard_28,826.6666666666667,strict_group,17.0,322.0,300.6666666666667,504.66666666666674,0.6104838709677419,526.0,0.6362903225806451,True,True,True
32633,1,0.999732170624662,0.10909488412767818,Holcim - Aggregate Industries,Jessup Plant,MD,Eastern Region,filler,200.0,0,28.0,standard_28,605.0,strict_group,6.0,802.7499999999999,686.5,0.0,0.0,0.0,0.0,True,False,False
21649,1,0.999728168186276,0.10909488412767818,Central Pre-Mix (CPM),Crestline Plant ,WA,Pacific Northwest Region,filler,150.0,0,28.0,standard_28,444.6666666666667,strict_group,50.0,675.75,506.1,0.0,0.0,0.0,0.0,True,False,False
586,1,0.9997257843542052,0.10909488412767818,American Rock Products (ARP),Pendleton Plant,OR,Pacific Northwest Region,filler,100.0,0,28.0,standard_28,967.9999999999999,strict_group,50.0,675.75,506.1,292.2499999999999,0.3019111570247933,461.89999999999986,0.4771694214876032,True,True,True
588,1,0.9997160513459664,0.10909488412767818,American Rock Products (ARP),Pendleton Plant,OR,Pacific Northwest Region,filler,200.0,0,28.0,standard_28,1040.0,strict_group,50.0,675.75,506.1,364.25,0.3502403846153846,533.9,0.5133653846153846,True,True,True
33920,1,0.999715340777995,0.10909488412767818,Knife River Corporation,Tumalo (Oregon) Plant,OR,Pacific Northwest Region,filler,100.0,0,28.0,standard_28,1340.0,strict_group,50.0,675.75,506.1,664.25,0.4957089552238806,833.9,0.6223134328358209,True,True,True
615,1,0.9997034968285008,0.10909488412767818,American Rock Products (ARP),Prosser Plant,WA,Pacific Northwest Region,filler,200.0,0,28.0,standard_28,730.0,strict_group,50.0,675.75,506.1,54.25,0.07431506849315068,223.89999999999998,0.30671232876712323,True,False,False
527,1,0.999696245885002,0.10909488412767818,American Rock Products (ARP),Hospital Plant,WA,Pacific Northwest Region,filler,100.0,0,28.0,standard_28,1430.0,strict_group,50.0,675.75,506.1,754.25,0.5274475524475525,923.9,0.646083916083916,True,True,True
41099,1,0.9996943866883344,0.10909488412767818,Pete Lien & Sons,Rapid City Ready Mix,SD,North Central Region,filler,200.0,0,28.0,standard_28,457.5,strict_group,5.0,398.00000000000006,384.00000000000006,59.49999999999994,0.13005464480874304,73.49999999999994,0.1606557377049179,True,True,False
33462,1,0.9996823396725346,0.10909488412767818,Knife River Corporation,Boise (Idaho) Plant,ID,Pacific Northwest Region,filler,250.0,0,28.0,standard_28,328.4,strict_group,50.0,675.75,506.1,0.0,0.0,0.0,0.0,True,False,False
32108,1,0.9996633949366762,0.10909488412767818,Holcim - Aggregate Industries,Beltsville Plant,MD,Eastern Region,filler,100.0,0,56.0,extended_56,1140.0,regional_strength_group,14.0,688.5,603.5999999999999,451.5,0.3960526315789474,536.4000000000001,0.47052631578947374,True,True,True
590,1,0.9996605831333458,0.10909488412767818,American Rock Products (ARP),Pendleton Plant,OR,Pacific Northwest Region,filler,200.0,0,28.0,standard_28,805.0,strict_group,50.0,675.75,506.1,129.25,0.16055900621118013,298.9,0.37130434782608696,True,True,False
32640,1,0.9996511182218276,0.10909488412767818,Holcim - Aggregate Industries,Jessup Plant,MD,Eastern Region,filler,100.0,0,28.0,standard_28,907.0,strict_group,6.0,802.7499999999999,686.5,104.25000000000011,0.11493936052921733,220.5,0.24310915104740904,True,True,False
33715,1,0.9996509452942456,0.10909488412767818,Knife River Corporation,Linnton Plant,OR,Pacific Northwest Region,filler,150.0,0,28.0,standard_28,1233.3333333333335,strict_group,50.0,675.75,506.1,557.5833333333335,0.45209459459459467,727.2333333333335,0.5896486486486486,True,True,True
43531,1,0.999646304924148,0.10909488412767818,Smyrna Ready Mix,Quivas Plant,CO,Rocky Mountains Region,filler,100.0,0,28.0,standard_28,815.9999999999999,strict_group,9.0,248.99999999999997,204.5,566.9999999999999,0.6948529411764706,611.4999999999999,0.7493872549019608,True,True,True
43530,1,0.999646304924148,0.10909488412767818,Smyrna Ready Mix,Quivas Plant,CO,Rocky Mountains Region,filler,100.0,0,28.0,standard_28,815.9999999999999,strict_group,9.0,248.99999999999997,204.5,566.9999999999999,0.6948529411764706,611.4999999999999,0.7493872549019608,True,True,True
645,1,0.9996454911777666,0.10909488412767818,American Rock Products (ARP),Richland Plant,WA,Pacific Northwest Region,filler,50.0,0,28.0,standard_28,1024.0,strict_group,50.0,675.75,506.1,348.25,0.340087890625,517.9,0.50576171875,True,True,True
32843,1,0.9996402095253518,0.10909488412767818,Holcim - Aggregate Industries,NEWPORT READY-MIX Plant,MN,North Central Region,other_or_unspecified,400.0,500,28.0,standard_28,212.74999999999997,strict_group,14.0,213.81249999999997,198.0,0.0,0.0,14.749999999999972,0.06933019976498225,True,False,False
32844,1,0.9996402095253518,0.10909488412767818,Holcim - Aggregate Industries,NEWPORT READY-MIX Plant,MN,North Central Region,other_or_unspecified,400.0,500,28.0,standard_28,208.5,strict_group,14.0,213.81249999999997,198.0,0.0,0.0,10.5,0.050359712230215826,True,False,False
43952,1,0.9996293930306388,0.10909488412767818,Stoneway Concrete,Houser Plant,WA,Pacific Northwest Region,filler,200.0,0,28.0,standard_28,515.0,strict_group,50.0,675.75,506.1,0.0,0.0,8.899999999999977,0.01728155339805821,True,False,False
32774,1,0.9996257260916104,0.10909488412767818,Holcim - Aggregate Industries,MAPLE GROVE READY-MIX Plant,MN,North Central Region,other_or_unspecified,400.0,500,28.0,standard_28,229.25,strict_group,14.0,213.81249999999997,198.0,15.437500000000028,0.06733914940021822,31.25,0.13631406761177753,True,False,False
32812,1,0.9996257260916104,0.10909488412767818,Holcim - Aggregate Industries,MINNEAPOLIS READY-MIX Plant,MN,North Central Region,other_or_unspecified,400.0,500,28.0,standard_28,217.5,strict_group,14.0,213.81249999999997,198.0,3.6875000000000284,0.016954022988505877,19.5,0.0896551724137931,True,False,False
32474,1,0.9996257260916104,0.10909488412767818,Holcim - Aggregate Industries,FOREST LAKE READY-MIX Plant,MN,North Central Region,other_or_unspecified,400.0,500,28.0,standard_28,231.0,strict_group,14.0,213.81249999999997,198.0,17.18750000000003,0.07440476190476203,33.0,0.14285714285714285,True,False,False
32773,1,0.9996257260916104,0.10909488412767818,Holcim - Aggregate Industries,MAPLE GROVE READY-MIX Plant,MN,North Central Region,other_or_unspecified,400.0,500,28.0,standard_28,233.99999999999997,strict_group,14.0,213.81249999999997,198.0,20.1875,0.08627136752136753,35.99999999999997,0.15384615384615374,True,False,False
32813,1,0.9996257260916104,0.10909488412767818,Holcim - Aggregate Industries,MINNEAPOLIS READY-MIX Plant,MN,North Central Region,other_or_unspecified,400.0,500,28.0,standard_28,216.99999999999997,strict_group,14.0,213.81249999999997,198.0,3.1875,0.014688940092165901,18.99999999999997,0.08755760368663583,True,False,False
32475,1,0.9996257260916104,0.10909488412767818,Holcim - Aggregate Industries,FOREST LAKE READY-MIX Plant,MN,North Central Region,other_or_unspecified,400.0,500,28.0,standard_28,231.0,strict_group,14.0,213.81249999999997,198.0,17.18750000000003,0.07440476190476203,33.0,0.14285714285714285,True,False,False
32089,1,0.9996257260916104,0.10909488412767818,Holcim - Aggregate Industries,BELLE PLAINE READY-MIX Plant,MN,North Central Region,other_or_unspecified,400.0,500,28.0,standard_28,228.0,strict_group,14.0,213.81249999999997,198.0,14.187500000000028,0.06222587719298258,30.0,0.13157894736842105,True,False,False
32090,1,0.9996257260916104,0.10909488412767818,Holcim - Aggregate Industries,BELLE PLAINE READY-MIX Plant,MN,North Central Region,other_or_unspecified,400.0,500,28.0,standard_28,243.75,strict_group,14.0,213.81249999999997,198.0,29.93750000000003,0.12282051282051294,45.75,0.18769230769230769,True,True,False
34725,1,0.9996182985952492,0.10909488412767818,Milpitas Materials Co,Milpitas Plant,CA,Pacific Southwest Region,filler,300.0,500,28.0,standard_28,282.33333333333337,national_spec_group,14.0,366.6666666666667,305.6333333333334,0.0,0.0,0.0,0.0,True,False,False
587,1,0.9996155366115498,0.10909488412767818,American Rock Products (ARP),Pendleton Plant,OR,Pacific Northwest Region,filler,200.0,0,28.0,standard_28,800.0,strict_group,50.0,675.75,506.1,124.25,0.1553125,293.9,0.36737499999999995,True,True,False
616,1,0.9996155366115498,0.10909488412767818,American Rock Products (ARP),Prosser Plant,WA,Pacific Northwest Region,filler,200.0,0,28.0,standard_28,750.0,strict_group,50.0,675.75,506.1,74.25,0.099,243.89999999999998,0.3252,True,False,False
41037,1,0.9996116862096326,0.10909488412767818,Pete Lien & Sons,Fort Pierre Ready Mix (Red's Transit Mix) Plant,SD,North Central Region,filler,200.0,0,28.0,standard_28,650.0,strict_group,5.0,398.00000000000006,384.00000000000006,251.99999999999994,0.3876923076923076,265.99999999999994,0.4092307692307691,True,True,True
33460,0,0.9996053659140478,0.10909488412767818,Knife River Corporation,Boise (Idaho) Plant,ID,Pacific Northwest Region,filler,800.0,1000,28.0,standard_28,99.875,strict_group,5.0,80.37499999999999,78.725,19.500000000000014,0.1952440550688362,21.150000000000006,0.211764705882353,True,True,False
33787,1,0.9995948920893548,0.10909488412767818,Knife River Corporation,Prineville (Oregon) Plant,OR,Pacific Northwest Region,filler,100.0,0,28.0,standard_28,1340.0,strict_group,50.0,675.75,506.1,664.25,0.4957089552238806,833.9,0.6223134328358209,True,True,True
32280,1,0.9995942409291622,0.10909488412767818,Holcim - Aggregate Industries,EMPIRE READY-MIX Plant,MN,North Central Region,other_or_unspecified,400.0,500,28.0,standard_28,193.5,strict_group,14.0,213.81249999999997,198.0,0.0,0.0,0.0,0.0,True,False,False
32279,1,0.9995942409291622,0.10909488412767818,Holcim - Aggregate Industries,EMPIRE READY-MIX Plant,MN,North Central Region,other_or_unspecified,400.0,500,28.0,standard_28,193.24999999999997,strict_group,14.0,213.81249999999997,198.0,0.0,0.0,0.0,0.0,True,False,False
33818,1,0.9995865216705268,0.10909488412767818,Knife River Corporation,Prineville Plant,OR,Pacific Northwest Region,filler,100.0,0,28.0,standard_28,1340.0,strict_group,50.0,675.75,506.1,664.25,0.4957089552238806,833.9,0.6223134328358209,True,True,True
680,1,0.9995772795164564,0.10909488412767818,American Rock Products (ARP),Walla Walla Plant,WA,Pacific Northwest Region,filler,200.0,0,28.0,standard_28,825.0,strict_group,50.0,675.75,506.1,149.25,0.1809090909090909,318.9,0.3865454545454545,True,True,False
32769,1,0.9995611055536744,0.10909488412767818,Holcim - Aggregate Industries,MAPLE GROVE READY-MIX Plant,MN,North Central Region,other_or_unspecified,150.0,0,28.0,standard_28,315.3333333333333,strict_group,17.0,322.0,300.6666666666667,0.0,0.0,14.666666666666629,0.046511627906976626,True,False,False
32808,1,0.9995611055536744,0.10909488412767818,Holcim - Aggregate Industries,MINNEAPOLIS READY-MIX Plant,MN,North Central Region,other_or_unspecified,150.0,0,28.0,standard_28,304.6666666666667,strict_group,17.0,322.0,300.6666666666667,0.0,0.0,4.0,0.01312910284463895,True,False,False
32470,1,0.9995611055536744,0.10909488412767818,Holcim - Aggregate Industries,FOREST LAKE READY-MIX Plant,MN,North Central Region,other_or_unspecified,150.0,0,28.0,standard_28,334.6666666666667,strict_group,17.0,322.0,300.6666666666667,12.666666666666686,0.0378486055776893,34.0,0.10159362549800796,True,False,False
32085,1,0.9995611055536744,0.10909488412767818,Holcim - Aggregate Industries,BELLE PLAINE READY-MIX Plant,MN,North Central Region,other_or_unspecified,150.0,0,28.0,standard_28,326.6666666666667,strict_group,17.0,322.0,300.6666666666667,4.666666666666686,0.014285714285714343,26.0,0.07959183673469387,True,False,False
21815,1,0.999546655965802,0.10909488412767818,Central Pre-Mix (CPM),Yakima #24 Plant,WA,Pacific Northwest Region,filler,100.0,0,28.0,standard_28,1290.0,strict_group,50.0,675.75,506.1,614.25,0.4761627906976744,783.9,0.6076744186046511,True,True,True
32868,1,0.9995384334608142,0.10909488412767818,Holcim - Aggregate Industries,PORTABLE LRT READY MIX Plant,MN,North Central Region,other_or_unspecified,400.0,500,28.0,standard_28,233.75,strict_group,14.0,213.81249999999997,198.0,19.93750000000003,0.08529411764705895,35.75,0.15294117647058825,True,False,False
32869,1,0.9995384334608142,0.10909488412767818,Holcim - Aggregate Industries,PORTABLE LRT READY MIX Plant,MN,North Central Region,other_or_unspecified,400.0,500,28.0,standard_28,233.24999999999997,strict_group,14.0,213.81249999999997,198.0,19.4375,0.08333333333333334,35.24999999999997,0.15112540192926036,True,False,False
32865,1,0.999525108430213,0.10909488412767818,Holcim - Aggregate Industries,PORTABLE LRT READY MIX Plant,MN,North Central Region,other_or_unspecified,150.0,0,28.0,standard_28,342.6666666666667,strict_group,17.0,322.0,300.6666666666667,20.666666666666686,0.060311284046692656,42.0,0.122568093385214,True,False,False
42877,1,0.9995220176936568,0.10909488412767818,Silver Strike Concrete,Silver Strike Sparks Plant,NV,Pacific Southwest Region,filler,500.0,500,28.0,standard_28,484.0,national_spec_group,14.0,366.6666666666667,305.6333333333334,117.33333333333331,0.24242424242424238,178.36666666666662,0.368526170798898,True,True,True
32178,1,0.9995133497535236,0.10909488412767818,Holcim - Aggregate Industries,Chantilly Plant,VA,Eastern Region,filler,100.0,0,28.0,standard_28,1080.0,strict_group,6.0,802.7499999999999,686.5,277.2500000000001,0.2567129629629631,393.5,0.36435185185185187,True,True,True
21651,1,0.999506434105818,0.10909488412767818,Central Pre-Mix (CPM),Mattawa Plant ,WA,Pacific Northwest Region,filler,100.0,0,28.0,standard_28,1350.0,strict_group,50.0,675.75,506.1,674.25,0.49944444444444447,843.9,0.6251111111111111,True,True,True
43439,1,0.999483698635621,0.10909488412767818,Smyrna Ready Mix,Chambers Plant,CO,Rocky Mountains Region,filler,250.0,0,28.0,standard_28,336.0,strict_group,9.0,248.99999999999997,204.5,87.00000000000003,0.2589285714285715,131.5,0.3913690476190476,True,True,True
41069,1,0.9994808068377004,0.10909488412767818,Pete Lien & Sons,Gillette Ready Mix (CCC),WY,Rocky Mountains Region,filler,200.0,0,28.0,standard_28,530.0,strict_group,9.0,248.99999999999997,204.5,281.0,0.530188679245283,325.5,0.6141509433962264,True,True,True
32447,1,0.9994779427303648,0.10909488412767818,Holcim - Aggregate Industries,FARGO READY-MIX WET Plant,ND,North Central Region,filler,150.0,0,28.0,standard_28,374.6666666666667,strict_group,5.0,398.00000000000006,384.00000000000006,0.0,0.0,0.0,0.0,True,False,False
32417,1,0.9994779427303648,0.10909488412767818,Holcim - Aggregate Industries,FARGO READY-MIX DRY Plant,ND,North Central Region,filler,150.0,0,28.0,standard_28,398.00000000000006,strict_group,5.0,398.00000000000006,384.00000000000006,0.0,0.0,14.0,0.03517587939698492,True,False,False
43953,1,0.999474017131472,0.10909488412767818,Stoneway Concrete,Houser Plant,WA,Pacific Northwest Region,filler,200.0,0,28.0,standard_28,510.0,strict_group,50.0,675.75,506.1,0.0,0.0,3.8999999999999773,0.007647058823529367,True,False,False
40998,1,0.9994573900247992,0.10909488412767818,Pete Lien & Sons,Colorado Springs Ready Mix Plant 3 Plant,CO,Rocky Mountains Region,filler,200.0,0,28.0,standard_28,248.99999999999997,strict_group,9.0,248.99999999999997,204.5,0.0,0.0,44.49999999999997,0.17871485943775092,True,False,False
32748,1,0.999450268728985,0.10909488412767818,Holcim - Aggregate Industries,Manassas Plant,VA,Eastern Region,filler,100.0,0,28.0,standard_28,767.9999999999999,strict_group,6.0,802.7499999999999,686.5,0.0,0.0,81.49999999999989,0.10611979166666653,True,False,False
21840,1,0.9993369092843474,0.10909488412767818,Central Pre-Mix (CPM),Yakima #24 Plant,WA,Pacific Northwest Region,filler,100.0,0,28.0,standard_28,827.0,strict_group,50.0,675.75,506.1,151.25,0.18288996372430472,320.9,0.3880290205562273,True,True,False
32839,1,0.9993347440141492,0.10909488412767818,Holcim - Aggregate Industries,NEWPORT READY-MIX Plant,MN,North Central Region,other_or_unspecified,150.0,0,28.0,standard_28,294.6666666666667,strict_group,17.0,322.0,300.6666666666667,0.0,0.0,0.0,0.0,True,False,False
42586,1,0.9992793003313144,0.10909488412767818,Salmon Bay Sand & Gravel,Salmon Bay Sand and Gravel,WA,Pacific Northwest Region,other_or_unspecified,80.0,0,28.0,standard_28,502.5,national_spec_group,21.0,315.3333333333333,270.6666666666667,187.16666666666669,0.37247097844112775,231.83333333333331,0.46135986733001655,True,True,True
32807,1,0.9992783006390008,0.10909488412767818,Holcim - Aggregate Industries,MINNEAPOLIS READY-MIX Plant,MN,North Central Region,other_or_unspecified,150.0,0,28.0,standard_28,382.6666666666667,strict_group,17.0,322.0,300.6666666666667,60.666666666666686,0.1585365853658537,82.0,0.21428571428571427,True,True,False
32084,1,0.9992783006390008,0.10909488412767818,Holcim - Aggregate Industries,BELLE PLAINE READY-MIX Plant,MN,North Central Region,other_or_unspecified,150.0,0,28.0,standard_28,518.0,strict_group,17.0,322.0,300.6666666666667,196.0,0.3783783783783784,217.33333333333331,0.4195624195624195,True,True,True
32768,1,0.9992783006390008,0.10909488412767818,Holcim - Aggregate Industries,MAPLE GROVE READY-MIX Plant,MN,North Central Region,other_or_unspecified,150.0,0,28.0,standard_28,394.6666666666667,strict_group,17.0,322.0,300.6666666666667,72.66666666666669,0.18412162162162166,94.0,0.23817567567567566,True,True,False
32469,1,0.9992783006390008,0.10909488412767818,Holcim - Aggregate Industries,FOREST LAKE READY-MIX Plant,MN,North Central Region,other_or_unspecified,150.0,0,28.0,standard_28,409.3333333333333,strict_group,17.0,322.0,300.6666666666667,87.33333333333331,0.2133550488599348,108.66666666666663,0.26547231270358296,True,True,True
40670,1,0.9992711603620136,0.10909488412767818,New Enterprise Stone & Lime,"Barton Road, NY Plant",NY,Eastern Region,filler,300.0,500,56.0,extended_56,553.3333333333334,regional_strength_group,5.0,404.0,399.2,149.33333333333337,0.2698795180722892,154.13333333333338,0.27855421686746995,True,True,True
40707,1,0.9992711603620136,0.10909488412767818,New Enterprise Stone & Lime,"Gateway, NY Plant",NY,Eastern Region,filler,300.0,500,56.0,extended_56,566.6666666666667,regional_strength_group,5.0,404.0,399.2,162.66666666666674,0.28705882352941187,167.46666666666675,0.295529411764706,True,True,True
43438,1,0.9992413403248112,0.10909488412767818,Smyrna Ready Mix,Chambers Plant,CO,Rocky Mountains Region,filler,100.0,0,28.0,standard_28,365.0,strict_group,9.0,248.99999999999997,204.5,116.00000000000003,0.3178082191780823,160.5,0.4397260273972603,True,True,True
32838,1,0.9992405350590936,0.10909488412767818,Holcim - Aggregate Industries,NEWPORT READY-MIX Plant,MN,North Central Region,other_or_unspecified,150.0,0,28.0,standard_28,370.6666666666667,strict_group,17.0,322.0,300.6666666666667,48.666666666666686,0.13129496402877702,70.0,0.18884892086330934,True,True,False
43572,1,0.9992153427636083,0.10909488412767818,Smyrna Ready Mix,Quivas Plant,CO,Rocky Mountains Region,filler,100.0,0,28.0,standard_28,395.0,strict_group,9.0,248.99999999999997,204.5,146.00000000000003,0.36962025316455704,190.5,0.48227848101265824,True,True,True
32274,1,0.9991632335840284,0.10909488412767818,Holcim - Aggregate Industries,EMPIRE READY-MIX Plant,MN,North Central Region,other_or_unspecified,150.0,0,28.0,standard_28,322.0,strict_group,17.0,322.0,300.6666666666667,0.0,0.0,21.333333333333314,0.06625258799171836,True,False,False
42623,1,0.9991326579806208,0.10909488412767818,Salmon Bay Sand & Gravel,Salmon Bay Sand and Gravel,WA,Pacific Northwest Region,other_or_unspecified,150.0,0,28.0,standard_28,270.6666666666667,national_spec_group,21.0,315.3333333333333,270.6666666666667,0.0,0.0,0.0,0.0,True,False,False
32159,1,0.9991322123616914,0.10909488412767818,Holcim - Aggregate Industries,Chantilly Plant,VA,Eastern Region,other_or_unspecified,240.0,0,28.0,standard_28,450.0,national_spec_group,21.0,315.3333333333333,270.6666666666667,134.66666666666669,0.2992592592592593,179.33333333333331,0.3985185185185185,True,True,True
41128,1,0.9991105855942216,0.10909488412767818,Pete Lien & Sons,Spearfish Ready Mix Plant,SD,North Central Region,filler,200.0,0,28.0,standard_28,540.0,strict_group,5.0,398.00000000000006,384.00000000000006,141.99999999999994,0.26296296296296284,155.99999999999994,0.2888888888888888,True,True,True
33756,0,0.999073078581632,0.10909488412767818,Knife River Corporation,Nampa (Idaho) Plant,ID,Pacific Northwest Region,filler,800.0,1000,28.0,standard_28,77.625,strict_group,5.0,80.37499999999999,78.725,0.0,0.0,0.0,0.0,True,False,False
40969,0,0.9990484995480504,0.10909488412767818,Pete Lien & Sons,Colorado Springs Ready Mix Plant 2 Plant,CO,Rocky Mountains Region,filler,200.0,0,28.0,standard_28,88.49999999999999,strict_group,9.0,248.99999999999997,204.5,0.0,0.0,0.0,0.0,True,False,False
33020,1,0.9989947920367076,0.10909488412767818,Holcim - Aggregate Industries,Waltham Plant,MA,Eastern Region,filler,100.0,0,90.0,long,602.9999999999999,regional_strength_group,14.0,688.5,603.5999999999999,0.0,0.0,0.0,0.0,True,False,False
32925,1,0.9989947920367076,0.10909488412767818,Holcim - Aggregate Industries,Saugus Plant,MA,Eastern Region,filler,100.0,0,90.0,long,779.0,regional_strength_group,14.0,688.5,603.5999999999999,90.5,0.11617458279845956,175.4000000000001,0.2251604621309372,True,True,False
30897,1,0.9989555461360918,0.10909488412767818,Gotham Ready Mix LLC,Bronx Plant,NY,Eastern Region,filler,1000.0,1000,28.0,standard_28,270.0,national_spec_group,7.0,90.125,79.27499999999999,179.875,0.6662037037037037,190.72500000000002,0.706388888888889,True,True,True
32864,1,0.9988144831280532,0.10909488412767818,Holcim - Aggregate Industries,PORTABLE LRT READY MIX Plant,MN,North Central Region,other_or_unspecified,150.0,0,28.0,standard_28,420.6666666666667,strict_group,17.0,322.0,300.6666666666667,98.66666666666669,0.23454833597464345,120.0,0.28526148969889065,True,True,True
31979,1,0.998729660397038,0.10909488412767818,HAWAIIAN CEMENT,Halawa Plant #3,HI,Hawaii,other_or_unspecified,650.0,500,28.0,standard_28,803.0769230769231,national_spec_group,20.0,217.375,207.0,585.7019230769231,0.7293223180076629,596.0769230769231,0.7422413793103448,True,True,True
40970,1,0.9986846976046114,0.10909488412767818,Pete Lien & Sons,Colorado Springs Ready Mix Plant 2 Plant,CO,Rocky Mountains Region,filler,200.0,0,28.0,standard_28,233.5,strict_group,9.0,248.99999999999997,204.5,0.0,0.0,29.0,0.12419700214132762,True,False,False
32275,1,0.9986180823687254,0.10909488412767818,Holcim - Aggregate Industries,EMPIRE READY-MIX Plant,MN,North Central Region,other_or_unspecified,150.0,0,28.0,standard_28,248.00000000000003,strict_group,17.0,322.0,300.6666666666667,0.0,0.0,0.0,0.0,True,False,False
40706,1,0.9986124623977312,0.10909488412767818,New Enterprise Stone & Lime,"Gateway, NY Plant",NY,Eastern Region,filler,150.0,0,56.0,extended_56,986.6666666666667,regional_strength_group,14.0,688.5,603.5999999999999,298.16666666666674,0.302195945945946,383.06666666666683,0.3882432432432434,True,True,True
40669,1,0.9986124623977312,0.10909488412767818,New Enterprise Stone & Lime,"Barton Road, NY Plant",NY,Eastern Region,filler,150.0,0,56.0,extended_56,966.6666666666667,regional_strength_group,14.0,688.5,603.5999999999999,278.16666666666674,0.28775862068965524,363.06666666666683,0.37558620689655187,True,True,True
21846,1,0.9984748198627168,0.10909488412767818,Central Pre-Mix (CPM),Yakima #25 Plant,WA,Pacific Northwest Region,filler,100.0,0,28.0,standard_28,453.99999999999994,strict_group,50.0,675.75,506.1,0.0,0.0,0.0,0.0,True,False,False
43772,1,0.9981148161750936,0.10909488412767818,Smyrna Ready Mix,SCGA Mobile Plant,SC,Southeastern Region,filler,1000.0,1000,28.0,standard_28,335.0,national_spec_group,7.0,90.125,79.27499999999999,244.875,0.7309701492537314,255.72500000000002,0.763358208955224,True,True,True
32360,1,0.9979309066054384,0.10909488412767818,Holcim - Aggregate Industries,Everett Plant,MA,Eastern Region,other_or_unspecified,750.0,1000,28.0,standard_28,448.0,national_spec_group,13.0,44.75000000000001,39.550000000000004,403.25,0.9001116071428571,408.45,0.91171875,True,True,True
40671,1,0.99789637928104,0.10909488412767818,New Enterprise Stone & Lime,"Barton Road, NY Plant",NY,Eastern Region,filler,500.0,500,56.0,extended_56,404.0,regional_strength_group,5.0,404.0,399.2,0.0,0.0,4.800000000000011,0.011881188118811909,True,False,False
40708,1,0.99789637928104,0.10909488412767818,New Enterprise Stone & Lime,"Gateway, NY Plant",NY,Eastern Region,filler,500.0,500,56.0,extended_56,410.0,regional_strength_group,5.0,404.0,399.2,6.0,0.014634146341463415,10.800000000000011,0.026341463414634173,True,False,False
31967,1,0.9976824605830936,0.10909488412767818,HAWAIIAN CEMENT,Halawa Plant #1,HI,Hawaii,other_or_unspecified,650.0,500,28.0,standard_28,803.0769230769231,national_spec_group,20.0,217.375,207.0,585.7019230769231,0.7293223180076629,596.0769230769231,0.7422413793103448,True,True,True
32967,1,0.9972340363349202,0.10909488412767818,Holcim - Aggregate Industries,Waltham Plant,MA,Eastern Region,other_or_unspecified,1000.0,1000,28.0,standard_28,203.0,national_spec_group,13.0,44.75000000000001,39.550000000000004,158.25,0.7795566502463054,163.45,0.8051724137931034,True,True,True
32327,1,0.9970272312315236,0.10909488412767818,Holcim - Aggregate Industries,Everett Plant,MA,Eastern Region,filler,100.0,0,90.0,long,662.0,regional_strength_group,14.0,688.5,603.5999999999999,0.0,0.0,58.40000000000009,0.08821752265861041,True,False,False
21680,1,0.997022392212746,0.10909488412767818,Central Pre-Mix (CPM),Sullivan Plant ,WA,Pacific Northwest Region,other_or_unspecified,1000.0,1000,28.0,standard_28,167.0,national_spec_group,13.0,44.75000000000001,39.550000000000004,122.25,0.7320359281437125,127.44999999999999,0.7631736526946107,True,True,True
679,1,0.9964082253617896,0.10909488412767818,American Rock Products (ARP),Walla Walla Plant,WA,Pacific Northwest Region,filler,1000.0,1000,28.0,standard_28,324.0,strict_group,5.0,80.37499999999999,78.725,243.625,0.751929012345679,245.275,0.7570216049382716,True,True,True
42871,1,0.9964032059771408,0.10909488412767818,Silver Strike Concrete,Silver Strike Sparks Plant,NV,Pacific Southwest Region,filler,2000.0,2000,28.0,standard_28,181.5,strict_group,11.0,170.5,139.5,11.0,0.06060606060606061,42.0,0.23140495867768596,True,False,False
32632,1,0.9962979661811796,0.10909488412767818,Holcim - Aggregate Industries,Jessup Plant,MD,Eastern Region,other_or_unspecified,500.0,500,28.0,standard_28,396.0,national_spec_group,20.0,217.375,207.0,178.625,0.4510732323232323,189.0,0.4772727272727273,True,True,True
340,1,0.9952277838171072,0.10909488412767818,American Rock Products (ARP),Boardman Plant,OR,Pacific Northwest Region,filler,1500.0,1500,28.0,standard_28,152.0,national_spec_group,7.0,72.0,68.08,80.0,0.5263157894736842,83.92,0.5521052631578948,True,True,True
21681,1,0.9950033990651744,0.10909488412767818,Central Pre-Mix (CPM),Sullivan Plant ,WA,Pacific Northwest Region,other_or_unspecified,1000.0,1000,28.0,standard_28,167.0,national_spec_group,13.0,44.75000000000001,39.550000000000004,122.25,0.7320359281437125,127.44999999999999,0.7631736526946107,True,True,True
33633,0,0.9948402633294972,0.10909488412767818,Knife River Corporation,Fruitland (Idaho) Plant,ID,Pacific Northwest Region,filler,800.0,1000,28.0,standard_28,80.37499999999999,strict_group,5.0,80.37499999999999,78.725,0.0,0.0,1.6499999999999915,0.020528771384136755,True,False,False
517,1,0.994139143728702,0.10909488412767818,American Rock Products (ARP),Hermiston Plant,OR,Pacific Northwest Region,other_or_unspecified,3000.0,3000,28.0,standard_28,192.33333333333334,strict_group,233.0,94.33333333333333,83.66666666666667,98.00000000000001,0.5095320623916811,108.66666666666667,0.5649913344887348,True,True,True
35562,1,0.9939312797867546,0.10909488412767818,National Ready Mix,Canoga Park Plant,CA,Pacific Southwest Region,filler,2000.0,2000,28.0,standard_28,172.0,strict_group,11.0,170.5,139.5,1.5,0.00872093023255814,32.5,0.18895348837209303,True,False,False
35049,1,0.9937435965912748,0.10909488412767818,National Ready Mix,Artesia Plant,CA,Pacific Southwest Region,filler,2000.0,2000,28.0,standard_28,139.5,strict_group,11.0,170.5,139.5,0.0,0.0,0.0,0.0,True,False,False
32485,0,0.9936509012025688,0.10909488412767818,Holcim - Aggregate Industries,Fort Totten (DC) Plant,DC,Eastern Region,other_or_unspecified,2000.0,2000,28.0,standard_28,119.5,strict_group,14.0,85.75,82.95,33.75,0.2824267782426778,36.55,0.30585774058577403,True,True,True
21683,1,0.992456687549905,0.10909488412767818,Central Pre-Mix (CPM),Sullivan Plant ,WA,Pacific Northwest Region,filler,1000.0,1000,28.0,standard_28,127.0,strict_group,5.0,80.37499999999999,78.725,46.625000000000014,0.36712598425196863,48.275000000000006,0.3801181102362205,True,True,True
33283,1,0.991893894186844,0.10909488412767818,"Hooker Creek Companies, LLC",Redmond Plant,OR,Pacific Northwest Region,filler,2000.0,2000,28.0,standard_28,148.5,strict_group,19.0,130.5,125.8,18.0,0.12121212121212122,22.700000000000003,0.1528619528619529,True,True,False
35905,1,0.9917765260077868,0.10909488412767818,National Ready Mix,Glendale Plant,CA,Pacific Southwest Region,filler,2000.0,2000,28.0,standard_28,132.5,strict_group,11.0,170.5,139.5,0.0,0.0,0.0,0.0,True,False,False
35032,1,0.9901631563530664,0.10909488412767818,National Ready Mix,Artesia Plant,CA,Pacific Southwest Region,filler,2000.0,2000,28.0,standard_28,171.0,strict_group,11.0,170.5,139.5,0.5,0.0029239766081871343,31.5,0.18421052631578946,True,False,False
35056,1,0.9901631563530664,0.10909488412767818,National Ready Mix,Artesia Plant,CA,Pacific Southwest Region,filler,2000.0,2000,28.0,standard_28,180.0,strict_group,11.0,170.5,139.5,9.5,0.05277777777777778,40.5,0.225,True,False,False
32300,1,0.9893958411141084,0.10909488412767818,Holcim - Aggregate Industries,Everett Plant,MA,Eastern Region,other_or_unspecified,4000.0,4000,28.0,standard_28,127.0,strict_group,176.0,67.25,51.125,59.75,0.4704724409448819,75.875,0.5974409448818898,True,True,True
36250,1,0.9884422068261072,0.10909488412767818,National Ready Mix,Irvine Plant,CA,Pacific Southwest Region,filler,2000.0,2000,28.0,standard_28,181.5,strict_group,11.0,170.5,139.5,11.0,0.06060606060606061,42.0,0.23140495867768596,True,False,False
36258,1,0.9884422068261072,0.10909488412767818,National Ready Mix,Irvine Plant,CA,Pacific Southwest Region,filler,2000.0,2000,28.0,standard_28,181.0,strict_group,11.0,170.5,139.5,10.5,0.058011049723756904,41.5,0.2292817679558011,True,False,False
32142,1,0.9884105951412876,0.10909488412767818,Holcim - Aggregate Industries,Chantilly Plant,VA,Eastern Region,other_or_unspecified,1500.0,1500,28.0,standard_28,153.33333333333334,national_spec_group,7.0,149.66666666666669,132.4,3.666666666666657,0.023913043478260808,20.933333333333337,0.1365217391304348,True,False,False
32287,1,0.9876513155940836,0.10909488412767818,Holcim - Aggregate Industries,Everett Plant,MA,Eastern Region,other_or_unspecified,1000.0,1000,28.0,standard_28,210.0,national_spec_group,13.0,44.75000000000001,39.550000000000004,165.25,0.7869047619047619,170.45,0.8116666666666666,True,True,True
36254,1,0.9866539985584124,0.10909488412767818,National Ready Mix,Irvine Plant,CA,Pacific Southwest Region,filler,2000.0,2000,28.0,standard_28,179.0,strict_group,11.0,170.5,139.5,8.5,0.04748603351955307,39.5,0.2206703910614525,True,False,False
32288,0,0.9865514501497444,0.10909488412767818,Holcim - Aggregate Industries,Everett Plant,MA,Eastern Region,other_or_unspecified,2500.0,2500,28.0,standard_28,120.8,strict_group,9.0,60.0,59.120000000000005,60.8,0.5033112582781457,61.67999999999999,0.5105960264900662,True,True,True
34727,1,0.986027517107847,0.10909488412767818,Milpitas Materials Co,Milpitas Plant,CA,Pacific Southwest Region,filler,1500.0,1500,28.0,standard_28,135.33333333333334,national_spec_group,7.0,72.0,68.08,63.33333333333334,0.4679802955665025,67.25333333333334,0.4969458128078818,True,True,True
33946,1,0.985896560666213,0.10909488412767818,Knife River Corporation,Tumalo (Oregon) Plant,OR,Pacific Northwest Region,filler,2000.0,2000,28.0,standard_28,198.5,strict_group,19.0,130.5,125.8,68.0,0.3425692695214106,72.7,0.3662468513853904,True,True,True
35033,1,0.9858769573181272,0.10909488412767818,National Ready Mix,Artesia Plant,CA,Pacific Southwest Region,filler,2000.0,2000,28.0,standard_28,170.0,strict_group,11.0,170.5,139.5,0.0,0.0,30.5,0.17941176470588235,True,False,False
33874,1,0.9854059616216062,0.10909488412767818,Knife River Corporation,Redmond (Oregon) Plant,OR,Pacific Northwest Region,filler,2000.0,2000,28.0,standard_28,197.0,strict_group,19.0,130.5,125.8,66.5,0.33756345177664976,71.2,0.36142131979695435,True,True,True
33503,1,0.9850445168873674,0.10909488412767818,Knife River Corporation,Boise (Idaho) Plant,ID,Pacific Northwest Region,other_or_unspecified,1500.0,1500,28.0,standard_28,176.66666666666666,national_spec_group,7.0,149.66666666666669,132.4,26.99999999999997,0.15283018867924514,44.26666666666665,0.25056603773584896,True,True,False
32637,1,0.9847498532084048,0.10909488412767818,Holcim - Aggregate Industries,Jessup Plant,MD,Eastern Region,structural,2000.0,2000,28.0,standard_28,135.5,regional_strength_group,16.0,84.375,81.5,51.125,0.3773062730627306,54.0,0.3985239852398524,True,True,True
32496,1,0.9847113719085936,0.10909488412767818,Holcim - Aggregate Industries,Fort Totten (DC) Plant,DC,Eastern Region,other_or_unspecified,3000.0,3000,3.0,early,135.0,strict_group,6.0,135.58333333333334,135.16666666666669,0.0,0.0,0.0,0.0,True,False,False
32120,1,0.9846906968300004,0.10909488412767818,Holcim - Aggregate Industries,Bladensburg Plant,DC,Eastern Region,other_or_unspecified,3000.0,3000,3.0,early,135.33333333333334,strict_group,6.0,135.58333333333334,135.16666666666669,0.0,0.0,0.1666666666666572,0.001231527093595989,True,False,False
32103,1,0.9846906968300004,0.10909488412767818,Holcim - Aggregate Industries,Beltsville Plant,MD,Eastern Region,other_or_unspecified,3000.0,3000,3.0,early,136.66666666666666,strict_group,6.0,135.58333333333334,135.16666666666669,1.0833333333333144,0.007926829268292544,1.4999999999999716,0.010975609756097354,True,False,False
32160,1,0.9835587610614412,0.10909488412767818,Holcim - Aggregate Industries,Chantilly Plant,VA,Eastern Region,filler,1500.0,1500,28.0,standard_28,126.66666666666667,national_spec_group,7.0,72.0,68.08,54.66666666666667,0.43157894736842106,58.58666666666667,0.46252631578947373,True,True,True
32971,1,0.9824696139481228,0.10909488412767818,Holcim - Aggregate Industries,Waltham Plant,MA,Eastern Region,other_or_unspecified,3000.0,3000,28.0,standard_28,158.33333333333334,strict_group,65.0,79.33333333333333,59.666666666666664,79.00000000000001,0.4989473684210527,98.66666666666669,0.6231578947368421,True,True,True
31959,1,0.9822941140115028,0.10909488412767818,HAWAIIAN CEMENT,Halawa Plant #1,HI,Hawaii,filler,3000.0,3000,28.0,standard_28,196.33333333333334,strict_group,6.0,161.25,149.66666666666666,35.08333333333334,0.1786926994906622,46.666666666666686,0.23769100169779295,True,True,False
31972,1,0.9815208707662056,0.10909488412767818,HAWAIIAN CEMENT,Halawa Plant #3,HI,Hawaii,filler,3000.0,3000,28.0,standard_28,217.33333333333334,strict_group,6.0,161.25,149.66666666666666,56.08333333333334,0.25805214723926384,67.66666666666669,0.31134969325153383,True,True,True
31960,1,0.9811375159381872,0.10909488412767818,HAWAIIAN CEMENT,Halawa Plant #1,HI,Hawaii,filler,3000.0,3000,28.0,standard_28,217.66666666666666,strict_group,6.0,161.25,149.66666666666666,56.41666666666666,0.2591883614088821,68.0,0.3124042879019908,True,True,True
36373,1,0.9799842262332222,0.10909488412767818,National Ready Mix,Irvine Plant,CA,Pacific Southwest Region,filler,2000.0,2000,28.0,standard_28,192.0,strict_group,11.0,170.5,139.5,21.5,0.11197916666666667,52.5,0.2734375,True,True,False
44194,1,0.9799518466713014,0.10909488412767818,Thomas Concrete,Alpharetta Plant,GA,Southeastern Region,filler,2000.0,2000,28.0,standard_28,193.5,national_spec_group,33.0,139.5,126.5,54.0,0.27906976744186046,67.0,0.3462532299741602,True,True,True
33721,1,0.9798218282838213,0.10909488412767818,Knife River Corporation,Linnton Plant,OR,Pacific Northwest Region,other_or_unspecified,4000.0,4000,28.0,standard_28,163.75,strict_group,362.0,78.0,67.275,85.75,0.5236641221374045,96.475,0.5891603053435114,True,True,True
32905,1,0.9791879897373402,0.10909488412767818,Holcim - Aggregate Industries,Rockville East Plant,MD,Eastern Region,other_or_unspecified,3000.0,3000,3.0,early,138.66666666666666,strict_group,6.0,135.58333333333334,135.16666666666669,3.0833333333333144,0.02223557692307679,3.4999999999999716,0.02524038461538441,True,False,False
33816,1,0.9779432899250248,0.10909488412767818,Knife River Corporation,Prineville (Oregon) Plant,OR,Pacific Northwest Region,filler,2000.0,2000,28.0,standard_28,199.5,strict_group,19.0,130.5,125.8,69.0,0.3458646616541353,73.7,0.3694235588972431,True,True,True
31971,1,0.9773767255100888,0.10909488412767818,HAWAIIAN CEMENT,Halawa Plant #3,HI,Hawaii,filler,3000.0,3000,28.0,standard_28,196.0,strict_group,6.0,161.25,149.66666666666666,34.75,0.17729591836734693,46.33333333333334,0.2363945578231293,True,True,False
33593,1,0.9772451949629936,0.10909488412767818,Knife River Corporation,Eugene (Oregon) Plant,OR,Pacific Northwest Region,other_or_unspecified,3000.0,3000,3.0,early,181.66666666666666,strict_group,9.0,171.66666666666666,119.93333333333334,10.0,0.05504587155963303,61.73333333333332,0.3398165137614678,True,False,False
32724,1,0.976356312504112,0.10909488412767818,Holcim - Aggregate Industries,Manassas Plant,VA,Eastern Region,other_or_unspecified,3000.0,3000,3.0,early,141.33333333333334,strict_group,6.0,135.58333333333334,135.16666666666669,5.75,0.04068396226415094,6.166666666666657,0.04363207547169804,True,False,False
677,1,0.9748153242007082,0.10909488412767818,American Rock Products (ARP),Richland Plant,WA,Pacific Northwest Region,filler,2000.0,2000,28.0,standard_28,147.0,strict_group,19.0,130.5,125.8,16.5,0.11224489795918367,21.200000000000003,0.14421768707482996,True,True,False
32528,0,0.9744022655952947,0.10909488412767818,Holcim - Aggregate Industries,Fort Totten (DC) Plant,DC,Eastern Region,structural,2000.0,2000,28.0,standard_28,73.0,regional_strength_group,16.0,84.375,81.5,0.0,0.0,0.0,0.0,True,False,False
32098,0,0.973712926016178,0.10909488412767818,Holcim - Aggregate Industries,Beltsville Plant,MD,Eastern Region,other_or_unspecified,2000.0,2000,28.0,standard_28,84.5,strict_group,14.0,85.75,82.95,0.0,0.0,1.5499999999999972,0.018343195266272157,True,False,False
36372,1,0.9735529207743484,0.10909488412767818,National Ready Mix,Irvine Plant,CA,Pacific Southwest Region,filler,2500.0,2500,28.0,standard_28,154.4,strict_group,5.0,135.6,131.04,18.80000000000001,0.12176165803108815,23.360000000000014,0.15129533678756485,True,True,False
676,1,0.9729195149071708,0.10909488412767818,American Rock Products (ARP),Richland Plant,WA,Pacific Northwest Region,filler,2000.0,2000,28.0,standard_28,177.0,strict_group,19.0,130.5,125.8,46.5,0.2627118644067797,51.2,0.28926553672316385,True,True,True
44176,1,0.9728609036574264,0.10909488412767818,Thomas Concrete,Airport Plant,NC,Southeastern Region,other_or_unspecified,3000.0,3000,28.0,standard_28,157.66666666666666,strict_group,162.0,74.91666666666666,64.36666666666666,82.75,0.5248414376321353,93.3,0.591754756871036,True,True,True
32658,0,0.9725115303597418,0.10909488412767818,Holcim - Aggregate Industries,Kirby Road Plant,MD,Eastern Region,other_or_unspecified,4000.0,4000,28.0,standard_28,89.75,strict_group,176.0,67.25,51.125,22.5,0.25069637883008355,38.625,0.43036211699164345,True,True,True
32302,1,0.971428750171576,0.10909488412767818,Holcim - Aggregate Industries,Everett Plant,MA,Eastern Region,other_or_unspecified,4000.0,4000,28.0,standard_28,129.5,strict_group,176.0,67.25,51.125,62.25,0.4806949806949807,78.375,0.6052123552123552,True,True,True
22381,1,0.9706144191805366,0.10909488412767818,CTI Ready Mix,CTI Ready Mix West Des Moines Plant,IA,North Central Region,other_or_unspecified,1500.0,1500,28.0,standard_28,166.0,national_spec_group,7.0,149.66666666666669,132.4,16.333333333333314,0.09839357429718865,33.599999999999994,0.20240963855421684,True,False,False
32484,0,0.9697927657023622,0.10909488412767818,Holcim - Aggregate Industries,Fort Totten (DC) Plant,DC,Eastern Region,other_or_unspecified,2000.0,2000,28.0,standard_28,82.5,strict_group,14.0,85.75,82.95,0.0,0.0,0.0,0.0,True,False,False
32643,0,0.9697927657023622,0.10909488412767818,Holcim - Aggregate Industries,Kirby Road Plant,MD,Eastern Region,other_or_unspecified,2000.0,2000,28.0,standard_28,89.5,strict_group,14.0,85.75,82.95,3.75,0.04189944134078212,6.549999999999997,0.0731843575418994,True,False,False
32876,1,0.968588398094545,0.10909488412767818,Holcim - Aggregate Industries,REXCON Plant 8,MD,Eastern Region,other_or_unspecified,2000.0,2000,28.0,standard_28,127.5,strict_group,14.0,85.75,82.95,41.75,0.32745098039215687,44.55,0.3494117647058823,True,True,True
32291,1,0.9679950512273056,0.10909488412767818,Holcim - Aggregate Industries,Everett Plant,MA,Eastern Region,other_or_unspecified,3000.0,3000,28.0,standard_28,159.0,strict_group,65.0,79.33333333333333,59.666666666666664,79.66666666666667,0.5010482180293502,99.33333333333334,0.6247379454926625,True,True,True
644,1,0.9666318571842688,0.10909488412767818,American Rock Products (ARP),Prosser Plant,WA,Pacific Northwest Region,filler,2000.0,2000,28.0,standard_28,213.0,strict_group,19.0,130.5,125.8,82.5,0.3873239436619718,87.2,0.40938967136150234,True,True,True
42589,1,0.966135142445396,0.10909488412767818,Salmon Bay Sand & Gravel,Salmon Bay Sand and Gravel,WA,Pacific Northwest Region,other_or_unspecified,3000.0,3000,1.0,early,124.33333333333333,strict_group,9.0,171.66666666666666,119.93333333333334,0.0,0.0,4.3999999999999915,0.03538873994638063,True,False,False
22300,1,0.9657782966793396,0.10909488412767818,CTI Ready Mix,CTI Ready Mix Carlisle Plant,IA,North Central Region,other_or_unspecified,1500.0,1500,28.0,standard_28,169.33333333333334,national_spec_group,7.0,149.66666666666669,132.4,19.666666666666657,0.1161417322834645,36.93333333333334,0.21811023622047246,True,True,False
22335,1,0.9657782966793396,0.10909488412767818,CTI Ready Mix,CTI Ready Mix Elkhart Plant,IA,North Central Region,other_or_unspecified,1500.0,1500,28.0,standard_28,174.0,national_spec_group,7.0,149.66666666666669,132.4,24.333333333333314,0.13984674329501906,41.599999999999994,0.2390804597701149,True,True,False
44177,1,0.9642711232947848,0.10909488412767818,Thomas Concrete,Airport Plant,NC,Southeastern Region,other_or_unspecified,3000.0,3000,28.0,standard_28,165.66666666666666,strict_group,162.0,74.91666666666666,64.36666666666666,90.75,0.5477867203219317,101.3,0.6114688128772636,True,True,True
43795,0,0.9634549926975162,0.10909488412767818,Smyrna Ready Mix,TN Mobile Plant,TN,Southeastern Region,other_or_unspecified,2000.0,2000,28.0,standard_28,100.5,strict_group,16.0,124.375,105.75,0.0,0.0,0.0,0.0,True,False,False
30932,1,0.9616924203726648,0.10909488412767818,Gotham Ready Mix LLC,Brooklyn (A) Plant,NY,Eastern Region,other_or_unspecified,4000.0,4000,28.0,standard_28,129.75,strict_group,176.0,67.25,51.125,62.5,0.4816955684007707,78.625,0.6059730250481695,True,True,True
32939,1,0.9612243945095412,0.10909488412767818,Holcim - Aggregate Industries,Texas Plant,MD,Eastern Region,other_or_unspecified,3000.0,3000,3.0,early,136.33333333333334,strict_group,6.0,135.58333333333334,135.16666666666669,0.75,0.00550122249388753,1.1666666666666572,0.008557457212713867,True,False,False
44603,1,0.9607207486295234,0.10909488412767818,Thomas Concrete,Pooler Plant,GA,Southeastern Region,other_or_unspecified,3000.0,3000,28.0,standard_28,159.0,strict_group,162.0,74.91666666666666,64.36666666666666,84.08333333333334,0.528825995807128,94.63333333333334,0.5951781970649895,True,True,True
32143,1,0.959363375810805,0.10909488412767818,Holcim - Aggregate Industries,Chantilly Plant,VA,Eastern Region,other_or_unspecified,2000.0,2000,28.0,standard_28,140.0,strict_group,14.0,85.75,82.95,54.25,0.3875,57.05,0.4075,True,True,True
43737,1,0.9592250115087952,0.10909488412767818,Smyrna Ready Mix,SCGA Mobile Plant,SC,Southeastern Region,other_or_unspecified,2000.0,2000,28.0,standard_28,127.0,strict_group,16.0,124.375,105.75,2.625,0.02066929133858268,21.25,0.1673228346456693,True,False,False
32716,0,0.9590853456677332,0.10909488412767818,Holcim - Aggregate Industries,Manassas Plant,VA,Eastern Region,other_or_unspecified,2000.0,2000,28.0,standard_28,93.5,strict_group,14.0,85.75,82.95,7.75,0.08288770053475936,10.549999999999997,0.11283422459893046,True,False,False
32566,0,0.9583056790968454,0.10909488412767818,Holcim - Aggregate Industries,Fort Totten (DC) Plant,DC,Eastern Region,structural,2500.0,2500,28.0,standard_28,78.4,strict_group,12.0,118.4,94.88000000000001,0.0,0.0,0.0,0.0,True,False,False
32115,0,0.9530509485369284,0.10909488412767818,Holcim - Aggregate Industries,Bladensburg Plant,DC,Eastern Region,other_or_unspecified,2000.0,2000,28.0,standard_28,80.5,strict_group,14.0,85.75,82.95,0.0,0.0,0.0,0.0,True,False,False
414,1,0.9527547107822122,0.10909488412767818,American Rock Products (ARP),Boardman Plant,OR,Pacific Northwest Region,other_or_unspecified,3500.0,3500,28.0,standard_28,158.0,strict_group,156.0,85.42857142857143,80.57142857142858,72.57142857142857,0.4593128390596745,77.42857142857142,0.4900542495479204,True,True,True
32987,1,0.9492470589406004,0.10909488412767818,Holcim - Aggregate Industries,Waltham Plant,MA,Eastern Region,other_or_unspecified,4000.0,4000,28.0,standard_28,128.75,strict_group,176.0,67.25,51.125,61.5,0.47766990291262135,77.625,0.6029126213592233,True,True,True
2227,1,0.9489488399353329,0.10909488412767818,Brewster Transit Mix,Brewster Ready Mix Plant,NY,Eastern Region,filler,3000.0,3000,28.0,standard_28,175.33333333333334,strict_group,6.0,117.0,115.83333333333334,58.33333333333334,0.33269961977186313,59.5,0.33935361216730037,True,True,True
44604,1,0.944864270548188,0.10909488412767818,Thomas Concrete,Pooler Plant,GA,Southeastern Region,other_or_unspecified,3000.0,3000,28.0,standard_28,161.66666666666666,strict_group,162.0,74.91666666666666,64.36666666666666,86.75,0.5365979381443299,97.3,0.6018556701030928,True,True,True
44638,1,0.944864270548188,0.10909488412767818,Thomas Concrete,Savannah East Plant,GA,Southeastern Region,other_or_unspecified,3000.0,3000,28.0,standard_28,159.66666666666666,strict_group,162.0,74.91666666666666,64.36666666666666,84.75,0.5307933194154489,95.3,0.5968684759916493,True,True,True
35322,0,0.9443471819927004,0.10909488412767818,National Ready Mix,Artesia Plant,CA,Pacific Southwest Region,filler,3000.0,3000,28.0,standard_28,106.33333333333333,strict_group,11.0,109.0,107.0,0.0,0.0,0.0,0.0,True,False,False
43647,1,0.9438229881883508,0.10909488412767818,Smyrna Ready Mix,Dallas Commerce Plant,TX,South Central Region,other_or_unspecified,4000.0,4000,28.0,standard_28,126.75,strict_group,63.0,61.875,51.3,64.875,0.5118343195266272,75.45,0.5952662721893491,True,True,True
32486,0,0.9436781309350132,0.10909488412767818,Holcim - Aggregate Industries,Fort Totten (DC) Plant,DC,Eastern Region,other_or_unspecified,2500.0,2500,28.0,standard_28,91.6,strict_group,9.0,60.0,59.120000000000005,31.599999999999994,0.3449781659388646,32.47999999999999,0.35458515283842784,True,True,True
32897,0,0.9431768168823008,0.10909488412767818,Holcim - Aggregate Industries,Rockville East Plant,MD,Eastern Region,other_or_unspecified,2000.0,2000,28.0,standard_28,89.5,strict_group,14.0,85.75,82.95,3.75,0.04189944134078212,6.549999999999997,0.0731843575418994,True,False,False
35118,1,0.9428645542072064,0.10909488412767818,National Ready Mix,Artesia Plant,CA,Pacific Southwest Region,filler,2500.0,2500,28.0,standard_28,146.4,strict_group,5.0,135.6,131.04,10.800000000000011,0.07377049180327876,15.360000000000014,0.10491803278688533,True,False,False
44494,1,0.9419421746664676,0.10909488412767818,Thomas Concrete,Doraville Plant,GA,Southeastern Region,other_or_unspecified,3000.0,3000,28.0,standard_28,145.33333333333334,strict_group,162.0,74.91666666666666,64.36666666666666,70.41666666666669,0.4845183486238533,80.96666666666668,0.5571100917431193,True,True,True
44414,1,0.9393056687503422,0.10909488412767818,Thomas Concrete,Charleston Plant,SC,Southeastern Region,other_or_unspecified,2000.0,2000,28.0,standard_28,194.0,strict_group,16.0,124.375,105.75,69.625,0.3588917525773196,88.25,0.45489690721649484,True,True,True
33977,1,0.9389500410171352,0.10909488412767818,Knife River Corporation,Woodburn (Oregon) Plant,OR,Pacific Northwest Region,other_or_unspecified,3000.0,3000,3.0,early,202.66666666666666,strict_group,9.0,171.66666666666666,119.93333333333334,31.0,0.1529605263157895,82.73333333333332,0.4082236842105263,True,True,False
33623,1,0.93893785442917,0.10909488412767818,Knife River Corporation,Eugene (Oregon) Plant,OR,Pacific Northwest Region,filler,3000.0,3000,28.0,standard_28,159.0,strict_group,19.0,94.66666666666666,77.93333333333334,64.33333333333334,0.4046121593291405,81.06666666666666,0.509853249475891,True,True,True
705,1,0.9382030041662568,0.10909488412767818,American Rock Products (ARP),Walla Walla Plant,WA,Pacific Northwest Region,filler,2000.0,2000,28.0,standard_28,191.5,strict_group,19.0,130.5,125.8,61.0,0.3185378590078329,65.7,0.3430809399477807,True,True,True
36054,0,0.9381413576805444,0.10909488412767818,National Ready Mix,Glendale Plant,CA,Pacific Southwest Region,filler,3000.0,3000,28.0,standard_28,119.66666666666667,strict_group,11.0,109.0,107.0,10.666666666666671,0.08913649025069642,12.666666666666671,0.10584958217270199,True,False,False
32934,0,0.9333421015723434,0.10909488412767818,Holcim - Aggregate Industries,Texas Plant,MD,Eastern Region,other_or_unspecified,2000.0,2000,28.0,standard_28,84.0,strict_group,14.0,85.75,82.95,0.0,0.0,1.0499999999999972,0.012499999999999966,True,False,False
612,1,0.930942019062238,0.10909488412767818,American Rock Products (ARP),Pendleton Plant,OR,Pacific Northwest Region,filler,2000.0,2000,28.0,standard_28,176.5,strict_group,19.0,130.5,125.8,46.0,0.26062322946175637,50.7,0.2872521246458924,True,True,True
30858,1,0.9300203195696236,0.10909488412767818,Gotham Ready Mix LLC,Bronx Plant,NY,Eastern Region,other_or_unspecified,4000.0,4000,28.0,standard_28,132.75,strict_group,176.0,67.25,51.125,65.5,0.4934086629001883,81.625,0.6148775894538606,True,True,True
22355,0,0.9299345480974534,0.10909488412767818,CTI Ready Mix,CTI Ready Mix West Des Moines Plant,IA,North Central Region,filler,4000.0,4000,28.0,standard_28,122.25,strict_group,9.0,75.25,73.8,47.0,0.38445807770961143,48.45,0.396319018404908,True,True,True
32163,0,0.9296791103633334,0.10909488412767818,Holcim - Aggregate Industries,Chantilly Plant,VA,Eastern Region,other_or_unspecified,3500.0,3500,28.0,standard_28,93.14285714285714,strict_group,34.0,80.85714285714286,70.25714285714287,12.285714285714278,0.13190184049079748,22.885714285714272,0.2457055214723925,True,True,False
33282,1,0.92622139690529,0.10909488412767818,"Hooker Creek Companies, LLC",Redmond Plant,OR,Pacific Northwest Region,filler,3000.0,3000,28.0,standard_28,124.66666666666667,strict_group,19.0,94.66666666666666,77.93333333333334,30.000000000000014,0.24064171122994663,46.733333333333334,0.3748663101604278,True,True,True
44575,1,0.9259417704617108,0.10909488412767818,Thomas Concrete,Morrisville Plant,NC,Southeastern Region,other_or_unspecified,3000.0,3000,28.0,standard_28,157.33333333333334,strict_group,162.0,74.91666666666666,64.36666666666666,82.41666666666669,0.5238347457627119,92.96666666666668,0.5908898305084747,True,True,True
35719,0,0.9257076905170946,0.10909488412767818,National Ready Mix,Canoga Park Plant,CA,Pacific Southwest Region,filler,3500.0,3500,28.0,standard_28,121.14285714285714,national_spec_group,27.0,96.42857142857143,91.25714285714285,24.714285714285708,0.20400943396226412,29.885714285714286,0.24669811320754717,True,True,True
21616,1,0.9248485969267628,0.10909488412767818,Central Pre-Mix (CPM),Crestline Plant ,WA,Pacific Northwest Region,filler,2000.0,2000,28.0,standard_28,160.5,strict_group,19.0,130.5,125.8,30.0,0.18691588785046728,34.7,0.21619937694704053,True,True,False
44585,1,0.9210324327771524,0.10909488412767818,Thomas Concrete,Morrisville Plant,NC,Southeastern Region,other_or_unspecified,4000.0,4000,28.0,standard_28,127.0,strict_group,158.0,63.5625,54.925,63.4375,0.49950787401574803,72.075,0.5675196850393701,True,True,True
32634,0,0.9203190351294208,0.10909488412767818,Holcim - Aggregate Industries,Jessup Plant,MD,Eastern Region,filler,1500.0,1500,28.0,standard_28,112.0,national_spec_group,7.0,72.0,68.08,40.0,0.35714285714285715,43.92,0.3921428571428572,True,True,True
44167,1,0.9180837039952552,0.10909488412767818,Thomas Concrete,Airport Plant,NC,Southeastern Region,filler,2000.0,2000,28.0,standard_28,158.5,national_spec_group,33.0,139.5,126.5,19.0,0.11987381703470032,32.0,0.20189274447949526,True,True,False
33563,0,0.917558579558708,0.10909488412767818,Knife River Corporation,Corvallis (Oregon) Plant,OR,Pacific Northwest Region,filler,3000.0,3000,28.0,standard_28,123.33333333333333,strict_group,19.0,94.66666666666666,77.93333333333334,28.66666666666667,0.23243243243243247,45.39999999999999,0.36810810810810807,True,True,True
42863,1,0.916243033098508,0.10909488412767818,Scioto Ready Mix,Obetz Plant,OH,Great Lakes Region,filler,2500.0,2500,28.0,standard_28,200.8,strict_group,5.0,204.4,202.24,0.0,0.0,0.0,0.0,True,False,False
33592,1,0.9154648646279948,0.10909488412767818,Knife River Corporation,Eugene (Oregon) Plant,OR,Pacific Northwest Region,other_or_unspecified,3000.0,3000,3.0,early,180.0,strict_group,9.0,171.66666666666666,119.93333333333334,8.333333333333343,0.04629629629629635,60.06666666666666,0.33370370370370367,True,False,False
36371,1,0.9149426930693488,0.10909488412767818,National Ready Mix,Irvine Plant,CA,Pacific Southwest Region,filler,2500.0,2500,28.0,standard_28,135.6,strict_group,5.0,135.6,131.04,0.0,0.0,4.560000000000002,0.03362831858407082,True,False,False
32980,0,0.9147434828263442,0.10909488412767818,Holcim - Aggregate Industries,Waltham Plant,MA,Eastern Region,other_or_unspecified,3000.0,3000,56.0,extended_56,83.66666666666667,strict_group,6.0,65.58333333333333,64.0,18.083333333333343,0.2161354581673308,19.66666666666667,0.23505976095617534,True,True,True
32920,0,0.9147434828263442,0.10909488412767818,Holcim - Aggregate Industries,Saugus Plant,MA,Eastern Region,other_or_unspecified,3000.0,3000,56.0,extended_56,88.66666666666667,strict_group,6.0,65.58333333333333,64.0,23.083333333333343,0.26033834586466176,24.66666666666667,0.27819548872180455,True,True,True
43575,0,0.9126180872113446,0.10909488412767818,Smyrna Ready Mix,Quivas Plant,CO,Rocky Mountains Region,other_or_unspecified,4000.0,4000,28.0,standard_28,83.5,strict_group,182.0,71.3125,65.0,12.1875,0.14595808383233533,18.5,0.2215568862275449,True,True,False
43443,0,0.9126180872113446,0.10909488412767818,Smyrna Ready Mix,Chambers Plant,CO,Rocky Mountains Region,other_or_unspecified,4000.0,4000,28.0,standard_28,84.5,strict_group,182.0,71.3125,65.0,13.1875,0.15606508875739644,19.5,0.23076923076923078,True,True,False
32168,0,0.9124777296168826,0.10909488412767818,Holcim - Aggregate Industries,Chantilly Plant,VA,Eastern Region,other_or_unspecified,3500.0,3500,28.0,standard_28,104.28571428571429,strict_group,34.0,80.85714285714286,70.25714285714287,23.42857142857143,0.22465753424657534,34.028571428571425,0.32630136986301367,True,True,True
409,1,0.9123233962332636,0.10909488412767818,American Rock Products (ARP),Boardman Plant,OR,Pacific Northwest Region,filler,2000.0,2000,28.0,standard_28,151.0,strict_group,19.0,130.5,125.8,20.5,0.1357615894039735,25.200000000000003,0.16688741721854305,True,True,False
33954,1,0.9085664933229404,0.10909488412767818,Knife River Corporation,Wheatland (Oregon) Plant,OR,Pacific Northwest Region,other_or_unspecified,3000.0,3000,28.0,standard_28,160.66666666666666,strict_group,233.0,94.33333333333333,83.66666666666667,66.33333333333333,0.41286307053941906,76.99999999999999,0.479253112033195,True,True,True
30934,1,0.9085116284320685,0.10909488412767818,Gotham Ready Mix LLC,Brooklyn (A) Plant,NY,Eastern Region,filler,4000.0,4000,28.0,standard_28,129.75,strict_group,17.0,80.75,64.7,49.0,0.37764932562620424,65.05,0.5013487475915221,True,True,True
30933,1,0.9085116284320685,0.10909488412767818,Gotham Ready Mix LLC,Brooklyn (A) Plant,NY,Eastern Region,filler,4000.0,4000,28.0,standard_28,129.75,strict_group,17.0,80.75,64.7,49.0,0.37764932562620424,65.05,0.5013487475915221,True,True,True
42872,1,0.9065861271185528,0.10909488412767818,Silver Strike Concrete,Silver Strike Sparks Plant,NV,Pacific Southwest Region,filler,2500.0,2500,28.0,standard_28,165.2,strict_group,5.0,135.6,131.04,29.599999999999994,0.17917675544794187,34.16,0.20677966101694914,True,True,False
43736,0,0.904766415127526,0.10909488412767818,Smyrna Ready Mix,SCGA Mobile Plant,SC,Southeastern Region,other_or_unspecified,2000.0,2000,28.0,standard_28,87.5,strict_group,16.0,124.375,105.75,0.0,0.0,0.0,0.0,True,False,False
33860,0,0.9043742902797358,0.10909488412767818,Knife River Corporation,Redmond (Oregon) Plant,OR,Pacific Northwest Region,filler,2000.0,2000,28.0,standard_28,123.0,strict_group,19.0,130.5,125.8,0.0,0.0,0.0,0.0,True,False,False
33588,1,0.9037497633614716,0.10909488412767818,Knife River Corporation,Corvallis (Oregon) Plant,OR,Pacific Northwest Region,filler,3000.0,3000,28.0,standard_28,171.66666666666666,strict_group,19.0,94.66666666666666,77.93333333333334,77.0,0.44854368932038835,93.73333333333332,0.5460194174757281,True,True,True
643,1,0.8985546717159416,0.10909488412767818,American Rock Products (ARP),Prosser Plant,WA,Pacific Northwest Region,filler,2000.0,2000,28.0,standard_28,185.5,strict_group,19.0,130.5,125.8,55.0,0.29649595687331537,59.7,0.32183288409703503,True,True,True
32451,0,0.8984460797027116,0.10909488412767818,Holcim - Aggregate Industries,FARGO READY-MIX WET Plant,ND,North Central Region,other_or_unspecified,3000.0,3000,1.0,early,121.33333333333333,national_spec_group,19.0,129.33333333333334,122.13333333333333,0.0,0.0,0.0,0.0,True,False,False
32421,0,0.8984460797027116,0.10909488412767818,Holcim - Aggregate Industries,FARGO READY-MIX DRY Plant,ND,North Central Region,other_or_unspecified,3000.0,3000,1.0,early,122.33333333333333,national_spec_group,19.0,129.33333333333334,122.13333333333333,0.0,0.0,0.20000000000000284,0.0016348773841962086,True,False,False
361,0,0.8982044934895203,0.10909488412767818,American Rock Products (ARP),Boardman Plant,OR,Pacific Northwest Region,other_or_unspecified,2000.0,2000,28.0,standard_28,119.0,strict_group,11.0,119.5,119.0,0.0,0.0,0.0,0.0,True,False,False
44645,1,0.8981260402296465,0.10909488412767818,Thomas Concrete,Savannah East Plant,GA,Southeastern Region,other_or_unspecified,4000.0,4000,28.0,standard_28,134.5,strict_group,158.0,63.5625,54.925,70.9375,0.5274163568773235,79.575,0.591635687732342,True,True,True
32746,0,0.8972223765065019,0.10909488412767818,Holcim - Aggregate Industries,Manassas Plant,VA,Eastern Region,structural,2500.0,2500,28.0,standard_28,123.6,strict_group,12.0,118.4,94.88000000000001,5.199999999999989,0.042071197411003146,28.719999999999985,0.23236245954692544,True,False,False
36080,1,0.8942587174175991,0.10909488412767818,National Ready Mix,Glendale Plant,CA,Pacific Southwest Region,filler,3500.0,3500,28.0,standard_28,132.57142857142858,national_spec_group,27.0,96.42857142857143,91.25714285714285,36.14285714285715,0.2726293103448276,41.31428571428573,0.31163793103448284,True,True,True
32296,0,0.8935620818511346,0.10909488412767818,Holcim - Aggregate Industries,Everett Plant,MA,Eastern Region,other_or_unspecified,3000.0,3000,56.0,extended_56,83.0,strict_group,6.0,65.58333333333333,64.0,17.41666666666667,0.20983935742971893,19.0,0.2289156626506024,True,True,True
32918,0,0.8925316122661611,0.10909488412767818,Holcim - Aggregate Industries,Rockville East Plant,MD,Eastern Region,structural,2500.0,2500,28.0,standard_28,122.4,strict_group,12.0,118.4,94.88000000000001,4.0,0.032679738562091505,27.519999999999996,0.2248366013071895,True,False,False
2228,1,0.8917237741351606,0.10909488412767818,Brewster Transit Mix,Brewster Ready Mix Plant,NY,Eastern Region,filler,3000.0,3000,28.0,standard_28,171.33333333333334,strict_group,6.0,117.0,115.83333333333334,54.33333333333334,0.3171206225680934,55.5,0.3239299610894941,True,True,True
32662,0,0.8912744034396773,0.10909488412767818,Holcim - Aggregate Industries,Kirby Road Plant,MD,Eastern Region,structural,2500.0,2500,28.0,standard_28,121.2,strict_group,12.0,118.4,94.88000000000001,2.799999999999997,0.02310231023102308,26.319999999999993,0.21716171617161711,True,False,False
33830,1,0.8870875809433261,0.10909488412767818,Knife River Corporation,Prineville Plant,OR,Pacific Northwest Region,filler,2000.0,2000,28.0,standard_28,126.5,strict_group,19.0,130.5,125.8,0.0,0.0,0.7000000000000028,0.005533596837944687,True,False,False
44188,1,0.8870012511276514,0.10909488412767818,Thomas Concrete,Airport Plant,NC,Southeastern Region,other_or_unspecified,4000.0,4000,28.0,standard_28,138.5,strict_group,158.0,63.5625,54.925,74.9375,0.5410649819494585,83.575,0.6034296028880867,True,True,True
31956,1,0.8866718635931524,0.10909488412767818,HAWAIIAN CEMENT,Halawa Plant #1,HI,Hawaii,other_or_unspecified,2500.0,2500,28.0,standard_28,164.4,national_spec_group,31.0,89.4,82.4,75.0,0.4562043795620438,82.0,0.49878345498783455,True,True,True
33799,1,0.8848604868295941,0.10909488412767818,Knife River Corporation,Prineville (Oregon) Plant,OR,Pacific Northwest Region,filler,2000.0,2000,28.0,standard_28,126.5,strict_group,19.0,130.5,125.8,0.0,0.0,0.7000000000000028,0.005533596837944687,True,False,False
44697,1,0.8844720154401179,0.10909488412767818,Thomas Concrete,West Street Plant,NC,Southeastern Region,other_or_unspecified,3000.0,3000,28.0,standard_28,156.0,strict_group,162.0,74.91666666666666,64.36666666666666,81.08333333333334,0.5197649572649573,91.63333333333334,0.5873931623931624,True,True,True
32985,1,0.8809310276821116,0.10909488412767818,Holcim - Aggregate Industries,Waltham Plant,MA,Eastern Region,other_or_unspecified,4000.0,4000,28.0,standard_28,128.25,strict_group,176.0,67.25,51.125,61.0,0.4756335282651072,77.125,0.601364522417154,True,True,True
44574,1,0.8802182441653492,0.10909488412767818,Thomas Concrete,Morrisville Plant,NC,Southeastern Region,other_or_unspecified,3000.0,3000,28.0,standard_28,157.33333333333334,strict_group,162.0,74.91666666666666,64.36666666666666,82.41666666666669,0.5238347457627119,92.96666666666668,0.5908898305084747,True,True,True
32616,1,0.8744048844013256,0.10909488412767818,Holcim - Aggregate Industries,GRAND FORKS READY-MIX Plant,ND,North Central Region,other_or_unspecified,3000.0,3000,1.0,early,134.33333333333334,national_spec_group,19.0,129.33333333333334,122.13333333333333,5.0,0.03722084367245657,12.200000000000017,0.09081885856079416,True,False,False
32617,0,0.8744048844013256,0.10909488412767818,Holcim - Aggregate Industries,GRAND FORKS READY-MIX Plant,ND,North Central Region,other_or_unspecified,3000.0,3000,1.0,early,122.33333333333333,national_spec_group,19.0,129.33333333333334,122.13333333333333,0.0,0.0,0.20000000000000284,0.0016348773841962086,True,False,False
42873,1,0.8703804575468382,0.10909488412767818,Silver Strike Concrete,Silver Strike Sparks Plant,NV,Pacific Southwest Region,filler,3000.0,3000,28.0,standard_28,136.66666666666666,strict_group,11.0,109.0,107.0,27.666666666666657,0.20243902439024386,29.666666666666657,0.21707317073170726,True,True,True
36462,1,0.8700815722605585,0.10909488412767818,National Ready Mix,Irvine Plant,CA,Pacific Southwest Region,filler,3000.0,3000,28.0,standard_28,139.66666666666666,strict_group,11.0,109.0,107.0,30.666666666666657,0.21957040572792358,32.66666666666666,0.23389021479713598,True,True,True
44456,1,0.8681182597306016,0.10909488412767818,Thomas Concrete,Charlotte Graham Street Plant,NC,Southeastern Region,other_or_unspecified,3000.0,3000,28.0,standard_28,128.0,strict_group,162.0,74.91666666666666,64.36666666666666,53.08333333333334,0.41471354166666674,63.63333333333334,0.4971354166666667,True,True,True
32986,1,0.8675611033077805,0.10909488412767818,Holcim - Aggregate Industries,Waltham Plant,MA,Eastern Region,other_or_unspecified,4000.0,4000,28.0,standard_28,131.25,strict_group,176.0,67.25,51.125,64.0,0.4876190476190476,80.125,0.6104761904761905,True,True,True
21684,0,0.8672879452752824,0.10909488412767818,Central Pre-Mix (CPM),Sullivan Plant ,WA,Pacific Northwest Region,other_or_unspecified,2500.0,2500,28.0,standard_28,93.2,strict_group,14.0,97.6,96.24,0.0,0.0,0.0,0.0,True,False,False
33932,1,0.8672825112984566,0.10909488412767818,Knife River Corporation,Tumalo (Oregon) Plant,OR,Pacific Northwest Region,filler,2000.0,2000,28.0,standard_28,126.5,strict_group,19.0,130.5,125.8,0.0,0.0,0.7000000000000028,0.005533596837944687,True,False,False
32127,0,0.8661963704678821,0.10909488412767818,Holcim - Aggregate Industries,Bladensburg Plant,DC,Eastern Region,structural,2500.0,2500,28.0,standard_28,117.2,strict_group,12.0,118.4,94.88000000000001,0.0,0.0,22.319999999999993,0.19044368600682587,True,False,False
32112,0,0.8661963704678821,0.10909488412767818,Holcim - Aggregate Industries,Beltsville Plant,MD,Eastern Region,structural,2500.0,2500,28.0,standard_28,120.0,strict_group,12.0,118.4,94.88000000000001,1.5999999999999943,0.013333333333333286,25.11999999999999,0.20933333333333326,True,False,False
33950,1,0.8654330641759539,0.10909488412767818,Knife River Corporation,Wheatland (Oregon) Plant,OR,Pacific Northwest Region,filler,3000.0,3000,28.0,standard_28,152.0,strict_group,19.0,94.66666666666666,77.93333333333334,57.33333333333334,0.3771929824561404,74.06666666666666,0.4872807017543859,True,True,True
44565,1,0.8631825599986872,0.10909488412767818,Thomas Concrete,Morrisville Plant,NC,Southeastern Region,other_or_unspecified,2000.0,2000,28.0,standard_28,187.5,strict_group,16.0,124.375,105.75,63.125,0.33666666666666667,81.75,0.436,True,True,True
33666,0,0.8627832036540141,0.10909488412767818,Knife River Corporation,Hillsboro Plant,OR,Pacific Northwest Region,other_or_unspecified,3000.0,3000,28.0,standard_28,119.0,strict_group,233.0,94.33333333333333,83.66666666666667,24.66666666666667,0.20728291316526615,35.33333333333333,0.29691876750700275,True,True,True
33984,1,0.8625636473923841,0.10909488412767818,Knife River Corporation,Woodburn (Oregon) Plant,OR,Pacific Northwest Region,other_or_unspecified,3000.0,3000,28.0,standard_28,170.0,strict_group,233.0,94.33333333333333,83.66666666666667,75.66666666666667,0.4450980392156863,86.33333333333333,0.5078431372549019,True,True,True
33953,0,0.8612690817567492,0.10909488412767818,Knife River Corporation,Wheatland (Oregon) Plant,OR,Pacific Northwest Region,other_or_unspecified,3000.0,3000,28.0,standard_28,123.33333333333333,strict_group,233.0,94.33333333333333,83.66666666666667,29.0,0.23513513513513515,39.66666666666666,0.32162162162162156,True,True,True
33752,0,0.8536508768539376,0.10909488412767818,Knife River Corporation,Medford (Oregon) Plant,OR,Pacific Northwest Region,other_or_unspecified,3000.0,3000,28.0,standard_28,118.0,strict_group,233.0,94.33333333333333,83.66666666666667,23.66666666666667,0.20056497175141247,34.33333333333333,0.2909604519774011,True,True,True
33556,1,0.8529111468060998,0.10909488412767818,Knife River Corporation,Corvallis (Oregon) Plant,OR,Pacific Northwest Region,other_or_unspecified,3000.0,3000,3.0,early,185.33333333333334,strict_group,9.0,171.66666666666666,119.93333333333334,13.666666666666686,0.0737410071942447,65.4,0.3528776978417266,True,False,False
454,0,0.8518414785685778,0.10909488412767818,American Rock Products (ARP),Hermiston Plant,OR,Pacific Northwest Region,other_or_unspecified,2000.0,2000,28.0,standard_28,119.0,strict_group,11.0,119.5,119.0,0.0,0.0,0.0,0.0,True,False,False
44696,1,0.851025194864493,0.10909488412767818,Thomas Concrete,West Street Plant,NC,Southeastern Region,other_or_unspecified,3000.0,3000,28.0,standard_28,156.0,strict_group,162.0,74.91666666666666,64.36666666666666,81.08333333333334,0.5197649572649573,91.63333333333334,0.5873931623931624,True,True,True
32921,0,0.8488100902284872,0.10909488412767818,Holcim - Aggregate Industries,Saugus Plant,MA,Eastern Region,other_or_unspecified,3000.0,3000,56.0,extended_56,69.33333333333333,strict_group,6.0,65.58333333333333,64.0,3.75,0.054086538461538464,5.333333333333329,0.07692307692307686,True,False,False
32981,0,0.8488100902284872,0.10909488412767818,Holcim - Aggregate Industries,Waltham Plant,MA,Eastern Region,other_or_unspecified,3000.0,3000,56.0,extended_56,64.33333333333333,strict_group,6.0,65.58333333333333,64.0,0.0,0.0,0.3333333333333286,0.005181347150258994,True,False,False
44226,0,0.8473504024245702,0.10909488412767818,Thomas Concrete,Atlanta Plant,GA,Southeastern Region,other_or_unspecified,2000.0,2000,28.0,standard_28,111.0,strict_group,16.0,124.375,105.75,0.0,0.0,5.25,0.0472972972972973,True,False,False
42776,1,0.8469188547186973,0.10909488412767818,Scioto Ready Mix,Dublin Plant,OH,Great Lakes Region,filler,2500.0,2500,28.0,standard_28,204.4,strict_group,5.0,204.4,202.24,0.0,0.0,2.1599999999999966,0.010567514677103701,True,False,False
42702,1,0.8469188547186973,0.10909488412767818,Scioto Ready Mix,Alexandria Plant,OH,Great Lakes Region,filler,2500.0,2500,28.0,standard_28,204.4,strict_group,5.0,204.4,202.24,0.0,0.0,2.1599999999999966,0.010567514677103701,True,False,False
42730,1,0.8469188547186973,0.10909488412767818,Scioto Ready Mix,Delaware Plant,OH,Great Lakes Region,filler,2500.0,2500,28.0,standard_28,211.2,strict_group,5.0,204.4,202.24,6.799999999999983,0.03219696969696962,8.95999999999998,0.04242424242424233,True,False,False
32955,0,0.8440279993179837,0.10909488412767818,Holcim - Aggregate Industries,Texas Plant,MD,Eastern Region,structural,2500.0,2500,28.0,standard_28,119.6,strict_group,12.0,118.4,94.88000000000001,1.1999999999999886,0.010033444816053417,24.719999999999985,0.2066889632107022,True,False,False
44343,1,0.8438560745918852,0.10909488412767818,Thomas Concrete,Buckhead Plant,GA,Southeastern Region,other_or_unspecified,1500.0,1500,28.0,standard_28,146.0,national_spec_group,7.0,149.66666666666669,132.4,0.0,0.0,13.599999999999994,0.09315068493150681,True,False,False
32879,0,0.8386438733232908,0.10909488412767818,Holcim - Aggregate Industries,REXCON Plant 8,MD,Eastern Region,other_or_unspecified,3000.0,3000,28.0,standard_28,97.66666666666667,strict_group,65.0,79.33333333333333,59.666666666666664,18.333333333333343,0.18771331058020488,38.00000000000001,0.38907849829351543,True,True,False
33980,1,0.8386068875439687,0.10909488412767818,Knife River Corporation,Woodburn (Oregon) Plant,OR,Pacific Northwest Region,filler,3000.0,3000,28.0,standard_28,161.33333333333334,strict_group,19.0,94.66666666666666,77.93333333333334,66.66666666666669,0.41322314049586784,83.4,0.5169421487603306,True,True,True
44686,1,0.8360526416771389,0.10909488412767818,Thomas Concrete,West Street Plant,NC,Southeastern Region,other_or_unspecified,2000.0,2000,28.0,standard_28,182.5,strict_group,16.0,124.375,105.75,58.125,0.3184931506849315,76.75,0.42054794520547945,True,True,True
32297,0,0.834660227280796,0.10909488412767818,Holcim - Aggregate Industries,Everett Plant,MA,Eastern Region,other_or_unspecified,3000.0,3000,56.0,extended_56,63.666666666666664,strict_group,6.0,65.58333333333333,64.0,0.0,0.0,0.0,0.0,True,False,False
812,0,0.8331805110982011,0.10909488412767818,Amrize,Choctaw Plant,LA,South Central Region,other_or_unspecified,4000.0,4000,1.0,early,86.0,strict_group,5.0,86.0,84.2,0.0,0.0,1.7999999999999972,0.020930232558139503,True,False,False
33949,1,0.8322843132746179,0.10909488412767818,Knife River Corporation,Wheatland (Oregon) Plant,OR,Pacific Northwest Region,other_or_unspecified,3000.0,3000,28.0,standard_28,130.0,strict_group,233.0,94.33333333333333,83.66666666666667,35.66666666666667,0.2743589743589744,46.33333333333333,0.35641025641025637,True,True,True
35117,1,0.8318522755522894,0.10909488412767818,National Ready Mix,Artesia Plant,CA,Pacific Southwest Region,filler,2500.0,2500,28.0,standard_28,128.0,strict_group,5.0,135.6,131.04,0.0,0.0,0.0,0.0,True,False,False
970,0,0.8305981920275977,0.10909488412767818,Amrize,Metairie Plant,LA,South Central Region,other_or_unspecified,4000.0,4000,1.0,early,93.5,strict_group,5.0,86.0,84.2,7.5,0.08021390374331551,9.299999999999997,0.0994652406417112,True,False,False
44442,1,0.829551025135919,0.10909488412767818,Thomas Concrete,Charlotte Graham Street Plant,NC,Southeastern Region,other_or_unspecified,2000.0,2000,28.0,standard_28,169.0,strict_group,16.0,124.375,105.75,44.625,0.2640532544378698,63.25,0.3742603550295858,True,True,True
35211,1,0.8291603480336034,0.10909488412767818,National Ready Mix,Artesia Plant,CA,Pacific Southwest Region,filler,3000.0,3000,28.0,standard_28,132.66666666666666,strict_group,11.0,109.0,107.0,23.666666666666657,0.17839195979899491,25.666666666666657,0.19346733668341703,True,True,False
44691,0,0.8219023786873587,0.10909488412767818,Thomas Concrete,West Street Plant,NC,Southeastern Region,filler,3000.0,3000,28.0,standard_28,92.66666666666667,strict_group,13.0,69.33333333333333,64.13333333333334,23.333333333333343,0.25179856115107924,28.53333333333333,0.30791366906474815,True,True,True
646,0,0.8216282639601722,0.10909488412767818,American Rock Products (ARP),Richland Plant,WA,Pacific Northwest Region,filler,2000.0,2000,28.0,standard_28,103.5,strict_group,19.0,130.5,125.8,0.0,0.0,0.0,0.0,True,False,False
44617,1,0.820182935818275,0.10909488412767818,Thomas Concrete,Pooler Plant,GA,Southeastern Region,other_or_unspecified,4000.0,4000,28.0,standard_28,133.75,strict_group,158.0,63.5625,54.925,70.1875,0.5247663551401869,78.825,0.5893457943925234,True,True,True
44534,1,0.8189149910819614,0.10909488412767818,Thomas Concrete,Greenville Plant,SC,Southeastern Region,other_or_unspecified,2000.0,2000,28.0,standard_28,189.5,strict_group,16.0,124.375,105.75,65.125,0.34366754617414247,83.75,0.4419525065963061,True,True,True
44455,1,0.817965041909608,0.10909488412767818,Thomas Concrete,Charlotte Graham Street Plant,NC,Southeastern Region,other_or_unspecified,3000.0,3000,28.0,standard_28,171.0,strict_group,162.0,74.91666666666666,64.36666666666666,96.08333333333334,0.5618908382066278,106.63333333333334,0.6235867446393762,True,True,True
32228,1,0.8177859513739179,0.10909488412767818,Holcim - Aggregate Industries,DFW RMX Plant,TX,South Central Region,other_or_unspecified,1000.0,1000,28.0,standard_28,458.0,national_spec_group,13.0,44.75000000000001,39.550000000000004,413.25,0.902292576419214,418.45,0.9136462882096069,True,True,True
44187,1,0.8149865570555131,0.10909488412767818,Thomas Concrete,Airport Plant,NC,Southeastern Region,other_or_unspecified,4000.0,4000,28.0,standard_28,149.0,strict_group,158.0,63.5625,54.925,85.4375,0.5734060402684564,94.075,0.6313758389261745,True,True,True
42853,1,0.8098063427494276,0.10909488412767818,Scioto Ready Mix,Obetz Plant,OH,Great Lakes Region,filler,3000.0,3000,28.0,standard_28,149.33333333333334,strict_group,5.0,152.33333333333334,150.53333333333333,0.0,0.0,0.0,0.0,True,False,False
35345,0,0.8096854896329116,0.10909488412767818,National Ready Mix,Artesia Plant,CA,Pacific Southwest Region,filler,3500.0,3500,28.0,standard_28,121.42857142857143,national_spec_group,27.0,96.42857142857143,91.25714285714285,25.0,0.20588235294117646,30.171428571428578,0.24847058823529417,True,True,True
657,0,0.8069362950246517,0.10909488412767818,American Rock Products (ARP),Richland Plant,WA,Pacific Northwest Region,other_or_unspecified,2000.0,2000,28.0,standard_28,120.0,strict_group,11.0,119.5,119.0,0.5,0.004166666666666667,1.0,0.008333333333333333,True,False,False
33504,1,0.8062505263183448,0.10909488412767818,Knife River Corporation,Boise (Idaho) Plant,ID,Pacific Northwest Region,other_or_unspecified,2200.0,2000,28.0,standard_28,132.72727272727272,strict_group,11.0,119.5,119.0,13.22727272727272,0.0996575342465753,13.72727272727272,0.10342465753424653,True,False,False
21785,0,0.805673045972039,0.10909488412767818,Central Pre-Mix (CPM),Sunnyside Plant ,WA,Pacific Northwest Region,other_or_unspecified,2000.0,2000,28.0,standard_28,121.0,strict_group,11.0,119.5,119.0,1.5,0.012396694214876033,2.0,0.01652892561983471,True,False,False
21648,0,0.8019163697767503,0.10909488412767818,Central Pre-Mix (CPM),Crestline Plant ,WA,Pacific Northwest Region,structural,3000.0,3000,28.0,standard_28,98.0,strict_group,10.0,78.83333333333333,77.66666666666667,19.16666666666667,0.19557823129251706,20.33333333333333,0.20748299319727886,True,True,False
44457,1,0.7999817971264108,0.10909488412767818,Thomas Concrete,Charlotte Graham Street Plant,NC,Southeastern Region,other_or_unspecified,3000.0,3000,28.0,standard_28,128.33333333333334,strict_group,162.0,74.91666666666666,64.36666666666666,53.416666666666686,0.41623376623376634,63.96666666666668,0.4984415584415585,True,True,True
44616,1,0.7952617302603181,0.10909488412767818,Thomas Concrete,Pooler Plant,GA,Southeastern Region,other_or_unspecified,4000.0,4000,28.0,standard_28,130.5,strict_group,158.0,63.5625,54.925,66.9375,0.5129310344827587,75.575,0.5791187739463601,True,True,True
42833,1,0.7873671039551665,0.10909488412767818,Scioto Ready Mix,New Albany Plant,OH,Great Lakes Region,filler,2500.0,2500,28.0,standard_28,219.2,strict_group,5.0,204.4,202.24,14.799999999999983,0.06751824817518241,16.95999999999998,0.07737226277372254,True,False,False
33665,0,0.7869692626798444,0.10909488412767818,Knife River Corporation,Hillsboro Plant,OR,Pacific Northwest Region,other_or_unspecified,3000.0,3000,28.0,standard_28,119.0,strict_group,233.0,94.33333333333333,83.66666666666667,24.66666666666667,0.20728291316526615,35.33333333333333,0.29691876750700275,True,True,True
33982,1,0.7851909764448736,0.10909488412767818,Knife River Corporation,Woodburn (Oregon) Plant,OR,Pacific Northwest Region,other_or_unspecified,3000.0,3000,28.0,standard_28,133.0,strict_group,233.0,94.33333333333333,83.66666666666667,38.66666666666667,0.29072681704260656,49.33333333333333,0.37092731829573933,True,True,True
31970,1,0.7840113328274715,0.10909488412767818,HAWAIIAN CEMENT,Halawa Plant #3,HI,Hawaii,filler,3000.0,3000,28.0,standard_28,149.66666666666666,strict_group,6.0,161.25,149.66666666666666,0.0,0.0,0.0,0.0,True,False,False
31012,0,0.780463310580377,0.10909488412767818,Gotham Ready Mix LLC,Brooklyn (B) Plant,NY,Eastern Region,filler,3000.0,3000,28.0,standard_28,115.66666666666667,strict_group,6.0,117.0,115.83333333333334,0.0,0.0,0.0,0.0,True,False,False
33974,1,0.7795289599738352,0.10909488412767818,Knife River Corporation,Wheatland (Oregon) Plant,OR,Pacific Northwest Region,filler,3500.0,3500,28.0,standard_28,156.28571428571428,strict_group,18.0,96.35714285714286,85.77142857142857,59.928571428571416,0.3834552102376599,70.5142857142857,0.4511882998171846,True,True,True
33979,1,0.7791904076382539,0.10909488412767818,Knife River Corporation,Woodburn (Oregon) Plant,OR,Pacific Northwest Region,other_or_unspecified,3000.0,3000,28.0,standard_28,139.66666666666666,strict_group,233.0,94.33333333333333,83.66666666666667,45.33333333333333,0.32458233890214794,55.999999999999986,0.40095465393794744,True,True,True
44423,1,0.7788775143507569,0.10909488412767818,Thomas Concrete,Charleston Plant,SC,Southeastern Region,other_or_unspecified,3000.0,3000,28.0,standard_28,157.66666666666666,strict_group,162.0,74.91666666666666,64.36666666666666,82.75,0.5248414376321353,93.3,0.591754756871036,True,True,True
21757,0,0.7776167505112028,0.10909488412767818,Central Pre-Mix (CPM),Sullivan Plant ,WA,Pacific Northwest Region,structural,3000.0,3000,28.0,standard_28,96.33333333333333,strict_group,10.0,78.83333333333333,77.66666666666667,17.5,0.18166089965397925,18.666666666666657,0.19377162629757777,True,True,False
33983,1,0.7758463339323597,0.10909488412767818,Knife River Corporation,Woodburn (Oregon) Plant,OR,Pacific Northwest Region,other_or_unspecified,3000.0,3000,28.0,standard_28,133.66666666666666,strict_group,233.0,94.33333333333333,83.66666666666667,39.33333333333333,0.2942643391521197,49.999999999999986,0.3740648379052368,True,True,True
31958,1,0.775459125103134,0.10909488412767818,HAWAIIAN CEMENT,Halawa Plant #1,HI,Hawaii,filler,3000.0,3000,28.0,standard_28,149.66666666666666,strict_group,6.0,161.25,149.66666666666666,0.0,0.0,0.0,0.0,True,False,False
33564,1,0.774777148216984,0.10909488412767818,Knife River Corporation,Corvallis (Oregon) Plant,OR,Pacific Northwest Region,filler,3000.0,3000,28.0,standard_28,139.66666666666666,strict_group,19.0,94.66666666666666,77.93333333333334,45.0,0.32219570405727926,61.73333333333332,0.4420047732696897,True,True,True
33689,1,0.7730890581433207,0.10909488412767818,Knife River Corporation,Linnton Plant,OR,Pacific Northwest Region,other_or_unspecified,3000.0,3000,28.0,standard_28,125.0,strict_group,233.0,94.33333333333333,83.66666666666667,30.66666666666667,0.24533333333333338,41.33333333333333,0.3306666666666666,True,True,True
33662,1,0.7730890581433207,0.10909488412767818,Knife River Corporation,Hillsboro Plant,OR,Pacific Northwest Region,other_or_unspecified,3000.0,3000,28.0,standard_28,129.0,strict_group,233.0,94.33333333333333,83.66666666666667,34.66666666666667,0.268733850129199,45.33333333333333,0.35142118863049093,True,True,True
44597,0,0.7711931442203552,0.10909488412767818,Thomas Concrete,Pooler Plant,GA,Southeastern Region,filler,3000.0,3000,28.0,standard_28,88.33333333333333,strict_group,13.0,69.33333333333333,64.13333333333334,19.0,0.21509433962264152,24.19999999999999,0.27396226415094327,True,True,True
44635,0,0.7711931442203552,0.10909488412767818,Thomas Concrete,Savannah East Plant,GA,Southeastern Region,filler,3000.0,3000,28.0,standard_28,93.0,strict_group,13.0,69.33333333333333,64.13333333333334,23.66666666666667,0.2544802867383513,28.86666666666666,0.31039426523297486,True,True,True
33978,1,0.7664375304430329,0.10909488412767818,Knife River Corporation,Woodburn (Oregon) Plant,OR,Pacific Northwest Region,other_or_unspecified,3000.0,3000,28.0,standard_28,142.33333333333334,strict_group,233.0,94.33333333333333,83.66666666666667,48.000000000000014,0.33723653395784553,58.66666666666667,0.41217798594847777,True,True,True
625,1,0.7647810229806252,0.10909488412767818,American Rock Products (ARP),Prosser Plant,WA,Pacific Northwest Region,other_or_unspecified,2000.0,2000,28.0,standard_28,130.5,strict_group,11.0,119.5,119.0,11.0,0.0842911877394636,11.5,0.08812260536398467,True,False,False
44461,1,0.7646960679157656,0.10909488412767818,Thomas Concrete,Charlotte Graham Street Plant,NC,Southeastern Region,other_or_unspecified,3500.0,3500,28.0,standard_28,148.57142857142858,strict_group,40.0,66.0,58.2,82.57142857142858,0.5557692307692308,90.37142857142858,0.6082692307692308,True,True,True
31968,1,0.7606988862893155,0.10909488412767818,HAWAIIAN CEMENT,Halawa Plant #3,HI,Hawaii,other_or_unspecified,2500.0,2500,28.0,standard_28,164.4,national_spec_group,31.0,89.4,82.4,75.0,0.4562043795620438,82.0,0.49878345498783455,True,True,True
22373,0,0.7603439121366382,0.10909488412767818,CTI Ready Mix,CTI Ready Mix West Des Moines Plant,IA,North Central Region,filler,1500.0,1500,28.0,standard_28,66.2,national_spec_group,7.0,72.0,68.08,0.0,0.0,0.0,0.0,True,False,False
42590,0,0.7592650831601706,0.10909488412767818,Salmon Bay Sand & Gravel,Salmon Bay Sand and Gravel,WA,Pacific Northwest Region,other_or_unspecified,1500.0,1500,28.0,standard_28,112.0,national_spec_group,7.0,149.66666666666669,132.4,0.0,0.0,0.0,0.0,True,False,False
33505,1,0.7495741691915518,0.10909488412767818,Knife River Corporation,Boise (Idaho) Plant,ID,Pacific Northwest Region,other_or_unspecified,2200.0,2000,28.0,standard_28,132.72727272727272,strict_group,11.0,119.5,119.0,13.22727272727272,0.0996575342465753,13.72727272727272,0.10342465753424653,True,False,False
33836,1,0.7486247550031381,0.10909488412767818,Knife River Corporation,Prineville Plant,OR,Pacific Northwest Region,paving,4000.0,4000,28.0,standard_28,150.0,strict_group,45.0,77.5,66.7,72.5,0.48333333333333334,83.3,0.5553333333333333,True,True,True
964,0,0.7485337854834683,0.10909488412767818,Amrize,Metairie Plant,LA,South Central Region,other_or_unspecified,4000.0,4000,1.0,early,97.75,strict_group,5.0,86.0,84.2,11.75,0.12020460358056266,13.549999999999997,0.13861892583120203,True,True,False
32488,1,0.7457352318178169,0.10909488412767818,Holcim - Aggregate Industries,Fort Totten (DC) Plant,DC,Eastern Region,other_or_unspecified,3000.0,3000,28.0,standard_28,143.33333333333334,strict_group,65.0,79.33333333333333,59.666666666666664,64.00000000000001,0.4465116279069768,83.66666666666669,0.5837209302325582,True,True,True
33664,1,0.7394797275427734,0.10909488412767818,Knife River Corporation,Hillsboro Plant,OR,Pacific Northwest Region,other_or_unspecified,3000.0,3000,28.0,standard_28,126.33333333333333,strict_group,233.0,94.33333333333333,83.66666666666667,32.0,0.2532981530343008,42.66666666666666,0.337730870712401,True,True,True
44453,1,0.7385224966189416,0.10909488412767818,Thomas Concrete,Charlotte Graham Street Plant,NC,Southeastern Region,other_or_unspecified,3000.0,3000,28.0,standard_28,130.33333333333334,strict_group,162.0,74.91666666666666,64.36666666666666,55.416666666666686,0.4251918158567776,65.96666666666668,0.5061381074168799,True,True,True
44586,1,0.7357479038944721,0.10909488412767818,Thomas Concrete,Morrisville Plant,NC,Southeastern Region,other_or_unspecified,4000.0,4000,28.0,standard_28,127.0,strict_group,158.0,63.5625,54.925,63.4375,0.49950787401574803,72.075,0.5675196850393701,True,True,True
33598,0,0.7353367075536215,0.10909488412767818,Knife River Corporation,Eugene (Oregon) Plant,OR,Pacific Northwest Region,other_or_unspecified,3000.0,3000,28.0,standard_28,115.33333333333333,strict_group,233.0,94.33333333333333,83.66666666666667,21.0,0.18208092485549135,31.666666666666657,0.27456647398843925,True,True,False
36461,0,0.7336088803214559,0.10909488412767818,National Ready Mix,Irvine Plant,CA,Pacific Southwest Region,filler,3000.0,3000,28.0,standard_28,121.0,strict_group,11.0,109.0,107.0,12.0,0.09917355371900827,14.0,0.11570247933884298,True,False,False
30913,0,0.7282356258614989,0.10909488412767818,Gotham Ready Mix LLC,Brooklyn (A) Plant,NY,Eastern Region,filler,3000.0,3000,28.0,standard_28,116.0,strict_group,6.0,117.0,115.83333333333334,0.0,0.0,0.1666666666666572,0.0014367816091953205,True,False,False
44634,0,0.7253185543842313,0.10909488412767818,Thomas Concrete,Savannah East Plant,GA,Southeastern Region,filler,3000.0,3000,28.0,standard_28,94.0,strict_group,13.0,69.33333333333333,64.13333333333334,24.66666666666667,0.26241134751773054,29.86666666666666,0.3177304964539006,True,True,True
32531,0,0.7229076512481515,0.10909488412767818,Holcim - Aggregate Industries,Fort Totten (DC) Plant,DC,Eastern Region,other_or_unspecified,2500.0,2500,28.0,standard_28,59.6,strict_group,9.0,60.0,59.120000000000005,0.0,0.0,0.4799999999999969,0.008053691275167732,True,False,False
33805,1,0.7204336159388893,0.10909488412767818,Knife River Corporation,Prineville (Oregon) Plant,OR,Pacific Northwest Region,paving,4000.0,4000,28.0,standard_28,150.0,strict_group,45.0,77.5,66.7,72.5,0.48333333333333334,83.3,0.5553333333333333,True,True,True
33560,0,0.7158124809924158,0.10909488412767818,Knife River Corporation,Corvallis (Oregon) Plant,OR,Pacific Northwest Region,other_or_unspecified,3000.0,3000,28.0,standard_28,120.66666666666667,strict_group,233.0,94.33333333333333,83.66666666666667,26.333333333333343,0.2182320441988951,37.0,0.30662983425414364,True,True,True
681,1,0.6991978729896435,0.10909488412767818,American Rock Products (ARP),Walla Walla Plant,WA,Pacific Northwest Region,other_or_unspecified,2000.0,2000,28.0,standard_28,137.0,strict_group,11.0,119.5,119.0,17.5,0.12773722627737227,18.0,0.13138686131386862,True,True,False
34004,1,0.6935060701850422,0.10909488412767818,Knife River Corporation,Woodburn (Oregon) Plant,OR,Pacific Northwest Region,filler,3500.0,3500,28.0,standard_28,164.57142857142858,strict_group,18.0,96.35714285714286,85.77142857142857,68.21428571428572,0.4144965277777778,78.80000000000001,0.47881944444444446,True,True,True
410,1,0.6873208619903217,0.10909488412767818,American Rock Products (ARP),Boardman Plant,OR,Pacific Northwest Region,filler,2500.0,2500,28.0,standard_28,152.4,national_spec_group,14.0,138.3,105.88000000000001,14.099999999999994,0.09251968503937004,46.519999999999996,0.30524934383202096,True,False,False
32301,1,0.6863517703876956,0.10909488412767818,Holcim - Aggregate Industries,Everett Plant,MA,Eastern Region,other_or_unspecified,4000.0,4000,28.0,standard_28,130.75,strict_group,176.0,67.25,51.125,63.5,0.48565965583174,79.625,0.6089866156787763,True,True,True
44592,1,0.6792791629223229,0.10909488412767818,Thomas Concrete,Pooler Plant,GA,Southeastern Region,other_or_unspecified,2000.0,2000,28.0,standard_28,195.0,strict_group,16.0,124.375,105.75,70.625,0.36217948717948717,89.25,0.4576923076923077,True,True,True
44630,1,0.679227086017544,0.10909488412767818,Thomas Concrete,Savannah East Plant,GA,Southeastern Region,other_or_unspecified,2000.0,2000,28.0,standard_28,196.0,strict_group,16.0,124.375,105.75,71.625,0.36543367346938777,90.25,0.4604591836734694,True,True,True
44707,1,0.674037269835894,0.10909488412767818,Thomas Concrete,West Street Plant,NC,Southeastern Region,other_or_unspecified,4000.0,4000,28.0,standard_28,126.25,strict_group,158.0,63.5625,54.925,62.6875,0.49653465346534653,71.325,0.564950495049505,True,True,True
33948,1,0.6719039846607738,0.10909488412767818,Knife River Corporation,Wheatland (Oregon) Plant,OR,Pacific Northwest Region,other_or_unspecified,3000.0,3000,28.0,standard_28,133.0,strict_group,233.0,94.33333333333333,83.66666666666667,38.66666666666667,0.29072681704260656,49.33333333333333,0.37092731829573933,True,True,True
2220,0,0.6711143047292173,0.10909488412767818,Brewster Transit Mix,Brewster Ready Mix Plant,NY,Eastern Region,other_or_unspecified,3000.0,3000,28.0,standard_28,116.33333333333333,strict_group,65.0,79.33333333333333,59.666666666666664,37.0,0.3180515759312321,56.666666666666664,0.4871060171919771,True,True,True
44469,1,0.6701495448348759,0.10909488412767818,Thomas Concrete,Charlotte Graham Street Plant,NC,Southeastern Region,other_or_unspecified,4000.0,4000,28.0,standard_28,152.5,strict_group,158.0,63.5625,54.925,88.9375,0.5831967213114754,97.575,0.6398360655737705,True,True,True
33922,0,0.667633040167466,0.10909488412767818,Knife River Corporation,Tumalo (Oregon) Plant,OR,Pacific Northwest Region,other_or_unspecified,3000.0,3000,28.0,standard_28,112.33333333333333,strict_group,233.0,94.33333333333333,83.66666666666667,18.0,0.16023738872403562,28.666666666666657,0.25519287833827886,True,True,False
415,1,0.6674798946322266,0.10909488412767818,American Rock Products (ARP),Boardman Plant,OR,Pacific Northwest Region,other_or_unspecified,3500.0,3500,28.0,standard_28,135.71428571428572,strict_group,156.0,85.42857142857143,80.57142857142858,50.28571428571429,0.3705263157894737,55.14285714285714,0.40631578947368413,True,True,True
33596,0,0.6646357959177103,0.10909488412767818,Knife River Corporation,Eugene (Oregon) Plant,OR,Pacific Northwest Region,other_or_unspecified,3000.0,3000,28.0,standard_28,113.33333333333333,strict_group,233.0,94.33333333333333,83.66666666666667,19.0,0.16764705882352943,29.666666666666657,0.26176470588235284,True,True,False
33952,0,0.6624530999985909,0.10909488412767818,Knife River Corporation,Wheatland (Oregon) Plant,OR,Pacific Northwest Region,other_or_unspecified,3000.0,3000,28.0,standard_28,123.33333333333333,strict_group,233.0,94.33333333333333,83.66666666666667,29.0,0.23513513513513515,39.66666666666666,0.32162162162162156,True,True,True
44570,0,0.6574310228496602,0.10909488412767818,Thomas Concrete,Morrisville Plant,NC,Southeastern Region,filler,3000.0,3000,28.0,standard_28,95.0,strict_group,13.0,69.33333333333333,64.13333333333334,25.66666666666667,0.2701754385964913,30.86666666666666,0.3249122807017543,True,True,True
33670,1,0.6553804502026569,0.10909488412767818,Knife River Corporation,Hillsboro Plant,OR,Pacific Northwest Region,paving,4000.0,4000,28.0,standard_28,127.5,strict_group,45.0,77.5,66.7,50.0,0.39215686274509803,60.8,0.4768627450980392,True,True,True
43742,0,0.6535045882679563,0.10909488412767818,Smyrna Ready Mix,SCGA Mobile Plant,SC,Southeastern Region,infrastructure,3000.0,3000,28.0,standard_28,110.66666666666667,national_spec_group,12.0,69.75,57.300000000000004,40.91666666666667,0.36972891566265065,53.36666666666667,0.4822289156626506,True,True,True
32636,0,0.6457609983785568,0.10909488412767818,Holcim - Aggregate Industries,Jessup Plant,MD,Eastern Region,structural,2500.0,2500,28.0,standard_28,92.4,strict_group,12.0,118.4,94.88000000000001,0.0,0.0,0.0,0.0,True,False,False
518,1,0.6443293391765791,0.10909488412767818,American Rock Products (ARP),Hermiston Plant,OR,Pacific Northwest Region,other_or_unspecified,3500.0,3500,28.0,standard_28,138.85714285714286,strict_group,156.0,85.42857142857143,80.57142857142858,53.42857142857143,0.38477366255144035,58.28571428571428,0.419753086419753,True,True,True
33562,1,0.6403909868248104,0.10909488412767818,Knife River Corporation,Corvallis (Oregon) Plant,OR,Pacific Northwest Region,other_or_unspecified,3000.0,3000,28.0,standard_28,137.33333333333334,strict_group,233.0,94.33333333333333,83.66666666666667,43.000000000000014,0.31310679611650494,53.66666666666667,0.3907766990291262,True,True,True
33800,1,0.6402644699897347,0.10909488412767818,Knife River Corporation,Prineville (Oregon) Plant,OR,Pacific Northwest Region,other_or_unspecified,3000.0,3000,28.0,standard_28,146.66666666666666,strict_group,233.0,94.33333333333333,83.66666666666667,52.33333333333333,0.3568181818181818,62.999999999999986,0.42954545454545445,True,True,True
32144,0,0.6374344818605806,0.10909488412767818,Holcim - Aggregate Industries,Chantilly Plant,VA,Eastern Region,other_or_unspecified,2500.0,2500,28.0,standard_28,88.4,strict_group,9.0,60.0,59.120000000000005,28.400000000000006,0.3212669683257919,29.28,0.33122171945701356,True,True,True
32161,0,0.6373213151005893,0.10909488412767818,Holcim - Aggregate Industries,Chantilly Plant,VA,Eastern Region,other_or_unspecified,2500.0,2500,28.0,standard_28,57.2,strict_group,9.0,60.0,59.120000000000005,0.0,0.0,0.0,0.0,True,False,False
33559,0,0.6371900166843282,0.10909488412767818,Knife River Corporation,Corvallis (Oregon) Plant,OR,Pacific Northwest Region,other_or_unspecified,3000.0,3000,28.0,standard_28,118.66666666666667,strict_group,233.0,94.33333333333333,83.66666666666667,24.333333333333343,0.20505617977528098,35.0,0.2949438202247191,True,True,True
686,0,0.6330552959431,0.10909488412767818,American Rock Products (ARP),Walla Walla Plant,WA,Pacific Northwest Region,other_or_unspecified,3000.0,3000,28.0,standard_28,110.0,strict_group,233.0,94.33333333333333,83.66666666666667,15.666666666666671,0.14242424242424248,26.33333333333333,0.23939393939393935,True,True,False
35212,1,0.6303862937209069,0.10909488412767818,National Ready Mix,Artesia Plant,CA,Pacific Southwest Region,filler,3000.0,3000,28.0,standard_28,131.0,strict_group,11.0,109.0,107.0,22.0,0.16793893129770993,24.0,0.183206106870229,True,True,False
30848,0,0.6285696115740884,0.10909488412767818,Gotham Ready Mix LLC,Bronx Plant,NY,Eastern Region,other_or_unspecified,3200.0,3000,28.0,standard_28,110.0,strict_group,65.0,79.33333333333333,59.666666666666664,30.66666666666667,0.2787878787878788,50.333333333333336,0.4575757575757576,True,True,True
32996,0,0.626649853025809,0.10909488412767818,Holcim - Aggregate Industries,Waltham Plant,MA,Eastern Region,other_or_unspecified,4000.0,4000,28.0,standard_28,104.25,strict_group,176.0,67.25,51.125,37.0,0.354916067146283,53.125,0.5095923261390888,True,True,True
32923,0,0.626649853025809,0.10909488412767818,Holcim - Aggregate Industries,Saugus Plant,MA,Eastern Region,other_or_unspecified,4000.0,4000,28.0,standard_28,104.25,strict_group,176.0,67.25,51.125,37.0,0.354916067146283,53.125,0.5095923261390888,True,True,True
33693,0,0.6265958960991185,0.10909488412767818,Knife River Corporation,Linnton Plant,OR,Pacific Northwest Region,other_or_unspecified,3000.0,3000,28.0,standard_28,122.66666666666667,strict_group,233.0,94.33333333333333,83.66666666666667,28.333333333333343,0.2309782608695653,39.0,0.3179347826086956,True,True,True
42721,1,0.6197906047098553,0.10909488412767818,Scioto Ready Mix,Delaware Plant,OH,Great Lakes Region,filler,3000.0,3000,28.0,standard_28,158.33333333333334,strict_group,5.0,152.33333333333334,150.53333333333333,6.0,0.03789473684210526,7.800000000000011,0.04926315789473691,True,False,False
42692,1,0.6197906047098553,0.10909488412767818,Scioto Ready Mix,Alexandria Plant,OH,Great Lakes Region,filler,3000.0,3000,28.0,standard_28,152.33333333333334,strict_group,5.0,152.33333333333334,150.53333333333333,0.0,0.0,1.8000000000000114,0.011816192560175128,True,False,False
42766,1,0.6197906047098553,0.10909488412767818,Scioto Ready Mix,Dublin Plant,OH,Great Lakes Region,filler,3000.0,3000,28.0,standard_28,152.66666666666666,strict_group,5.0,152.33333333333334,150.53333333333333,0.3333333333333144,0.0021834061135369938,2.1333333333333258,0.013973799126637506,True,False,False
33875,1,0.6158015849231878,0.10909488412767818,Knife River Corporation,Sundial Plant,OR,Pacific Northwest Region,other_or_unspecified,3000.0,3000,28.0,standard_28,131.66666666666666,strict_group,233.0,94.33333333333333,83.66666666666667,37.33333333333333,0.2835443037974683,47.999999999999986,0.3645569620253164,True,True,True
44352,0,0.615624764121651,0.10909488412767818,Thomas Concrete,Buckhead Plant,GA,Southeastern Region,other_or_unspecified,3000.0,3000,28.0,standard_28,105.33333333333333,strict_group,162.0,74.91666666666666,64.36666666666666,30.41666666666667,0.28876582278481017,40.96666666666667,0.3889240506329114,True,True,True
44708,1,0.6136399651951681,0.10909488412767818,Thomas Concrete,West Street Plant,NC,Southeastern Region,other_or_unspecified,4000.0,4000,28.0,standard_28,126.25,strict_group,158.0,63.5625,54.925,62.6875,0.49653465346534653,71.325,0.564950495049505,True,True,True
33561,1,0.6086157484940875,0.10909488412767818,Knife River Corporation,Corvallis (Oregon) Plant,OR,Pacific Northwest Region,other_or_unspecified,3000.0,3000,28.0,standard_28,124.0,strict_group,233.0,94.33333333333333,83.66666666666667,29.66666666666667,0.23924731182795703,40.33333333333333,0.32526881720430106,True,True,True
21612,0,0.6033253945848879,0.10909488412767818,Central Pre-Mix (CPM),Crestline Plant ,WA,Pacific Northwest Region,other_or_unspecified,2000.0,2000,28.0,standard_28,91.5,strict_group,11.0,119.5,119.0,0.0,0.0,0.0,0.0,True,False,False
40685,1,0.6031696359087426,0.10909488412767818,New Enterprise Stone & Lime,"Barton Road, NY Plant",NY,Eastern Region,other_or_unspecified,4000.0,4000,28.0,standard_28,137.0,strict_group,176.0,67.25,51.125,69.75,0.5091240875912408,85.875,0.6268248175182481,True,True,True
40722,1,0.6031696359087426,0.10909488412767818,New Enterprise Stone & Lime,"Gateway, NY Plant",NY,Eastern Region,other_or_unspecified,4000.0,4000,28.0,standard_28,138.0,strict_group,176.0,67.25,51.125,70.75,0.5126811594202898,86.875,0.6295289855072463,True,True,True
33668,1,0.6025424568965532,0.10909488412767818,Knife River Corporation,Hillsboro Plant,OR,Pacific Northwest Region,other_or_unspecified,3000.0,3000,28.0,standard_28,128.66666666666666,strict_group,233.0,94.33333333333333,83.66666666666667,34.33333333333333,0.266839378238342,44.999999999999986,0.34974093264248696,True,True,True
32620,0,0.5992025090094139,0.10909488412767818,Holcim - Aggregate Industries,Jessup Plant,MD,Eastern Region,other_or_unspecified,3000.0,3000,28.0,standard_28,114.66666666666667,strict_group,65.0,79.33333333333333,59.666666666666664,35.33333333333334,0.308139534883721,55.00000000000001,0.4796511627906977,True,True,True
35246,0,0.598232787476916,0.10909488412767818,National Ready Mix,Artesia Plant,CA,Pacific Southwest Region,filler,3000.0,3000,28.0,standard_28,110.0,strict_group,11.0,109.0,107.0,1.0,0.00909090909090909,3.0,0.02727272727272727,True,False,False
35245,0,0.598232787476916,0.10909488412767818,National Ready Mix,Artesia Plant,CA,Pacific Southwest Region,filler,3000.0,3000,28.0,standard_28,107.0,strict_group,11.0,109.0,107.0,0.0,0.0,0.0,0.0,True,False,False
44454,1,0.5976311930837405,0.10909488412767818,Thomas Concrete,Charlotte Graham Street Plant,NC,Southeastern Region,hardscape,3000.0,3000,28.0,standard_28,163.33333333333334,national_spec_group,6.0,89.41666666666667,88.83333333333334,73.91666666666667,0.45255102040816325,74.5,0.4561224489795918,True,True,True
21614,0,0.5961354257196724,0.10909488412767818,Central Pre-Mix (CPM),Crestline Plant ,WA,Pacific Northwest Region,other_or_unspecified,3000.0,3000,28.0,standard_28,97.66666666666667,strict_group,233.0,94.33333333333333,83.66666666666667,3.333333333333343,0.034129692832764603,14.0,0.14334470989761092,True,False,False
40649,1,0.5938540192904288,0.10909488412767818,New Enterprise Stone & Lime,"Barton Road, NY Plant",NY,Eastern Region,other_or_unspecified,2000.0,2000,28.0,standard_28,130.0,strict_group,14.0,85.75,82.95,44.25,0.3403846153846154,47.05,0.3619230769230769,True,True,True
40687,1,0.5938540192904288,0.10909488412767818,New Enterprise Stone & Lime,"Gateway, NY Plant",NY,Eastern Region,other_or_unspecified,2000.0,2000,28.0,standard_28,132.5,strict_group,14.0,85.75,82.95,46.75,0.35283018867924526,49.55,0.37396226415094336,True,True,True
31576,1,0.5931101302588088,0.10909488412767818,Graniterock,San Jose Plant,CA,Pacific Southwest Region,filler,4000.0,4000,28.0,standard_28,136.75,strict_group,10.0,96.4,89.39500000000001,40.349999999999994,0.29506398537477146,47.35499999999999,0.346288848263254,True,True,True
44548,1,0.5916358078450754,0.10909488412767818,Thomas Concrete,Greenville Plant,SC,Southeastern Region,other_or_unspecified,3000.0,3000,28.0,standard_28,156.66666666666666,strict_group,162.0,74.91666666666666,64.36666666666666,81.75,0.5218085106382979,92.3,0.5891489361702128,True,True,True
32950,0,0.5843367957711384,0.10909488412767818,Holcim - Aggregate Industries,Texas Plant,MD,Eastern Region,other_or_unspecified,3000.0,3000,28.0,standard_28,114.66666666666667,strict_group,65.0,79.33333333333333,59.666666666666664,35.33333333333334,0.308139534883721,55.00000000000001,0.4796511627906977,True,True,True
510,1,0.5837176059701945,0.10909488412767818,American Rock Products (ARP),Hermiston Plant,OR,Pacific Northwest Region,filler,2000.0,2000,28.0,standard_28,160.0,strict_group,19.0,130.5,125.8,29.5,0.184375,34.2,0.21375000000000002,True,True,False
33997,1,0.5823180446645149,0.10909488412767818,Knife River Corporation,Woodburn (Oregon) Plant,OR,Pacific Northwest Region,other_or_unspecified,3000.0,3000,28.0,standard_28,152.66666666666666,strict_group,233.0,94.33333333333333,83.66666666666667,58.33333333333333,0.38209606986899564,68.99999999999999,0.45196506550218335,True,True,True
32177,0,0.5723312137460113,0.10909488412767818,Holcim - Aggregate Industries,Chantilly Plant,VA,Eastern Region,structural,3000.0,3000,28.0,standard_28,89.66666666666667,strict_group,5.0,81.33333333333333,72.93333333333332,8.333333333333343,0.0929368029739778,16.73333333333335,0.18661710037174736,True,False,False
22319,0,0.5682938025015215,0.10909488412767818,CTI Ready Mix,CTI Ready Mix Elkhart Plant,IA,North Central Region,other_or_unspecified,2000.0,2000,28.0,standard_28,105.0,national_spec_group,44.0,109.5,88.1,0.0,0.0,16.900000000000006,0.160952380952381,True,False,False
33538,0,0.5662924330221416,0.10909488412767818,Knife River Corporation,Coffee Lake Plant,OR,Pacific Northwest Region,other_or_unspecified,5000.0,5000,28.0,standard_28,100.2,strict_group,114.0,68.8,61.16,31.400000000000006,0.31337325349301404,39.040000000000006,0.38962075848303396,True,True,True
44444,0,0.5658963488300652,0.10909488412767818,Thomas Concrete,Charlotte Graham Street Plant,NC,Southeastern Region,filler,3000.0,3000,28.0,standard_28,90.0,strict_group,13.0,69.33333333333333,64.13333333333334,20.66666666666667,0.22962962962962968,25.86666666666666,0.28740740740740733,True,True,True
33879,1,0.5624214233603088,0.10909488412767818,Knife River Corporation,Sundial Plant,OR,Pacific Northwest Region,other_or_unspecified,3000.0,3000,28.0,standard_28,129.0,strict_group,233.0,94.33333333333333,83.66666666666667,34.66666666666667,0.268733850129199,45.33333333333333,0.35142118863049093,True,True,True
33758,0,0.5588929652669598,0.10909488412767818,Knife River Corporation,Nampa (Idaho) Plant,ID,Pacific Northwest Region,other_or_unspecified,3000.0,3000,28.0,standard_28,100.0,strict_group,233.0,94.33333333333333,83.66666666666667,5.666666666666671,0.05666666666666671,16.33333333333333,0.16333333333333327,True,False,False
33722,1,0.5566542564944117,0.10909488412767818,Knife River Corporation,McMinnville (Oregon) Plant,OR,Pacific Northwest Region,other_or_unspecified,3000.0,3000,3.0,early,216.33333333333334,strict_group,9.0,171.66666666666666,119.93333333333334,44.666666666666686,0.2064714946070879,96.4,0.44560862865947615,True,True,True
33985,1,0.5566089433844273,0.10909488412767818,Knife River Corporation,Woodburn (Oregon) Plant,OR,Pacific Northwest Region,other_or_unspecified,3000.0,3000,28.0,standard_28,141.66666666666666,strict_group,233.0,94.33333333333333,83.66666666666667,47.33333333333333,0.3341176470588235,57.999999999999986,0.40941176470588225,True,True,True
33085,0,0.5545762826489181,0.10909488412767818,Holcim - Aggregate Industries,Waltham Plant,MA,Eastern Region,other_or_unspecified,4000.0,4000,28.0,standard_28,107.0,strict_group,176.0,67.25,51.125,39.75,0.37149532710280375,55.875,0.522196261682243,True,True,True
33951,1,0.5523939945210842,0.10909488412767818,Knife River Corporation,Wheatland (Oregon) Plant,OR,Pacific Northwest Region,other_or_unspecified,3000.0,3000,28.0,standard_28,124.0,strict_group,233.0,94.33333333333333,83.66666666666667,29.66666666666667,0.23924731182795703,40.33333333333333,0.32526881720430106,True,True,True
32377,0,0.5504294770691192,0.10909488412767818,Holcim - Aggregate Industries,Everett Plant,MA,Eastern Region,other_or_unspecified,4000.0,4000,28.0,standard_28,107.5,strict_group,176.0,67.25,51.125,40.25,0.3744186046511628,56.375,0.5244186046511627,True,True,True
2224,1,0.5501565021587285,0.10909488412767818,Brewster Transit Mix,Brewster Ready Mix Plant,NY,Eastern Region,filler,4000.0,4000,28.0,standard_28,175.75,strict_group,17.0,80.75,64.7,95.0,0.5405405405405406,111.05,0.6318634423897581,True,True,True
44225,0,0.5485000785680268,0.10909488412767818,Thomas Concrete,Atlanta Plant,GA,Southeastern Region,filler,2000.0,2000,28.0,standard_28,117.5,national_spec_group,33.0,139.5,126.5,0.0,0.0,0.0,0.0,True,False,False
2234,1,0.5449888791905508,0.10909488412767818,Brewster Transit Mix,Brewster Ready Mix Plant,NY,Eastern Region,filler,3000.0,3000,28.0,standard_28,162.66666666666666,strict_group,6.0,117.0,115.83333333333334,45.66666666666666,0.28073770491803274,46.833333333333314,0.2879098360655737,True,True,True
803,0,0.5403703440020232,0.10909488412767818,Amrize,Choctaw Plant,LA,South Central Region,structural,3000.0,3000,28.0,standard_28,77.0,strict_group,5.0,73.66666666666667,73.26666666666667,3.3333333333333286,0.043290043290043226,3.7333333333333343,0.0484848484848485,True,False,False
33600,1,0.538011475001547,0.10909488412767818,Knife River Corporation,Eugene (Oregon) Plant,OR,Pacific Northwest Region,other_or_unspecified,3000.0,3000,28.0,standard_28,128.33333333333334,strict_group,233.0,94.33333333333333,83.66666666666667,34.000000000000014,0.264935064935065,44.66666666666667,0.34805194805194806,True,True,True
42588,0,0.5329864261411832,0.10909488412767818,Salmon Bay Sand & Gravel,Salmon Bay Sand and Gravel,WA,Pacific Northwest Region,other_or_unspecified,3000.0,3000,3.0,early,102.33333333333333,strict_group,9.0,171.66666666666666,119.93333333333334,0.0,0.0,0.0,0.0,True,False,False
32541,0,0.5328698917143154,0.10909488412767818,Holcim - Aggregate Industries,Fort Totten (DC) Plant,DC,Eastern Region,other_or_unspecified,4000.0,4000,28.0,standard_28,88.75,strict_group,176.0,67.25,51.125,21.5,0.24225352112676057,37.625,0.423943661971831,True,True,True
33757,0,0.5260508758790475,0.10909488412767818,Knife River Corporation,Nampa (Idaho) Plant,ID,Pacific Northwest Region,other_or_unspecified,3000.0,3000,28.0,standard_28,103.66666666666667,strict_group,233.0,94.33333333333333,83.66666666666667,9.333333333333343,0.0900321543408361,20.0,0.19292604501607716,True,False,False
44477,1,0.5190274672809275,0.10909488412767818,Thomas Concrete,Doraville Plant,GA,Southeastern Region,other_or_unspecified,2000.0,2000,28.0,standard_28,193.0,strict_group,16.0,124.375,105.75,68.625,0.3555699481865285,87.25,0.4520725388601036,True,True,True
40648,1,0.5164312597888997,0.10909488412767818,New Enterprise Stone & Lime,"Barton Road, NY Plant",NY,Eastern Region,other_or_unspecified,2000.0,2000,28.0,standard_28,143.0,strict_group,14.0,85.75,82.95,57.25,0.40034965034965037,60.05,0.4199300699300699,True,True,True
40686,1,0.5164312597888997,0.10909488412767818,New Enterprise Stone & Lime,"Gateway, NY Plant",NY,Eastern Region,other_or_unspecified,2000.0,2000,28.0,standard_28,145.5,strict_group,14.0,85.75,82.95,59.75,0.4106529209621993,62.55,0.4298969072164948,True,True,True
33729,1,0.5146794514625853,0.10909488412767818,Knife River Corporation,McMinnville (Oregon) Plant,OR,Pacific Northwest Region,other_or_unspecified,3000.0,3000,28.0,standard_28,179.66666666666666,strict_group,233.0,94.33333333333333,83.66666666666667,85.33333333333333,0.4749536178107607,95.99999999999999,0.5343228200371057,True,True,True
30847,0,0.507702152859375,0.10909488412767818,Gotham Ready Mix LLC,Bronx Plant,NY,Eastern Region,filler,3000.0,3000,28.0,standard_28,120.0,strict_group,6.0,117.0,115.83333333333334,3.0,0.025,4.166666666666657,0.03472222222222214,True,False,False
2221,0,0.5073481985300455,0.10909488412767818,Brewster Transit Mix,Brewster Ready Mix Plant,NY,Eastern Region,other_or_unspecified,3000.0,3000,28.0,standard_28,113.0,strict_group,65.0,79.33333333333333,59.666666666666664,33.66666666666667,0.2979351032448378,53.333333333333336,0.471976401179941,True,True,True
33981,1,0.5060705438708477,0.10909488412767818,Knife River Corporation,Woodburn (Oregon) Plant,OR,Pacific Northwest Region,other_or_unspecified,3000.0,3000,28.0,standard_28,133.33333333333334,strict_group,233.0,94.33333333333333,83.66666666666667,39.000000000000014,0.2925000000000001,49.66666666666667,0.3725,True,True,True
32145,0,0.505962085282665,0.10909488412767818,Holcim - Aggregate Industries,Chantilly Plant,VA,Eastern Region,other_or_unspecified,3000.0,3000,28.0,standard_28,80.66666666666667,strict_group,65.0,79.33333333333333,59.666666666666664,1.3333333333333428,0.016528925619834826,21.000000000000007,0.26033057851239677,True,False,False
961,0,0.5055763496379141,0.10909488412767818,Amrize,Metairie Plant,LA,South Central Region,structural,3000.0,3000,28.0,standard_28,88.0,strict_group,5.0,73.66666666666667,73.26666666666667,14.333333333333329,0.16287878787878782,14.733333333333334,0.16742424242424245,True,True,False
33725,1,0.5016062748438674,0.10909488412767818,Knife River Corporation,McMinnville (Oregon) Plant,OR,Pacific Northwest Region,filler,3000.0,3000,28.0,standard_28,170.0,strict_group,19.0,94.66666666666666,77.93333333333334,75.33333333333334,0.4431372549019608,92.06666666666666,0.5415686274509803,True,True,True
33557,1,0.4974930575730571,0.10909488412767818,Knife River Corporation,Corvallis (Oregon) Plant,OR,Pacific Northwest Region,other_or_unspecified,3000.0,3000,28.0,standard_28,174.66666666666666,strict_group,233.0,94.33333333333333,83.66666666666667,80.33333333333333,0.4599236641221374,90.99999999999999,0.5209923664122137,True,True,True
32534,0,0.4961359117647718,0.10909488412767818,Holcim - Aggregate Industries,Fort Totten (DC) Plant,DC,Eastern Region,other_or_unspecified,3000.0,3000,28.0,standard_28,111.33333333333333,strict_group,65.0,79.33333333333333,59.666666666666664,32.0,0.2874251497005988,51.666666666666664,0.46407185628742514,True,True,True
33654,0,0.4944429189272247,0.10909488412767818,Knife River Corporation,Fruitland (Idaho) Plant,ID,Pacific Northwest Region,other_or_unspecified,3000.0,3000,28.0,standard_28,119.0,strict_group,233.0,94.33333333333333,83.66666666666667,24.66666666666667,0.20728291316526615,35.33333333333333,0.29691876750700275,True,True,True
33788,0,0.4944039154659179,0.10909488412767818,Knife River Corporation,Prineville (Oregon) Plant,OR,Pacific Northwest Region,other_or_unspecified,3000.0,3000,28.0,standard_28,113.33333333333333,strict_group,233.0,94.33333333333333,83.66666666666667,19.0,0.16764705882352943,29.666666666666657,0.26176470588235284,True,True,False
33933,1,0.4929306436450137,0.10909488412767818,Knife River Corporation,Tumalo (Oregon) Plant,OR,Pacific Northwest Region,other_or_unspecified,3000.0,3000,28.0,standard_28,146.66666666666666,strict_group,233.0,94.33333333333333,83.66666666666667,52.33333333333333,0.3568181818181818,62.999999999999986,0.42954545454545445,True,True,True
618,0,0.4907323525646123,0.10909488412767818,American Rock Products (ARP),Prosser Plant,WA,Pacific Northwest Region,other_or_unspecified,2500.0,2500,28.0,standard_28,114.8,strict_group,14.0,97.6,96.24,17.200000000000003,0.14982578397212545,18.560000000000002,0.16167247386759584,True,True,False
33528,0,0.4896814495500154,0.10909488412767818,Knife River Corporation,Coffee Lake Plant,OR,Pacific Northwest Region,other_or_unspecified,3000.0,3000,28.0,standard_28,120.66666666666667,strict_group,233.0,94.33333333333333,83.66666666666667,26.333333333333343,0.2182320441988951,37.0,0.30662983425414364,True,True,True
32663,0,0.489518421766497,0.10909488412767818,Holcim - Aggregate Industries,Kirby Road Plant,MD,Eastern Region,structural,3000.0,3000,28.0,standard_28,81.33333333333333,strict_group,5.0,81.33333333333333,72.93333333333332,0.0,0.0,8.400000000000006,0.10327868852459024,True,False,False
2230,1,0.488506358211187,0.10909488412767818,Brewster Transit Mix,Brewster Ready Mix Plant,NY,Eastern Region,paving,3000.0,3000,28.0,standard_28,154.0,national_spec_group,22.0,87.83333333333334,77.76666666666667,66.16666666666666,0.42965367965367957,76.23333333333333,0.49502164502164503,True,True,True
2232,1,0.488506358211187,0.10909488412767818,Brewster Transit Mix,Brewster Ready Mix Plant,NY,Eastern Region,paving,3000.0,3000,28.0,standard_28,145.33333333333334,national_spec_group,22.0,87.83333333333334,77.76666666666667,57.5,0.3956422018348624,67.56666666666668,0.464908256880734,True,True,True
2229,1,0.488506358211187,0.10909488412767818,Brewster Transit Mix,Brewster Ready Mix Plant,NY,Eastern Region,paving,3000.0,3000,28.0,standard_28,131.33333333333334,national_spec_group,22.0,87.83333333333334,77.76666666666667,43.5,0.3312182741116751,53.56666666666668,0.4078680203045686,True,True,True
33691,1,0.4877368517079563,0.10909488412767818,Knife River Corporation,Linnton Plant,OR,Pacific Northwest Region,other_or_unspecified,3000.0,3000,28.0,standard_28,136.66666666666666,strict_group,233.0,94.33333333333333,83.66666666666667,42.33333333333333,0.3097560975609756,52.999999999999986,0.3878048780487804,True,True,True
44432,1,0.4862025181577292,0.10909488412767818,Thomas Concrete,Charleston Plant,SC,Southeastern Region,other_or_unspecified,4000.0,4000,28.0,standard_28,127.75,strict_group,158.0,63.5625,54.925,64.1875,0.5024461839530333,72.825,0.5700587084148728,True,True,True
33589,1,0.484748437187775,0.10909488412767818,Knife River Corporation,Corvallis (Oregon) Plant,OR,Pacific Northwest Region,hardscape,4000.0,4000,28.0,standard_28,124.0,strict_group,18.0,77.125,73.5,46.875,0.3780241935483871,50.5,0.40725806451612906,True,True,True
30915,0,0.4795088866082431,0.10909488412767818,Gotham Ready Mix LLC,Brooklyn (A) Plant,NY,Eastern Region,other_or_unspecified,3200.0,3000,28.0,standard_28,106.25,strict_group,65.0,79.33333333333333,59.666666666666664,26.91666666666667,0.25333333333333335,46.583333333333336,0.43843137254901965,True,True,True
33831,1,0.4782241169597692,0.10909488412767818,Knife River Corporation,Prineville Plant,OR,Pacific Northwest Region,other_or_unspecified,3000.0,3000,28.0,standard_28,146.66666666666666,strict_group,233.0,94.33333333333333,83.66666666666667,52.33333333333333,0.3568181818181818,62.999999999999986,0.42954545454545445,True,True,True
44346,0,0.4781530344828997,0.10909488412767818,Thomas Concrete,Buckhead Plant,GA,Southeastern Region,filler,3000.0,3000,28.0,standard_28,61.666666666666664,strict_group,13.0,69.33333333333333,64.13333333333334,0.0,0.0,0.0,0.0,True,False,False
44231,0,0.4781530344828997,0.10909488412767818,Thomas Concrete,Atlanta Plant,GA,Southeastern Region,filler,3000.0,3000,28.0,standard_28,63.333333333333336,strict_group,13.0,69.33333333333333,64.13333333333334,0.0,0.0,0.0,0.0,True,False,False
33568,1,0.4774824183403549,0.10909488412767818,Knife River Corporation,Corvallis (Oregon) Plant,OR,Pacific Northwest Region,paving,3300.0,3500,28.0,standard_28,126.66666666666667,strict_group,17.0,82.72727272727273,76.8,43.93939393939394,0.34688995215311,49.866666666666674,0.39368421052631586,True,True,True
33819,0,0.4731372493551047,0.10909488412767818,Knife River Corporation,Prineville Plant,OR,Pacific Northwest Region,other_or_unspecified,3000.0,3000,28.0,standard_28,113.33333333333333,strict_group,233.0,94.33333333333333,83.66666666666667,19.0,0.16764705882352943,29.666666666666657,0.26176470588235284,True,True,False
33947,1,0.4699661817068997,0.10909488412767818,Knife River Corporation,Wheatland (Oregon) Plant,OR,Pacific Northwest Region,other_or_unspecified,3000.0,3000,3.0,early,193.33333333333334,strict_group,9.0,171.66666666666666,119.93333333333334,21.666666666666686,0.11206896551724148,73.4,0.3796551724137931,True,True,False
33507,1,0.4698623158633512,0.10909488412767818,Knife River Corporation,Boise (Idaho) Plant,ID,Pacific Northwest Region,other_or_unspecified,3000.0,3000,28.0,standard_28,124.33333333333333,strict_group,233.0,94.33333333333333,83.66666666666667,30.0,0.2412868632707775,40.66666666666666,0.3270777479892761,True,True,True
31013,0,0.4697016753460406,0.10909488412767818,Gotham Ready Mix LLC,Brooklyn (B) Plant,NY,Eastern Region,other_or_unspecified,3200.0,3000,28.0,standard_28,105.9375,strict_group,65.0,79.33333333333333,59.666666666666664,26.60416666666667,0.25113077679449364,46.270833333333336,0.43677482792527045,True,True,True
42861,0,0.4674873205646441,0.10909488412767818,Scioto Ready Mix,Obetz Plant,OH,Great Lakes Region,other_or_unspecified,3000.0,3000,28.0,standard_28,109.33333333333333,strict_group,6.0,110.16666666666666,93.33333333333333,0.0,0.0,16.0,0.14634146341463417,True,False,False
32308,0,0.4673033300414676,0.10909488412767818,Holcim - Aggregate Industries,Everett Plant,MA,Eastern Region,other_or_unspecified,4000.0,4000,28.0,standard_28,102.75,strict_group,176.0,67.25,51.125,35.5,0.34549878345498786,51.625,0.5024330900243309,True,True,True
21744,0,0.4667680393457599,0.10909488412767818,Central Pre-Mix (CPM),Sullivan Plant ,WA,Pacific Northwest Region,structural,3000.0,3000,28.0,standard_28,78.33333333333333,strict_group,10.0,78.83333333333333,77.66666666666667,0.0,0.0,0.6666666666666572,0.00851063829787222,True,False,False
31976,1,0.4601329768711554,0.10909488412767818,HAWAIIAN CEMENT,Halawa Plant #3,HI,Hawaii,other_or_unspecified,4000.0,4000,28.0,standard_28,164.25,national_spec_group,1083.0,68.625,59.55,95.625,0.5821917808219178,104.7,0.6374429223744292,True,True,True
32947,0,0.4599138905174793,0.10909488412767818,Holcim - Aggregate Industries,Texas Plant,MD,Eastern Region,other_or_unspecified,3000.0,3000,28.0,standard_28,62.666666666666664,strict_group,65.0,79.33333333333333,59.666666666666664,0.0,0.0,3.0,0.047872340425531915,True,False,False
33692,0,0.459288032036929,0.10909488412767818,Knife River Corporation,Linnton Plant,OR,Pacific Northwest Region,other_or_unspecified,3000.0,3000,28.0,standard_28,122.66666666666667,strict_group,233.0,94.33333333333333,83.66666666666667,28.333333333333343,0.2309782608695653,39.0,0.3179347826086956,True,True,True
33749,1,0.4588643599513851,0.10909488412767818,Knife River Corporation,McMinnville (Oregon) Plant,OR,Pacific Northwest Region,filler,3500.0,3500,28.0,standard_28,174.85714285714286,strict_group,18.0,96.35714285714286,85.77142857142857,78.5,0.44893790849673204,89.08571428571429,0.5094771241830065,True,True,True
43850,0,0.4564834203192476,0.10909488412767818,Smyrna Ready Mix,Nashville Plant,TN,Southeastern Region,infrastructure,3000.0,3000,28.0,standard_28,53.666666666666664,national_spec_group,12.0,69.75,57.300000000000004,0.0,0.0,0.0,0.0,True,False,False
44470,1,0.4546476296151134,0.10909488412767818,Thomas Concrete,Charlotte Graham Street Plant,NC,Southeastern Region,other_or_unspecified,4000.0,4000,28.0,standard_28,142.0,strict_group,158.0,63.5625,54.925,78.4375,0.5523767605633803,87.075,0.6132042253521127,True,True,True
42816,1,0.4510136862444072,0.10909488412767818,Scioto Ready Mix,New Albany Plant,OH,Great Lakes Region,filler,3000.0,3000,28.0,standard_28,165.66666666666666,strict_group,5.0,152.33333333333334,150.53333333333333,13.333333333333314,0.08048289738430572,15.133333333333326,0.09134808853118709,True,False,False
32111,1,0.4488732393143386,0.10909488412767818,Holcim - Aggregate Industries,Beltsville Plant,MD,Eastern Region,other_or_unspecified,3000.0,3000,28.0,standard_28,132.0,strict_group,65.0,79.33333333333333,59.666666666666664,52.66666666666667,0.398989898989899,72.33333333333334,0.547979797979798,True,True,True
33530,0,0.4411705113476394,0.10909488412767818,Knife River Corporation,Coffee Lake Plant,OR,Pacific Northwest Region,other_or_unspecified,3000.0,3000,28.0,standard_28,122.0,strict_group,233.0,94.33333333333333,83.66666666666667,27.66666666666667,0.22677595628415304,38.33333333333333,0.314207650273224,True,True,True
33877,1,0.4409624607701899,0.10909488412767818,Knife River Corporation,Sundial Plant,OR,Pacific Northwest Region,other_or_unspecified,3000.0,3000,28.0,standard_28,143.0,strict_group,233.0,94.33333333333333,83.66666666666667,48.66666666666667,0.34032634032634035,59.33333333333333,0.4149184149184149,True,True,True
32737,0,0.440634166700216,0.10909488412767818,Holcim - Aggregate Industries,Manassas Plant,VA,Eastern Region,other_or_unspecified,3000.0,3000,28.0,standard_28,56.333333333333336,strict_group,65.0,79.33333333333333,59.666666666666664,0.0,0.0,0.0,0.0,True,False,False
32487,0,0.4370808528482178,0.10909488412767818,Holcim - Aggregate Industries,Fort Totten (DC) Plant,DC,Eastern Region,other_or_unspecified,3000.0,3000,28.0,standard_28,79.33333333333333,strict_group,65.0,79.33333333333333,59.666666666666664,0.0,0.0,19.666666666666664,0.24789915966386553,True,False,False
32455,0,0.4366157140186216,0.10909488412767818,Holcim - Aggregate Industries,FOREST LAKE READY-MIX Plant,MN,North Central Region,other_or_unspecified,3000.0,3000,28.0,standard_28,81.66666666666667,strict_group,48.0,66.91666666666667,64.23333333333333,14.75,0.18061224489795918,17.433333333333337,0.21346938775510207,True,True,False
32750,0,0.4366157140186216,0.10909488412767818,Holcim - Aggregate Industries,MAPLE GROVE READY-MIX Plant,MN,North Central Region,other_or_unspecified,3000.0,3000,28.0,standard_28,87.33333333333333,strict_group,48.0,66.91666666666667,64.23333333333333,20.416666666666657,0.23377862595419838,23.099999999999994,0.26450381679389307,True,True,True
32784,0,0.4366157140186216,0.10909488412767818,Holcim - Aggregate Industries,MINNEAPOLIS READY-MIX Plant,MN,North Central Region,other_or_unspecified,3000.0,3000,28.0,standard_28,85.0,strict_group,48.0,66.91666666666667,64.23333333333333,18.08333333333333,0.21274509803921562,20.766666666666666,0.24431372549019606,True,True,True
21702,1,0.4342464288472532,0.10909488412767818,Central Pre-Mix (CPM),Sullivan Plant ,WA,Pacific Northwest Region,other_or_unspecified,2000.0,2000,28.0,standard_28,134.5,strict_group,11.0,119.5,119.0,15.0,0.11152416356877323,15.5,0.11524163568773234,True,True,False
44227,1,0.4276145663099175,0.10909488412767818,Thomas Concrete,Atlanta Plant,GA,Southeastern Region,other_or_unspecified,2000.0,2000,28.0,standard_28,131.5,strict_group,16.0,124.375,105.75,7.125,0.05418250950570342,25.75,0.1958174904942966,True,False,False
32736,0,0.427086881915605,0.10909488412767818,Holcim - Aggregate Industries,Manassas Plant,VA,Eastern Region,other_or_unspecified,2500.0,2500,28.0,standard_28,60.0,strict_group,9.0,60.0,59.120000000000005,0.0,0.0,0.8799999999999955,0.01466666666666659,True,False,False
32994,0,0.4196842213843192,0.10909488412767818,Holcim - Aggregate Industries,Waltham Plant,MA,Eastern Region,other_or_unspecified,4000.0,4000,28.0,standard_28,103.5,strict_group,176.0,67.25,51.125,36.25,0.3502415458937198,52.375,0.5060386473429952,True,True,True
32970,0,0.4187882323242242,0.10909488412767818,Holcim - Aggregate Industries,Waltham Plant,MA,Eastern Region,other_or_unspecified,2500.0,2500,56.0,extended_56,80.0,regional_strength_group,26.0,86.4,69.2,0.0,0.0,10.799999999999997,0.13499999999999995,True,False,False
32919,0,0.4187882323242242,0.10909488412767818,Holcim - Aggregate Industries,Saugus Plant,MA,Eastern Region,other_or_unspecified,2500.0,2500,56.0,extended_56,86.4,regional_strength_group,26.0,86.4,69.2,0.0,0.0,17.200000000000003,0.1990740740740741,True,False,False
33566,0,0.413625827540342,0.10909488412767818,Knife River Corporation,Corvallis (Oregon) Plant,OR,Pacific Northwest Region,other_or_unspecified,3000.0,3000,28.0,standard_28,113.66666666666667,strict_group,233.0,94.33333333333333,83.66666666666667,19.333333333333343,0.1700879765395895,30.0,0.26392961876832843,True,True,False
33508,1,0.4076463531618298,0.10909488412767818,Knife River Corporation,Boise (Idaho) Plant,ID,Pacific Northwest Region,other_or_unspecified,3000.0,3000,28.0,standard_28,124.33333333333333,strict_group,233.0,94.33333333333333,83.66666666666667,30.0,0.2412868632707775,40.66666666666666,0.3270777479892761,True,True,True
33778,0,0.4052038689501256,0.10909488412767818,Knife River Corporation,Nampa (Idaho) Plant,ID,Pacific Northwest Region,other_or_unspecified,3000.0,3000,28.0,standard_28,118.33333333333333,strict_group,233.0,94.33333333333333,83.66666666666667,24.0,0.2028169014084507,34.66666666666666,0.2929577464788732,True,True,True
32850,0,0.4021925560460105,0.10909488412767818,Holcim - Aggregate Industries,PORTABLE LRT READY MIX Plant,MN,North Central Region,other_or_unspecified,3000.0,3000,28.0,standard_28,87.33333333333333,strict_group,48.0,66.91666666666667,64.23333333333333,20.416666666666657,0.23377862595419838,23.099999999999994,0.26450381679389307,True,True,True
30895,0,0.3986038735237861,0.10909488412767818,Gotham Ready Mix LLC,Bronx Plant,NY,Eastern Region,other_or_unspecified,4500.0,4500,28.0,standard_28,107.55555555555556,strict_group,47.0,57.888888888888886,45.6,49.66666666666667,0.4617768595041323,61.955555555555556,0.5760330578512397,True,True,True
21829,0,0.3983981589638001,0.10909488412767818,Central Pre-Mix (CPM),Yakima #24 Plant,WA,Pacific Northwest Region,other_or_unspecified,3000.0,3000,28.0,standard_28,86.0,strict_group,233.0,94.33333333333333,83.66666666666667,0.0,0.0,2.3333333333333286,0.027131782945736378,True,False,False
31659,0,0.3906021122960198,0.10909488412767818,Graniterock,San Jose Plant,CA,Pacific Southwest Region,paving,3000.0,3000,28.0,standard_28,102.33333333333333,national_spec_group,22.0,87.83333333333334,77.76666666666667,14.499999999999986,0.14169381107491844,24.566666666666663,0.24006514657980454,True,True,False
33602,0,0.3882436434757424,0.10909488412767818,Knife River Corporation,Eugene (Oregon) Plant,OR,Pacific Northwest Region,other_or_unspecified,3000.0,3000,28.0,standard_28,122.33333333333333,strict_group,233.0,94.33333333333333,83.66666666666667,28.0,0.22888283378746596,38.66666666666666,0.3160762942779291,True,True,True
32949,0,0.3852602156414154,0.10909488412767818,Holcim - Aggregate Industries,Texas Plant,MD,Eastern Region,other_or_unspecified,3000.0,3000,28.0,standard_28,57.333333333333336,strict_group,65.0,79.33333333333333,59.666666666666664,0.0,0.0,0.0,0.0,True,False,False
33595,1,0.3838508128309426,0.10909488412767818,Knife River Corporation,Eugene (Oregon) Plant,OR,Pacific Northwest Region,other_or_unspecified,3000.0,3000,28.0,standard_28,128.33333333333334,strict_group,233.0,94.33333333333333,83.66666666666667,34.000000000000014,0.264935064935065,44.66666666666667,0.34805194805194806,True,True,True
33533,0,0.3835068489495401,0.10909488412767818,Knife River Corporation,Coffee Lake Plant,OR,Pacific Northwest Region,other_or_unspecified,3000.0,3000,28.0,standard_28,86.66666666666667,strict_group,233.0,94.33333333333333,83.66666666666667,0.0,0.0,3.0,0.03461538461538461,True,False,False
31845,0,0.3831099534813446,0.10909488412767818,Graniterock,Santa Cruz Plant,CA,Pacific Southwest Region,paving,3000.0,3000,28.0,standard_28,107.0,national_spec_group,22.0,87.83333333333334,77.76666666666667,19.166666666666657,0.17912772585669773,29.233333333333334,0.27320872274143304,True,True,False
33861,1,0.3785807468497053,0.10909488412767818,Knife River Corporation,Redmond (Oregon) Plant,OR,Pacific Northwest Region,other_or_unspecified,3000.0,3000,28.0,standard_28,129.66666666666666,strict_group,233.0,94.33333333333333,83.66666666666667,35.33333333333333,0.27249357326478146,45.999999999999986,0.35475578406169656,True,True,True
32532,0,0.3782548455199238,0.10909488412767818,Holcim - Aggregate Industries,Fort Totten (DC) Plant,DC,Eastern Region,other_or_unspecified,3000.0,3000,28.0,standard_28,55.666666666666664,strict_group,65.0,79.33333333333333,59.666666666666664,0.0,0.0,0.0,0.0,True,False,False
33883,1,0.3780600524403322,0.10909488412767818,Knife River Corporation,Sundial Plant,OR,Pacific Northwest Region,paving,4000.0,4000,28.0,standard_28,129.0,strict_group,45.0,77.5,66.7,51.5,0.3992248062015504,62.3,0.4829457364341085,True,True,True
32328,0,0.3755444077901601,0.10909488412767818,Holcim - Aggregate Industries,Everett Plant,MA,Eastern Region,other_or_unspecified,5000.0,5000,28.0,standard_28,109.8,strict_group,128.0,63.55,53.74,46.25,0.42122040072859745,56.059999999999995,0.5105646630236794,True,True,True
33851,0,0.3746162914772327,0.10909488412767818,Knife River Corporation,Redmond (Oregon) Plant,OR,Pacific Northwest Region,other_or_unspecified,3000.0,3000,28.0,standard_28,112.0,strict_group,233.0,94.33333333333333,83.66666666666667,17.66666666666667,0.1577380952380953,28.33333333333333,0.2529761904761904,True,True,False
34651,0,0.3722543976551416,0.10909488412767818,Miles Sand & Gravel,Lacey Plant,WA,Pacific Northwest Region,other_or_unspecified,3000.0,3000,28.0,standard_28,83.0,strict_group,233.0,94.33333333333333,83.66666666666667,0.0,0.0,0.0,0.0,True,False,False
33826,0,0.3675762094151886,0.10909488412767818,Knife River Corporation,Prineville Plant,OR,Pacific Northwest Region,filler,3000.0,3000,28.0,standard_28,78.0,strict_group,19.0,94.66666666666666,77.93333333333334,0.0,0.0,0.06666666666666288,0.0008547008547008061,True,False,False
21685,0,0.3657956552483272,0.10909488412767818,Central Pre-Mix (CPM),Sullivan Plant ,WA,Pacific Northwest Region,structural,2500.0,2500,28.0,standard_28,93.2,national_spec_group,15.0,99.0,92.72,0.0,0.0,0.480000000000004,0.005150214592274721,True,False,False
21842,0,0.3644958839081552,0.10909488412767818,Central Pre-Mix (CPM),Yakima #24 Plant,WA,Pacific Northwest Region,other_or_unspecified,3000.0,3000,28.0,standard_28,113.66666666666667,strict_group,233.0,94.33333333333333,83.66666666666667,19.333333333333343,0.1700879765395895,30.0,0.26392961876832843,True,True,False
21866,0,0.3604077372062215,0.10909488412767818,Central Pre-Mix (CPM),Yakima #25 Plant,WA,Pacific Northwest Region,other_or_unspecified,3000.0,3000,28.0,standard_28,119.0,strict_group,233.0,94.33333333333333,83.66666666666667,24.66666666666667,0.20728291316526615,35.33333333333333,0.29691876750700275,True,True,True
32572,0,0.359573006099294,0.10909488412767818,Holcim - Aggregate Industries,Ft. Collins Plant,CO,Rocky Mountains Region,other_or_unspecified,3500.0,3500,28.0,standard_28,90.85714285714286,strict_group,38.0,70.78571428571429,64.74285714285715,20.07142857142857,0.22091194968553457,26.114285714285714,0.28742138364779873,True,True,True
21769,1,0.3591016185872355,0.10909488412767818,Central Pre-Mix (CPM),Sullivan Plant ,WA,Pacific Northwest Region,filler,2000.0,2000,28.0,standard_28,134.5,strict_group,19.0,130.5,125.8,4.0,0.02973977695167286,8.700000000000003,0.06468401486988849,True,False,False
32554,0,0.3587853686242414,0.10909488412767818,Holcim - Aggregate Industries,Fort Totten (DC) Plant,DC,Eastern Region,other_or_unspecified,4000.0,4000,28.0,standard_28,103.75,strict_group,176.0,67.25,51.125,36.5,0.35180722891566263,52.625,0.5072289156626506,True,True,True
32222,1,0.3575290961681232,0.10909488412767818,Holcim - Aggregate Industries,DFW RMX Plant,TX,South Central Region,other_or_unspecified,2000.0,2000,28.0,standard_28,154.5,national_spec_group,44.0,109.5,88.1,45.0,0.2912621359223301,66.4,0.4297734627831716,True,True,True
44631,0,0.354161119412293,0.10909488412767818,Thomas Concrete,Savannah East Plant,GA,Southeastern Region,other_or_unspecified,3000.0,3000,28.0,standard_28,85.33333333333333,strict_group,162.0,74.91666666666666,64.36666666666666,10.416666666666671,0.12207031250000006,20.96666666666667,0.24570312500000002,True,True,False
44633,0,0.354161119412293,0.10909488412767818,Thomas Concrete,Savannah East Plant,GA,Southeastern Region,other_or_unspecified,3000.0,3000,28.0,standard_28,89.0,strict_group,162.0,74.91666666666666,64.36666666666666,14.083333333333343,0.15823970037453194,24.63333333333334,0.27677902621722855,True,True,False
32290,0,0.353770279329879,0.10909488412767818,Holcim - Aggregate Industries,Everett Plant,MA,Eastern Region,other_or_unspecified,2500.0,2500,56.0,extended_56,80.0,regional_strength_group,26.0,86.4,69.2,0.0,0.0,10.799999999999997,0.13499999999999995,True,False,False
675,0,0.3523044602295578,0.10909488412767818,American Rock Products (ARP),Richland Plant,WA,Pacific Northwest Region,filler,3000.0,3000,28.0,standard_28,104.0,strict_group,19.0,94.66666666666666,77.93333333333334,9.333333333333343,0.08974358974358984,26.066666666666663,0.2506410256410256,True,False,False
21674,1,0.351525653387107,0.10909488412767818,Central Pre-Mix (CPM),Mattawa Plant ,WA,Pacific Northwest Region,other_or_unspecified,2500.0,2500,28.0,standard_28,155.6,strict_group,14.0,97.6,96.24,58.0,0.37275064267352187,59.36,0.38149100257069407,True,True,True
44356,0,0.3510517419108335,0.10909488412767818,Thomas Concrete,Buckhead Plant,GA,Southeastern Region,other_or_unspecified,3000.0,3000,28.0,standard_28,57.333333333333336,strict_group,162.0,74.91666666666666,64.36666666666666,0.0,0.0,0.0,0.0,True,False,False
33786,0,0.3508914934511294,0.10909488412767818,Knife River Corporation,Prineville (Oregon) Plant,OR,Pacific Northwest Region,other_or_unspecified,2500.0,2500,28.0,standard_28,97.6,strict_group,14.0,97.6,96.24,0.0,0.0,1.3599999999999994,0.013934426229508192,True,False,False
34638,0,0.350874264333137,0.10909488412767818,Miles Sand & Gravel,Everett Plant,WA,Pacific Northwest Region,other_or_unspecified,3000.0,3000,28.0,standard_28,70.33333333333333,strict_group,233.0,94.33333333333333,83.66666666666667,0.0,0.0,0.0,0.0,True,False,False
33795,0,0.3498265705500803,0.10909488412767818,Knife River Corporation,Prineville (Oregon) Plant,OR,Pacific Northwest Region,filler,3000.0,3000,28.0,standard_28,78.0,strict_group,19.0,94.66666666666666,77.93333333333334,0.0,0.0,0.06666666666666288,0.0008547008547008061,True,False,False
33531,0,0.3493081191084743,0.10909488412767818,Knife River Corporation,Coffee Lake Plant,OR,Pacific Northwest Region,other_or_unspecified,3000.0,3000,28.0,standard_28,114.66666666666667,strict_group,233.0,94.33333333333333,83.66666666666667,20.333333333333343,0.1773255813953489,31.0,0.2703488372093023,True,True,False
591,1,0.3483498788450286,0.10909488412767818,American Rock Products (ARP),Pendleton Plant,OR,Pacific Northwest Region,hardscape,3000.0,3000,28.0,standard_28,145.33333333333334,national_spec_group,6.0,89.41666666666667,88.83333333333334,55.91666666666667,0.38474770642201833,56.5,0.38876146788990823,True,True,True
44344,1,0.3461480389894093,0.10909488412767818,Thomas Concrete,Buckhead Plant,GA,Southeastern Region,other_or_unspecified,2000.0,2000,28.0,standard_28,192.0,strict_group,16.0,124.375,105.75,67.625,0.3522135416666667,86.25,0.44921875,True,True,True
33856,0,0.3449358403170194,0.10909488412767818,Knife River Corporation,Redmond (Oregon) Plant,OR,Pacific Northwest Region,filler,3000.0,3000,28.0,standard_28,76.0,strict_group,19.0,94.66666666666666,77.93333333333334,0.0,0.0,0.0,0.0,True,False,False
33817,0,0.3434642160548873,0.10909488412767818,Knife River Corporation,Prineville Plant,OR,Pacific Northwest Region,other_or_unspecified,2500.0,2500,28.0,standard_28,97.6,strict_group,14.0,97.6,96.24,0.0,0.0,1.3599999999999994,0.013934426229508192,True,False,False
21691,0,0.3424494475939173,0.10909488412767818,Central Pre-Mix (CPM),Sullivan Plant ,WA,Pacific Northwest Region,filler,3000.0,3000,28.0,standard_28,107.0,strict_group,19.0,94.66666666666666,77.93333333333334,12.333333333333343,0.11526479750778824,29.066666666666663,0.2716510903426791,True,True,False
32238,0,0.3421368629816526,0.10909488412767818,Holcim - Aggregate Industries,Drake Plant,CO,Rocky Mountains Region,other_or_unspecified,3500.0,3500,28.0,standard_28,90.85714285714286,strict_group,38.0,70.78571428571429,64.74285714285715,20.07142857142857,0.22091194968553457,26.114285714285714,0.28742138364779873,True,True,True
33776,0,0.3409749857179449,0.10909488412767818,Knife River Corporation,Nampa (Idaho) Plant,ID,Pacific Northwest Region,other_or_unspecified,3000.0,3000,28.0,standard_28,118.33333333333333,strict_group,233.0,94.33333333333333,83.66666666666667,24.0,0.2028169014084507,34.66666666666666,0.2929577464788732,True,True,True
33775,0,0.3409749857179449,0.10909488412767818,Knife River Corporation,Nampa (Idaho) Plant,ID,Pacific Northwest Region,other_or_unspecified,3000.0,3000,28.0,standard_28,118.33333333333333,strict_group,233.0,94.33333333333333,83.66666666666667,24.0,0.2028169014084507,34.66666666666666,0.2929577464788732,True,True,True
33724,1,0.3369691753240428,0.10909488412767818,Knife River Corporation,McMinnville (Oregon) Plant,OR,Pacific Northwest Region,other_or_unspecified,3000.0,3000,28.0,standard_28,145.66666666666666,strict_group,233.0,94.33333333333333,83.66666666666667,51.33333333333333,0.3524027459954233,61.999999999999986,0.4256292906178489,True,True,True
32978,0,0.3347633333073976,0.10909488412767818,Holcim - Aggregate Industries,Waltham Plant,MA,Eastern Region,other_or_unspecified,3000.0,3000,28.0,standard_28,73.66666666666667,strict_group,65.0,79.33333333333333,59.666666666666664,0.0,0.0,14.000000000000007,0.19004524886877835,True,False,False
32983,0,0.3347633333073976,0.10909488412767818,Holcim - Aggregate Industries,Waltham Plant,MA,Eastern Region,other_or_unspecified,3000.0,3000,28.0,standard_28,76.66666666666667,strict_group,65.0,79.33333333333333,59.666666666666664,0.0,0.0,17.000000000000007,0.2217391304347827,True,False,False
32295,0,0.332122062724284,0.10909488412767818,Holcim - Aggregate Industries,Everett Plant,MA,Eastern Region,other_or_unspecified,3000.0,3000,28.0,standard_28,73.33333333333333,strict_group,65.0,79.33333333333333,59.666666666666664,0.0,0.0,13.666666666666664,0.18636363636363634,True,False,False
32299,0,0.332122062724284,0.10909488412767818,Holcim - Aggregate Industries,Everett Plant,MA,Eastern Region,other_or_unspecified,3000.0,3000,28.0,standard_28,76.33333333333333,strict_group,65.0,79.33333333333333,59.666666666666664,0.0,0.0,16.666666666666664,0.21834061135371177,True,False,False
33955,1,0.3319317716115307,0.10909488412767818,Knife River Corporation,Wheatland (Oregon) Plant,OR,Pacific Northwest Region,other_or_unspecified,3000.0,3000,28.0,standard_28,132.0,strict_group,233.0,94.33333333333333,83.66666666666667,37.66666666666667,0.2853535353535354,48.33333333333333,0.36616161616161613,True,True,True
33723,1,0.3295547772482201,0.10909488412767818,Knife River Corporation,McMinnville (Oregon) Plant,OR,Pacific Northwest Region,other_or_unspecified,3000.0,3000,28.0,standard_28,149.0,strict_group,233.0,94.33333333333333,83.66666666666667,54.66666666666667,0.36689038031319915,65.33333333333333,0.4384787472035794,True,True,True
31957,1,0.328502248197672,0.10909488412767818,HAWAIIAN CEMENT,Halawa Plant #1,HI,Hawaii,other_or_unspecified,3000.0,3000,28.0,standard_28,143.33333333333334,national_spec_group,591.0,82.0,67.0,61.33333333333334,0.4279069767441861,76.33333333333334,0.5325581395348837,True,True,True
33728,1,0.3272673076242918,0.10909488412767818,Knife River Corporation,McMinnville (Oregon) Plant,OR,Pacific Northwest Region,other_or_unspecified,3000.0,3000,28.0,standard_28,150.33333333333334,strict_group,233.0,94.33333333333333,83.66666666666667,56.000000000000014,0.3725055432372506,66.66666666666667,0.4434589800443459,True,True,True
21653,0,0.3258255637357058,0.10909488412767818,Central Pre-Mix (CPM),Mattawa Plant ,WA,Pacific Northwest Region,other_or_unspecified,3000.0,3000,28.0,standard_28,101.66666666666667,strict_group,233.0,94.33333333333333,83.66666666666667,7.333333333333343,0.0721311475409837,18.0,0.17704918032786884,True,False,False
33698,1,0.319849533711451,0.10909488412767818,Knife River Corporation,Linnton Plant,OR,Pacific Northwest Region,paving,4000.0,4000,28.0,standard_28,124.25,strict_group,45.0,77.5,66.7,46.75,0.3762575452716298,57.55,0.46317907444668005,True,True,True
33727,1,0.317340664840079,0.10909488412767818,Knife River Corporation,McMinnville (Oregon) Plant,OR,Pacific Northwest Region,other_or_unspecified,3000.0,3000,28.0,standard_28,138.33333333333334,strict_group,233.0,94.33333333333333,83.66666666666667,44.000000000000014,0.3180722891566266,54.66666666666667,0.39518072289156625,True,True,True
42831,1,0.3139823358372941,0.10909488412767818,Scioto Ready Mix,New Albany Plant,OH,Great Lakes Region,other_or_unspecified,3000.0,3000,28.0,standard_28,133.0,strict_group,6.0,110.16666666666666,93.33333333333333,22.833333333333343,0.17167919799498754,39.66666666666667,0.29824561403508776,True,True,False
42728,0,0.313150795056918,0.10909488412767818,Scioto Ready Mix,Delaware Plant,OH,Great Lakes Region,other_or_unspecified,3000.0,3000,28.0,standard_28,120.66666666666667,strict_group,6.0,110.16666666666666,93.33333333333333,10.500000000000014,0.08701657458563547,27.333333333333343,0.22651933701657465,True,False,False
42700,0,0.313150795056918,0.10909488412767818,Scioto Ready Mix,Alexandria Plant,OH,Great Lakes Region,other_or_unspecified,3000.0,3000,28.0,standard_28,112.66666666666667,strict_group,6.0,110.16666666666666,93.33333333333333,2.500000000000014,0.02218934911242616,19.333333333333343,0.17159763313609475,True,False,False
42774,0,0.313150795056918,0.10909488412767818,Scioto Ready Mix,Dublin Plant,OH,Great Lakes Region,other_or_unspecified,3000.0,3000,28.0,standard_28,114.0,strict_group,6.0,110.16666666666666,93.33333333333333,3.833333333333343,0.03362573099415213,20.66666666666667,0.18128654970760238,True,False,False
35646,0,0.3096334495482082,0.10909488412767818,National Ready Mix,Canoga Park Plant,CA,Pacific Southwest Region,filler,3000.0,3000,28.0,standard_28,108.0,strict_group,11.0,109.0,107.0,0.0,0.0,1.0,0.009259259259259259,True,False,False
35647,0,0.3096334495482082,0.10909488412767818,National Ready Mix,Canoga Park Plant,CA,Pacific Southwest Region,filler,3000.0,3000,28.0,standard_28,113.33333333333333,strict_group,11.0,109.0,107.0,4.333333333333329,0.03823529411764702,6.333333333333329,0.05588235294117643,True,False,False
33938,1,0.309565913051633,0.10909488412767818,Knife River Corporation,Tumalo (Oregon) Plant,OR,Pacific Northwest Region,paving,4000.0,4000,28.0,standard_28,149.75,strict_group,45.0,77.5,66.7,72.25,0.48247078464106846,83.05,0.5545909849749583,True,True,True
33959,1,0.3084422099845639,0.10909488412767818,Knife River Corporation,Wheatland (Oregon) Plant,OR,Pacific Northwest Region,other_or_unspecified,3500.0,3500,28.0,standard_28,126.57142857142857,strict_group,156.0,85.42857142857143,80.57142857142858,41.14285714285714,0.32505643340857787,45.999999999999986,0.36343115124153486,True,True,True
34707,0,0.3048612555528458,0.10909488412767818,Milpitas Materials Co,Milpitas Plant,CA,Pacific Southwest Region,other_or_unspecified,2500.0,2500,28.0,standard_28,113.2,national_spec_group,31.0,89.4,82.4,23.799999999999997,0.21024734982332152,30.799999999999997,0.27208480565371024,True,True,True
33565,0,0.3046307409784308,0.10909488412767818,Knife River Corporation,Corvallis (Oregon) Plant,OR,Pacific Northwest Region,other_or_unspecified,3000.0,3000,28.0,standard_28,113.66666666666667,strict_group,233.0,94.33333333333333,83.66666666666667,19.333333333333343,0.1700879765395895,30.0,0.26392961876832843,True,True,False
21622,1,0.3019499894628885,0.10909488412767818,Central Pre-Mix (CPM),Crestline Plant ,WA,Pacific Northwest Region,other_or_unspecified,2000.0,2000,28.0,standard_28,134.5,strict_group,11.0,119.5,119.0,15.0,0.11152416356877323,15.5,0.11524163568773234,True,True,False
44601,0,0.3013751825028973,0.10909488412767818,Thomas Concrete,Pooler Plant,GA,Southeastern Region,other_or_unspecified,3000.0,3000,28.0,standard_28,97.66666666666667,strict_group,162.0,74.91666666666666,64.36666666666666,22.750000000000014,0.23293515358361788,33.30000000000001,0.3409556313993175,True,True,True
44229,1,0.3004943757322507,0.10909488412767818,Thomas Concrete,Atlanta Plant,GA,Southeastern Region,other_or_unspecified,2000.0,2000,28.0,standard_28,194.0,strict_group,16.0,124.375,105.75,69.625,0.3588917525773196,88.25,0.45489690721649484,True,True,True
44433,1,0.2960844767251073,0.10909488412767818,Thomas Concrete,Charleston Plant,SC,Southeastern Region,filler,4000.0,4000,28.0,standard_28,130.75,strict_group,7.0,83.0,83.0,47.75,0.3652007648183556,47.75,0.3652007648183556,True,True,True
44547,1,0.2934126066238196,0.10909488412767818,Thomas Concrete,Greenville Plant,SC,Southeastern Region,other_or_unspecified,3000.0,3000,28.0,standard_28,159.66666666666666,strict_group,162.0,74.91666666666666,64.36666666666666,84.75,0.5307933194154489,95.3,0.5968684759916493,True,True,True
33878,1,0.291095333370075,0.10909488412767818,Knife River Corporation,Sundial Plant,OR,Pacific Northwest Region,other_or_unspecified,3000.0,3000,28.0,standard_28,129.0,strict_group,233.0,94.33333333333333,83.66666666666667,34.66666666666667,0.268733850129199,45.33333333333333,0.35142118863049093,True,True,True
44593,0,0.2901517669861677,0.10909488412767818,Thomas Concrete,Pooler Plant,GA,Southeastern Region,other_or_unspecified,3000.0,3000,28.0,standard_28,84.66666666666667,strict_group,162.0,74.91666666666666,64.36666666666666,9.750000000000014,0.11515748031496079,20.30000000000001,0.23976377952755917,True,True,False
32639,0,0.2899409979379956,0.10909488412767818,Holcim - Aggregate Industries,Jessup Plant,MD,Eastern Region,other_or_unspecified,3000.0,3000,28.0,standard_28,114.66666666666667,strict_group,65.0,79.33333333333333,59.666666666666664,35.33333333333334,0.308139534883721,55.00000000000001,0.4796511627906977,True,True,True
44471,1,0.2885603594899662,0.10909488412767818,Thomas Concrete,Charlotte Graham Street Plant,NC,Southeastern Region,other_or_unspecified,4000.0,4000,28.0,standard_28,140.5,strict_group,158.0,63.5625,54.925,76.9375,0.5475978647686833,85.575,0.6090747330960854,True,True,True
22292,0,0.2870550073553188,0.10909488412767818,CTI Ready Mix,CTI Ready Mix Carlisle Plant,IA,North Central Region,filler,1500.0,1500,28.0,standard_28,69.33333333333333,national_spec_group,7.0,72.0,68.08,0.0,0.0,1.2533333333333303,0.018076923076923036,True,False,False
22327,0,0.2870550073553188,0.10909488412767818,CTI Ready Mix,CTI Ready Mix Elkhart Plant,IA,North Central Region,filler,1500.0,1500,28.0,standard_28,74.66666666666667,national_spec_group,7.0,72.0,68.08,2.6666666666666714,0.035714285714285775,6.586666666666673,0.0882142857142858,True,False,False
32717,0,0.2869120004825119,0.10909488412767818,Holcim - Aggregate Industries,Manassas Plant,VA,Eastern Region,other_or_unspecified,3000.0,3000,28.0,standard_28,111.33333333333333,strict_group,65.0,79.33333333333333,59.666666666666664,32.0,0.2874251497005988,51.666666666666664,0.46407185628742514,True,True,True
33929,0,0.281647188213855,0.10909488412767818,Knife River Corporation,Tumalo (Oregon) Plant,OR,Pacific Northwest Region,filler,3000.0,3000,28.0,standard_28,77.66666666666667,strict_group,19.0,94.66666666666666,77.93333333333334,0.0,0.0,0.0,0.0,True,False,False
32621,0,0.2811372244302292,0.10909488412767818,Holcim - Aggregate Industries,Jessup Plant,MD,Eastern Region,other_or_unspecified,3000.0,3000,28.0,standard_28,87.33333333333333,strict_group,65.0,79.33333333333333,59.666666666666664,8.0,0.0916030534351145,27.666666666666664,0.31679389312977096,True,False,False
44692,0,0.2810050384263385,0.10909488412767818,Thomas Concrete,West Street Plant,NC,Southeastern Region,other_or_unspecified,3000.0,3000,28.0,standard_28,90.66666666666667,strict_group,162.0,74.91666666666666,64.36666666666666,15.750000000000014,0.1737132352941178,26.30000000000001,0.29007352941176484,True,True,False
44571,0,0.2810050384263385,0.10909488412767818,Thomas Concrete,Morrisville Plant,NC,Southeastern Region,other_or_unspecified,3000.0,3000,28.0,standard_28,95.0,strict_group,162.0,74.91666666666666,64.36666666666666,20.083333333333343,0.21140350877192993,30.63333333333334,0.3224561403508773,True,True,True
32575,0,0.2788401322242512,0.10909488412767818,Holcim - Aggregate Industries,Ft. Collins Plant,CO,Rocky Mountains Region,other_or_unspecified,4000.0,4000,28.0,standard_28,85.75,strict_group,182.0,71.3125,65.0,14.4375,0.1683673469387755,20.75,0.24198250728862974,True,True,False
32969,0,0.2765005824644846,0.10909488412767818,Holcim - Aggregate Industries,Waltham Plant,MA,Eastern Region,other_or_unspecified,2500.0,2500,28.0,standard_28,86.4,strict_group,9.0,60.0,59.120000000000005,26.400000000000006,0.3055555555555556,27.28,0.3157407407407407,True,True,True
31577,1,0.2746475013340698,0.10909488412767818,Graniterock,San Jose Plant,CA,Pacific Southwest Region,filler,4000.0,4000,28.0,standard_28,126.5,strict_group,10.0,96.4,89.39500000000001,30.099999999999994,0.2379446640316205,37.10499999999999,0.29332015810276674,True,True,True
32241,0,0.272566843506859,0.10909488412767818,Holcim - Aggregate Industries,Drake Plant,CO,Rocky Mountains Region,other_or_unspecified,4000.0,4000,28.0,standard_28,85.75,strict_group,182.0,71.3125,65.0,14.4375,0.1683673469387755,20.75,0.24198250728862974,True,True,False
30846,0,0.271529957055543,0.10909488412767818,Gotham Ready Mix LLC,Bronx Plant,NY,Eastern Region,other_or_unspecified,3000.0,3000,28.0,standard_28,112.66666666666667,strict_group,65.0,79.33333333333333,59.666666666666664,33.33333333333334,0.29585798816568054,53.00000000000001,0.470414201183432,True,True,True
21849,0,0.2714814940857212,0.10909488412767818,Central Pre-Mix (CPM),Yakima #25 Plant,WA,Pacific Northwest Region,other_or_unspecified,3000.0,3000,28.0,standard_28,100.33333333333333,strict_group,233.0,94.33333333333333,83.66666666666667,6.0,0.059800664451827246,16.666666666666657,0.16611295681063115,True,False,False
21818,0,0.2714814940857212,0.10909488412767818,Central Pre-Mix (CPM),Yakima #24 Plant,WA,Pacific Northwest Region,other_or_unspecified,3000.0,3000,28.0,standard_28,99.0,strict_group,233.0,94.33333333333333,83.66666666666667,4.666666666666671,0.04713804713804719,15.333333333333329,0.15488215488215484,True,False,False
34636,0,0.2713486459812166,0.10909488412767818,Miles Sand & Gravel,Canyon Plant,WA,Pacific Northwest Region,filler,2500.0,2500,28.0,standard_28,96.4,national_spec_group,14.0,138.3,105.88000000000001,0.0,0.0,0.0,0.0,True,False,False
32644,0,0.2709834908800483,0.10909488412767818,Holcim - Aggregate Industries,Kirby Road Plant,MD,Eastern Region,other_or_unspecified,3000.0,3000,28.0,standard_28,109.33333333333333,strict_group,65.0,79.33333333333333,59.666666666666664,30.0,0.27439024390243905,49.666666666666664,0.45426829268292684,True,True,True
32491,0,0.2709834908800483,0.10909488412767818,Holcim - Aggregate Industries,Fort Totten (DC) Plant,DC,Eastern Region,other_or_unspecified,3000.0,3000,28.0,standard_28,107.33333333333333,strict_group,65.0,79.33333333333333,59.666666666666664,28.0,0.2608695652173913,47.666666666666664,0.4440993788819876,True,True,True
44595,0,0.2705843156747656,0.10909488412767818,Thomas Concrete,Pooler Plant,GA,Southeastern Region,other_or_unspecified,3000.0,3000,28.0,standard_28,84.33333333333333,strict_group,162.0,74.91666666666666,64.36666666666666,9.416666666666671,0.11166007905138346,19.96666666666667,0.23675889328063246,True,True,False
44572,0,0.2677893358651346,0.10909488412767818,Thomas Concrete,Morrisville Plant,NC,Southeastern Region,other_or_unspecified,3000.0,3000,28.0,standard_28,95.0,strict_group,162.0,74.91666666666666,64.36666666666666,20.083333333333343,0.21140350877192993,30.63333333333334,0.3224561403508773,True,True,True
33510,1,0.2663698108398139,0.10909488412767818,Knife River Corporation,Boise (Idaho) Plant,ID,Pacific Northwest Region,other_or_unspecified,3000.0,3000,28.0,standard_28,124.0,strict_group,233.0,94.33333333333333,83.66666666666667,29.66666666666667,0.23924731182795703,40.33333333333333,0.32526881720430106,True,True,True
33865,1,0.26616160059328,0.10909488412767818,Knife River Corporation,Redmond (Oregon) Plant,OR,Pacific Northwest Region,paving,4000.0,4000,28.0,standard_28,148.25,strict_group,45.0,77.5,66.7,70.75,0.4772344013490725,81.55,0.5500843170320404,True,True,True
33918,0,0.2639777794136353,0.10909488412767818,Knife River Corporation,Tumalo (Oregon) Plant,OR,Pacific Northwest Region,other_or_unspecified,2500.0,2500,28.0,standard_28,96.8,strict_group,14.0,97.6,96.24,0.0,0.0,0.5600000000000023,0.005785123966942173,True,False,False
33695,1,0.2625424193819166,0.10909488412767818,Knife River Corporation,Linnton Plant,OR,Pacific Northwest Region,other_or_unspecified,3000.0,3000,28.0,standard_28,125.0,strict_group,233.0,94.33333333333333,83.66666666666667,30.66666666666667,0.24533333333333338,41.33333333333333,0.3306666666666666,True,True,True
31011,0,0.2577023005158056,0.10909488412767818,Gotham Ready Mix LLC,Brooklyn (B) Plant,NY,Eastern Region,other_or_unspecified,3000.0,3000,28.0,standard_28,108.33333333333333,strict_group,65.0,79.33333333333333,59.666666666666664,29.0,0.26769230769230773,48.666666666666664,0.4492307692307692,True,True,True
44693,0,0.2571998096592091,0.10909488412767818,Thomas Concrete,West Street Plant,NC,Southeastern Region,other_or_unspecified,3000.0,3000,28.0,standard_28,98.0,strict_group,162.0,74.91666666666666,64.36666666666666,23.083333333333343,0.23554421768707492,33.63333333333334,0.3431972789115647,True,True,True
692,0,0.2552293223329187,0.10909488412767818,American Rock Products (ARP),Walla Walla Plant,WA,Pacific Northwest Region,other_or_unspecified,3000.0,3000,28.0,standard_28,120.33333333333333,strict_group,233.0,94.33333333333333,83.66666666666667,26.0,0.21606648199445985,36.66666666666666,0.30470914127423815,True,True,True
34000,1,0.2547225989188068,0.10909488412767818,Knife River Corporation,Woodburn (Oregon) Plant,OR,Pacific Northwest Region,hardscape,3300.0,3500,28.0,standard_28,148.4848484848485,strict_group,17.0,88.85714285714286,85.2,59.62770562770564,0.40157434402332365,63.284848484848496,0.4262040816326531,True,True,True
32533,0,0.2542875231401993,0.10909488412767818,Holcim - Aggregate Industries,Fort Totten (DC) Plant,DC,Eastern Region,other_or_unspecified,3000.0,3000,28.0,standard_28,51.666666666666664,strict_group,65.0,79.33333333333333,59.666666666666664,0.0,0.0,0.0,0.0,True,False,False
21654,0,0.2513561489755579,0.10909488412767818,Central Pre-Mix (CPM),Mattawa Plant ,WA,Pacific Northwest Region,other_or_unspecified,3000.0,3000,28.0,standard_28,100.66666666666667,strict_group,233.0,94.33333333333333,83.66666666666667,6.333333333333343,0.0629139072847683,17.0,0.16887417218543047,True,False,False
455,0,0.2513404327808896,0.10909488412767818,American Rock Products (ARP),Hermiston Plant,OR,Pacific Northwest Region,other_or_unspecified,2500.0,2500,28.0,standard_28,106.4,strict_group,14.0,97.6,96.24,8.800000000000011,0.08270676691729334,10.16000000000001,0.09548872180451137,True,False,False
21848,0,0.2495435650645334,0.10909488412767818,Central Pre-Mix (CPM),Yakima #25 Plant,WA,Pacific Northwest Region,other_or_unspecified,3000.0,3000,28.0,standard_28,100.66666666666667,strict_group,233.0,94.33333333333333,83.66666666666667,6.333333333333343,0.0629139072847683,17.0,0.16887417218543047,True,False,False
34002,0,0.2442752839258563,0.10909488412767818,Knife River Corporation,Woodburn (Oregon) Plant,OR,Pacific Northwest Region,other_or_unspecified,4000.0,4000,28.0,standard_28,122.25,strict_group,362.0,78.0,67.275,44.25,0.3619631901840491,54.974999999999994,0.4496932515337423,True,True,True
33467,0,0.2439558171477037,0.10909488412767818,Knife River Corporation,Boise (Idaho) Plant,ID,Pacific Northwest Region,other_or_unspecified,3000.0,3000,28.0,standard_28,105.0,strict_group,233.0,94.33333333333333,83.66666666666667,10.666666666666671,0.10158730158730163,21.33333333333333,0.20317460317460312,True,True,False
32878,0,0.241905746432315,0.10909488412767818,Holcim - Aggregate Industries,REXCON Plant 8,MD,Eastern Region,other_or_unspecified,3000.0,3000,28.0,standard_28,99.66666666666667,strict_group,65.0,79.33333333333333,59.666666666666664,20.333333333333343,0.2040133779264215,40.00000000000001,0.40133779264214053,True,True,True
33597,1,0.2405664760159921,0.10909488412767818,Knife River Corporation,Eugene (Oregon) Plant,OR,Pacific Northwest Region,other_or_unspecified,3000.0,3000,28.0,standard_28,126.0,strict_group,233.0,94.33333333333333,83.66666666666667,31.66666666666667,0.25132275132275134,42.33333333333333,0.33597883597883593,True,True,True
664,0,0.2396589974281584,0.10909488412767818,American Rock Products (ARP),Richland Plant,WA,Pacific Northwest Region,other_or_unspecified,4000.0,4000,28.0,standard_28,83.0,strict_group,362.0,78.0,67.275,5.0,0.060240963855421686,15.724999999999994,0.18945783132530114,True,False,False
31592,1,0.2364224420457171,0.10909488412767818,Graniterock,San Jose Plant,CA,Pacific Southwest Region,filler,4000.0,4000,28.0,standard_28,136.75,strict_group,10.0,96.4,89.39500000000001,40.349999999999994,0.29506398537477146,47.35499999999999,0.346288848263254,True,True,True
33466,0,0.2342999307845718,0.10909488412767818,Knife River Corporation,Boise (Idaho) Plant,ID,Pacific Northwest Region,other_or_unspecified,3000.0,3000,28.0,standard_28,109.0,strict_group,233.0,94.33333333333333,83.66666666666667,14.666666666666671,0.13455657492354745,25.33333333333333,0.23241590214067273,True,True,False
34655,0,0.2322388238454497,0.10909488412767818,Miles Sand & Gravel,Lacey Plant,WA,Pacific Northwest Region,other_or_unspecified,3000.0,3000,28.0,standard_28,90.0,strict_group,233.0,94.33333333333333,83.66666666666667,0.0,0.0,6.333333333333329,0.07037037037037032,True,False,False
32258,0,0.2321476575914735,0.10909488412767818,Holcim - Aggregate Industries,EMPIRE READY-MIX Plant,MN,North Central Region,other_or_unspecified,3000.0,3000,28.0,standard_28,81.33333333333333,strict_group,48.0,66.91666666666667,64.23333333333333,14.416666666666657,0.17725409836065564,17.099999999999994,0.2102459016393442,True,True,False
21864,0,0.231727332144759,0.10909488412767818,Central Pre-Mix (CPM),Yakima #25 Plant,WA,Pacific Northwest Region,paving,3000.0,3000,28.0,standard_28,103.33333333333333,strict_group,11.0,94.83333333333334,81.66666666666667,8.499999999999986,0.0822580645161289,21.666666666666657,0.20967741935483863,True,False,False
31964,1,0.2295419014137716,0.10909488412767818,HAWAIIAN CEMENT,Halawa Plant #1,HI,Hawaii,other_or_unspecified,4000.0,4000,28.0,standard_28,164.25,national_spec_group,1083.0,68.625,59.55,95.625,0.5821917808219178,104.7,0.6374429223744292,True,True,True
34713,0,0.2291755541446271,0.10909488412767818,Milpitas Materials Co,Milpitas Plant,CA,Pacific Southwest Region,other_or_unspecified,3000.0,3000,28.0,standard_28,116.0,strict_group,8.0,81.33333333333333,78.93333333333332,34.66666666666667,0.2988505747126437,37.06666666666668,0.31954022988505754,True,True,True
698,1,0.2291637238583961,0.10909488412767818,American Rock Products (ARP),Walla Walla Plant,WA,Pacific Northwest Region,other_or_unspecified,3000.0,3000,28.0,standard_28,128.66666666666666,strict_group,233.0,94.33333333333333,83.66666666666667,34.33333333333333,0.266839378238342,44.999999999999986,0.34974093264248696,True,True,True
33986,0,0.2279208930273064,0.10909488412767818,Knife River Corporation,Woodburn (Oregon) Plant,OR,Pacific Northwest Region,other_or_unspecified,3500.0,3500,28.0,standard_28,122.57142857142857,strict_group,156.0,85.42857142857143,80.57142857142858,37.14285714285714,0.303030303030303,41.999999999999986,0.34265734265734255,True,True,True
44354,0,0.2277933659851574,0.10909488412767818,Thomas Concrete,Buckhead Plant,GA,Southeastern Region,other_or_unspecified,3000.0,3000,28.0,standard_28,82.66666666666667,strict_group,162.0,74.91666666666666,64.36666666666666,7.750000000000014,0.09375000000000017,18.30000000000001,0.2213709677419356,True,False,False
732,0,0.2272691448534475,0.10909488412767818,American Rock Products (ARP),Wapato Plant,WA,Pacific Northwest Region,other_or_unspecified,3000.0,3000,28.0,standard_28,121.33333333333333,strict_group,233.0,94.33333333333333,83.66666666666667,27.0,0.22252747252747254,37.66666666666666,0.3104395604395604,True,True,True
44688,0,0.2271194572066728,0.10909488412767818,Thomas Concrete,West Street Plant,NC,Southeastern Region,other_or_unspecified,3000.0,3000,28.0,standard_28,83.0,strict_group,162.0,74.91666666666666,64.36666666666666,8.083333333333343,0.09738955823293184,18.63333333333334,0.22449799196787157,True,False,False
33970,1,0.2247391194842493,0.10909488412767818,Knife River Corporation,Wheatland (Oregon) Plant,OR,Pacific Northwest Region,hardscape,3300.0,3500,28.0,standard_28,140.0,strict_group,17.0,88.85714285714286,85.2,51.14285714285714,0.3653061224489796,54.8,0.3914285714285714,True,True,True
33680,1,0.2246385587920946,0.10909488412767818,Knife River Corporation,Hillsboro Plant,OR,Pacific Northwest Region,filler,3500.0,3500,28.0,standard_28,130.28571428571428,strict_group,18.0,96.35714285714286,85.77142857142857,33.928571428571416,0.2604166666666666,44.514285714285705,0.3416666666666666,True,True,True
709,0,0.2225830403600805,0.10909488412767818,American Rock Products (ARP),Wapato Plant,WA,Pacific Northwest Region,other_or_unspecified,3000.0,3000,28.0,standard_28,103.66666666666667,strict_group,233.0,94.33333333333333,83.66666666666667,9.333333333333343,0.0900321543408361,20.0,0.19292604501607716,True,False,False
707,0,0.2225830403600805,0.10909488412767818,American Rock Products (ARP),Wapato Plant,WA,Pacific Northwest Region,other_or_unspecified,3000.0,3000,28.0,standard_28,103.33333333333333,strict_group,233.0,94.33333333333333,83.66666666666667,9.0,0.08709677419354839,19.666666666666657,0.19032258064516122,True,False,False
32525,0,0.222385163538225,0.10909488412767818,Holcim - Aggregate Industries,Fort Totten (DC) Plant,DC,Eastern Region,other_or_unspecified,3500.0,3500,28.0,standard_28,108.0,strict_group,34.0,80.85714285714286,70.25714285714287,27.14285714285714,0.2513227513227513,37.74285714285713,0.3494708994708994,True,True,True
21652,0,0.2200639152866758,0.10909488412767818,Central Pre-Mix (CPM),Mattawa Plant ,WA,Pacific Northwest Region,other_or_unspecified,3000.0,3000,28.0,standard_28,101.0,strict_group,233.0,94.33333333333333,83.66666666666667,6.666666666666671,0.06600660066006606,17.33333333333333,0.17161716171617156,True,False,False
21655,0,0.2200639152866758,0.10909488412767818,Central Pre-Mix (CPM),Mattawa Plant ,WA,Pacific Northwest Region,other_or_unspecified,3000.0,3000,28.0,standard_28,101.0,strict_group,233.0,94.33333333333333,83.66666666666667,6.666666666666671,0.06600660066006606,17.33333333333333,0.17161716171617156,True,False,False
513,0,0.2199776028310157,0.10909488412767818,American Rock Products (ARP),Hermiston Plant,OR,Pacific Northwest Region,structural,2500.0,2500,28.0,standard_28,98.4,national_spec_group,15.0,99.0,92.72,0.0,0.0,5.680000000000007,0.05772357723577242,True,False,False
42608,0,0.2192838676523217,0.10909488412767818,Salmon Bay Sand & Gravel,Salmon Bay Sand and Gravel,WA,Pacific Northwest Region,other_or_unspecified,3000.0,3000,28.0,standard_28,108.0,strict_group,233.0,94.33333333333333,83.66666666666667,13.666666666666671,0.12654320987654324,24.33333333333333,0.2253086419753086,True,True,False
33544,0,0.2189537022375244,0.10909488412767818,Knife River Corporation,Coffee Lake Plant,OR,Pacific Northwest Region,hardscape,3500.0,3500,28.0,standard_28,96.57142857142857,strict_group,17.0,88.85714285714286,85.2,7.714285714285708,0.07988165680473366,11.371428571428567,0.11775147928994079,True,False,False
22315,0,0.218083854276199,0.10909488412767818,CTI Ready Mix,CTI Ready Mix Elkhart Plant,IA,North Central Region,paving,4000.0,4000,28.0,standard_28,93.5,strict_group,36.0,70.9375,66.0,22.5625,0.24131016042780748,27.5,0.29411764705882354,True,True,True
22284,0,0.218083854276199,0.10909488412767818,CTI Ready Mix,CTI Ready Mix Carlisle Plant,IA,North Central Region,paving,4000.0,4000,28.0,standard_28,93.5,strict_group,36.0,70.9375,66.0,22.5625,0.24131016042780748,27.5,0.29411764705882354,True,True,True
30912,0,0.2179248582623213,0.10909488412767818,Gotham Ready Mix LLC,Brooklyn (A) Plant,NY,Eastern Region,other_or_unspecified,3000.0,3000,28.0,standard_28,108.33333333333333,strict_group,65.0,79.33333333333333,59.666666666666664,29.0,0.26769230769230773,48.666666666666664,0.4492307692307692,True,True,True
34679,0,0.215140716197196,0.10909488412767818,Miles Sand & Gravel,Lacey Plant,WA,Pacific Northwest Region,other_or_unspecified,2500.0,2500,28.0,standard_28,110.4,strict_group,14.0,97.6,96.24,12.800000000000011,0.11594202898550734,14.16000000000001,0.12826086956521748,True,True,False
44636,0,0.2126075915778616,0.10909488412767818,Thomas Concrete,Savannah East Plant,GA,Southeastern Region,other_or_unspecified,3000.0,3000,28.0,standard_28,93.0,strict_group,162.0,74.91666666666666,64.36666666666666,18.083333333333343,0.19444444444444456,28.63333333333334,0.30788530465949826,True,True,False
44598,0,0.2126075915778616,0.10909488412767818,Thomas Concrete,Pooler Plant,GA,Southeastern Region,other_or_unspecified,3000.0,3000,28.0,standard_28,93.33333333333333,strict_group,162.0,74.91666666666666,64.36666666666666,18.41666666666667,0.19732142857142862,28.96666666666667,0.3103571428571429,True,True,False
33882,1,0.2107786433931903,0.10909488412767818,Knife River Corporation,Sundial Plant,OR,Pacific Northwest Region,other_or_unspecified,4000.0,4000,28.0,standard_28,130.25,strict_group,362.0,78.0,67.275,52.25,0.40115163147792704,62.974999999999994,0.48349328214971204,True,True,True
31975,1,0.2105233903055585,0.10909488412767818,HAWAIIAN CEMENT,Halawa Plant #3,HI,Hawaii,other_or_unspecified,3500.0,3500,28.0,standard_28,158.0,national_spec_group,311.0,78.0,66.28571428571429,80.0,0.5063291139240507,91.71428571428571,0.5804701627486437,True,True,True
33730,1,0.2087260929910522,0.10909488412767818,Knife River Corporation,McMinnville (Oregon) Plant,OR,Pacific Northwest Region,other_or_unspecified,3000.0,3000,28.0,standard_28,148.0,strict_group,233.0,94.33333333333333,83.66666666666667,53.66666666666667,0.36261261261261263,64.33333333333333,0.43468468468468463,True,True,True
21763,0,0.2085814925166096,0.10909488412767818,Central Pre-Mix (CPM),Sullivan Plant ,WA,Pacific Northwest Region,other_or_unspecified,3000.0,3000,28.0,standard_28,95.66666666666667,strict_group,233.0,94.33333333333333,83.66666666666667,1.3333333333333428,0.013937282229965256,12.0,0.1254355400696864,True,False,False
32822,0,0.207511958362574,0.10909488412767818,Holcim - Aggregate Industries,NEWPORT READY-MIX Plant,MN,North Central Region,other_or_unspecified,3000.0,3000,28.0,standard_28,84.0,strict_group,48.0,66.91666666666667,64.23333333333333,17.08333333333333,0.20337301587301582,19.766666666666666,0.23531746031746031,True,True,True
44689,0,0.207409059052258,0.10909488412767818,Thomas Concrete,West Street Plant,NC,Southeastern Region,other_or_unspecified,3000.0,3000,28.0,standard_28,92.66666666666667,strict_group,162.0,74.91666666666666,64.36666666666666,17.750000000000014,0.1915467625899282,28.30000000000001,0.30539568345323753,True,True,False
22350,1,0.2070090906175114,0.10909488412767818,CTI Ready Mix,CTI Ready Mix West Des Moines Plant,IA,North Central Region,paving,4000.0,4000,28.0,standard_28,130.75,strict_group,36.0,70.9375,66.0,59.8125,0.4574569789674952,64.75,0.49521988527724664,True,True,True
32276,0,0.2061397803200138,0.10909488412767818,Holcim - Aggregate Industries,EMPIRE READY-MIX Plant,MN,North Central Region,other_or_unspecified,1200.0,1000,28.0,standard_28,34.75000000000001,strict_group,7.0,40.25,37.35,0.0,0.0,0.0,0.0,True,False,False
31020,0,0.2054401149026584,0.10909488412767818,Gotham Ready Mix LLC,Brooklyn (B) Plant,NY,Eastern Region,other_or_unspecified,4000.0,4000,28.0,standard_28,94.25,strict_group,176.0,67.25,51.125,27.0,0.2864721485411141,43.125,0.45755968169761274,True,True,True
33993,0,0.2046243608471595,0.10909488412767818,Knife River Corporation,Woodburn (Oregon) Plant,OR,Pacific Northwest Region,other_or_unspecified,4000.0,4000,28.0,standard_28,117.75,strict_group,362.0,78.0,67.275,39.75,0.3375796178343949,50.474999999999994,0.42866242038216557,True,True,True
33594,1,0.2035047040179182,0.10909488412767818,Knife River Corporation,Eugene (Oregon) Plant,OR,Pacific Northwest Region,other_or_unspecified,3000.0,3000,3.0,early,171.66666666666666,strict_group,9.0,171.66666666666666,119.93333333333334,0.0,0.0,51.73333333333332,0.3013592233009708,True,False,False
43483,1,0.202607423688868,0.10909488412767818,Smyrna Ready Mix,Quivas Plant,CO,Rocky Mountains Region,filler,3000.0,3000,28.0,standard_28,142.33333333333334,national_spec_group,74.0,93.25,79.3,49.08333333333334,0.3448477751756441,63.033333333333346,0.4428571428571429,True,True,True
33546,1,0.2015235493583912,0.10909488412767818,Knife River Corporation,Coffee Lake Plant,OR,Pacific Northwest Region,filler,3500.0,3500,28.0,standard_28,126.85714285714286,strict_group,18.0,96.35714285714286,85.77142857142857,30.5,0.24042792792792791,41.08571428571429,0.3238738738738739,True,True,True
33499,1,0.1997645240381,0.10909488412767818,Knife River Corporation,Boise (Idaho) Plant,ID,Pacific Northwest Region,filler,5000.0,5000,28.0,standard_28,136.0,strict_group,12.0,76.05,71.69999999999999,59.95,0.4408088235294118,64.30000000000001,0.4727941176470589,True,True,True
44539,0,0.1995675724678602,0.10909488412767818,Thomas Concrete,Greenville Plant,SC,Southeastern Region,filler,3000.0,3000,28.0,standard_28,87.66666666666667,strict_group,13.0,69.33333333333333,64.13333333333334,18.333333333333343,0.2091254752851712,23.53333333333333,0.26844106463878326,True,True,True
44632,0,0.1986045367126719,0.10909488412767818,Thomas Concrete,Savannah East Plant,GA,Southeastern Region,other_or_unspecified,3000.0,3000,28.0,standard_28,85.66666666666667,strict_group,162.0,74.91666666666666,64.36666666666666,10.750000000000014,0.12548638132295736,21.30000000000001,0.24863813229571996,True,True,False
30927,0,0.197794146318166,0.10909488412767818,Gotham Ready Mix LLC,Brooklyn (A) Plant,NY,Eastern Region,other_or_unspecified,4000.0,4000,28.0,standard_28,94.25,strict_group,176.0,67.25,51.125,27.0,0.2864721485411141,43.125,0.45755968169761274,True,True,True
44416,0,0.1973309411598507,0.10909488412767818,Thomas Concrete,Charleston Plant,SC,Southeastern Region,filler,3000.0,3000,28.0,standard_28,84.0,strict_group,13.0,69.33333333333333,64.13333333333334,14.666666666666671,0.17460317460317465,19.86666666666666,0.23650793650793642,True,True,False
44594,0,0.1972747568052543,0.10909488412767818,Thomas Concrete,Pooler Plant,GA,Southeastern Region,other_or_unspecified,3000.0,3000,28.0,standard_28,84.66666666666667,strict_group,162.0,74.91666666666666,64.36666666666666,9.750000000000014,0.11515748031496079,20.30000000000001,0.23976377952755917,True,True,False
42610,0,0.196027463651898,0.10909488412767818,Salmon Bay Sand & Gravel,Salmon Bay Sand and Gravel,WA,Pacific Northwest Region,other_or_unspecified,3000.0,3000,28.0,standard_28,94.66666666666667,strict_group,233.0,94.33333333333333,83.66666666666667,0.3333333333333428,0.00352112676056348,11.0,0.11619718309859155,True,False,False
32492,0,0.1949083015100851,0.10909488412767818,Holcim - Aggregate Industries,Fort Totten (DC) Plant,DC,Eastern Region,other_or_unspecified,3500.0,3500,28.0,standard_28,97.71428571428571,strict_group,34.0,80.85714285714286,70.25714285714287,16.857142857142847,0.17251461988304084,27.45714285714284,0.28099415204678346,True,True,False
32645,0,0.1949083015100851,0.10909488412767818,Holcim - Aggregate Industries,Kirby Road Plant,MD,Eastern Region,other_or_unspecified,3500.0,3500,28.0,standard_28,101.42857142857143,strict_group,34.0,80.85714285714286,70.25714285714287,20.57142857142857,0.20281690140845068,31.171428571428564,0.30732394366197174,True,True,True
44637,0,0.1908972755097934,0.10909488412767818,Thomas Concrete,Savannah East Plant,GA,Southeastern Region,other_or_unspecified,3000.0,3000,28.0,standard_28,98.33333333333333,strict_group,162.0,74.91666666666666,64.36666666666666,23.41666666666667,0.23813559322033903,33.96666666666667,0.34542372881355937,True,True,True
44599,0,0.1908972755097934,0.10909488412767818,Thomas Concrete,Pooler Plant,GA,Southeastern Region,other_or_unspecified,3000.0,3000,28.0,standard_28,92.0,strict_group,162.0,74.91666666666666,64.36666666666666,17.083333333333343,0.18568840579710155,27.63333333333334,0.3003623188405798,True,True,False
33634,0,0.1898773680035028,0.10909488412767818,Knife River Corporation,Fruitland (Idaho) Plant,ID,Pacific Northwest Region,other_or_unspecified,3000.0,3000,28.0,standard_28,100.66666666666667,strict_group,233.0,94.33333333333333,83.66666666666667,6.333333333333343,0.0629139072847683,17.0,0.16887417218543047,True,False,False
44350,1,0.1883917870971683,0.10909488412767818,Thomas Concrete,Buckhead Plant,GA,Southeastern Region,other_or_unspecified,3000.0,3000,28.0,standard_28,126.33333333333333,strict_group,162.0,74.91666666666666,64.36666666666666,51.41666666666667,0.4069920844327177,61.96666666666667,0.49050131926121376,True,True,True
511,1,0.1878344699831922,0.10909488412767818,American Rock Products (ARP),Hermiston Plant,OR,Pacific Northwest Region,filler,2500.0,2500,28.0,standard_28,157.6,national_spec_group,14.0,138.3,105.88000000000001,19.299999999999983,0.12246192893401005,51.719999999999985,0.32817258883248723,True,True,False
33848,0,0.1873664461732052,0.10909488412767818,Knife River Corporation,Redmond (Oregon) Plant,OR,Pacific Northwest Region,other_or_unspecified,2500.0,2500,28.0,standard_28,96.0,strict_group,14.0,97.6,96.24,0.0,0.0,0.0,0.0,True,False,False
33881,1,0.1868594413120227,0.10909488412767818,Knife River Corporation,Sundial Plant,OR,Pacific Northwest Region,other_or_unspecified,3000.0,3000,28.0,standard_28,130.66666666666666,strict_group,233.0,94.33333333333333,83.66666666666667,36.33333333333333,0.2780612244897959,46.999999999999986,0.35969387755102034,True,True,True
532,0,0.1859062944949926,0.10909488412767818,American Rock Products (ARP),Hospital Plant,WA,Pacific Northwest Region,other_or_unspecified,4000.0,4000,28.0,standard_28,85.0,strict_group,362.0,78.0,67.275,7.0,0.08235294117647059,17.724999999999994,0.20852941176470582,True,False,False
32116,0,0.1850829631817754,0.10909488412767818,Holcim - Aggregate Industries,Bladensburg Plant,DC,Eastern Region,other_or_unspecified,3000.0,3000,28.0,standard_28,105.33333333333333,strict_group,65.0,79.33333333333333,59.666666666666664,26.0,0.2468354430379747,45.666666666666664,0.43354430379746833,True,True,True
32099,0,0.1850829631817754,0.10909488412767818,Holcim - Aggregate Industries,Beltsville Plant,MD,Eastern Region,other_or_unspecified,3000.0,3000,28.0,standard_28,108.33333333333333,strict_group,65.0,79.33333333333333,59.666666666666664,29.0,0.26769230769230773,48.666666666666664,0.4492307692307692,True,True,True
33679,0,0.1827092925206804,0.10909488412767818,Knife River Corporation,Hillsboro Plant,OR,Pacific Northwest Region,other_or_unspecified,4000.0,4000,28.0,standard_28,114.25,strict_group,362.0,78.0,67.275,36.25,0.3172866520787746,46.974999999999994,0.41115973741794304,True,True,True
33726,1,0.1823247130895469,0.10909488412767818,Knife River Corporation,McMinnville (Oregon) Plant,OR,Pacific Northwest Region,other_or_unspecified,3000.0,3000,28.0,standard_28,139.0,strict_group,233.0,94.33333333333333,83.66666666666667,44.66666666666667,0.3213429256594725,55.33333333333333,0.3980815347721822,True,True,True
32979,0,0.180431016259545,0.10909488412767818,Holcim - Aggregate Industries,Waltham Plant,MA,Eastern Region,other_or_unspecified,3000.0,3000,28.0,standard_28,91.0,strict_group,65.0,79.33333333333333,59.666666666666664,11.666666666666671,0.12820512820512825,31.333333333333336,0.3443223443223444,True,True,False
33057,0,0.1804152935165028,0.10909488412767818,Holcim - Aggregate Industries,Waltham Plant,MA,Eastern Region,paving,4000.0,4000,1.0,early,79.75,regional_strength_group,204.0,67.125,57.325,12.625,0.15830721003134796,22.424999999999997,0.28119122257053286,True,True,False
43639,0,0.1801218062605203,0.10909488412767818,Smyrna Ready Mix,Dallas Commerce Plant,TX,South Central Region,other_or_unspecified,3000.0,3000,28.0,standard_28,105.0,strict_group,32.0,71.58333333333334,68.03333333333333,33.41666666666666,0.3182539682539682,36.96666666666667,0.3520634920634921,True,True,True
21816,0,0.1789516042896221,0.10909488412767818,Central Pre-Mix (CPM),Yakima #24 Plant,WA,Pacific Northwest Region,other_or_unspecified,3000.0,3000,28.0,standard_28,99.0,strict_group,233.0,94.33333333333333,83.66666666666667,4.666666666666671,0.04713804713804719,15.333333333333329,0.15488215488215484,True,False,False
44687,0,0.1754154673674069,0.10909488412767818,Thomas Concrete,West Street Plant,NC,Southeastern Region,other_or_unspecified,3000.0,3000,28.0,standard_28,83.0,strict_group,162.0,74.91666666666666,64.36666666666666,8.083333333333343,0.09738955823293184,18.63333333333334,0.22449799196787157,True,False,False
362,0,0.1750955490088197,0.10909488412767818,American Rock Products (ARP),Boardman Plant,OR,Pacific Northwest Region,other_or_unspecified,2500.0,2500,28.0,standard_28,98.0,strict_group,14.0,97.6,96.24,0.4000000000000057,0.004081632653061282,1.7600000000000051,0.01795918367346944,True,False,False
33534,1,0.1742604182817189,0.10909488412767818,Knife River Corporation,Coffee Lake Plant,OR,Pacific Northwest Region,other_or_unspecified,3000.0,3000,28.0,standard_28,124.33333333333333,strict_group,233.0,94.33333333333333,83.66666666666667,30.0,0.2412868632707775,40.66666666666666,0.3270777479892761,True,True,True
33506,0,0.1739382742931969,0.10909488412767818,Knife River Corporation,Boise (Idaho) Plant,ID,Pacific Northwest Region,other_or_unspecified,3000.0,3000,28.0,standard_28,115.33333333333333,strict_group,233.0,94.33333333333333,83.66666666666667,21.0,0.18208092485549135,31.666666666666657,0.27456647398843925,True,True,False
42609,0,0.1730533942378373,0.10909488412767818,Salmon Bay Sand & Gravel,Salmon Bay Sand and Gravel,WA,Pacific Northwest Region,other_or_unspecified,3000.0,3000,28.0,standard_28,118.0,strict_group,233.0,94.33333333333333,83.66666666666667,23.66666666666667,0.20056497175141247,34.33333333333333,0.2909604519774011,True,True,True
34001,1,0.1723028807804443,0.10909488412767818,Knife River Corporation,Woodburn (Oregon) Plant,OR,Pacific Northwest Region,other_or_unspecified,3500.0,3500,28.0,standard_28,139.71428571428572,strict_group,156.0,85.42857142857143,80.57142857142858,54.28571428571429,0.3885480572597137,59.14285714285714,0.42331288343558277,True,True,True
32526,0,0.1717604563813548,0.10909488412767818,Holcim - Aggregate Industries,Fort Totten (DC) Plant,DC,Eastern Region,other_or_unspecified,3500.0,3500,28.0,standard_28,107.71428571428571,strict_group,34.0,80.85714285714286,70.25714285714287,26.857142857142847,0.24933687002652513,37.45714285714284,0.34774535809018553,True,True,True
32935,0,0.1713534156853525,0.10909488412767818,Holcim - Aggregate Industries,Texas Plant,MD,Eastern Region,other_or_unspecified,3000.0,3000,28.0,standard_28,108.0,strict_group,65.0,79.33333333333333,59.666666666666664,28.66666666666667,0.26543209876543217,48.333333333333336,0.4475308641975309,True,True,True
44695,0,0.171150544893426,0.10909488412767818,Thomas Concrete,West Street Plant,NC,Southeastern Region,other_or_unspecified,3000.0,3000,28.0,standard_28,87.0,strict_group,162.0,74.91666666666666,64.36666666666666,12.083333333333343,0.138888888888889,22.63333333333334,0.2601532567049809,True,True,False
33880,0,0.1696583658011083,0.10909488412767818,Knife River Corporation,Sundial Plant,OR,Pacific Northwest Region,other_or_unspecified,3000.0,3000,28.0,standard_28,98.66666666666667,strict_group,233.0,94.33333333333333,83.66666666666667,4.333333333333343,0.04391891891891901,15.0,0.15202702702702703,True,False,False
33601,0,0.1691044369212057,0.10909488412767818,Knife River Corporation,Eugene (Oregon) Plant,OR,Pacific Northwest Region,other_or_unspecified,3000.0,3000,28.0,standard_28,91.33333333333333,strict_group,233.0,94.33333333333333,83.66666666666667,0.0,0.0,7.666666666666657,0.08394160583941596,True,False,False
33303,0,0.1688200553703643,0.10909488412767818,"Hooker Creek Companies, LLC",Redmond Plant,OR,Pacific Northwest Region,structural,4000.0,4000,28.0,standard_28,97.75,strict_group,22.0,69.5,68.025,28.25,0.289002557544757,29.724999999999994,0.3040920716112531,True,True,True
33302,0,0.1688200553703643,0.10909488412767818,"Hooker Creek Companies, LLC",Redmond Plant,OR,Pacific Northwest Region,structural,4000.0,4000,28.0,standard_28,98.25,strict_group,22.0,69.5,68.025,28.75,0.2926208651399491,30.224999999999994,0.3076335877862595,True,True,True
21760,0,0.1687554544902217,0.10909488412767818,Central Pre-Mix (CPM),Sullivan Plant ,WA,Pacific Northwest Region,structural,3500.0,3500,28.0,standard_28,90.28571428571429,strict_group,19.0,72.28571428571429,71.42857142857143,18.0,0.19936708860759492,18.85714285714286,0.20886075949367092,True,True,False
32910,0,0.1678321044854622,0.10909488412767818,Holcim - Aggregate Industries,Rockville East Plant,MD,Eastern Region,other_or_unspecified,4500.0,4500,2.0,early,110.0,strict_group,7.0,107.55555555555556,106.84444444444445,2.444444444444443,0.02222222222222221,3.1555555555555515,0.02868686868686865,True,False,False
32124,0,0.1678321044854622,0.10909488412767818,Holcim - Aggregate Industries,Bladensburg Plant,DC,Eastern Region,other_or_unspecified,4500.0,4500,2.0,early,105.77777777777777,strict_group,7.0,107.55555555555556,106.84444444444445,0.0,0.0,0.0,0.0,True,False,False
32107,0,0.1678321044854622,0.10909488412767818,Holcim - Aggregate Industries,Beltsville Plant,MD,Eastern Region,other_or_unspecified,4500.0,4500,2.0,early,108.22222222222223,strict_group,7.0,107.55555555555556,106.84444444444445,0.6666666666666714,0.0061601642710472715,1.37777777777778,0.012731006160164291,True,False,False
648,0,0.1667806389137167,0.10909488412767818,American Rock Products (ARP),Richland Plant,WA,Pacific Northwest Region,other_or_unspecified,3000.0,3000,28.0,standard_28,99.0,strict_group,233.0,94.33333333333333,83.66666666666667,4.666666666666671,0.04713804713804719,15.333333333333329,0.15488215488215484,True,False,False
647,0,0.1667806389137167,0.10909488412767818,American Rock Products (ARP),Richland Plant,WA,Pacific Northwest Region,other_or_unspecified,3000.0,3000,28.0,standard_28,89.0,strict_group,233.0,94.33333333333333,83.66666666666667,0.0,0.0,5.333333333333329,0.05992509363295875,True,False,False
44228,0,0.1649035291400772,0.10909488412767818,Thomas Concrete,Atlanta Plant,GA,Southeastern Region,other_or_unspecified,2000.0,2000,28.0,standard_28,116.5,strict_group,16.0,124.375,105.75,0.0,0.0,10.75,0.09227467811158799,True,False,False
31016,0,0.1619188549137561,0.10909488412767818,Gotham Ready Mix LLC,Brooklyn (B) Plant,NY,Eastern Region,filler,3500.0,3500,28.0,standard_28,99.14285714285714,national_spec_group,27.0,96.42857142857143,91.25714285714285,2.714285714285708,0.027377521613832792,7.885714285714286,0.07953890489913545,True,False,False
33635,0,0.1612108618726326,0.10909488412767818,Knife River Corporation,Fruitland (Idaho) Plant,ID,Pacific Northwest Region,other_or_unspecified,3000.0,3000,28.0,standard_28,104.33333333333333,strict_group,233.0,94.33333333333333,83.66666666666667,10.0,0.09584664536741215,20.666666666666657,0.19808306709265167,True,False,False
33960,0,0.1586501570078612,0.10909488412767818,Knife River Corporation,Wheatland (Oregon) Plant,OR,Pacific Northwest Region,other_or_unspecified,3500.0,3500,28.0,standard_28,122.0,strict_group,156.0,85.42857142857143,80.57142857142858,36.57142857142857,0.2997658079625293,41.428571428571416,0.33957845433255257,True,True,True
22281,1,0.1583057356764204,0.10909488412767818,CTI Ready Mix,CTI Ready Mix Carlisle Plant,IA,North Central Region,paving,4000.0,4000,28.0,standard_28,126.5,strict_group,36.0,70.9375,66.0,55.5625,0.4392292490118577,60.5,0.4782608695652174,True,True,True
22312,1,0.1583057356764204,0.10909488412767818,CTI Ready Mix,CTI Ready Mix Elkhart Plant,IA,North Central Region,paving,4000.0,4000,28.0,standard_28,126.5,strict_group,36.0,70.9375,66.0,55.5625,0.4392292490118577,60.5,0.4782608695652174,True,True,True
33545,0,0.1570448155094465,0.10909488412767818,Knife River Corporation,Coffee Lake Plant,OR,Pacific Northwest Region,other_or_unspecified,4000.0,4000,28.0,standard_28,111.0,strict_group,362.0,78.0,67.275,33.0,0.2972972972972973,43.724999999999994,0.3939189189189189,True,True,True
33957,0,0.1567124250669356,0.10909488412767818,Knife River Corporation,Wheatland (Oregon) Plant,OR,Pacific Northwest Region,other_or_unspecified,3500.0,3500,28.0,standard_28,122.0,strict_group,156.0,85.42857142857143,80.57142857142858,36.57142857142857,0.2997658079625293,41.428571428571416,0.33957845433255257,True,True,True
33296,0,0.1566142866596685,0.10909488412767818,"Hooker Creek Companies, LLC",Redmond Plant,OR,Pacific Northwest Region,filler,4000.0,4000,28.0,standard_28,109.0,strict_group,25.0,75.25,73.5,33.75,0.30963302752293576,35.5,0.3256880733944954,True,True,True
31969,1,0.1559180023481133,0.10909488412767818,HAWAIIAN CEMENT,Halawa Plant #3,HI,Hawaii,other_or_unspecified,3000.0,3000,28.0,standard_28,143.0,national_spec_group,591.0,82.0,67.0,61.0,0.42657342657342656,76.0,0.5314685314685315,True,True,True
43816,0,0.1544491690688235,0.10909488412767818,Smyrna Ready Mix,TN Mobile Plant,TN,Southeastern Region,infrastructure,3000.0,3000,28.0,standard_28,56.0,national_spec_group,12.0,69.75,57.300000000000004,0.0,0.0,0.0,0.0,True,False,False
33567,0,0.1540470996271487,0.10909488412767818,Knife River Corporation,Corvallis (Oregon) Plant,OR,Pacific Northwest Region,other_or_unspecified,3000.0,3000,28.0,standard_28,118.66666666666667,strict_group,233.0,94.33333333333333,83.66666666666667,24.333333333333343,0.20505617977528098,35.0,0.2949438202247191,True,True,True
33663,0,0.1526364079820396,0.10909488412767818,Knife River Corporation,Hillsboro Plant,OR,Pacific Northwest Region,other_or_unspecified,3000.0,3000,28.0,standard_28,98.33333333333333,strict_group,233.0,94.33333333333333,83.66666666666667,4.0,0.04067796610169492,14.666666666666657,0.14915254237288128,True,False,False
32948,0,0.1524300650154212,0.10909488412767818,Holcim - Aggregate Industries,Texas Plant,MD,Eastern Region,other_or_unspecified,3000.0,3000,28.0,standard_28,57.0,strict_group,65.0,79.33333333333333,59.666666666666664,0.0,0.0,0.0,0.0,True,False,False
33512,0,0.1509697406640314,0.10909488412767818,Knife River Corporation,Boise (Idaho) Plant,ID,Pacific Northwest Region,hardscape,4000.0,4000,28.0,standard_28,95.0,strict_group,18.0,77.125,73.5,17.875,0.1881578947368421,21.5,0.22631578947368422,True,True,False
33268,0,0.1507662914889382,0.10909488412767818,"Hooker Creek Companies, LLC",Bend Plant,OR,Pacific Northwest Region,infrastructure,4000.0,4000,28.0,standard_28,111.0,national_spec_group,5.0,60.5,59.45,50.5,0.45495495495495497,51.55,0.4644144144144144,True,True,True
32086,0,0.1500815142387548,0.10909488412767818,Holcim - Aggregate Industries,BELLE PLAINE READY-MIX Plant,MN,North Central Region,other_or_unspecified,1200.0,1000,28.0,standard_28,44.75000000000001,strict_group,7.0,40.25,37.35,4.500000000000007,0.10055865921787724,7.400000000000006,0.16536312849162021,True,True,False
32770,0,0.1500815142387548,0.10909488412767818,Holcim - Aggregate Industries,MAPLE GROVE READY-MIX Plant,MN,North Central Region,other_or_unspecified,1200.0,1000,28.0,standard_28,41.41666666666667,strict_group,7.0,40.25,37.35,1.1666666666666714,0.028169014084507154,4.06666666666667,0.09818913480885319,True,False,False
32471,0,0.1500815142387548,0.10909488412767818,Holcim - Aggregate Industries,FOREST LAKE READY-MIX Plant,MN,North Central Region,other_or_unspecified,1200.0,1000,28.0,standard_28,44.916666666666664,strict_group,7.0,40.25,37.35,4.666666666666664,0.10389610389610385,7.566666666666663,0.1684601113172541,True,True,False
32652,0,0.1491168543991588,0.10909488412767818,Holcim - Aggregate Industries,Kirby Road Plant,MD,Eastern Region,other_or_unspecified,4500.0,4500,2.0,early,110.66666666666667,strict_group,7.0,107.55555555555556,106.84444444444445,3.1111111111111143,0.028112449799196814,3.822222222222223,0.03453815261044177,True,False,False
32512,0,0.1491168543991588,0.10909488412767818,Holcim - Aggregate Industries,Fort Totten (DC) Plant,DC,Eastern Region,other_or_unspecified,4500.0,4500,2.0,early,107.55555555555556,strict_group,7.0,107.55555555555556,106.84444444444445,0.0,0.0,0.7111111111111086,0.006611570247933861,True,False,False
33709,1,0.1489719604513694,0.10909488412767818,Knife River Corporation,Linnton Plant,OR,Pacific Northwest Region,filler,3500.0,3500,28.0,standard_28,127.14285714285714,strict_group,18.0,96.35714285714286,85.77142857142857,30.785714285714278,0.2421348314606741,41.37142857142857,0.32539325842696626,True,True,True
32498,0,0.1489513200949974,0.10909488412767818,Holcim - Aggregate Industries,Fort Totten (DC) Plant,DC,Eastern Region,other_or_unspecified,4500.0,4500,28.0,standard_28,112.44444444444444,strict_group,47.0,57.888888888888886,45.6,54.55555555555556,0.48517786561264825,66.84444444444443,0.5944664031620552,True,True,True
21819,0,0.1483483227819925,0.10909488412767818,Central Pre-Mix (CPM),Yakima #24 Plant,WA,Pacific Northwest Region,other_or_unspecified,3000.0,3000,28.0,standard_28,99.33333333333333,strict_group,233.0,94.33333333333333,83.66666666666667,5.0,0.05033557046979866,15.666666666666657,0.15771812080536904,True,False,False
44482,0,0.1469783940986597,0.10909488412767818,Thomas Concrete,Doraville Plant,GA,Southeastern Region,filler,3000.0,3000,28.0,standard_28,69.33333333333333,strict_group,13.0,69.33333333333333,64.13333333333334,0.0,0.0,5.199999999999989,0.07499999999999984,True,False,False
30918,0,0.1466562451366444,0.10909488412767818,Gotham Ready Mix LLC,Brooklyn (A) Plant,NY,Eastern Region,filler,3500.0,3500,28.0,standard_28,99.42857142857143,national_spec_group,27.0,96.42857142857143,91.25714285714285,3.0,0.030172413793103446,8.171428571428578,0.08218390804597707,True,False,False
728,0,0.1466052545663642,0.10909488412767818,American Rock Products (ARP),Wapato Plant,WA,Pacific Northwest Region,structural,3000.0,3000,28.0,standard_28,103.33333333333333,strict_group,10.0,78.83333333333333,77.66666666666667,24.5,0.2370967741935484,25.666666666666657,0.24838709677419346,True,True,True
32866,0,0.1451021333835794,0.10909488412767818,Holcim - Aggregate Industries,PORTABLE LRT READY MIX Plant,MN,North Central Region,other_or_unspecified,1200.0,1000,28.0,standard_28,64.25,strict_group,7.0,40.25,37.35,24.0,0.3735408560311284,26.9,0.4186770428015564,True,True,True
33967,1,0.1443101396152862,0.10909488412767818,Knife River Corporation,Wheatland (Oregon) Plant,OR,Pacific Northwest Region,other_or_unspecified,3000.0,3000,28.0,standard_28,143.33333333333334,strict_group,233.0,94.33333333333333,83.66666666666667,49.000000000000014,0.34186046511627916,59.66666666666667,0.4162790697674419,True,True,True
807,0,0.1428312568300909,0.10909488412767818,Amrize,Choctaw Plant,LA,South Central Region,structural,3000.0,3000,28.0,standard_28,73.66666666666667,strict_group,5.0,73.66666666666667,73.26666666666667,0.0,0.0,0.4000000000000057,0.005429864253393742,True,False,False
806,0,0.1428312568300909,0.10909488412767818,Amrize,Choctaw Plant,LA,South Central Region,paving,3000.0,3000,28.0,standard_28,71.0,national_spec_group,22.0,87.83333333333334,77.76666666666667,0.0,0.0,0.0,0.0,True,False,False
43470,0,0.1426294090186055,0.10909488412767818,Smyrna Ready Mix,Chambers Plant,CO,Rocky Mountains Region,filler,3000.0,3000,28.0,standard_28,101.33333333333333,national_spec_group,74.0,93.25,79.3,8.083333333333329,0.07976973684210523,22.03333333333333,0.21743421052631579,True,False,False
43619,0,0.1426294090186055,0.10909488412767818,Smyrna Ready Mix,Quivas Plant,CO,Rocky Mountains Region,filler,3000.0,3000,28.0,standard_28,100.33333333333333,national_spec_group,74.0,93.25,79.3,7.083333333333329,0.07059800664451824,21.03333333333333,0.2096345514950166,True,False,False
32223,1,0.1422687332098671,0.10909488412767818,Holcim - Aggregate Industries,DFW RMX Plant,TX,South Central Region,other_or_unspecified,2000.0,2000,28.0,standard_28,166.0,national_spec_group,44.0,109.5,88.1,56.5,0.34036144578313254,77.9,0.469277108433735,True,True,True
30935,0,0.1416487085667143,0.10909488412767818,Gotham Ready Mix LLC,Brooklyn (A) Plant,NY,Eastern Region,filler,4000.0,4000,28.0,standard_28,94.5,strict_group,17.0,80.75,64.7,13.75,0.1455026455026455,29.799999999999997,0.3153439153439153,True,True,False
32977,0,0.1413689562607748,0.10909488412767818,Holcim - Aggregate Industries,Waltham Plant,MA,Eastern Region,other_or_unspecified,3000.0,3000,28.0,standard_28,74.33333333333333,strict_group,65.0,79.33333333333333,59.666666666666664,0.0,0.0,14.666666666666664,0.19730941704035873,True,False,False
32982,0,0.1413689562607748,0.10909488412767818,Holcim - Aggregate Industries,Waltham Plant,MA,Eastern Region,other_or_unspecified,3000.0,3000,28.0,standard_28,79.33333333333333,strict_group,65.0,79.33333333333333,59.666666666666664,0.0,0.0,19.666666666666664,0.24789915966386553,True,False,False
33753,0,0.1412854644422179,0.10909488412767818,Knife River Corporation,Medford (Oregon) Plant,OR,Pacific Northwest Region,other_or_unspecified,3500.0,3500,28.0,standard_28,112.85714285714286,strict_group,156.0,85.42857142857143,80.57142857142858,27.42857142857143,0.24303797468354432,32.28571428571428,0.2860759493670885,True,True,True
44573,0,0.1406267895073162,0.10909488412767818,Thomas Concrete,Morrisville Plant,NC,Southeastern Region,other_or_unspecified,3000.0,3000,28.0,standard_28,89.33333333333333,strict_group,162.0,74.91666666666666,64.36666666666666,14.416666666666671,0.16138059701492544,24.96666666666667,0.2794776119402985,True,True,False
32117,0,0.1371924325293438,0.10909488412767818,Holcim - Aggregate Industries,Bladensburg Plant,DC,Eastern Region,other_or_unspecified,3500.0,3500,28.0,standard_28,97.71428571428571,strict_group,34.0,80.85714285714286,70.25714285714287,16.857142857142847,0.17251461988304084,27.45714285714284,0.28099415204678346,True,True,False
32100,0,0.1371924325293438,0.10909488412767818,Holcim - Aggregate Industries,Beltsville Plant,MD,Eastern Region,other_or_unspecified,3500.0,3500,28.0,standard_28,98.28571428571429,strict_group,34.0,80.85714285714286,70.25714285714287,17.42857142857143,0.17732558139534885,28.028571428571425,0.2851744186046511,True,True,False
535,0,0.1367873072154283,0.10909488412767818,American Rock Products (ARP),Hospital Plant,WA,Pacific Northwest Region,other_or_unspecified,3000.0,3000,28.0,standard_28,105.0,strict_group,233.0,94.33333333333333,83.66666666666667,10.666666666666671,0.10158730158730163,21.33333333333333,0.20317460317460312,True,True,False
44568,0,0.1365386330274718,0.10909488412767818,Thomas Concrete,Morrisville Plant,NC,Southeastern Region,other_or_unspecified,3000.0,3000,28.0,standard_28,94.66666666666667,strict_group,162.0,74.91666666666666,64.36666666666666,19.750000000000014,0.20862676056338042,30.30000000000001,0.3200704225352114,True,True,True
22351,0,0.1353257184482847,0.10909488412767818,CTI Ready Mix,CTI Ready Mix West Des Moines Plant,IA,North Central Region,other_or_unspecified,2500.0,2500,28.0,standard_28,89.2,national_spec_group,31.0,89.4,82.4,0.0,0.0,6.799999999999997,0.07623318385650221,True,False,False
21817,0,0.1353052158868019,0.10909488412767818,Central Pre-Mix (CPM),Yakima #24 Plant,WA,Pacific Northwest Region,other_or_unspecified,3000.0,3000,28.0,standard_28,99.33333333333333,strict_group,233.0,94.33333333333333,83.66666666666667,5.0,0.05033557046979866,15.666666666666657,0.15771812080536904,True,False,False
659,0,0.1351009738751005,0.10909488412767818,American Rock Products (ARP),Richland Plant,WA,Pacific Northwest Region,other_or_unspecified,3000.0,3000,28.0,standard_28,99.33333333333333,strict_group,233.0,94.33333333333333,83.66666666666667,5.0,0.05033557046979866,15.666666666666657,0.15771812080536904,True,False,False
563,0,0.1351009738751005,0.10909488412767818,American Rock Products (ARP),Pasco Plant,WA,Pacific Northwest Region,other_or_unspecified,3000.0,3000,28.0,standard_28,100.0,strict_group,233.0,94.33333333333333,83.66666666666667,5.666666666666671,0.05666666666666671,16.33333333333333,0.16333333333333327,True,False,False
30920,0,0.1347351266325482,0.10909488412767818,Gotham Ready Mix LLC,Brooklyn (A) Plant,NY,Eastern Region,filler,4000.0,4000,28.0,standard_28,87.0,strict_group,17.0,80.75,64.7,6.25,0.07183908045977011,22.299999999999997,0.25632183908045975,True,False,False
584,0,0.1347146948107205,0.10909488412767818,American Rock Products (ARP),Pasco Plant,WA,Pacific Northwest Region,other_or_unspecified,4000.0,4000,28.0,standard_28,89.0,strict_group,362.0,78.0,67.275,11.0,0.12359550561797752,21.724999999999994,0.24410112359550556,True,True,False
32655,0,0.1342041591212513,0.10909488412767818,Holcim - Aggregate Industries,Kirby Road Plant,MD,Eastern Region,structural,3000.0,3000,28.0,standard_28,67.33333333333333,strict_group,5.0,81.33333333333333,72.93333333333332,0.0,0.0,0.0,0.0,True,False,False
804,0,0.1341814978844468,0.10909488412767818,Amrize,Choctaw Plant,LA,South Central Region,structural,4000.0,4000,28.0,standard_28,69.75,strict_group,6.0,64.3125,54.0,5.4375,0.07795698924731183,15.75,0.22580645161290322,True,False,False
33964,0,0.1330705729608195,0.10909488412767818,Knife River Corporation,Wheatland (Oregon) Plant,OR,Pacific Northwest Region,other_or_unspecified,4000.0,4000,28.0,standard_28,122.0,strict_group,362.0,78.0,67.275,44.0,0.36065573770491804,54.724999999999994,0.4485655737704918,True,True,True
44445,0,0.1321445527218079,0.10909488412767818,Thomas Concrete,Charlotte Graham Street Plant,NC,Southeastern Region,other_or_unspecified,3000.0,3000,28.0,standard_28,90.0,strict_group,162.0,74.91666666666666,64.36666666666666,15.083333333333343,0.1675925925925927,25.63333333333334,0.2848148148148149,True,True,False
585,0,0.1311438451335163,0.10909488412767818,American Rock Products (ARP),Pasco Plant,WA,Pacific Northwest Region,other_or_unspecified,3000.0,3000,28.0,standard_28,118.66666666666667,strict_group,233.0,94.33333333333333,83.66666666666667,24.333333333333343,0.20505617977528098,35.0,0.2949438202247191,True,True,True
32567,0,0.1310015201173669,0.10909488412767818,Holcim - Aggregate Industries,Ft. Collins Plant,CO,Rocky Mountains Region,other_or_unspecified,3000.0,3000,28.0,standard_28,104.33333333333333,strict_group,35.0,71.33333333333334,64.2,32.999999999999986,0.31629392971245995,40.133333333333326,0.384664536741214,True,True,True
685,0,0.1309362159499058,0.10909488412767818,American Rock Products (ARP),Walla Walla Plant,WA,Pacific Northwest Region,other_or_unspecified,3000.0,3000,28.0,standard_28,110.33333333333333,strict_group,233.0,94.33333333333333,83.66666666666667,16.0,0.14501510574018128,26.666666666666657,0.24169184290030205,True,True,False
44446,0,0.129037343048108,0.10909488412767818,Thomas Concrete,Charlotte Graham Street Plant,NC,Southeastern Region,other_or_unspecified,3000.0,3000,28.0,standard_28,97.33333333333333,strict_group,162.0,74.91666666666666,64.36666666666666,22.41666666666667,0.23030821917808225,32.96666666666667,0.3386986301369863,True,True,True
21615,0,0.1288594212926928,0.10909488412767818,Central Pre-Mix (CPM),Crestline Plant ,WA,Pacific Northwest Region,other_or_unspecified,3500.0,3500,28.0,standard_28,91.71428571428571,strict_group,156.0,85.42857142857143,80.57142857142858,6.285714285714278,0.06853582554517125,11.142857142857125,0.12149532710280354,True,False,False
43796,0,0.1281084835815219,0.10909488412767818,Smyrna Ready Mix,TN Mobile Plant,TN,Southeastern Region,other_or_unspecified,3000.0,3000,28.0,standard_28,69.66666666666667,strict_group,162.0,74.91666666666666,64.36666666666666,0.0,0.0,5.300000000000011,0.0760765550239236,True,False,False
33021,0,0.1277735161312229,0.10909488412767818,Holcim - Aggregate Industries,Waltham Plant,MA,Eastern Region,other_or_unspecified,5000.0,5000,28.0,standard_28,108.2,strict_group,128.0,63.55,53.74,44.650000000000006,0.4126617375231054,54.46,0.5033271719038817,True,True,True
33656,0,0.1277539317153315,0.10909488412767818,Knife River Corporation,Fruitland (Idaho) Plant,ID,Pacific Northwest Region,other_or_unspecified,3000.0,3000,28.0,standard_28,103.33333333333333,strict_group,233.0,94.33333333333333,83.66666666666667,9.0,0.08709677419354839,19.666666666666657,0.19032258064516122,True,False,False
35822,0,0.1263894882778566,0.10909488412767818,National Ready Mix,Canoga Park Plant,CA,Pacific Southwest Region,filler,4500.0,4500,28.0,standard_28,107.77777777777777,national_spec_group,10.0,70.16666666666666,59.68888888888889,37.611111111111114,0.3489690721649485,48.08888888888888,0.44618556701030926,True,True,True
30928,0,0.1255212285125585,0.10909488412767818,Gotham Ready Mix LLC,Brooklyn (A) Plant,NY,Eastern Region,filler,4000.0,4000,28.0,standard_28,87.0,strict_group,17.0,80.75,64.7,6.25,0.07183908045977011,22.299999999999997,0.25632183908045975,True,False,False
33305,0,0.1251216691408967,0.10909488412767818,"Hooker Creek Companies, LLC",Redmond Plant,OR,Pacific Northwest Region,structural,4000.0,4000,28.0,standard_28,98.25,strict_group,22.0,69.5,68.025,28.75,0.2926208651399491,30.224999999999994,0.3076335877862595,True,True,True
33304,0,0.1251216691408967,0.10909488412767818,"Hooker Creek Companies, LLC",Redmond Plant,OR,Pacific Northwest Region,structural,4000.0,4000,28.0,standard_28,98.25,strict_group,22.0,69.5,68.025,28.75,0.2926208651399491,30.224999999999994,0.3076335877862595,True,True,True
32233,0,0.1248233511789287,0.10909488412767818,Holcim - Aggregate Industries,Drake Plant,CO,Rocky Mountains Region,other_or_unspecified,3000.0,3000,28.0,standard_28,104.33333333333333,strict_group,35.0,71.33333333333334,64.2,32.999999999999986,0.31629392971245995,40.133333333333326,0.384664536741214,True,True,True
43638,0,0.1245915609393653,0.10909488412767818,Smyrna Ready Mix,Dallas Commerce Plant,TX,South Central Region,other_or_unspecified,3000.0,3000,28.0,standard_28,100.0,strict_group,32.0,71.58333333333334,68.03333333333333,28.416666666666657,0.28416666666666657,31.96666666666667,0.3196666666666667,True,True,True
34708,0,0.1241422084330881,0.10909488412767818,Milpitas Materials Co,Milpitas Plant,CA,Pacific Southwest Region,other_or_unspecified,3000.0,3000,28.0,standard_28,112.0,strict_group,8.0,81.33333333333333,78.93333333333332,30.66666666666667,0.27380952380952384,33.06666666666668,0.29523809523809535,True,True,True
44566,0,0.1239786726600072,0.10909488412767818,Thomas Concrete,Morrisville Plant,NC,Southeastern Region,other_or_unspecified,3000.0,3000,28.0,standard_28,85.33333333333333,strict_group,162.0,74.91666666666666,64.36666666666666,10.416666666666671,0.12207031250000006,20.96666666666667,0.24570312500000002,True,True,False
43480,0,0.1235543471119633,0.10909488412767818,Smyrna Ready Mix,Quivas Plant,CO,Rocky Mountains Region,infrastructure,3000.0,3000,28.0,standard_28,78.66666666666667,national_spec_group,12.0,69.75,57.300000000000004,8.916666666666671,0.1133474576271187,21.366666666666667,0.2716101694915254,True,True,False
21847,0,0.1235222055422758,0.10909488412767818,Central Pre-Mix (CPM),Yakima #25 Plant,WA,Pacific Northwest Region,other_or_unspecified,3000.0,3000,28.0,standard_28,100.66666666666667,strict_group,233.0,94.33333333333333,83.66666666666667,6.333333333333343,0.0629139072847683,17.0,0.16887417218543047,True,False,False
44535,0,0.1234725550904059,0.10909488412767818,Thomas Concrete,Greenville Plant,SC,Southeastern Region,filler,3000.0,3000,28.0,standard_28,67.33333333333333,strict_group,13.0,69.33333333333333,64.13333333333334,0.0,0.0,3.1999999999999886,0.04752475247524736,True,False,False
32573,0,0.1230752460724739,0.10909488412767818,Holcim - Aggregate Industries,Ft. Collins Plant,CO,Rocky Mountains Region,other_or_unspecified,4000.0,4000,28.0,standard_28,85.5,strict_group,182.0,71.3125,65.0,14.1875,0.16593567251461988,20.5,0.23976608187134502,True,True,False
30916,0,0.1226976859629264,0.10909488412767818,Gotham Ready Mix LLC,Brooklyn (A) Plant,NY,Eastern Region,other_or_unspecified,3500.0,3500,28.0,standard_28,99.42857142857143,strict_group,34.0,80.85714285714286,70.25714285714287,18.57142857142857,0.18678160919540227,29.171428571428564,0.29339080459770106,True,True,False
44447,0,0.1225104021515234,0.10909488412767818,Thomas Concrete,Charlotte Graham Street Plant,NC,Southeastern Region,other_or_unspecified,3000.0,3000,28.0,standard_28,97.33333333333333,strict_group,162.0,74.91666666666666,64.36666666666666,22.41666666666667,0.23030821917808225,32.96666666666667,0.3386986301369863,True,True,True
31014,0,0.1221586956832198,0.10909488412767818,Gotham Ready Mix LLC,Brooklyn (B) Plant,NY,Eastern Region,other_or_unspecified,3500.0,3500,28.0,standard_28,99.42857142857143,strict_group,34.0,80.85714285714286,70.25714285714287,18.57142857142857,0.18678160919540227,29.171428571428564,0.29339080459770106,True,True,False
32732,0,0.1220133074774922,0.10909488412767818,Holcim - Aggregate Industries,Manassas Plant,VA,Eastern Region,other_or_unspecified,4500.0,4500,2.0,early,110.88888888888889,strict_group,7.0,107.55555555555556,106.84444444444445,3.3333333333333286,0.03006012024048092,4.044444444444437,0.0364729458917835,True,False,False
32840,0,0.121043205150334,0.10909488412767818,Holcim - Aggregate Industries,NEWPORT READY-MIX Plant,MN,North Central Region,other_or_unspecified,1200.0,1000,28.0,standard_28,39.083333333333336,strict_group,7.0,40.25,37.35,0.0,0.0,1.7333333333333343,0.044349680170575716,True,False,False
33549,0,0.1207171900703843,0.10909488412767818,Knife River Corporation,Coffee Lake Plant,OR,Pacific Northwest Region,other_or_unspecified,7000.0,7000,28.0,standard_28,85.71428571428571,strict_group,5.0,84.85714285714286,84.34285714285714,0.857142857142847,0.009999999999999882,1.3714285714285666,0.015999999999999945,True,False,False
32239,0,0.120664319531607,0.10909488412767818,Holcim - Aggregate Industries,Drake Plant,CO,Rocky Mountains Region,other_or_unspecified,4000.0,4000,28.0,standard_28,85.5,strict_group,182.0,71.3125,65.0,14.1875,0.16593567251461988,20.5,0.23976608187134502,True,True,False
35769,0,0.1204598714752273,0.10909488412767818,National Ready Mix,Canoga Park Plant,CA,Pacific Southwest Region,filler,3750.0,4000,28.0,standard_28,91.2,strict_group,10.0,96.4,89.39500000000001,0.0,0.0,1.8049999999999926,0.019791666666666586,True,False,False
32550,1,0.1198601705617442,0.10909488412767818,Holcim - Aggregate Industries,Fort Totten (DC) Plant,DC,Eastern Region,other_or_unspecified,3000.0,3000,28.0,standard_28,129.33333333333334,strict_group,65.0,79.33333333333333,59.666666666666664,50.000000000000014,0.38659793814432997,69.66666666666669,0.5386597938144331,True,True,True
44567,0,0.1197825206483078,0.10909488412767818,Thomas Concrete,Morrisville Plant,NC,Southeastern Region,other_or_unspecified,3000.0,3000,28.0,standard_28,85.33333333333333,strict_group,162.0,74.91666666666666,64.36666666666666,10.416666666666671,0.12207031250000006,20.96666666666667,0.24570312500000002,True,True,False
44569,0,0.1197825206483078,0.10909488412767818,Thomas Concrete,Morrisville Plant,NC,Southeastern Region,other_or_unspecified,3000.0,3000,28.0,standard_28,94.66666666666667,strict_group,162.0,74.91666666666666,64.36666666666666,19.750000000000014,0.20862676056338042,30.30000000000001,0.3200704225352114,True,True,True
33704,0,0.1194538880885086,0.10909488412767818,Knife River Corporation,Linnton Plant,OR,Pacific Northwest Region,other_or_unspecified,3500.0,3500,28.0,standard_28,117.14285714285714,strict_group,156.0,85.42857142857143,80.57142857142858,31.714285714285708,0.27073170731707313,36.571428571428555,0.3121951219512194,True,True,True
32968,0,0.1187697930077288,0.10909488412767818,Holcim - Aggregate Industries,Waltham Plant,MA,Eastern Region,other_or_unspecified,2500.0,2500,28.0,standard_28,91.2,strict_group,9.0,60.0,59.120000000000005,31.200000000000003,0.34210526315789475,32.08,0.35175438596491226,True,True,True
33477,0,0.1149729644824774,0.10909488412767818,Knife River Corporation,Boise (Idaho) Plant,ID,Pacific Northwest Region,other_or_unspecified,4000.0,4000,28.0,standard_28,119.75,strict_group,362.0,78.0,67.275,41.75,0.348643006263048,52.474999999999994,0.43820459290187885,True,True,True
33481,1,0.1147338156354254,0.10909488412767818,Knife River Corporation,Boise (Idaho) Plant,ID,Pacific Northwest Region,other_or_unspecified,3000.0,3000,28.0,standard_28,124.33333333333333,strict_group,233.0,94.33333333333333,83.66666666666667,30.0,0.2412868632707775,40.66666666666666,0.3270777479892761,True,True,True
32871,0,0.1144675114666993,0.10909488412767818,Holcim - Aggregate Industries,PORTABLE LRT READY MIX Plant,MN,North Central Region,structural,4000.0,4000,28.0,standard_28,64.25,strict_group,31.0,64.375,62.5,0.0,0.0,1.75,0.027237354085603113,True,False,False
32872,0,0.1144675114666993,0.10909488412767818,Holcim - Aggregate Industries,PORTABLE LRT READY MIX Plant,MN,North Central Region,structural,4000.0,4000,28.0,standard_28,64.75,strict_group,31.0,64.375,62.5,0.375,0.005791505791505791,2.25,0.03474903474903475,True,False,False
44351,0,0.1139913253486614,0.10909488412767818,Thomas Concrete,Buckhead Plant,GA,Southeastern Region,other_or_unspecified,3000.0,3000,28.0,standard_28,96.66666666666667,strict_group,162.0,74.91666666666666,64.36666666666666,21.750000000000014,0.22500000000000014,32.30000000000001,0.33413793103448286,True,True,True
33706,0,0.1137842386580921,0.10909488412767818,Knife River Corporation,Linnton Plant,OR,Pacific Northwest Region,other_or_unspecified,4000.0,4000,28.0,standard_28,120.0,strict_group,362.0,78.0,67.275,42.0,0.35,52.724999999999994,0.43937499999999996,True,True,True
22313,0,0.1137040210233061,0.10909488412767818,CTI Ready Mix,CTI Ready Mix Elkhart Plant,IA,North Central Region,other_or_unspecified,2500.0,2500,28.0,standard_28,82.4,national_spec_group,31.0,89.4,82.4,0.0,0.0,0.0,0.0,True,False,False
22282,0,0.1137040210233061,0.10909488412767818,CTI Ready Mix,CTI Ready Mix Carlisle Plant,IA,North Central Region,other_or_unspecified,2500.0,2500,28.0,standard_28,82.4,national_spec_group,31.0,89.4,82.4,0.0,0.0,0.0,0.0,True,False,False
33745,1,0.1126024500437688,0.10909488412767818,Knife River Corporation,McMinnville (Oregon) Plant,OR,Pacific Northwest Region,hardscape,3300.0,3500,28.0,standard_28,156.66666666666669,strict_group,17.0,88.85714285714286,85.2,67.80952380952382,0.4328267477203648,71.46666666666668,0.4561702127659575,True,True,True
43640,0,0.1125037035565652,0.10909488412767818,Smyrna Ready Mix,Dallas Commerce Plant,TX,South Central Region,other_or_unspecified,3000.0,3000,28.0,standard_28,102.66666666666667,strict_group,32.0,71.58333333333334,68.03333333333333,31.08333333333333,0.3027597402597402,34.63333333333334,0.3373376623376624,True,True,True
44443,0,0.1124298879474828,0.10909488412767818,Thomas Concrete,Charlotte Graham Street Plant,NC,Southeastern Region,other_or_unspecified,2500.0,2500,28.0,standard_28,109.6,national_spec_group,31.0,89.4,82.4,20.19999999999999,0.1843065693430656,27.19999999999999,0.24817518248175174,True,True,False
582,0,0.1123400127677816,0.10909488412767818,American Rock Products (ARP),Pasco Plant,WA,Pacific Northwest Region,other_or_unspecified,3000.0,3000,28.0,standard_28,99.0,strict_group,233.0,94.33333333333333,83.66666666666667,4.666666666666671,0.04713804713804719,15.333333333333329,0.15488215488215484,True,False,False
30926,0,0.1122871663189495,0.10909488412767818,Gotham Ready Mix LLC,Brooklyn (A) Plant,NY,Eastern Region,other_or_unspecified,4000.0,4000,28.0,standard_28,94.5,strict_group,176.0,67.25,51.125,27.25,0.28835978835978837,43.375,0.458994708994709,True,True,True
521,0,0.1121810773322518,0.10909488412767818,American Rock Products (ARP),Hermiston Plant,OR,Pacific Northwest Region,paving,3000.0,3000,28.0,standard_28,106.66666666666667,strict_group,11.0,94.83333333333334,81.66666666666667,11.833333333333329,0.11093749999999995,25.0,0.234375,True,True,False
33697,1,0.1119759630723792,0.10909488412767818,Knife River Corporation,Linnton Plant,OR,Pacific Northwest Region,other_or_unspecified,4000.0,4000,28.0,standard_28,125.5,strict_group,362.0,78.0,67.275,47.5,0.3784860557768924,58.224999999999994,0.46394422310756966,True,True,True
552,0,0.1117246999060532,0.10909488412767818,American Rock Products (ARP),Hospital Plant,WA,Pacific Northwest Region,other_or_unspecified,3000.0,3000,28.0,standard_28,103.0,strict_group,233.0,94.33333333333333,83.66666666666667,8.666666666666671,0.08414239482200651,19.33333333333333,0.18770226537216825,True,False,False
708,0,0.1116840419098914,0.10909488412767818,American Rock Products (ARP),Wapato Plant,WA,Pacific Northwest Region,other_or_unspecified,3000.0,3000,28.0,standard_28,103.33333333333333,strict_group,233.0,94.33333333333333,83.66666666666667,9.0,0.08709677419354839,19.666666666666657,0.19032258064516122,True,False,False
22354,0,0.1114943329346098,0.10909488412767818,CTI Ready Mix,CTI Ready Mix West Des Moines Plant,IA,North Central Region,paving,4000.0,4000,28.0,standard_28,98.0,strict_group,36.0,70.9375,66.0,27.0625,0.27614795918367346,32.0,0.32653061224489793,True,True,True
32638,0,0.1110446474174867,0.10909488412767818,Holcim - Aggregate Industries,Jessup Plant,MD,Eastern Region,other_or_unspecified,3500.0,3500,28.0,standard_28,107.42857142857143,strict_group,34.0,80.85714285714286,70.25714285714287,26.57142857142857,0.24734042553191488,37.171428571428564,0.34601063829787226,True,True,True
21669,0,0.1109595645328372,0.10909488412767818,Central Pre-Mix (CPM),Mattawa Plant ,WA,Pacific Northwest Region,structural,3000.0,3000,28.0,standard_28,87.66666666666667,strict_group,10.0,78.83333333333333,77.66666666666667,8.833333333333343,0.10076045627376436,10.0,0.11406844106463877,True,True,False
35402,0,0.11084621685175,0.10909488412767818,National Ready Mix,Artesia Plant,CA,Pacific Southwest Region,filler,3750.0,4000,28.0,standard_28,117.06666666666666,strict_group,10.0,96.4,89.39500000000001,20.666666666666657,0.17653758542141224,27.671666666666653,0.2363752847380409,True,True,False
32162,0,0.1107512382915626,0.10909488412767818,Holcim - Aggregate Industries,Chantilly Plant,VA,Eastern Region,other_or_unspecified,3000.0,3000,28.0,standard_28,53.666666666666664,strict_group,65.0,79.33333333333333,59.666666666666664,0.0,0.0,0.0,0.0,True,False,False
33676,0,0.1098626187541047,0.10909488412767818,Knife River Corporation,Hillsboro Plant,OR,Pacific Northwest Region,other_or_unspecified,3500.0,3500,28.0,standard_28,120.28571428571429,strict_group,156.0,85.42857142857143,80.57142857142858,34.85714285714286,0.28978622327790976,39.71428571428571,0.3301662707838479,True,True,True
30849,0,0.1093103321379307,0.10909488412767818,Gotham Ready Mix LLC,Bronx Plant,NY,Eastern Region,other_or_unspecified,3500.0,3500,28.0,standard_28,103.14285714285714,strict_group,34.0,80.85714285714286,70.25714285714287,22.285714285714278,0.21606648199445977,32.88571428571427,0.3188365650969528,True,True,True
32936,0,0.1082878077374748,0.10909488412767818,Holcim - Aggregate Industries,Texas Plant,MD,Eastern Region,other_or_unspecified,3500.0,3500,28.0,standard_28,98.85714285714286,strict_group,34.0,80.85714285714286,70.25714285714287,18.0,0.18208092485549132,28.599999999999994,0.2893063583815028,True,True,False
42607,0,0.1082682376778966,0.10909488412767818,Salmon Bay Sand & Gravel,Salmon Bay Sand and Gravel,WA,Pacific Northwest Region,other_or_unspecified,3000.0,3000,28.0,standard_28,98.0,strict_group,233.0,94.33333333333333,83.66666666666667,3.6666666666666714,0.037414965986394606,14.333333333333329,0.14625850340136048,True,False,False
43641,0,0.107608391131357,0.10909488412767818,Smyrna Ready Mix,Dallas Commerce Plant,TX,South Central Region,other_or_unspecified,3000.0,3000,28.0,standard_28,103.0,strict_group,32.0,71.58333333333334,68.03333333333333,31.416666666666657,0.30501618122977336,34.96666666666667,0.3394822006472492,True,True,True
33901,1,0.1072737020423407,0.10909488412767818,Knife River Corporation,Sundial Plant,OR,Pacific Northwest Region,other_or_unspecified,4000.0,4000,28.0,standard_28,132.25,strict_group,362.0,78.0,67.275,54.25,0.4102079395085066,64.975,0.4913043478260869,True,True,True
33843,0,0.1068622052191405,0.10909488412767818,Knife River Corporation,Prineville Plant,OR,Pacific Northwest Region,other_or_unspecified,4000.0,4000,28.0,standard_28,109.25,strict_group,362.0,78.0,67.275,31.25,0.28604118993135014,41.974999999999994,0.38421052631578945,True,True,True
33667,0,0.1066601223216557,0.10909488412767818,Knife River Corporation,Hillsboro Plant,OR,Pacific Northwest Region,other_or_unspecified,3000.0,3000,28.0,standard_28,90.66666666666667,strict_group,233.0,94.33333333333333,83.66666666666667,0.0,0.0,7.0,0.07720588235294117,True,False,False
21786,0,0.1063851396524456,0.10909488412767818,Central Pre-Mix (CPM),Sunnyside Plant ,WA,Pacific Northwest Region,other_or_unspecified,3000.0,3000,28.0,standard_28,89.0,strict_group,233.0,94.33333333333333,83.66666666666667,0.0,0.0,5.333333333333329,0.05992509363295875,True,False,False
33812,0,0.1056233647174324,0.10909488412767818,Knife River Corporation,Prineville (Oregon) Plant,OR,Pacific Northwest Region,other_or_unspecified,4000.0,4000,28.0,standard_28,109.25,strict_group,362.0,78.0,67.275,31.25,0.28604118993135014,41.974999999999994,0.38421052631578945,True,True,True
33754,0,0.1055465300959007,0.10909488412767818,Knife River Corporation,Medford (Oregon) Plant,OR,Pacific Northwest Region,other_or_unspecified,4000.0,4000,28.0,standard_28,107.75,strict_group,362.0,78.0,67.275,29.75,0.27610208816705334,40.474999999999994,0.3756380510440835,True,True,True
32718,0,0.1030756137075128,0.10909488412767818,Holcim - Aggregate Industries,Manassas Plant,VA,Eastern Region,other_or_unspecified,3500.0,3500,28.0,standard_28,103.42857142857143,strict_group,34.0,80.85714285714286,70.25714285714287,22.57142857142857,0.218232044198895,33.171428571428564,0.3207182320441988,True,True,True
32030,0,0.1027921496084378,0.10909488412767818,Holcim - Aggregate Industries,Bannock Plant,CO,Rocky Mountains Region,other_or_unspecified,4000.0,4000,28.0,standard_28,81.5,strict_group,182.0,71.3125,65.0,10.1875,0.125,16.5,0.20245398773006135,True,True,False
687,0,0.1025283610264805,0.10909488412767818,American Rock Products (ARP),Walla Walla Plant,WA,Pacific Northwest Region,other_or_unspecified,3000.0,3000,28.0,standard_28,110.33333333333333,strict_group,233.0,94.33333333333333,83.66666666666667,16.0,0.14501510574018128,26.666666666666657,0.24169184290030205,True,True,False
33297,0,0.1020729028205384,0.10909488412767818,"Hooker Creek Companies, LLC",Redmond Plant,OR,Pacific Northwest Region,structural,3500.0,3500,28.0,standard_28,102.85714285714286,strict_group,19.0,72.28571428571429,71.42857142857143,30.57142857142857,0.29722222222222217,31.42857142857143,0.3055555555555556,True,True,True
43797,0,0.1013276648497543,0.10909488412767818,Smyrna Ready Mix,TN Mobile Plant,TN,Southeastern Region,other_or_unspecified,3000.0,3000,28.0,standard_28,70.0,strict_group,162.0,74.91666666666666,64.36666666666666,0.0,0.0,5.63333333333334,0.08047619047619058,True,False,False
44694,0,0.100624377807541,0.10909488412767818,Thomas Concrete,West Street Plant,NC,Southeastern Region,other_or_unspecified,3000.0,3000,28.0,standard_28,92.66666666666667,strict_group,162.0,74.91666666666666,64.36666666666666,17.750000000000014,0.1915467625899282,28.30000000000001,0.30539568345323753,True,True,False
21800,0,0.1003237514192123,0.10909488412767818,Central Pre-Mix (CPM),Sunnyside Plant ,WA,Pacific Northwest Region,other_or_unspecified,3000.0,3000,28.0,standard_28,88.66666666666667,strict_group,233.0,94.33333333333333,83.66666666666667,0.0,0.0,5.0,0.05639097744360902,True,False,False
33376,0,0.1001257402439037,0.10909488412767818,Kirkpatrick Concrete,Alton Plant,AL,Southeastern Region,other_or_unspecified,3000.0,3000,28.0,standard_28,110.66666666666667,strict_group,162.0,74.91666666666666,64.36666666666666,35.750000000000014,0.3230421686746989,46.30000000000001,0.4183734939759037,True,True,True
907,0,0.0998199206478736,0.10909488412767818,Amrize,Main Costilla Plant,CO,Rocky Mountains Region,filler,4000.0,4000,28.0,standard_28,88.75,strict_group,14.0,88.75,86.65,0.0,0.0,2.0999999999999943,0.02366197183098585,True,False,False
31019,0,0.0989332978062555,0.10909488412767818,Gotham Ready Mix LLC,Brooklyn (B) Plant,NY,Eastern Region,other_or_unspecified,4000.0,4000,28.0,standard_28,94.25,strict_group,176.0,67.25,51.125,27.0,0.2864721485411141,43.125,0.45755968169761274,True,True,True
44203,0,0.0983142509139687,0.10909488412767818,Thomas Concrete,Alpharetta Plant,GA,Southeastern Region,other_or_unspecified,3000.0,3000,28.0,standard_28,90.66666666666667,strict_group,162.0,74.91666666666666,64.36666666666666,15.750000000000014,0.1737132352941178,26.30000000000001,0.29007352941176484,True,True,False
44244,0,0.0978979099123615,0.10909488412767818,Thomas Concrete,Atlanta Plant,GA,Southeastern Region,paving,3000.0,3000,28.0,standard_28,88.33333333333333,national_spec_group,22.0,87.83333333333334,77.76666666666667,0.4999999999999858,0.005660377358490405,10.566666666666663,0.11962264150943393,True,False,False
564,0,0.0976722904888564,0.10909488412767818,American Rock Products (ARP),Pasco Plant,WA,Pacific Northwest Region,other_or_unspecified,3000.0,3000,28.0,standard_28,101.0,strict_group,233.0,94.33333333333333,83.66666666666667,6.666666666666671,0.06600660066006606,17.33333333333333,0.17161716171617156,True,False,False
33675,0,0.0973894980526281,0.10909488412767818,Knife River Corporation,Hillsboro Plant,OR,Pacific Northwest Region,other_or_unspecified,3500.0,3500,28.0,standard_28,120.57142857142857,strict_group,156.0,85.42857142857143,80.57142857142858,35.14285714285714,0.29146919431279616,39.999999999999986,0.33175355450236954,True,True,True
44602,0,0.0969259675990904,0.10909488412767818,Thomas Concrete,Pooler Plant,GA,Southeastern Region,other_or_unspecified,3000.0,3000,28.0,standard_28,92.0,strict_group,162.0,74.91666666666666,64.36666666666666,17.083333333333343,0.18568840579710155,27.63333333333334,0.3003623188405798,True,True,False
650,0,0.0965991006404213,0.10909488412767818,American Rock Products (ARP),Richland Plant,WA,Pacific Northwest Region,other_or_unspecified,3000.0,3000,28.0,standard_28,100.33333333333333,strict_group,233.0,94.33333333333333,83.66666666666667,6.0,0.059800664451827246,16.666666666666657,0.16611295681063115,True,False,False
34005,1,0.0960786752650174,0.10909488412767818,Knife River Corporation,Woodburn (Oregon) Plant,OR,Pacific Northwest Region,other_or_unspecified,4000.0,4000,28.0,standard_28,125.0,strict_group,362.0,78.0,67.275,47.0,0.376,57.724999999999994,0.46179999999999993,True,True,True
33888,0,0.0958814808425684,0.10909488412767818,Knife River Corporation,Sundial Plant,OR,Pacific Northwest Region,other_or_unspecified,3500.0,3500,28.0,standard_28,122.85714285714286,strict_group,156.0,85.42857142857143,80.57142857142858,37.42857142857143,0.3046511627906977,42.28571428571428,0.3441860465116278,True,True,True
32899,0,0.0950667258305541,0.10909488412767818,Holcim - Aggregate Industries,Rockville East Plant,MD,Eastern Region,other_or_unspecified,3000.0,3000,28.0,standard_28,111.33333333333333,strict_group,65.0,79.33333333333333,59.666666666666664,32.0,0.2874251497005988,51.666666666666664,0.46407185628742514,True,True,True
44600,0,0.0944881350696436,0.10909488412767818,Thomas Concrete,Pooler Plant,GA,Southeastern Region,other_or_unspecified,3000.0,3000,28.0,standard_28,92.33333333333333,strict_group,162.0,74.91666666666666,64.36666666666666,17.41666666666667,0.18862815884476541,27.96666666666667,0.3028880866425993,True,True,False
32826,0,0.0944398570152829,0.10909488412767818,Holcim - Aggregate Industries,NEWPORT READY-MIX Plant,MN,North Central Region,other_or_unspecified,4000.0,4000,28.0,standard_28,74.25,strict_group,117.0,60.0,56.46410256410256,14.25,0.1919191919191919,17.78589743589744,0.23954070620737292,True,True,False
609,1,0.0941328056423354,0.10909488412767818,American Rock Products (ARP),Pendleton Plant,OR,Pacific Northwest Region,other_or_unspecified,3000.0,3000,28.0,standard_28,126.0,strict_group,233.0,94.33333333333333,83.66666666666667,31.66666666666667,0.25132275132275134,42.33333333333333,0.33597883597883593,True,True,True
33973,0,0.0940369578599395,0.10909488412767818,Knife River Corporation,Wheatland (Oregon) Plant,OR,Pacific Northwest Region,other_or_unspecified,4000.0,4000,28.0,standard_28,114.25,strict_group,362.0,78.0,67.275,36.25,0.3172866520787746,46.974999999999994,0.41115973741794304,True,True,True
33975,0,0.0940109044546685,0.10909488412767818,Knife River Corporation,Wheatland (Oregon) Plant,OR,Pacific Northwest Region,other_or_unspecified,4000.0,4000,28.0,standard_28,117.75,strict_group,362.0,78.0,67.275,39.75,0.3375796178343949,50.474999999999994,0.42866242038216557,True,True,True
44596,0,0.0939221819380618,0.10909488412767818,Thomas Concrete,Pooler Plant,GA,Southeastern Region,other_or_unspecified,3000.0,3000,28.0,standard_28,84.66666666666667,strict_group,162.0,74.91666666666666,64.36666666666666,9.750000000000014,0.11515748031496079,20.30000000000001,0.23976377952755917,True,True,False
44394,0,0.0928655076926801,0.10909488412767818,Thomas Concrete,Buckhead Plant,GA,Southeastern Region,other_or_unspecified,5000.0,5000,28.0,standard_28,122.4,strict_group,108.0,71.3,54.86,51.10000000000001,0.417483660130719,67.54,0.5517973856209151,True,True,True
32900,0,0.0919448950695648,0.10909488412767818,Holcim - Aggregate Industries,Rockville East Plant,MD,Eastern Region,other_or_unspecified,3500.0,3500,28.0,standard_28,100.85714285714286,strict_group,34.0,80.85714285714286,70.25714285714287,20.0,0.19830028328611898,30.599999999999994,0.303399433427762,True,True,False
33655,0,0.0907422136178855,0.10909488412767818,Knife River Corporation,Fruitland (Idaho) Plant,ID,Pacific Northwest Region,other_or_unspecified,3000.0,3000,28.0,standard_28,103.33333333333333,strict_group,233.0,94.33333333333333,83.66666666666667,9.0,0.08709677419354839,19.666666666666657,0.19032258064516122,True,False,False
30850,0,0.0900101059819919,0.10909488412767818,Gotham Ready Mix LLC,Bronx Plant,NY,Eastern Region,other_or_unspecified,3500.0,3500,28.0,standard_28,95.14285714285714,strict_group,34.0,80.85714285714286,70.25714285714287,14.285714285714278,0.15015015015015007,24.885714285714272,0.2615615615615614,True,True,False
43482,0,0.0899229094336363,0.10909488412767818,Smyrna Ready Mix,Quivas Plant,CO,Rocky Mountains Region,other_or_unspecified,3000.0,3000,28.0,standard_28,92.0,strict_group,35.0,71.33333333333334,64.2,20.666666666666657,0.22463768115942018,27.799999999999997,0.30217391304347824,True,True,True
43588,0,0.0897647708227887,0.10909488412767818,Smyrna Ready Mix,Quivas Plant,CO,Rocky Mountains Region,other_or_unspecified,4000.0,4000,28.0,standard_28,86.0,strict_group,182.0,71.3125,65.0,14.6875,0.17078488372093023,21.0,0.2441860465116279,True,True,False
33541,0,0.0896186429932769,0.10909488412767818,Knife River Corporation,Coffee Lake Plant,OR,Pacific Northwest Region,other_or_unspecified,3500.0,3500,28.0,standard_28,116.57142857142857,strict_group,156.0,85.42857142857143,80.57142857142858,31.14285714285714,0.26715686274509803,35.999999999999986,0.3088235294117646,True,True,True
33987,1,0.0885432842466146,0.10909488412767818,Knife River Corporation,Woodburn (Oregon) Plant,OR,Pacific Northwest Region,other_or_unspecified,3500.0,3500,28.0,standard_28,130.28571428571428,strict_group,156.0,85.42857142857143,80.57142857142858,44.85714285714285,0.34429824561403505,49.714285714285694,0.3815789473684209,True,True,True
43410,0,0.088236566578784,0.10909488412767818,Smyrna Ready Mix,Chambers Plant,CO,Rocky Mountains Region,other_or_unspecified,3000.0,3000,28.0,standard_28,90.0,strict_group,35.0,71.33333333333334,64.2,18.666666666666657,0.2074074074074073,25.799999999999997,0.2866666666666666,True,True,True
43409,0,0.088236566578784,0.10909488412767818,Smyrna Ready Mix,Chambers Plant,CO,Rocky Mountains Region,other_or_unspecified,3000.0,3000,28.0,standard_28,90.0,strict_group,35.0,71.33333333333334,64.2,18.666666666666657,0.2074074074074073,25.799999999999997,0.2866666666666666,True,True,True
43411,0,0.088236566578784,0.10909488412767818,Smyrna Ready Mix,Chambers Plant,CO,Rocky Mountains Region,other_or_unspecified,3000.0,3000,28.0,standard_28,88.66666666666667,strict_group,35.0,71.33333333333334,64.2,17.33333333333333,0.1954887218045112,24.46666666666667,0.27593984962406015,True,True,False
34667,0,0.0866944609419101,0.10909488412767818,Miles Sand & Gravel,Lacey Plant,WA,Pacific Northwest Region,paving,3000.0,3000,28.0,standard_28,106.66666666666667,strict_group,11.0,94.83333333333334,81.66666666666667,11.833333333333329,0.11093749999999995,25.0,0.234375,True,True,False
554,0,0.0865979562737224,0.10909488412767818,American Rock Products (ARP),Hospital Plant,WA,Pacific Northwest Region,other_or_unspecified,3000.0,3000,28.0,standard_28,122.66666666666667,strict_group,233.0,94.33333333333333,83.66666666666667,28.333333333333343,0.2309782608695653,39.0,0.3179347826086956,True,True,True
32289,0,0.0858780220008001,0.10909488412767818,Holcim - Aggregate Industries,Everett Plant,MA,Eastern Region,other_or_unspecified,2500.0,2500,28.0,standard_28,90.8,strict_group,9.0,60.0,59.120000000000005,30.799999999999997,0.33920704845814975,31.679999999999993,0.34889867841409683,True,True,True
32946,0,0.0852339315479224,0.10909488412767818,Holcim - Aggregate Industries,Texas Plant,MD,Eastern Region,other_or_unspecified,3000.0,3000,28.0,standard_28,57.666666666666664,strict_group,65.0,79.33333333333333,59.666666666666664,0.0,0.0,0.0,0.0,True,False,False
623,0,0.0850581417252435,0.10909488412767818,American Rock Products (ARP),Prosser Plant,WA,Pacific Northwest Region,other_or_unspecified,4000.0,4000,28.0,standard_28,86.25,strict_group,362.0,78.0,67.275,8.25,0.09565217391304348,18.974999999999994,0.21999999999999995,True,False,False
21789,0,0.0844614645831209,0.10909488412767818,Central Pre-Mix (CPM),Sunnyside Plant ,WA,Pacific Northwest Region,other_or_unspecified,3000.0,3000,28.0,standard_28,88.33333333333333,strict_group,233.0,94.33333333333333,83.66666666666667,0.0,0.0,4.666666666666657,0.05283018867924518,True,False,False
43800,0,0.0843076459877099,0.10909488412767818,Smyrna Ready Mix,TN Mobile Plant,TN,Southeastern Region,infrastructure,3000.0,3000,28.0,standard_28,85.33333333333333,national_spec_group,12.0,69.75,57.300000000000004,15.583333333333329,0.18261718749999994,28.033333333333324,0.3285156249999999,True,True,False
33894,1,0.0841088444595921,0.10909488412767818,Knife River Corporation,Sundial Plant,OR,Pacific Northwest Region,filler,3500.0,3500,28.0,standard_28,132.57142857142858,strict_group,18.0,96.35714285714286,85.77142857142857,36.21428571428572,0.2731681034482759,46.80000000000001,0.3530172413793104,True,True,True
363,0,0.0839405646321925,0.10909488412767818,American Rock Products (ARP),Boardman Plant,OR,Pacific Northwest Region,other_or_unspecified,2500.0,2500,28.0,standard_28,98.0,strict_group,14.0,97.6,96.24,0.4000000000000057,0.004081632653061282,1.7600000000000051,0.01795918367346944,True,False,False
30859,0,0.0836901852911724,0.10909488412767818,Gotham Ready Mix LLC,Bronx Plant,NY,Eastern Region,filler,4000.0,4000,28.0,standard_28,97.5,strict_group,17.0,80.75,64.7,16.75,0.1717948717948718,32.8,0.3364102564102564,True,True,False
33469,0,0.0830962430146736,0.10909488412767818,Knife River Corporation,Boise (Idaho) Plant,ID,Pacific Northwest Region,other_or_unspecified,3000.0,3000,28.0,standard_28,101.0,strict_group,233.0,94.33333333333333,83.66666666666667,6.666666666666671,0.06600660066006606,17.33333333333333,0.17161716171617156,True,False,False
1953,0,0.0825192456736446,0.10909488412767818,Bayview Redi Mix Inc.,Bayview Redi Mix Plant,WA,Pacific Northwest Region,other_or_unspecified,3000.0,3000,28.0,standard_28,78.0,strict_group,233.0,94.33333333333333,83.66666666666667,0.0,0.0,0.0,0.0,True,False,False
44415,0,0.0824015664522472,0.10909488412767818,Thomas Concrete,Charleston Plant,SC,Southeastern Region,other_or_unspecified,3000.0,3000,28.0,standard_28,84.0,strict_group,162.0,74.91666666666666,64.36666666666666,9.083333333333343,0.10813492063492075,19.63333333333334,0.23373015873015882,True,True,False
33677,0,0.0822922379215961,0.10909488412767818,Knife River Corporation,Hillsboro Plant,OR,Pacific Northwest Region,other_or_unspecified,4000.0,4000,28.0,standard_28,122.75,strict_group,362.0,78.0,67.275,44.75,0.3645621181262729,55.474999999999994,0.45193482688391035,True,True,True
33891,1,0.0822922379215961,0.10909488412767818,Knife River Corporation,Sundial Plant,OR,Pacific Northwest Region,other_or_unspecified,4000.0,4000,28.0,standard_28,125.0,strict_group,362.0,78.0,67.275,47.0,0.376,57.724999999999994,0.46179999999999993,True,True,True
30852,0,0.0819337550948422,0.10909488412767818,Gotham Ready Mix LLC,Bronx Plant,NY,Eastern Region,other_or_unspecified,4000.0,4000,28.0,standard_28,97.25,strict_group,176.0,67.25,51.125,30.0,0.30848329048843187,46.125,0.47429305912596403,True,True,True
32756,0,0.0815805956283149,0.10909488412767818,Holcim - Aggregate Industries,MAPLE GROVE READY-MIX Plant,MN,North Central Region,other_or_unspecified,4000.0,4000,28.0,standard_28,77.0,strict_group,117.0,60.0,56.46410256410256,17.0,0.22077922077922077,20.53589743589744,0.26669996669996676,True,True,True
32072,0,0.0815805956283149,0.10909488412767818,Holcim - Aggregate Industries,BELLE PLAINE READY-MIX Plant,MN,North Central Region,other_or_unspecified,4000.0,4000,28.0,standard_28,76.5,strict_group,117.0,60.0,56.46410256410256,16.5,0.21568627450980393,20.03589743589744,0.26190715602480313,True,True,True
32459,0,0.0815805956283149,0.10909488412767818,Holcim - Aggregate Industries,FOREST LAKE READY-MIX Plant,MN,North Central Region,other_or_unspecified,4000.0,4000,28.0,standard_28,76.5,strict_group,117.0,60.0,56.46410256410256,16.5,0.21568627450980393,20.03589743589744,0.26190715602480313,True,True,True
32788,0,0.0815805956283149,0.10909488412767818,Holcim - Aggregate Industries,MINNEAPOLIS READY-MIX Plant,MN,North Central Region,other_or_unspecified,4000.0,4000,28.0,standard_28,75.25,strict_group,117.0,60.0,56.46410256410256,15.25,0.2026578073089701,18.78589743589744,0.24964647755345434,True,True,True
690,0,0.0810669611941662,0.10909488412767818,American Rock Products (ARP),Walla Walla Plant,WA,Pacific Northwest Region,other_or_unspecified,4000.0,4000,28.0,standard_28,89.25,strict_group,362.0,78.0,67.275,11.25,0.12605042016806722,21.974999999999994,0.2462184873949579,True,True,False
696,0,0.0810669611941662,0.10909488412767818,American Rock Products (ARP),Walla Walla Plant,WA,Pacific Northwest Region,other_or_unspecified,4000.0,4000,28.0,standard_28,96.0,strict_group,362.0,78.0,67.275,18.0,0.1875,28.724999999999994,0.2992187499999999,True,True,False
33902,0,0.0809956382656881,0.10909488412767818,Knife River Corporation,Sundial Plant,OR,Pacific Northwest Region,other_or_unspecified,4000.0,4000,28.0,standard_28,119.25,strict_group,362.0,78.0,67.275,41.25,0.34591194968553457,51.974999999999994,0.43584905660377354,True,True,True
44557,1,0.0802462386650581,0.10909488412767818,Thomas Concrete,Greenville Plant,SC,Southeastern Region,other_or_unspecified,4000.0,4000,28.0,standard_28,132.0,strict_group,158.0,63.5625,54.925,68.4375,0.5184659090909091,77.075,0.5839015151515152,True,True,True
21837,0,0.0799357203379436,0.10909488412767818,Central Pre-Mix (CPM),Yakima #24 Plant,WA,Pacific Northwest Region,paving,3500.0,3500,28.0,standard_28,93.14285714285714,strict_group,17.0,82.72727272727273,76.8,10.415584415584405,0.11182375906302276,16.34285714285714,0.1754601226993865,True,True,False
21843,0,0.0791773735684312,0.10909488412767818,Central Pre-Mix (CPM),Yakima #24 Plant,WA,Pacific Northwest Region,other_or_unspecified,3500.0,3500,28.0,standard_28,100.85714285714286,strict_group,156.0,85.42857142857143,80.57142857142858,15.42857142857143,0.1529745042492918,20.285714285714278,0.2011331444759206,True,True,False
33990,1,0.0791076613624949,0.10909488412767818,Knife River Corporation,Woodburn (Oregon) Plant,OR,Pacific Northwest Region,other_or_unspecified,3500.0,3500,28.0,standard_28,130.0,strict_group,156.0,85.42857142857143,80.57142857142858,44.57142857142857,0.34285714285714286,49.428571428571416,0.38021978021978015,True,True,True
32557,0,0.0786628877794529,0.10909488412767818,Holcim - Aggregate Industries,Fort Totten (DC) Plant,DC,Eastern Region,other_or_unspecified,4500.0,4500,28.0,standard_28,97.33333333333333,strict_group,47.0,57.888888888888886,45.6,39.44444444444444,0.4052511415525114,51.73333333333333,0.5315068493150684,True,True,True
21667,0,0.0782566769534332,0.10909488412767818,Central Pre-Mix (CPM),Mattawa Plant ,WA,Pacific Northwest Region,structural,3000.0,3000,28.0,standard_28,87.66666666666667,strict_group,10.0,78.83333333333333,77.66666666666667,8.833333333333343,0.10076045627376436,10.0,0.11406844106463877,True,True,False
962,0,0.0774482897339144,0.10909488412767818,Amrize,Metairie Plant,LA,South Central Region,structural,4000.0,4000,28.0,standard_28,79.25,strict_group,6.0,64.3125,54.0,14.9375,0.18848580441640378,25.25,0.3186119873817035,True,True,False
32851,0,0.0769570058987392,0.10909488412767818,Holcim - Aggregate Industries,PORTABLE LRT READY MIX Plant,MN,North Central Region,other_or_unspecified,3500.0,3500,28.0,standard_28,81.42857142857143,strict_group,22.0,69.21428571428572,63.68571428571429,12.214285714285708,0.1499999999999999,17.74285714285714,0.21789473684210522,True,True,False
30925,0,0.0768420028637826,0.10909488412767818,Gotham Ready Mix LLC,Brooklyn (A) Plant,NY,Eastern Region,other_or_unspecified,4000.0,4000,28.0,standard_28,91.75,strict_group,176.0,67.25,51.125,24.5,0.2670299727520436,40.625,0.4427792915531335,True,True,True
21742,0,0.0762487306128951,0.10909488412767818,Central Pre-Mix (CPM),Sullivan Plant ,WA,Pacific Northwest Region,paving,4000.0,4000,28.0,standard_28,92.75,strict_group,45.0,77.5,66.7,15.25,0.16442048517520216,26.049999999999997,0.28086253369272235,True,True,False
33961,0,0.0760615024831019,0.10909488412767818,Knife River Corporation,Wheatland (Oregon) Plant,OR,Pacific Northwest Region,other_or_unspecified,3500.0,3500,28.0,standard_28,122.0,strict_group,156.0,85.42857142857143,80.57142857142858,36.57142857142857,0.2997658079625293,41.428571428571416,0.33957845433255257,True,True,True
30854,0,0.0754667681599583,0.10909488412767818,Gotham Ready Mix LLC,Bronx Plant,NY,Eastern Region,other_or_unspecified,4000.0,4000,28.0,standard_28,97.5,strict_group,176.0,67.25,51.125,30.25,0.31025641025641026,46.375,0.4756410256410256,True,True,True
21788,0,0.0754559399700553,0.10909488412767818,Central Pre-Mix (CPM),Sunnyside Plant ,WA,Pacific Northwest Region,other_or_unspecified,3000.0,3000,28.0,standard_28,88.66666666666667,strict_group,233.0,94.33333333333333,83.66666666666667,0.0,0.0,5.0,0.05639097744360902,True,False,False
43405,0,0.0754367641452356,0.10909488412767818,Smyrna Ready Mix,Chambers Plant,CO,Rocky Mountains Region,other_or_unspecified,3000.0,3000,28.0,standard_28,83.33333333333333,strict_group,35.0,71.33333333333334,64.2,11.999999999999986,0.14399999999999985,19.133333333333326,0.22959999999999992,True,True,False
33759,0,0.075288782561579,0.10909488412767818,Knife River Corporation,Nampa (Idaho) Plant,ID,Pacific Northwest Region,other_or_unspecified,3000.0,3000,28.0,standard_28,94.66666666666667,strict_group,233.0,94.33333333333333,83.66666666666667,0.3333333333333428,0.00352112676056348,11.0,0.11619718309859155,True,False,False
33608,1,0.0750197990526738,0.10909488412767818,Knife River Corporation,Eugene (Oregon) Plant,OR,Pacific Northwest Region,other_or_unspecified,3500.0,3500,28.0,standard_28,124.28571428571429,strict_group,156.0,85.42857142857143,80.57142857142858,38.85714285714286,0.31264367816091954,43.71428571428571,0.3517241379310344,True,True,True
31017,0,0.0747551650289574,0.10909488412767818,Gotham Ready Mix LLC,Brooklyn (B) Plant,NY,Eastern Region,other_or_unspecified,4000.0,4000,28.0,standard_28,94.0,strict_group,176.0,67.25,51.125,26.75,0.2845744680851064,42.875,0.45611702127659576,True,True,True
44417,0,0.0745080694666561,0.10909488412767818,Thomas Concrete,Charleston Plant,SC,Southeastern Region,other_or_unspecified,3000.0,3000,28.0,standard_28,87.66666666666667,strict_group,162.0,74.91666666666666,64.36666666666666,12.750000000000014,0.1454372623574146,23.30000000000001,0.2657794676806085,True,True,False
30923,0,0.0740504566368851,0.10909488412767818,Gotham Ready Mix LLC,Brooklyn (A) Plant,NY,Eastern Region,other_or_unspecified,4000.0,4000,28.0,standard_28,94.25,strict_group,176.0,67.25,51.125,27.0,0.2864721485411141,43.125,0.45755968169761274,True,True,True
666,0,0.0733243175639867,0.10909488412767818,American Rock Products (ARP),Richland Plant,WA,Pacific Northwest Region,other_or_unspecified,4000.0,4000,28.0,standard_28,88.75,strict_group,362.0,78.0,67.275,10.75,0.12112676056338029,21.474999999999994,0.24197183098591543,True,True,False
44451,0,0.0725648035800275,0.10909488412767818,Thomas Concrete,Charlotte Graham Street Plant,NC,Southeastern Region,other_or_unspecified,3000.0,3000,28.0,standard_28,105.33333333333333,strict_group,162.0,74.91666666666666,64.36666666666666,30.41666666666667,0.28876582278481017,40.96666666666667,0.3889240506329114,True,True,True
44449,0,0.0725648035800275,0.10909488412767818,Thomas Concrete,Charlotte Graham Street Plant,NC,Southeastern Region,other_or_unspecified,3000.0,3000,28.0,standard_28,97.66666666666667,strict_group,162.0,74.91666666666666,64.36666666666666,22.750000000000014,0.23293515358361788,33.30000000000001,0.3409556313993175,True,True,True
32809,0,0.0724437295165935,0.10909488412767818,Holcim - Aggregate Industries,MINNEAPOLIS READY-MIX Plant,MN,North Central Region,other_or_unspecified,1200.0,1000,28.0,standard_28,59.50000000000001,strict_group,7.0,40.25,37.35,19.250000000000007,0.32352941176470595,22.150000000000006,0.3722689075630253,True,True,True
31015,0,0.072398974431013,0.10909488412767818,Gotham Ready Mix LLC,Brooklyn (B) Plant,NY,Eastern Region,other_or_unspecified,3500.0,3500,28.0,standard_28,91.42857142857143,strict_group,34.0,80.85714285714286,70.25714285714287,10.57142857142857,0.11562499999999998,21.171428571428564,0.23156249999999992,True,True,False
569,0,0.072220003051486,0.10909488412767818,American Rock Products (ARP),Pasco Plant,WA,Pacific Northwest Region,other_or_unspecified,4000.0,4000,28.0,standard_28,82.0,strict_group,362.0,78.0,67.275,4.0,0.04878048780487805,14.724999999999994,0.17957317073170725,True,False,False
663,0,0.072220003051486,0.10909488412767818,American Rock Products (ARP),Richland Plant,WA,Pacific Northwest Region,other_or_unspecified,4000.0,4000,28.0,standard_28,81.75,strict_group,362.0,78.0,67.275,3.75,0.045871559633027525,14.474999999999994,0.17706422018348617,True,False,False
40721,1,0.0721694723649087,0.10909488412767818,New Enterprise Stone & Lime,"Gateway, NY Plant",NY,Eastern Region,other_or_unspecified,4000.0,4000,28.0,standard_28,133.0,strict_group,176.0,67.25,51.125,65.75,0.4943609022556391,81.875,0.6156015037593985,True,True,True
40684,1,0.0721694723649087,0.10909488412767818,New Enterprise Stone & Lime,"Barton Road, NY Plant",NY,Eastern Region,other_or_unspecified,4000.0,4000,28.0,standard_28,132.0,strict_group,176.0,67.25,51.125,64.75,0.49053030303030304,80.875,0.6126893939393939,True,True,True
358,0,0.0718314467765018,0.10909488412767818,American Rock Products (ARP),Boardman Plant,OR,Pacific Northwest Region,other_or_unspecified,2500.0,2500,28.0,standard_28,104.4,strict_group,14.0,97.6,96.24,6.800000000000011,0.06513409961685834,8.16000000000001,0.07816091954022998,True,False,False
33750,1,0.0714333694427006,0.10909488412767818,Knife River Corporation,McMinnville (Oregon) Plant,OR,Pacific Northwest Region,other_or_unspecified,4000.0,4000,28.0,standard_28,132.0,strict_group,362.0,78.0,67.275,54.0,0.4090909090909091,64.725,0.49034090909090905,True,True,True
44169,0,0.0714184851244553,0.10909488412767818,Thomas Concrete,Airport Plant,NC,Southeastern Region,other_or_unspecified,3000.0,3000,28.0,standard_28,85.66666666666667,strict_group,162.0,74.91666666666666,64.36666666666666,10.750000000000014,0.12548638132295736,21.30000000000001,0.24863813229571996,True,True,False
32924,0,0.0713917603276666,0.10909488412767818,Holcim - Aggregate Industries,Saugus Plant,MA,Eastern Region,other_or_unspecified,4000.0,4000,56.0,extended_56,70.5,strict_group,7.0,66.5,66.5,4.0,0.05673758865248227,4.0,0.05673758865248227,True,False,False
33008,0,0.0713917603276666,0.10909488412767818,Holcim - Aggregate Industries,Waltham Plant,MA,Eastern Region,other_or_unspecified,4000.0,4000,56.0,extended_56,66.5,strict_group,7.0,66.5,66.5,0.0,0.0,0.0,0.0,True,False,False
44353,0,0.0711975461331066,0.10909488412767818,Thomas Concrete,Buckhead Plant,GA,Southeastern Region,other_or_unspecified,3000.0,3000,28.0,standard_28,82.66666666666667,strict_group,162.0,74.91666666666666,64.36666666666666,7.750000000000014,0.09375000000000017,18.30000000000001,0.2213709677419356,True,False,False
32857,0,0.0710520442587965,0.10909488412767818,Holcim - Aggregate Industries,PORTABLE LRT READY MIX Plant,MN,North Central Region,structural,4000.0,4000,28.0,standard_28,69.25,strict_group,31.0,64.375,62.5,4.875,0.0703971119133574,6.75,0.09747292418772563,True,False,False
534,0,0.0710123359646053,0.10909488412767818,American Rock Products (ARP),Hospital Plant,WA,Pacific Northwest Region,other_or_unspecified,3000.0,3000,28.0,standard_28,104.0,strict_group,233.0,94.33333333333333,83.66666666666667,9.666666666666671,0.092948717948718,20.33333333333333,0.19551282051282046,True,False,False
627,0,0.0710123359646053,0.10909488412767818,American Rock Products (ARP),Prosser Plant,WA,Pacific Northwest Region,other_or_unspecified,3000.0,3000,28.0,standard_28,105.66666666666667,strict_group,233.0,94.33333333333333,83.66666666666667,11.333333333333343,0.10725552050473194,22.0,0.20820189274447948,True,True,False
43847,0,0.0709918021037676,0.10909488412767818,Smyrna Ready Mix,Detroit Springwells Plant,MI,Great Lakes Region,paving,3500.0,3500,28.0,standard_28,75.42857142857143,national_spec_group,20.0,81.28571428571428,75.08571428571429,0.0,0.0,0.34285714285714164,0.004545454545454529,True,False,False
43848,0,0.0709918021037676,0.10909488412767818,Smyrna Ready Mix,Detroit Springwells Plant,MI,Great Lakes Region,paving,3500.0,3500,28.0,standard_28,75.42857142857143,national_spec_group,20.0,81.28571428571428,75.08571428571429,0.0,0.0,0.34285714285714164,0.004545454545454529,True,False,False
565,0,0.070794474074135,0.10909488412767818,American Rock Products (ARP),Pasco Plant,WA,Pacific Northwest Region,other_or_unspecified,3500.0,3500,28.0,standard_28,90.28571428571429,strict_group,156.0,85.42857142857143,80.57142857142858,4.857142857142861,0.053797468354430424,9.714285714285708,0.10759493670886068,True,False,False
593,0,0.0707778992954736,0.10909488412767818,American Rock Products (ARP),Pendleton Plant,OR,Pacific Northwest Region,other_or_unspecified,3000.0,3000,28.0,standard_28,108.33333333333333,strict_group,233.0,94.33333333333333,83.66666666666667,14.0,0.12923076923076923,24.666666666666657,0.2276923076923076,True,True,False
