row_index,y_true,model_probability,base_positive_rate,Company,Plant,Plant Location - State,U.S. Region of Plant,application_family,strength_psi,strength_bin_500,curing_days,curing_family,gwp_per_ksi,reference_group_type,reference_group_n,reference_p25_gwp_per_ksi,reference_p10_gwp_per_ksi,absolute_reduction_to_p25,relative_reduction_to_p25,absolute_reduction_to_p10,relative_reduction_to_p10,has_comparable_alternative_group,has_10pct_reduction_opportunity,has_20pct_reduction_opportunity
15734,1,0.9999342027561592,0.08432859071554678,CEMEX,Walnut Plant,CA,Pacific Southwest Region,other_or_unspecified,78.63,0,28.0,standard_28,1056.848531095002,national_spec_group,10.0,473.625,267.1333333333333,583.223531095002,0.5518515794223827,789.7151977616687,0.7472359326113117,True,True,True
14230,1,0.9999215142326784,0.08432859071554678,CEMEX,Santa Clara Plant,CA,Pacific Southwest Region,other_or_unspecified,100.0,0,28.0,standard_28,1360.0,national_spec_group,10.0,473.625,267.1333333333333,886.375,0.6517463235294118,1092.8666666666668,0.8035784313725491,True,True,True
15159,1,0.9999150728661486,0.08432859071554678,CEMEX,Sweetwater Plant,FL,Southeastern Region,filler,150.0,0,28.0,standard_28,1260.0,strict_group,12.0,700.1666666666666,581.5666666666667,559.8333333333334,0.4443121693121693,678.4333333333333,0.5384391534391534,True,True,True
9297,1,0.999903429790582,0.08432859071554678,CEMEX,Lawrenceville Plant,GA,Southeastern Region,paving,350.0,500,28.0,standard_28,1200.0,regional_strength_group,6.0,374.2307692307692,295.83333333333337,825.7692307692307,0.6881410256410256,904.1666666666666,0.7534722222222222,True,True,True
33464,1,0.9998996858428412,0.08432859071554678,Knife River Corporation,Boise (Idaho) Plant,ID,Pacific Northwest Region,other_or_unspecified,300.0,500,28.0,standard_28,304.6666666666667,strict_group,6.0,170.55,159.4,134.11666666666667,0.44020787746170675,145.26666666666668,0.47680525164113785,True,True,True
33463,1,0.9998937857561148,0.08432859071554678,Knife River Corporation,Boise (Idaho) Plant,ID,Pacific Northwest Region,other_or_unspecified,300.0,500,28.0,standard_28,308.00000000000006,strict_group,6.0,170.55,159.4,137.45000000000005,0.4462662337662338,148.60000000000005,0.48246753246753254,True,True,True
42876,1,0.9998880958449624,0.08432859071554678,Silver Strike Concrete,Silver Strike Sparks Plant,NV,Pacific Southwest Region,filler,200.0,0,28.0,standard_28,1380.0,national_spec_group,101.0,570.0,476.0,810.0,0.5869565217391305,904.0,0.6550724637681159,True,True,True
40970,1,0.9998797506530848,0.08432859071554678,Pete Lien & Sons,Colorado Springs Ready Mix Plant 2 Plant,CO,Rocky Mountains Region,filler,200.0,0,28.0,standard_28,233.5,strict_group,28.0,694.25,407.90000000000003,0.0,0.0,0.0,0.0,True,False,False
33720,1,0.999879102289161,0.08432859071554678,Knife River Corporation,Linnton Plant,OR,Pacific Northwest Region,filler,300.0,500,28.0,standard_28,366.6666666666667,strict_group,19.0,261.5,240.8,105.16666666666669,0.28681818181818186,125.86666666666667,0.3432727272727273,True,True,True
33461,1,0.9998754496496254,0.08432859071554678,Knife River Corporation,Boise (Idaho) Plant,ID,Pacific Northwest Region,filler,300.0,500,28.0,standard_28,360.0,strict_group,19.0,261.5,240.8,98.5,0.27361111111111114,119.19999999999999,0.3311111111111111,True,True,True
33462,1,0.9998708200952688,0.08432859071554678,Knife River Corporation,Boise (Idaho) Plant,ID,Pacific Northwest Region,filler,250.0,0,28.0,standard_28,328.4,strict_group,40.0,589.5000000000001,437.05000000000007,0.0,0.0,0.0,0.0,True,False,False
33626,1,0.9998678087402572,0.08432859071554678,Knife River Corporation,Eugene (Oregon) Plant,OR,Pacific Northwest Region,filler,250.0,0,28.0,standard_28,556.0,strict_group,40.0,589.5000000000001,437.05000000000007,0.0,0.0,118.94999999999993,0.21393884892086318,True,False,False
12056,1,0.9998662201249224,0.08432859071554678,CEMEX,Pembroke Pines Plant,FL,Southeastern Region,filler,150.0,0,28.0,standard_28,1253.3333333333335,strict_group,12.0,700.1666666666666,581.5666666666667,553.1666666666669,0.4413563829787235,671.7666666666668,0.5359840425531915,True,True,True
7470,1,0.9998534183925192,0.08432859071554678,CEMEX,Downtown Miami Plant,FL,Southeastern Region,filler,150.0,0,28.0,standard_28,1253.3333333333335,strict_group,12.0,700.1666666666666,581.5666666666667,553.1666666666669,0.4413563829787235,671.7666666666668,0.5359840425531915,True,True,True
40998,1,0.999851129500907,0.08432859071554678,Pete Lien & Sons,Colorado Springs Ready Mix Plant 3 Plant,CO,Rocky Mountains Region,filler,200.0,0,28.0,standard_28,248.99999999999997,strict_group,28.0,694.25,407.90000000000003,0.0,0.0,0.0,0.0,True,False,False
33555,1,0.9998507868676438,0.08432859071554678,Knife River Corporation,Coffee Lake Plant,OR,Pacific Northwest Region,filler,300.0,500,28.0,standard_28,423.33333333333337,strict_group,19.0,261.5,240.8,161.83333333333337,0.3822834645669292,182.53333333333336,0.43118110236220475,True,True,True
10044,1,0.9998456112485784,0.08432859071554678,CEMEX,Milton Plant,FL,Southeastern Region,filler,100.0,0,28.0,standard_28,1010.0,strict_group,12.0,700.1666666666666,581.5666666666667,309.83333333333337,0.3067656765676568,428.4333333333333,0.42419141914191416,True,True,True
6158,1,0.9998412774346668,0.08432859071554678,CEMEX,Card Sound Mine Plant,FL,Southeastern Region,filler,150.0,0,28.0,standard_28,1220.0,strict_group,12.0,700.1666666666666,581.5666666666667,519.8333333333334,0.4260928961748634,638.4333333333333,0.5233060109289617,True,True,True
10463,1,0.9998371936647562,0.08432859071554678,CEMEX,Mosielee Plant,TX,South Central Region,filler,150.0,0,28.0,standard_28,553.3333333333334,strict_group,5.0,553.3333333333334,539.3333333333334,0.0,0.0,14.0,0.025301204819277105,True,False,False
8202,1,0.9998370971994937,0.08432859071554678,CEMEX,Grand Parkway Plant,TX,South Central Region,filler,50.0,0,28.0,standard_28,1445.9999999999998,strict_group,5.0,553.3333333333334,539.3333333333334,892.6666666666664,0.6173351775011525,906.6666666666664,0.6270170585523281,True,True,True
33936,1,0.9998299894489968,0.08432859071554678,Knife River Corporation,Tumalo (Oregon) Plant,OR,Pacific Northwest Region,filler,150.0,0,28.0,standard_28,1273.3333333333335,strict_group,40.0,589.5000000000001,437.05000000000007,683.8333333333334,0.5370418848167539,836.2833333333334,0.6567670157068063,True,True,True
46383,1,0.999824646402836,0.08432859071554678,United Companies,Steamboat Plant,CO,Rocky Mountains Region,filler,60.0,0,28.0,standard_28,1016.6666666666667,strict_group,28.0,694.25,407.90000000000003,322.41666666666674,0.31713114754098365,608.7666666666667,0.5987868852459016,True,True,True
46293,1,0.9998231674834076,0.08432859071554678,United Companies,Powers Plant,CO,Rocky Mountains Region,filler,60.0,0,28.0,standard_28,1035.0,strict_group,28.0,694.25,407.90000000000003,340.75,0.3292270531400966,627.0999999999999,0.6058937198067632,True,True,True
8190,1,0.9998218917527216,0.08432859071554678,CEMEX,Globe Plant,AZ,Pacific Southwest Region,filler,50.0,0,28.0,standard_28,1445.9999999999998,national_spec_group,101.0,570.0,476.0,875.9999999999998,0.6058091286307054,969.9999999999998,0.6708160442600276,True,True,True
2727,1,0.999821731576979,0.08432859071554678,Cadman / Heidelberg Materials,Foster Road Plant,OR,Pacific Northwest Region,filler,150.0,0,28.0,standard_28,806.6666666666667,strict_group,40.0,589.5000000000001,437.05000000000007,217.16666666666663,0.26921487603305777,369.6166666666667,0.45820247933884295,True,True,True
46441,1,0.999820702835986,0.08432859071554678,United Companies,Woody Creek Plant,CO,Rocky Mountains Region,filler,60.0,0,28.0,standard_28,1170.0,strict_group,28.0,694.25,407.90000000000003,475.75,0.4066239316239316,762.0999999999999,0.6513675213675213,True,True,True
33625,1,0.9998123613635008,0.08432859071554678,Knife River Corporation,Eugene (Oregon) Plant,OR,Pacific Northwest Region,filler,300.0,500,28.0,standard_28,400.0,strict_group,19.0,261.5,240.8,138.5,0.34625,159.2,0.39799999999999996,True,True,True
33624,1,0.9998110309976348,0.08432859071554678,Knife River Corporation,Eugene (Oregon) Plant,OR,Pacific Northwest Region,filler,200.0,0,28.0,standard_28,955.0,strict_group,40.0,589.5000000000001,437.05000000000007,365.4999999999999,0.3827225130890051,517.9499999999999,0.5423560209424083,True,True,True
7674,1,0.9998099203956672,0.08432859071554678,CEMEX,Englewood Plant,TX,South Central Region,filler,150.0,0,28.0,standard_28,680.0,strict_group,5.0,553.3333333333334,539.3333333333334,126.66666666666663,0.18627450980392152,140.66666666666663,0.20686274509803915,True,True,False
422,1,0.9998092515688126,0.08432859071554678,American Rock Products (ARP),Hermiston Plant,OR,Pacific Northwest Region,filler,200.0,0,28.0,standard_28,675.0,strict_group,40.0,589.5000000000001,437.05000000000007,85.49999999999989,0.1266666666666665,237.94999999999993,0.3525185185185184,True,True,False
33863,1,0.9997994989786548,0.08432859071554678,Knife River Corporation,Redmond (Oregon) Plant,OR,Pacific Northwest Region,filler,150.0,0,28.0,standard_28,1260.0,strict_group,40.0,589.5000000000001,437.05000000000007,670.4999999999999,0.532142857142857,822.9499999999999,0.6531349206349206,True,True,True
46323,1,0.9997970988000344,0.08432859071554678,United Companies,Rifle Plant,CO,Rocky Mountains Region,filler,60.0,0,28.0,standard_28,895.0000000000001,strict_group,28.0,694.25,407.90000000000003,200.7500000000001,0.22430167597765374,487.1000000000001,0.5442458100558659,True,True,True
33939,1,0.9997915329137864,0.08432859071554678,Knife River Corporation,Tumalo (Oregon) Plant,OR,Pacific Northwest Region,filler,300.0,500,28.0,standard_28,580.0,strict_group,19.0,261.5,240.8,318.5,0.5491379310344827,339.2,0.5848275862068966,True,True,True
337,1,0.9997881634941392,0.08432859071554678,American Rock Products (ARP),Boardman Plant,OR,Pacific Northwest Region,filler,100.0,0,28.0,standard_28,630.0,strict_group,40.0,589.5000000000001,437.05000000000007,40.499999999999886,0.0642857142857141,192.94999999999993,0.30626984126984114,True,False,False
3289,1,0.99978679434382,0.08432859071554678,Cadman / Heidelberg Materials,Orchards Plant,WA,Pacific Northwest Region,filler,150.0,0,28.0,standard_28,840.0,strict_group,40.0,589.5000000000001,437.05000000000007,250.4999999999999,0.2982142857142856,402.94999999999993,0.4797023809523809,True,True,True
46478,1,0.9997863665142483,0.08432859071554678,US Concrete Mix / Smyrna Ready Mix,BRONX Plant,NY,Eastern Region,filler,400.0,500,28.0,standard_28,740.0,national_spec_group,26.0,258.75,239.0,481.25,0.6503378378378378,501.0,0.677027027027027,True,True,True
423,1,0.9997848464460394,0.08432859071554678,American Rock Products (ARP),Hermiston Plant,OR,Pacific Northwest Region,filler,100.0,0,28.0,standard_28,1360.0,strict_group,40.0,589.5000000000001,437.05000000000007,770.4999999999999,0.5665441176470587,922.9499999999999,0.6786397058823529,True,True,True
46141,1,0.999784005137784,0.08432859071554678,United Companies,Delta Plant,CO,Rocky Mountains Region,filler,60.0,0,28.0,standard_28,996.6666666666666,strict_group,28.0,694.25,407.90000000000003,302.41666666666663,0.3034280936454849,588.7666666666667,0.5907357859531772,True,True,True
44154,1,0.99977825873805,0.08432859071554678,Tec-Crete Transit Mix Corp.,Jamaica Plant,NY,Eastern Region,filler,250.0,0,28.0,standard_28,796.0,strict_group,10.0,528.25,489.2666666666667,267.75,0.33636934673366836,306.7333333333333,0.3853433835845896,True,True,True
4551,1,0.9997757322764482,0.08432859071554678,"Callanan Industries, Inc.",Port of Albany Plant,NY,Eastern Region,filler,150.0,0,28.0,standard_28,489.33333333333337,strict_group,10.0,528.25,489.2666666666667,0.0,0.0,0.06666666666666288,0.00013623978201634103,True,False,False
30828,1,0.9997717735640764,0.08432859071554678,Four Winds Concrete Inc.,Windgap Plant,PA,Eastern Region,filler,150.0,0,28.0,standard_28,538.0,strict_group,10.0,528.25,489.2666666666667,9.75,0.01812267657992565,48.73333333333329,0.09058240396530351,True,False,False
338,1,0.9997667133050951,0.08432859071554678,American Rock Products (ARP),Boardman Plant,OR,Pacific Northwest Region,filler,200.0,0,28.0,standard_28,570.0,strict_group,40.0,589.5000000000001,437.05000000000007,0.0,0.0,132.94999999999993,0.2332456140350876,True,False,False
30510,1,0.9997638307961088,0.08432859071554678,"Ernst Enterprises, Inc.",Columbus Plant,OH,Great Lakes Region,other_or_unspecified,150.0,0,28.0,standard_28,464.0,national_spec_group,10.0,473.625,267.1333333333333,0.0,0.0,196.86666666666667,0.4242816091954023,True,False,False
43866,1,0.9997622933084644,0.08432859071554678,Smyrna Ready Mix,Nashville Plant,TN,Southeastern Region,filler,100.0,0,28.0,standard_28,1270.0,strict_group,12.0,700.1666666666666,581.5666666666667,569.8333333333334,0.4486876640419948,688.4333333333333,0.5420734908136483,True,True,True
339,1,0.9997608228470548,0.08432859071554678,American Rock Products (ARP),Boardman Plant,OR,Pacific Northwest Region,filler,100.0,0,28.0,standard_28,1140.0,strict_group,40.0,589.5000000000001,437.05000000000007,550.4999999999999,0.48289473684210515,702.9499999999999,0.6166228070175438,True,True,True
33866,1,0.9997582964610672,0.08432859071554678,Knife River Corporation,Redmond (Oregon) Plant,OR,Pacific Northwest Region,filler,300.0,500,28.0,standard_28,570.0,strict_group,19.0,261.5,240.8,308.5,0.5412280701754386,329.2,0.5775438596491228,True,True,True
44015,1,0.9997550615971726,0.08432859071554678,Stoneway Concrete,Seattle Plant,WA,Pacific Northwest Region,filler,100.0,0,28.0,standard_28,492.0,strict_group,40.0,589.5000000000001,437.05000000000007,0.0,0.0,54.94999999999993,0.11168699186991857,True,False,False
424,1,0.99975407310869,0.08432859071554678,American Rock Products (ARP),Hermiston Plant,OR,Pacific Northwest Region,filler,50.0,0,28.0,standard_28,1248.0,strict_group,40.0,589.5000000000001,437.05000000000007,658.4999999999999,0.5276442307692307,810.9499999999999,0.6497996794871794,True,True,True
43815,1,0.9997505606616152,0.08432859071554678,Smyrna Ready Mix,TN Mobile Plant,TN,Southeastern Region,paving,100.0,0,28.0,standard_28,1220.0,regional_strength_group,13.0,720.0,588.1333333333333,500.0,0.4098360655737705,631.8666666666667,0.5179234972677595,True,True,True
46113,1,0.9997487147160088,0.08432859071554678,United Companies,Crested Butte Plant,CO,Rocky Mountains Region,filler,100.0,0,28.0,standard_28,1430.0,strict_group,28.0,694.25,407.90000000000003,735.75,0.5145104895104895,1022.0999999999999,0.7147552447552447,True,True,True
8265,1,0.9997476265829603,0.08432859071554678,CEMEX,Grissom Plant,TX,South Central Region,filler,150.0,0,28.0,standard_28,826.6666666666667,strict_group,5.0,553.3333333333334,539.3333333333334,273.33333333333337,0.3306451612903226,287.33333333333337,0.34758064516129034,True,True,True
45091,1,0.9997468010634744,0.08432859071554678,Titan Virginia Ready-Mix,Centreville RM Plant,VA,Eastern Region,filler,200.0,0,28.0,standard_28,525.0,strict_group,10.0,528.25,489.2666666666667,0.0,0.0,35.73333333333329,0.06806349206349198,True,False,False
7066,1,0.9997375808459996,0.08432859071554678,CEMEX,Dallas Plant,GA,Southeastern Region,filler,150.0,0,28.0,standard_28,640.6666666666666,strict_group,12.0,700.1666666666666,581.5666666666667,0.0,0.0,59.09999999999991,0.09224765868886563,True,False,False
22032,1,0.9997314951456046,0.08432859071554678,Clayton Concrete,North Arlington NJ Plant,NJ,Eastern Region,other_or_unspecified,700.0,500,28.0,standard_28,417.14285714285717,strict_group,5.0,417.14285714285717,404.2857142857143,0.0,0.0,12.85714285714289,0.030821917808219253,True,False,False
21781,1,0.9997311095196096,0.08432859071554678,Central Pre-Mix (CPM),Sullivan Plant ,WA,Pacific Northwest Region,filler,100.0,0,28.0,standard_28,1280.0,strict_group,40.0,589.5000000000001,437.05000000000007,690.4999999999999,0.5394531249999999,842.9499999999999,0.6585546874999999,True,True,True
33465,1,0.999722053103168,0.08432859071554678,Knife River Corporation,Boise (Idaho) Plant,ID,Pacific Northwest Region,filler,300.0,500,28.0,standard_28,213.66666666666666,strict_group,19.0,261.5,240.8,0.0,0.0,0.0,0.0,True,False,False
33496,1,0.999721584213362,0.08432859071554678,Knife River Corporation,Boise (Idaho) Plant,ID,Pacific Northwest Region,other_or_unspecified,300.0,500,28.0,standard_28,1016.6666666666667,strict_group,6.0,170.55,159.4,846.1166666666668,0.8322459016393443,857.2666666666668,0.8432131147540984,True,True,True
21782,1,0.9997156812693996,0.08432859071554678,Central Pre-Mix (CPM),Sullivan Plant ,WA,Pacific Northwest Region,filler,200.0,0,28.0,standard_28,471.0,strict_group,40.0,589.5000000000001,437.05000000000007,0.0,0.0,33.94999999999993,0.07208067940552003,True,False,False
21772,1,0.9997125614577098,0.08432859071554678,Central Pre-Mix (CPM),Sullivan Plant ,WA,Pacific Northwest Region,filler,100.0,0,28.0,standard_28,640.9999999999999,strict_group,40.0,589.5000000000001,437.05000000000007,51.49999999999977,0.0803432137285488,203.94999999999982,0.31817472698907934,True,False,False
40930,1,0.9997073340600512,0.08432859071554678,Peak Ready Mix,Clear Creek Plant,CO,Rocky Mountains Region,filler,100.0,0,28.0,standard_28,1360.0,strict_group,28.0,694.25,407.90000000000003,665.75,0.4895220588235294,952.0999999999999,0.7000735294117646,True,True,True
8206,1,0.999682757758043,0.08432859071554678,CEMEX,Grand Parkway Plant,TX,South Central Region,filler,150.0,0,28.0,standard_28,530.0,strict_group,5.0,553.3333333333334,539.3333333333334,0.0,0.0,0.0,0.0,True,False,False
21649,1,0.999681827693152,0.08432859071554678,Central Pre-Mix (CPM),Crestline Plant ,WA,Pacific Northwest Region,filler,150.0,0,28.0,standard_28,444.6666666666667,strict_group,40.0,589.5000000000001,437.05000000000007,0.0,0.0,7.616666666666617,0.017128935532233772,True,False,False
33920,1,0.9996745040606771,0.08432859071554678,Knife River Corporation,Tumalo (Oregon) Plant,OR,Pacific Northwest Region,filler,100.0,0,28.0,standard_28,1340.0,strict_group,40.0,589.5000000000001,437.05000000000007,750.4999999999999,0.5600746268656716,902.9499999999999,0.6738432835820894,True,True,True
21613,1,0.9996743523383096,0.08432859071554678,Central Pre-Mix (CPM),Crestline Plant ,WA,Pacific Northwest Region,filler,200.0,0,28.0,standard_28,650.0,strict_group,40.0,589.5000000000001,437.05000000000007,60.499999999999886,0.0930769230769229,212.94999999999993,0.32761538461538453,True,False,False
46172,1,0.9996732865030816,0.08432859071554678,United Companies,Gunnison Plant,CO,Rocky Mountains Region,filler,60.0,0,28.0,standard_28,1183.3333333333335,strict_group,28.0,694.25,407.90000000000003,489.0833333333335,0.4133098591549296,775.4333333333334,0.6552957746478872,True,True,True
777,1,0.9996732488059598,0.08432859071554678,Amrize,Broomfield Plant,CO,Rocky Mountains Region,paving,50.0,0,28.0,standard_28,724.0,regional_strength_group,30.0,727.5833333333333,453.30000000000007,0.0,0.0,270.69999999999993,0.3738950276243093,True,False,False
22033,1,0.999672481220736,0.08432859071554678,Clayton Concrete,North Arlington NJ Plant,NJ,Eastern Region,other_or_unspecified,700.0,500,28.0,standard_28,395.7142857142857,strict_group,5.0,417.14285714285717,404.2857142857143,0.0,0.0,0.0,0.0,True,False,False
46324,1,0.9996697516002512,0.08432859071554678,United Companies,Rifle Plant,CO,Rocky Mountains Region,filler,100.0,0,28.0,standard_28,476.0,strict_group,28.0,694.25,407.90000000000003,0.0,0.0,68.09999999999997,0.14306722689075624,True,False,False
4513,1,0.9996592131610734,0.08432859071554678,"Callanan Industries, Inc.",Latham Plant,NY,Eastern Region,filler,150.0,0,28.0,standard_28,488.6666666666667,strict_group,10.0,528.25,489.2666666666667,0.0,0.0,0.0,0.0,True,False,False
30783,1,0.9996510109424296,0.08432859071554678,Four Winds Concrete Inc.,Bethlehem Plant,PA,Eastern Region,filler,150.0,0,28.0,standard_28,680.0,strict_group,10.0,528.25,489.2666666666667,151.75,0.22316176470588237,190.7333333333333,0.2804901960784313,True,True,True
21780,1,0.999646407927823,0.08432859071554678,Central Pre-Mix (CPM),Sullivan Plant ,WA,Pacific Northwest Region,filler,65.0,0,28.0,standard_28,707.6923076923076,strict_group,40.0,589.5000000000001,437.05000000000007,118.19230769230751,0.16701086956521716,270.64230769230755,0.3824293478260868,True,True,False
33849,1,0.9996339244494682,0.08432859071554678,Knife River Corporation,Redmond (Oregon) Plant,OR,Pacific Northwest Region,filler,100.0,0,28.0,standard_28,1260.0,strict_group,40.0,589.5000000000001,437.05000000000007,670.4999999999999,0.532142857142857,822.9499999999999,0.6531349206349206,True,True,True
30706,1,0.9996276254899904,0.08432859071554678,Flatiron,Flatiron Wet Batch Plant,CO,Rocky Mountains Region,filler,100.0,0,28.0,standard_28,990.9999999999999,strict_group,28.0,694.25,407.90000000000003,296.7499999999999,0.2994450050454086,583.0999999999999,0.5883955600403632,True,True,True
21771,1,0.99962628794402,0.08432859071554678,Central Pre-Mix (CPM),Sullivan Plant ,WA,Pacific Northwest Region,filler,100.0,0,28.0,standard_28,677.9999999999999,strict_group,40.0,589.5000000000001,437.05000000000007,88.49999999999977,0.1305309734513271,240.94999999999982,0.3553834808259585,True,True,False
4000,1,0.9996195920415952,0.08432859071554678,Cadman / Heidelberg Materials,Port of Portland Plant,OR,Pacific Northwest Region,other_or_unspecified,300.0,500,90.0,long,520.0,regional_strength_group,28.0,255.16666666666666,202.30666666666667,264.83333333333337,0.5092948717948719,317.6933333333333,0.610948717948718,True,True,True
46386,1,0.9996073678332597,0.08432859071554678,United Companies,Steamboat Plant,CO,Rocky Mountains Region,filler,100.0,0,28.0,standard_28,519.0,strict_group,28.0,694.25,407.90000000000003,0.0,0.0,111.09999999999997,0.21406551059730244,True,False,False
30829,1,0.9996070555791928,0.08432859071554678,Four Winds Concrete Inc.,Windgap Plant,PA,Eastern Region,filler,118.0,0,28.0,standard_28,642.3728813559322,strict_group,10.0,528.25,489.2666666666667,114.12288135593224,0.17765831134564647,153.10621468926553,0.23834476693051887,True,True,False
15210,1,0.999605421650658,0.08432859071554678,CEMEX,Thomasville Plant,AL,Southeastern Region,filler,150.0,0,28.0,standard_28,900.0,strict_group,12.0,700.1666666666666,581.5666666666667,199.83333333333337,0.2220370370370371,318.4333333333333,0.35381481481481475,True,True,True
14746,1,0.9995981036245204,0.08432859071554678,CEMEX,Sierra Vista Plant,AZ,Pacific Southwest Region,filler,50.0,0,28.0,standard_28,1281.9999999999998,national_spec_group,101.0,570.0,476.0,711.9999999999998,0.5553822152886114,805.9999999999998,0.6287051482059282,True,True,True
46201,1,0.9995837878310864,0.08432859071554678,United Companies,Gypsum Plant,CO,Rocky Mountains Region,filler,60.0,0,28.0,standard_28,1076.6666666666665,strict_group,28.0,694.25,407.90000000000003,382.4166666666665,0.3551857585139318,668.7666666666664,0.6211455108359132,True,True,True
46385,1,0.9995817530522648,0.08432859071554678,United Companies,Steamboat Plant,CO,Rocky Mountains Region,filler,60.0,0,28.0,standard_28,1343.3333333333333,strict_group,28.0,694.25,407.90000000000003,649.0833333333333,0.4831885856079404,935.4333333333332,0.6963523573200991,True,True,True
46171,1,0.9995742601986312,0.08432859071554678,United Companies,Gunnison Plant,CO,Rocky Mountains Region,filler,65.0,0,28.0,standard_28,983.076923076923,strict_group,28.0,694.25,407.90000000000003,288.826923076923,0.29379890453834107,575.176923076923,0.5850782472613458,True,True,True
42877,1,0.9995675111716328,0.08432859071554678,Silver Strike Concrete,Silver Strike Sparks Plant,NV,Pacific Southwest Region,filler,500.0,500,28.0,standard_28,484.0,national_spec_group,26.0,258.75,239.0,225.25,0.46539256198347106,245.0,0.506198347107438,True,True,True
46352,1,0.9995546937845716,0.08432859071554678,United Companies,River Road Plant,CO,Rocky Mountains Region,filler,60.0,0,28.0,standard_28,1121.6666666666667,strict_group,28.0,694.25,407.90000000000003,427.41666666666674,0.3810549777117385,713.7666666666667,0.6363447251114412,True,True,True
5515,1,0.9995533899528904,0.08432859071554678,CEMEX,Auburn (Portable) Plant,AL,Southeastern Region,filler,300.0,500,28.0,standard_28,251.66666666666669,national_spec_group,26.0,258.75,239.0,0.0,0.0,12.666666666666686,0.05033112582781464,True,False,False
21682,1,0.9995499600783352,0.08432859071554678,Central Pre-Mix (CPM),Sullivan Plant ,WA,Pacific Northwest Region,other_or_unspecified,150.0,0,28.0,standard_28,235.33333333333331,strict_group,6.0,328.625,253.0,0.0,0.0,0.0,0.0,True,False,False
40707,1,0.9995295572761976,0.08432859071554678,New Enterprise Stone & Lime,"Gateway, NY Plant",NY,Eastern Region,filler,300.0,500,56.0,extended_56,566.6666666666667,regional_strength_group,13.0,395.7142857142857,295.33333333333337,170.95238095238102,0.30168067226890766,271.33333333333337,0.4788235294117647,True,True,True
40670,1,0.9995295572761976,0.08432859071554678,New Enterprise Stone & Lime,"Barton Road, NY Plant",NY,Eastern Region,filler,300.0,500,56.0,extended_56,553.3333333333334,regional_strength_group,13.0,395.7142857142857,295.33333333333337,157.61904761904765,0.28485370051635117,258.0,0.4662650602409638,True,True,True
44166,1,0.999529095940262,0.08432859071554678,Tec-Crete Transit Mix Corp.,Long Island City Plant,NY,Eastern Region,filler,250.0,0,28.0,standard_28,780.0,strict_group,10.0,528.25,489.2666666666667,251.75,0.3227564102564103,290.7333333333333,0.37273504273504265,True,True,True
46412,1,0.9995242802345778,0.08432859071554678,United Companies,Telluride Plant,CO,Rocky Mountains Region,filler,100.0,0,28.0,standard_28,1120.0,strict_group,28.0,694.25,407.90000000000003,425.75,0.3801339285714286,712.0999999999999,0.6358035714285714,True,True,True
46353,1,0.9995225378972188,0.08432859071554678,United Companies,River Road Plant,CO,Rocky Mountains Region,filler,100.0,0,28.0,standard_28,862.0,strict_group,28.0,694.25,407.90000000000003,167.75,0.19460556844547564,454.09999999999997,0.526798143851508,True,True,False
46261,1,0.999517744623988,0.08432859071554678,United Companies,Montrose Plant,CO,Rocky Mountains Region,filler,60.0,0,28.0,standard_28,1335.0,strict_group,28.0,694.25,407.90000000000003,640.75,0.4799625468164794,927.0999999999999,0.6944569288389513,True,True,True
5393,1,0.9994822970046224,0.08432859071554678,CEMEX,Athens Plant,AL,Southeastern Region,filler,200.0,0,28.0,standard_28,550.0,strict_group,12.0,700.1666666666666,581.5666666666667,0.0,0.0,0.0,0.0,True,False,False
43771,1,0.9994717911282976,0.08432859071554678,Smyrna Ready Mix,SCGA Mobile Plant,SC,Southeastern Region,filler,100.0,0,28.0,standard_28,575.0,strict_group,12.0,700.1666666666666,581.5666666666667,0.0,0.0,0.0,0.0,True,False,False
2889,1,0.999467059540002,0.08432859071554678,Cadman / Heidelberg Materials,Foster Road Plant,OR,Pacific Northwest Region,filler,100.0,0,28.0,standard_28,689.0,strict_group,40.0,589.5000000000001,437.05000000000007,99.49999999999989,0.14441219158200275,251.94999999999993,0.3656748911465892,True,True,False
33460,0,0.999465990048309,0.08432859071554678,Knife River Corporation,Boise (Idaho) Plant,ID,Pacific Northwest Region,filler,800.0,1000,28.0,standard_28,99.875,national_spec_group,15.0,102.4375,81.18499999999999,0.0,0.0,18.690000000000012,0.18713391739674606,True,False,False
40669,1,0.9994622132476214,0.08432859071554678,New Enterprise Stone & Lime,"Barton Road, NY Plant",NY,Eastern Region,filler,150.0,0,56.0,extended_56,966.6666666666667,regional_strength_group,12.0,534.75,492.90000000000003,431.91666666666674,0.44681034482758625,473.7666666666667,0.49010344827586205,True,True,True
40706,1,0.9994622132476214,0.08432859071554678,New Enterprise Stone & Lime,"Gateway, NY Plant",NY,Eastern Region,filler,150.0,0,56.0,extended_56,986.6666666666667,regional_strength_group,12.0,534.75,492.90000000000003,451.91666666666674,0.4580236486486487,493.7666666666667,0.5004391891891892,True,True,True
30784,1,0.9994574610930118,0.08432859071554678,Four Winds Concrete Inc.,Bethlehem Plant,PA,Eastern Region,filler,118.0,0,28.0,standard_28,822.0338983050848,strict_group,10.0,528.25,489.2666666666667,293.7838983050848,0.35738659793814437,332.7672316384181,0.40480962199312714,True,True,True
2886,1,0.9994392457466892,0.08432859071554678,Cadman / Heidelberg Materials,Foster Road Plant,OR,Pacific Northwest Region,other_or_unspecified,300.0,500,90.0,long,523.3333333333334,regional_strength_group,28.0,255.16666666666666,202.30666666666667,268.16666666666674,0.5124203821656051,321.0266666666667,0.6134267515923567,True,True,True
3836,1,0.9994240698915532,0.08432859071554678,Cadman / Heidelberg Materials,Port of Portland Plant,OR,Pacific Northwest Region,filler,150.0,0,28.0,standard_28,753.3333333333334,strict_group,40.0,589.5000000000001,437.05000000000007,163.83333333333326,0.21747787610619457,316.2833333333333,0.41984513274336277,True,True,True
46173,1,0.999414536864103,0.08432859071554678,United Companies,Gunnison Plant,CO,Rocky Mountains Region,filler,100.0,0,28.0,standard_28,905.0,strict_group,28.0,694.25,407.90000000000003,210.75,0.23287292817679558,497.09999999999997,0.5492817679558011,True,True,True
22097,1,0.999406273405226,0.08432859071554678,Conewago Manufacturing,Conewago Manufacturing Plant,PA,Eastern Region,filler,800.0,1000,28.0,standard_28,291.25,national_spec_group,15.0,102.4375,81.18499999999999,188.8125,0.6482832618025751,210.065,0.7212532188841202,True,True,True
2834,1,0.99938679135616,0.08432859071554678,Cadman / Heidelberg Materials,Foster Road Plant,OR,Pacific Northwest Region,filler,150.0,0,28.0,standard_28,662.6666666666667,strict_group,40.0,589.5000000000001,437.05000000000007,73.16666666666663,0.1104124748490945,225.61666666666667,0.34046780684104627,True,True,False
46322,1,0.999381152899358,0.08432859071554678,United Companies,Rifle Plant,CO,Rocky Mountains Region,filler,60.0,0,28.0,standard_28,738.3333333333333,strict_group,28.0,694.25,407.90000000000003,44.08333333333326,0.059706546275394935,330.4333333333332,0.4475395033860044,True,False,False
31107,1,0.9993714629370511,0.08432859071554678,Graniterock,Monterey-Seaside Plant,CA,Pacific Southwest Region,other_or_unspecified,650.0,500,28.0,standard_28,561.5384615384615,national_spec_group,19.0,324.0,174.4,237.53846153846155,0.423013698630137,387.13846153846157,0.6894246575342466,True,True,True
31106,1,0.9993714629370511,0.08432859071554678,Graniterock,Monterey-Seaside Plant,CA,Pacific Southwest Region,other_or_unspecified,650.0,500,28.0,standard_28,561.5384615384615,national_spec_group,19.0,324.0,174.4,237.53846153846155,0.423013698630137,387.13846153846157,0.6894246575342466,True,True,True
2694,1,0.9993682869120616,0.08432859071554678,Cadman / Heidelberg Materials,Foster Road Plant,OR,Pacific Northwest Region,filler,300.0,500,28.0,standard_28,267.0,strict_group,19.0,261.5,240.8,5.5,0.020599250936329586,26.19999999999999,0.09812734082397,True,False,False
3400,1,0.9993672065015434,0.08432859071554678,Cadman / Heidelberg Materials,Orchards Plant,WA,Pacific Northwest Region,filler,150.0,0,28.0,standard_28,700.0,strict_group,40.0,589.5000000000001,437.05000000000007,110.49999999999989,0.1578571428571427,262.94999999999993,0.37564285714285706,True,True,False
3257,1,0.9993275453154156,0.08432859071554678,Cadman / Heidelberg Materials,Orchards Plant,WA,Pacific Northwest Region,filler,300.0,500,28.0,standard_28,289.0,strict_group,19.0,261.5,240.8,27.5,0.09515570934256055,48.19999999999999,0.1667820069204152,True,False,False
43531,1,0.9993268148985416,0.08432859071554678,Smyrna Ready Mix,Quivas Plant,CO,Rocky Mountains Region,filler,100.0,0,28.0,standard_28,815.9999999999999,strict_group,28.0,694.25,407.90000000000003,121.74999999999989,0.1492034313725489,408.09999999999985,0.5001225490196077,True,True,False
43530,1,0.9993268148985416,0.08432859071554678,Smyrna Ready Mix,Quivas Plant,CO,Rocky Mountains Region,filler,100.0,0,28.0,standard_28,815.9999999999999,strict_group,28.0,694.25,407.90000000000003,121.74999999999989,0.1492034313725489,408.09999999999985,0.5001225490196077,True,True,False
3802,1,0.9993215870189126,0.08432859071554678,Cadman / Heidelberg Materials,Port of Portland Plant,OR,Pacific Northwest Region,filler,300.0,500,28.0,standard_28,252.66666666666666,strict_group,19.0,261.5,240.8,0.0,0.0,11.866666666666646,0.04696569920844319,True,False,False
3455,1,0.99931609599966,0.08432859071554678,Cadman / Heidelberg Materials,Orchards Plant,WA,Pacific Northwest Region,other_or_unspecified,300.0,500,90.0,long,550.0,regional_strength_group,28.0,255.16666666666666,202.30666666666667,294.83333333333337,0.5360606060606061,347.6933333333333,0.6321696969696969,True,True,True
3947,1,0.9993133233287534,0.08432859071554678,Cadman / Heidelberg Materials,Port of Portland Plant,OR,Pacific Northwest Region,filler,150.0,0,28.0,standard_28,637.3333333333334,strict_group,40.0,589.5000000000001,437.05000000000007,47.83333333333326,0.07505230125523,200.2833333333333,0.31425209205020915,True,False,False
2835,1,0.9993100407668466,0.08432859071554678,Cadman / Heidelberg Materials,Foster Road Plant,OR,Pacific Northwest Region,filler,150.0,0,28.0,standard_28,596.0000000000001,strict_group,40.0,589.5000000000001,437.05000000000007,6.5,0.010906040268456374,158.95000000000005,0.26669463087248324,True,False,False
41069,1,0.9993088652941085,0.08432859071554678,Pete Lien & Sons,Gillette Ready Mix (CCC),WY,Rocky Mountains Region,filler,200.0,0,28.0,standard_28,530.0,strict_group,28.0,694.25,407.90000000000003,0.0,0.0,122.09999999999997,0.23037735849056598,True,False,False
3458,1,0.999302464323134,0.08432859071554678,Cadman / Heidelberg Materials,Orchards Plant,WA,Pacific Northwest Region,filler,100.0,0,28.0,standard_28,767.9999999999999,strict_group,40.0,589.5000000000001,437.05000000000007,178.49999999999977,0.23242187499999975,330.9499999999998,0.4309244791666665,True,True,True
3401,1,0.9992910675952654,0.08432859071554678,Cadman / Heidelberg Materials,Orchards Plant,WA,Pacific Northwest Region,filler,150.0,0,28.0,standard_28,634.0,strict_group,40.0,589.5000000000001,437.05000000000007,44.499999999999886,0.07018927444794935,196.94999999999993,0.31064668769716075,True,False,False
3389,1,0.999285123294428,0.08432859071554678,Cadman / Heidelberg Materials,Orchards Plant,WA,Pacific Northwest Region,filler,300.0,500,28.0,standard_28,433.33333333333337,strict_group,19.0,261.5,240.8,171.83333333333337,0.3965384615384616,192.53333333333336,0.44430769230769235,True,True,True
2829,1,0.9992767316840312,0.08432859071554678,Cadman / Heidelberg Materials,Foster Road Plant,OR,Pacific Northwest Region,filler,100.0,0,28.0,standard_28,919.0,strict_group,40.0,589.5000000000001,437.05000000000007,329.4999999999999,0.35854189336235026,481.94999999999993,0.5244287268770402,True,True,True
3948,1,0.9992719099502868,0.08432859071554678,Cadman / Heidelberg Materials,Port of Portland Plant,OR,Pacific Northwest Region,filler,150.0,0,28.0,standard_28,568.6666666666666,strict_group,40.0,589.5000000000001,437.05000000000007,0.0,0.0,131.61666666666656,0.2314478311840561,True,False,False
40955,1,0.9992346935097124,0.08432859071554678,Peak Ready Mix,Silverthorne (MCR) Plant,CO,Rocky Mountains Region,filler,100.0,0,28.0,standard_28,562.0,strict_group,28.0,694.25,407.90000000000003,0.0,0.0,154.09999999999997,0.2741992882562277,True,False,False
2737,1,0.9992275310225908,0.08432859071554678,Cadman / Heidelberg Materials,Foster Road Plant,OR,Pacific Northwest Region,other_or_unspecified,150.0,0,28.0,standard_28,1053.3333333333335,strict_group,6.0,328.625,253.0,724.7083333333335,0.6880142405063292,800.3333333333335,0.7598101265822785,True,True,True
34725,1,0.9992272343581248,0.08432859071554678,Milpitas Materials Co,Milpitas Plant,CA,Pacific Southwest Region,filler,300.0,500,28.0,standard_28,282.33333333333337,national_spec_group,26.0,258.75,239.0,23.58333333333337,0.08353010625737911,43.33333333333337,0.15348288075560815,True,False,False
3395,1,0.9992267655649888,0.08432859071554678,Cadman / Heidelberg Materials,Orchards Plant,WA,Pacific Northwest Region,filler,100.0,0,28.0,standard_28,954.0,strict_group,40.0,589.5000000000001,437.05000000000007,364.4999999999999,0.38207547169811307,516.9499999999999,0.5418763102725366,True,True,True
4003,1,0.9992246107912852,0.08432859071554678,Cadman / Heidelberg Materials,Port of Portland Plant,OR,Pacific Northwest Region,filler,100.0,0,28.0,standard_28,692.0,strict_group,40.0,589.5000000000001,437.05000000000007,102.49999999999989,0.14812138728323682,254.94999999999993,0.36842485549132936,True,True,False
2823,1,0.9992196171527332,0.08432859071554678,Cadman / Heidelberg Materials,Foster Road Plant,OR,Pacific Northwest Region,filler,300.0,500,28.0,standard_28,423.33333333333337,strict_group,19.0,261.5,240.8,161.83333333333337,0.3822834645669292,182.53333333333336,0.43118110236220475,True,True,True
2561,1,0.9992160380537408,0.08432859071554678,Cadman / Heidelberg Materials,Foster Road Plant,OR,Pacific Northwest Region,filler,200.0,0,28.0,standard_28,321.0,strict_group,40.0,589.5000000000001,437.05000000000007,0.0,0.0,0.0,0.0,True,False,False
10336,1,0.999194729509246,0.08432859071554678,CEMEX,Monroeville Plant,AL,Southeastern Region,filler,100.0,0,28.0,standard_28,837.0,strict_group,12.0,700.1666666666666,581.5666666666667,136.83333333333337,0.1634806849860614,255.43333333333328,0.3051772202309836,True,True,False
3125,1,0.9991944819876027,0.08432859071554678,Cadman / Heidelberg Materials,Orchards Plant,WA,Pacific Northwest Region,filler,200.0,0,28.0,standard_28,368.5,strict_group,40.0,589.5000000000001,437.05000000000007,0.0,0.0,0.0,0.0,True,False,False
42623,1,0.9991819728616488,0.08432859071554678,Salmon Bay Sand & Gravel,Salmon Bay Sand and Gravel,WA,Pacific Northwest Region,other_or_unspecified,150.0,0,28.0,standard_28,270.6666666666667,strict_group,6.0,328.625,253.0,0.0,0.0,17.666666666666686,0.06527093596059119,True,False,False
3300,1,0.9991656455342134,0.08432859071554678,Cadman / Heidelberg Materials,Orchards Plant,WA,Pacific Northwest Region,other_or_unspecified,150.0,0,28.0,standard_28,1120.0,strict_group,6.0,328.625,253.0,791.375,0.7065848214285714,867.0,0.7741071428571429,True,True,True
31108,1,0.9991573442812084,0.08432859071554678,Graniterock,Monterey-Seaside Plant,CA,Pacific Southwest Region,other_or_unspecified,650.0,500,28.0,standard_28,515.3846153846154,national_spec_group,19.0,324.0,174.4,191.38461538461536,0.3713432835820895,340.9846153846154,0.6616119402985075,True,True,True
3941,1,0.9991559798636024,0.08432859071554678,Cadman / Heidelberg Materials,Port of Portland Plant,OR,Pacific Northwest Region,filler,100.0,0,28.0,standard_28,837.0,strict_group,40.0,589.5000000000001,437.05000000000007,247.4999999999999,0.29569892473118264,399.94999999999993,0.47783751493428905,True,True,True
3942,1,0.9991520253197762,0.08432859071554678,Cadman / Heidelberg Materials,Port of Portland Plant,OR,Pacific Northwest Region,filler,100.0,0,28.0,standard_28,1000.0,strict_group,40.0,589.5000000000001,437.05000000000007,410.4999999999999,0.41049999999999986,562.9499999999999,0.56295,True,True,True
3672,1,0.999149404807806,0.08432859071554678,Cadman / Heidelberg Materials,Port of Portland Plant,OR,Pacific Northwest Region,filler,200.0,0,28.0,standard_28,326.49999999999994,strict_group,40.0,589.5000000000001,437.05000000000007,0.0,0.0,0.0,0.0,True,False,False
15507,1,0.9991107761059586,0.08432859071554678,CEMEX,Tyrone Plant,GA,Southeastern Region,filler,150.0,0,28.0,standard_28,720.0,strict_group,12.0,700.1666666666666,581.5666666666667,19.83333333333337,0.02754629629629635,138.43333333333328,0.19226851851851845,True,False,False
3935,1,0.9990978422371776,0.08432859071554678,Cadman / Heidelberg Materials,Port of Portland Plant,OR,Pacific Northwest Region,filler,300.0,500,28.0,standard_28,396.6666666666667,strict_group,19.0,261.5,240.8,135.16666666666669,0.3407563025210084,155.86666666666667,0.39294117647058824,True,True,True
3846,1,0.9990755411074886,0.08432859071554678,Cadman / Heidelberg Materials,Port of Portland Plant,OR,Pacific Northwest Region,other_or_unspecified,150.0,0,28.0,standard_28,1060.0,strict_group,6.0,328.625,253.0,731.375,0.6899764150943396,807.0,0.7613207547169811,True,True,True
41128,1,0.9990592199555348,0.08432859071554678,Pete Lien & Sons,Spearfish Ready Mix Plant,SD,North Central Region,filler,200.0,0,28.0,standard_28,540.0,national_spec_group,101.0,570.0,476.0,0.0,0.0,64.0,0.11851851851851852,True,False,False
778,1,0.9990394801493372,0.08432859071554678,Amrize,Broomfield Plant,CO,Rocky Mountains Region,paving,50.0,0,28.0,standard_28,1038.0,regional_strength_group,30.0,727.5833333333333,453.30000000000007,310.41666666666674,0.2990526653821452,584.6999999999999,0.5632947976878612,True,True,True
15735,1,0.998985820474089,0.08432859071554678,CEMEX,Walnut Plant,CA,Pacific Southwest Region,other_or_unspecified,570.0,500,28.0,standard_28,649.1228070175439,national_spec_group,19.0,324.0,174.4,325.1228070175439,0.5008648648648649,474.7228070175439,0.7313297297297298,True,True,True
40969,0,0.9989849221489984,0.08432859071554678,Pete Lien & Sons,Colorado Springs Ready Mix Plant 2 Plant,CO,Rocky Mountains Region,filler,200.0,0,28.0,standard_28,88.49999999999999,strict_group,28.0,694.25,407.90000000000003,0.0,0.0,0.0,0.0,True,False,False
22098,1,0.9989515319489048,0.08432859071554678,Conewago Manufacturing,Conewago Manufacturing Plant,PA,Eastern Region,filler,800.0,1000,28.0,standard_28,275.0,national_spec_group,15.0,102.4375,81.18499999999999,172.5625,0.6275,193.815,0.7047818181818182,True,True,True
16256,1,0.9989509904158236,0.08432859071554678,CEMEX,Yuma Plant,AZ,Pacific Southwest Region,filler,2000.0,2000,28.0,standard_28,172.0,strict_group,5.0,156.0,129.6,16.0,0.09302325581395349,42.400000000000006,0.24651162790697678,True,False,False
41037,1,0.998936623777902,0.08432859071554678,Pete Lien & Sons,Fort Pierre Ready Mix (Red's Transit Mix) Plant,SD,North Central Region,filler,200.0,0,28.0,standard_28,650.0,national_spec_group,101.0,570.0,476.0,80.0,0.12307692307692308,174.0,0.2676923076923077,True,True,False
10040,1,0.9989206177510588,0.08432859071554678,CEMEX,Milton Plant,FL,Southeastern Region,other_or_unspecified,650.0,500,28.0,standard_28,547.6923076923076,national_spec_group,19.0,324.0,174.4,223.69230769230762,0.40842696629213476,373.29230769230765,0.6815730337078652,True,True,True
5123,1,0.9988912299989788,0.08432859071554678,CEMEX,Andalusia Plant,AL,Southeastern Region,other_or_unspecified,500.0,500,28.0,standard_28,340.0,national_spec_group,19.0,324.0,174.4,16.0,0.047058823529411764,165.6,0.48705882352941177,True,False,False
45392,1,0.9988583363407364,0.08432859071554678,Titan Virginia Ready-Mix,Oceana Plant,VA,Eastern Region,other_or_unspecified,650.0,500,28.0,standard_28,549.2307692307692,strict_group,5.0,417.14285714285717,404.2857142857143,132.087912087912,0.24049619847939163,144.9450549450549,0.26390556222488987,True,True,True
41099,1,0.9988495784327218,0.08432859071554678,Pete Lien & Sons,Rapid City Ready Mix,SD,North Central Region,filler,200.0,0,28.0,standard_28,457.5,national_spec_group,101.0,570.0,476.0,0.0,0.0,0.0,0.0,True,False,False
14239,1,0.998741598457789,0.08432859071554678,CEMEX,Santa Clara Plant,CA,Pacific Southwest Region,other_or_unspecified,100.0,0,28.0,standard_28,655.9999999999999,national_spec_group,10.0,473.625,267.1333333333333,182.3749999999999,0.2780106707317072,388.86666666666656,0.5927845528455284,True,True,True
42586,1,0.9985727759039436,0.08432859071554678,Salmon Bay Sand & Gravel,Salmon Bay Sand and Gravel,WA,Pacific Northwest Region,other_or_unspecified,80.0,0,28.0,standard_28,502.5,strict_group,6.0,328.625,253.0,173.875,0.3460199004975124,249.5,0.49651741293532337,True,True,True
42540,1,0.9985041643817488,0.08432859071554678,Robertson's Ready Mix,Rialto Plant,CA,Pacific Southwest Region,other_or_unspecified,2000.0,2000,28.0,standard_28,229.5,national_spec_group,44.0,106.75,96.6,122.75,0.5348583877995643,132.9,0.5790849673202615,True,True,True
44899,1,0.9984503853163322,0.08432859071554678,Titan Virginia Ready-Mix,Campostella Plant,VA,Eastern Region,other_or_unspecified,650.0,500,28.0,standard_28,498.46153846153845,strict_group,5.0,417.14285714285717,404.2857142857143,81.31868131868129,0.1631393298059964,94.17582417582418,0.18893298059964728,True,True,False
45416,1,0.9984503853163322,0.08432859071554678,Titan Virginia Ready-Mix,Port Norfolk Plant,VA,Eastern Region,other_or_unspecified,650.0,500,28.0,standard_28,504.6153846153846,strict_group,5.0,417.14285714285717,404.2857142857143,87.47252747252742,0.17334494773519155,100.32967032967031,0.19882404181184665,True,True,False
46409,1,0.9984210439612,0.08432859071554678,United Companies,Steamboat Plant,CO,Rocky Mountains Region,filler,1000.0,1000,28.0,standard_28,317.0,national_spec_group,15.0,102.4375,81.18499999999999,214.5625,0.6768533123028391,235.815,0.7438958990536277,True,True,True
2191,1,0.9983345183921448,0.08432859071554678,Boston Sand & Gravel,Southeastern Concrete Plant,MA,Eastern Region,filler,300.0,500,28.0,standard_28,287.6666666666667,national_spec_group,26.0,258.75,239.0,28.916666666666686,0.100521436848204,48.666666666666686,0.1691772885283894,True,True,False
15195,1,0.9982653694778636,0.08432859071554678,CEMEX,Temecula Plant,CA,Pacific Southwest Region,paving,570.0,500,28.0,standard_28,645.6140350877193,regional_strength_group,7.0,499.6923076923077,403.33333333333337,145.92172739541166,0.2260200668896322,242.28070175438597,0.37527173913043477,True,True,True
5507,1,0.9982350987853504,0.08432859071554678,CEMEX,Auburn (Portable) Plant,AL,Southeastern Region,other_or_unspecified,650.0,500,28.0,standard_28,476.9230769230769,national_spec_group,19.0,324.0,174.4,152.9230769230769,0.32064516129032256,302.5230769230769,0.6343225806451613,True,True,True
46501,1,0.9980578969356572,0.08432859071554678,US Concrete Mix / Smyrna Ready Mix,BRONX Plant,NY,Eastern Region,filler,500.0,500,28.0,standard_28,326.0,national_spec_group,26.0,258.75,239.0,67.25,0.2062883435582822,87.0,0.2668711656441718,True,True,True
42560,1,0.9980107333614194,0.08432859071554678,Robertson's Ready Mix,Vernon Plant,CA,Pacific Southwest Region,other_or_unspecified,3000.0,3000,28.0,standard_28,165.0,strict_group,89.0,92.0,80.53333333333333,73.0,0.44242424242424244,84.46666666666667,0.5119191919191919,True,True,True
42249,0,0.9978969267189812,0.08432859071554678,Robertson's Ready Mix,Anaheim Plant,CA,Pacific Southwest Region,filler,2000.0,2000,28.0,standard_28,112.0,strict_group,5.0,156.0,129.6,0.0,0.0,0.0,0.0,True,False,False
2069,1,0.9977433904426696,0.08432859071554678,Boston Sand & Gravel,Boston Sand & Gravel,MA,Eastern Region,filler,300.0,500,28.0,standard_28,152.66666666666666,national_spec_group,26.0,258.75,239.0,0.0,0.0,0.0,0.0,True,False,False
33756,0,0.9977159266659474,0.08432859071554678,Knife River Corporation,Nampa (Idaho) Plant,ID,Pacific Northwest Region,filler,800.0,1000,28.0,standard_28,77.625,national_spec_group,15.0,102.4375,81.18499999999999,0.0,0.0,0.0,0.0,True,False,False
22010,1,0.9976717322663536,0.08432859071554678,Clayton Concrete,North Arlington NJ Plant,NJ,Eastern Region,other_or_unspecified,2000.0,2000,1.0,early,274.5,regional_strength_group,12.0,126.75,96.0,147.75,0.5382513661202186,178.5,0.6502732240437158,True,True,True
44889,1,0.9976186191215566,0.08432859071554678,Titan Virginia Ready-Mix,Campostella Plant,VA,Eastern Region,filler,100.0,0,28.0,standard_28,785.0,strict_group,10.0,528.25,489.2666666666667,256.75,0.3270700636942675,295.7333333333333,0.37673036093418255,True,True,True
30897,1,0.997591501239869,0.08432859071554678,Gotham Ready Mix LLC,Bronx Plant,NY,Eastern Region,filler,1000.0,1000,28.0,standard_28,270.0,national_spec_group,15.0,102.4375,81.18499999999999,167.5625,0.6206018518518519,188.815,0.6993148148148148,True,True,True
12025,1,0.9975014897732534,0.08432859071554678,CEMEX,Panama City Beach - #2 Plant,FL,Southeastern Region,other_or_unspecified,650.0,500,28.0,standard_28,487.6923076923077,national_spec_group,19.0,324.0,174.4,163.69230769230768,0.3356466876971609,313.29230769230765,0.6423974763406939,True,True,True
9902,1,0.997451066206547,0.08432859071554678,CEMEX,McIntosh Plant,FL,Southeastern Region,other_or_unspecified,3000.0,3000,28.0,standard_28,198.66666666666666,strict_group,701.0,91.66666666666667,82.66666666666667,106.99999999999999,0.5385906040268456,115.99999999999999,0.5838926174496644,True,True,True
40671,1,0.9973251968713602,0.08432859071554678,New Enterprise Stone & Lime,"Barton Road, NY Plant",NY,Eastern Region,filler,500.0,500,56.0,extended_56,404.0,regional_strength_group,13.0,395.7142857142857,295.33333333333337,8.285714285714278,0.02050919377652049,108.66666666666663,0.2689768976897689,True,False,False
40708,1,0.9973251968713602,0.08432859071554678,New Enterprise Stone & Lime,"Gateway, NY Plant",NY,Eastern Region,filler,500.0,500,56.0,extended_56,410.0,regional_strength_group,13.0,395.7142857142857,295.33333333333337,14.285714285714278,0.03484320557491287,114.66666666666663,0.2796747967479674,True,False,False
5147,1,0.9972809921229386,0.08432859071554678,CEMEX,Andalusia Plant,AL,Southeastern Region,filler,2000.0,2000,28.0,standard_28,246.5,national_spec_group,17.0,134.5,118.6,112.0,0.4543610547667343,127.9,0.5188640973630831,True,True,True
42246,0,0.9971551130707084,0.08432859071554678,Robertson's Ready Mix,Anaheim Plant,CA,Pacific Southwest Region,other_or_unspecified,3000.0,3000,28.0,standard_28,61.0,strict_group,89.0,92.0,80.53333333333333,0.0,0.0,0.0,0.0,True,False,False
2729,1,0.9970697014192864,0.08432859071554678,Cadman / Heidelberg Materials,Foster Road Plant,OR,Pacific Northwest Region,filler,500.0,500,28.0,standard_28,404.0,strict_group,19.0,261.5,240.8,142.5,0.3527227722772277,163.2,0.40396039603960393,True,True,True
46384,1,0.9970568049023438,0.08432859071554678,United Companies,Steamboat Plant,CO,Rocky Mountains Region,filler,100.0,0,28.0,standard_28,1010.0,strict_group,28.0,694.25,407.90000000000003,315.75,0.3126237623762376,602.0999999999999,0.596138613861386,True,True,True
43036,1,0.9969687480969924,0.08432859071554678,Silvi Materials,Limerick Plant,PA,Eastern Region,other_or_unspecified,3000.0,3000,28.0,standard_28,181.33333333333334,strict_group,295.0,91.33333333333333,79.06666666666668,90.00000000000001,0.4963235294117648,102.26666666666667,0.5639705882352941,True,True,True
4831,1,0.9966781229141952,0.08432859071554678,CEMEX,56th Street Plant,FL,Southeastern Region,other_or_unspecified,3000.0,3000,28.0,standard_28,203.66666666666666,strict_group,701.0,91.66666666666667,82.66666666666667,111.99999999999999,0.5499181669394435,120.99999999999999,0.5941080196399345,True,True,True
4832,1,0.9965473024369232,0.08432859071554678,CEMEX,56th Street Plant,FL,Southeastern Region,other_or_unspecified,3000.0,3000,28.0,standard_28,177.66666666666666,strict_group,701.0,91.66666666666667,82.66666666666667,85.99999999999999,0.4840525328330206,94.99999999999999,0.5347091932457786,True,True,True
42351,1,0.9964547897529034,0.08432859071554678,Robertson's Ready Mix,Gardena Plant,CA,Pacific Southwest Region,other_or_unspecified,3000.0,3000,28.0,standard_28,149.66666666666666,strict_group,89.0,92.0,80.53333333333333,57.66666666666666,0.38530066815144765,69.13333333333333,0.4619153674832962,True,True,True
42350,1,0.9964380506037962,0.08432859071554678,Robertson's Ready Mix,Gardena Plant,CA,Pacific Southwest Region,other_or_unspecified,3000.0,3000,28.0,standard_28,164.66666666666666,strict_group,89.0,92.0,80.53333333333333,72.66666666666666,0.4412955465587044,84.13333333333333,0.5109311740890689,True,True,True
3291,1,0.9964199398460644,0.08432859071554678,Cadman / Heidelberg Materials,Orchards Plant,WA,Pacific Northwest Region,filler,500.0,500,28.0,standard_28,418.0,strict_group,19.0,261.5,240.8,156.5,0.37440191387559807,177.2,0.42392344497607654,True,True,True
9227,1,0.9963906668326256,0.08432859071554678,CEMEX,Largo II Plant,FL,Southeastern Region,other_or_unspecified,3000.0,3000,28.0,standard_28,191.33333333333334,strict_group,701.0,91.66666666666667,82.66666666666667,99.66666666666667,0.5209059233449478,108.66666666666667,0.5679442508710801,True,True,True
8275,1,0.9963608088132804,0.08432859071554678,CEMEX,Grissom Plant,TX,South Central Region,other_or_unspecified,1500.0,1500,28.0,standard_28,241.33333333333334,national_spec_group,13.0,112.0,51.666666666666664,129.33333333333334,0.5359116022099447,189.66666666666669,0.7859116022099448,True,True,True
2562,1,0.9963269171428902,0.08432859071554678,Cadman / Heidelberg Materials,Foster Road Plant,OR,Pacific Northwest Region,filler,500.0,500,28.0,standard_28,242.0,strict_group,19.0,261.5,240.8,0.0,0.0,1.1999999999999886,0.004958677685950366,True,False,False
3837,1,0.9962589846861344,0.08432859071554678,Cadman / Heidelberg Materials,Port of Portland Plant,OR,Pacific Northwest Region,filler,500.0,500,28.0,standard_28,396.0,strict_group,19.0,261.5,240.8,134.5,0.33964646464646464,155.2,0.3919191919191919,True,True,True
42241,0,0.9962130365352908,0.08432859071554678,Robertson's Ready Mix,Anaheim Plant,CA,Pacific Southwest Region,other_or_unspecified,3000.0,3000,28.0,standard_28,64.0,strict_group,89.0,92.0,80.53333333333333,0.0,0.0,0.0,0.0,True,False,False
42245,0,0.9962130365352908,0.08432859071554678,Robertson's Ready Mix,Anaheim Plant,CA,Pacific Southwest Region,other_or_unspecified,3000.0,3000,28.0,standard_28,73.66666666666667,strict_group,89.0,92.0,80.53333333333333,0.0,0.0,0.0,0.0,True,False,False
2554,1,0.9961485387214132,0.08432859071554678,Cadman / Heidelberg Materials,Foster Road Plant,OR,Pacific Northwest Region,other_or_unspecified,500.0,500,28.0,standard_28,168.8,strict_group,6.0,170.55,159.4,0.0,0.0,9.400000000000006,0.05568720379146922,True,False,False
3118,1,0.9961216982840168,0.08432859071554678,Cadman / Heidelberg Materials,Orchards Plant,WA,Pacific Northwest Region,other_or_unspecified,500.0,500,28.0,standard_28,175.8,strict_group,6.0,170.55,159.4,5.25,0.02986348122866894,16.400000000000006,0.093287827076223,True,False,False
3126,1,0.9959596851902812,0.08432859071554678,Cadman / Heidelberg Materials,Orchards Plant,WA,Pacific Northwest Region,filler,500.0,500,28.0,standard_28,256.0,strict_group,19.0,261.5,240.8,0.0,0.0,15.199999999999989,0.059374999999999956,True,False,False
16173,1,0.9958540390411464,0.08432859071554678,CEMEX,Winfield Plant,AL,Southeastern Region,filler,900.0,1000,28.0,standard_28,170.0,strict_group,7.0,105.0,95.96000000000001,65.0,0.38235294117647056,74.03999999999999,0.43552941176470583,True,True,True
5781,1,0.9958427517104772,0.08432859071554678,CEMEX,Bessemer - CEMCO #7 Plant,AL,Southeastern Region,other_or_unspecified,1000.0,1000,28.0,standard_28,265.0,national_spec_group,11.0,162.0,154.0,103.0,0.3886792452830189,111.0,0.4188679245283019,True,True,True
42534,1,0.995539387090864,0.08432859071554678,Robertson's Ready Mix,Rialto Plant,CA,Pacific Southwest Region,other_or_unspecified,3000.0,3000,28.0,standard_28,166.66666666666666,strict_group,89.0,92.0,80.53333333333333,74.66666666666666,0.44799999999999995,86.13333333333333,0.5168,True,True,True
33328,1,0.9955089447894844,0.08432859071554678,Ingram Ready Mix,Pearland #35 LLC Plant,TX,South Central Region,filler,1500.0,1500,28.0,standard_28,165.33333333333334,none,,,,,,,,False,False,False
3673,1,0.9954183831233762,0.08432859071554678,Cadman / Heidelberg Materials,Port of Portland Plant,OR,Pacific Northwest Region,filler,500.0,500,28.0,standard_28,236.0,strict_group,19.0,261.5,240.8,0.0,0.0,0.0,0.0,True,False,False
4865,1,0.9951974649917056,0.08432859071554678,CEMEX,56th Street Plant,FL,Southeastern Region,other_or_unspecified,3000.0,3000,28.0,standard_28,144.0,strict_group,701.0,91.66666666666667,82.66666666666667,52.33333333333333,0.3634259259259259,61.33333333333333,0.4259259259259259,True,True,True
42524,1,0.9951168879629784,0.08432859071554678,Robertson's Ready Mix,Rialto Plant,CA,Pacific Southwest Region,other_or_unspecified,3000.0,3000,28.0,standard_28,166.0,strict_group,89.0,92.0,80.53333333333333,74.0,0.4457831325301205,85.46666666666667,0.5148594377510041,True,True,True
11547,1,0.995103977300086,0.08432859071554678,CEMEX,Oldsmar Plant,FL,Southeastern Region,other_or_unspecified,3000.0,3000,28.0,standard_28,198.0,strict_group,701.0,91.66666666666667,82.66666666666667,106.33333333333333,0.537037037037037,115.33333333333333,0.5824915824915825,True,True,True
3665,1,0.995091312424784,0.08432859071554678,Cadman / Heidelberg Materials,Port of Portland Plant,OR,Pacific Northwest Region,other_or_unspecified,500.0,500,28.0,standard_28,150.0,strict_group,6.0,170.55,159.4,0.0,0.0,0.0,0.0,True,False,False
11478,1,0.9950286773991384,0.08432859071554678,CEMEX,Odessa Plant,FL,Southeastern Region,other_or_unspecified,3000.0,3000,28.0,standard_28,204.66666666666666,strict_group,701.0,91.66666666666667,82.66666666666667,112.99999999999999,0.5521172638436481,121.99999999999999,0.5960912052117263,True,True,True
42340,1,0.9948989165588084,0.08432859071554678,Robertson's Ready Mix,Gardena Plant,CA,Pacific Southwest Region,other_or_unspecified,3000.0,3000,28.0,standard_28,164.0,strict_group,89.0,92.0,80.53333333333333,72.0,0.43902439024390244,83.46666666666667,0.5089430894308943,True,True,True
33633,0,0.9948747243383534,0.08432859071554678,Knife River Corporation,Fruitland (Idaho) Plant,ID,Pacific Northwest Region,filler,800.0,1000,28.0,standard_28,80.37499999999999,national_spec_group,15.0,102.4375,81.18499999999999,0.0,0.0,0.0,0.0,True,False,False
30728,1,0.9947725492760604,0.08432859071554678,Four Winds Concrete Inc.,Bethlehem Plant,PA,Eastern Region,other_or_unspecified,1000.0,1000,28.0,standard_28,254.0,national_spec_group,11.0,162.0,154.0,92.0,0.36220472440944884,100.0,0.3937007874015748,True,True,True
16284,1,0.9947130365020082,0.08432859071554678,CEMEX,Zephyrhills Plant,FL,Southeastern Region,other_or_unspecified,3000.0,3000,28.0,standard_28,196.0,strict_group,701.0,91.66666666666667,82.66666666666667,104.33333333333333,0.532312925170068,113.33333333333333,0.5782312925170068,True,True,True
9138,1,0.9946332538987948,0.08432859071554678,CEMEX,Lake Wales Plant,FL,Southeastern Region,other_or_unspecified,3000.0,3000,28.0,standard_28,207.0,strict_group,701.0,91.66666666666667,82.66666666666667,115.33333333333333,0.5571658615136876,124.33333333333333,0.6006441223832528,True,True,True
33946,1,0.9944081615661596,0.08432859071554678,Knife River Corporation,Tumalo (Oregon) Plant,OR,Pacific Northwest Region,filler,2000.0,2000,28.0,standard_28,198.5,strict_group,7.0,130.5,125.1,68.0,0.3425692695214106,73.4,0.36977329974811085,True,True,True
3803,1,0.9939042792436285,0.08432859071554678,Cadman / Heidelberg Materials,Port of Portland Plant,OR,Pacific Northwest Region,other_or_unspecified,1000.0,1000,28.0,standard_28,285.0,strict_group,8.0,156.25,152.2,128.75,0.4517543859649123,132.8,0.4659649122807018,True,True,True
42871,1,0.9928964368455176,0.08432859071554678,Silver Strike Concrete,Silver Strike Sparks Plant,NV,Pacific Southwest Region,filler,2000.0,2000,28.0,standard_28,181.5,strict_group,5.0,156.0,129.6,25.5,0.14049586776859505,51.900000000000006,0.2859504132231405,True,True,False
4577,1,0.9928593255596226,0.08432859071554678,Cape Cod Ready Mix,Carver Plant,MA,Eastern Region,other_or_unspecified,4000.0,4000,28.0,standard_28,136.75,strict_group,636.0,74.75,60.75,62.0,0.453382084095064,76.0,0.5557586837294333,True,True,True
15463,0,0.9928474428603712,0.08432859071554678,CEMEX,Tuscumbia (Dual) Plant,AL,Southeastern Region,filler,1000.0,1000,28.0,standard_28,105.0,strict_group,7.0,105.0,95.96000000000001,0.0,0.0,9.039999999999992,0.08609523809523802,True,False,False
15743,1,0.992502992199974,0.08432859071554678,CEMEX,Waters Avenue Plant,FL,Southeastern Region,other_or_unspecified,3000.0,3000,28.0,standard_28,180.33333333333334,strict_group,701.0,91.66666666666667,82.66666666666667,88.66666666666667,0.49168207024029575,97.66666666666667,0.5415896487985212,True,True,True
15466,0,0.992476815351645,0.08432859071554678,CEMEX,Tuscumbia (Dual) Plant,AL,Southeastern Region,filler,1000.0,1000,28.0,standard_28,105.0,strict_group,7.0,105.0,95.96000000000001,0.0,0.0,9.039999999999992,0.08609523809523802,True,False,False
42567,1,0.992445491258085,0.08432859071554678,Robertson's Ready Mix,Vernon Plant,CA,Pacific Southwest Region,other_or_unspecified,3000.0,3000,28.0,standard_28,165.66666666666666,strict_group,89.0,92.0,80.53333333333333,73.66666666666666,0.4446680080482897,85.13333333333333,0.5138832997987928,True,True,True
6377,1,0.9922933228070012,0.08432859071554678,CEMEX,Clermont RK Plant,FL,Southeastern Region,other_or_unspecified,3000.0,3000,28.0,standard_28,176.0,strict_group,701.0,91.66666666666667,82.66666666666667,84.33333333333333,0.47916666666666663,93.33333333333333,0.5303030303030303,True,True,True
13034,1,0.9922544585288212,0.08432859071554678,CEMEX,Plant City RK Plant,FL,Southeastern Region,other_or_unspecified,3000.0,3000,28.0,standard_28,144.33333333333334,strict_group,701.0,91.66666666666667,82.66666666666667,52.66666666666667,0.3648960739030023,61.66666666666667,0.42725173210161665,True,True,True
10037,1,0.9921603875982324,0.08432859071554678,CEMEX,Milton Plant,FL,Southeastern Region,filler,3000.0,3000,28.0,standard_28,167.66666666666666,strict_group,44.0,117.25,105.0,50.41666666666666,0.30069582504970177,62.66666666666666,0.3737574552683896,True,True,True
11865,1,0.9919289807131484,0.08432859071554678,CEMEX,Palmomar Oceanside Plant,CA,Pacific Southwest Region,filler,3000.0,3000,28.0,standard_28,141.0,strict_group,12.0,92.5,91.39999999999999,48.5,0.34397163120567376,49.60000000000001,0.35177304964539013,True,True,True
33503,1,0.991907493825273,0.08432859071554678,Knife River Corporation,Boise (Idaho) Plant,ID,Pacific Northwest Region,other_or_unspecified,1500.0,1500,28.0,standard_28,176.66666666666666,national_spec_group,13.0,112.0,51.666666666666664,64.66666666666666,0.3660377358490566,125.0,0.7075471698113208,True,True,True
12010,1,0.9918592710598652,0.08432859071554678,CEMEX,Panama City Beach - #2 Plant,FL,Southeastern Region,filler,1000.0,1000,28.0,standard_28,245.0,strict_group,7.0,105.0,95.96000000000001,140.0,0.5714285714285714,149.04,0.6083265306122448,True,True,True
34727,1,0.9918133309563,0.08432859071554678,Milpitas Materials Co,Milpitas Plant,CA,Pacific Southwest Region,filler,1500.0,1500,28.0,standard_28,135.33333333333334,none,,,,,,,,False,False,False
33874,1,0.9913605822663726,0.08432859071554678,Knife River Corporation,Redmond (Oregon) Plant,OR,Pacific Northwest Region,filler,2000.0,2000,28.0,standard_28,197.0,strict_group,7.0,130.5,125.1,66.5,0.33756345177664976,71.9,0.3649746192893401,True,True,True
2695,1,0.99114427510388,0.08432859071554678,Cadman / Heidelberg Materials,Foster Road Plant,OR,Pacific Northwest Region,other_or_unspecified,1000.0,1000,28.0,standard_28,284.0,strict_group,8.0,156.25,152.2,127.75,0.4498239436619718,131.8,0.46408450704225357,True,True,True
40683,1,0.9911137583379724,0.08432859071554678,New Enterprise Stone & Lime,"Barton Road, NY Plant",NY,Eastern Region,filler,1250.0,1000,56.0,extended_56,504.8,regional_strength_group,9.0,210.0,122.00000000000001,294.8,0.5839936608557845,382.8,0.7583201267828843,True,True,True
40720,1,0.9911137583379724,0.08432859071554678,New Enterprise Stone & Lime,"Gateway, NY Plant",NY,Eastern Region,filler,1250.0,1000,56.0,extended_56,505.6,regional_strength_group,9.0,210.0,122.00000000000001,295.6,0.5846518987341772,383.6,0.7587025316455697,True,True,True
10159,1,0.9910062966569612,0.08432859071554678,CEMEX,Mission Valley Plant,CA,Pacific Southwest Region,other_or_unspecified,4000.0,4000,28.0,standard_28,138.25,strict_group,111.0,78.25,69.0,60.0,0.43399638336347196,69.25,0.5009041591320073,True,True,True
13019,1,0.9909979924709011,0.08432859071554678,CEMEX,Plant City RK Plant,FL,Southeastern Region,other_or_unspecified,3000.0,3000,28.0,standard_28,206.0,strict_group,701.0,91.66666666666667,82.66666666666667,114.33333333333333,0.5550161812297735,123.33333333333333,0.598705501618123,True,True,True
12047,1,0.990974620651683,0.08432859071554678,CEMEX,Pembroke Pines Plant,FL,Southeastern Region,other_or_unspecified,3000.0,3000,28.0,standard_28,173.33333333333334,strict_group,701.0,91.66666666666667,82.66666666666667,81.66666666666667,0.47115384615384615,90.66666666666667,0.5230769230769231,True,True,True
7551,1,0.9908806916020444,0.08432859071554678,CEMEX,East Plant/East Naples/East Trail Plant,FL,Southeastern Region,other_or_unspecified,3000.0,3000,28.0,standard_28,173.33333333333334,strict_group,701.0,91.66666666666667,82.66666666666667,81.66666666666667,0.47115384615384615,90.66666666666667,0.5230769230769231,True,True,True
8185,1,0.9908257917617024,0.08432859071554678,CEMEX,Globe Plant,AZ,Pacific Southwest Region,filler,2000.0,2000,28.0,standard_28,156.0,strict_group,5.0,156.0,129.6,0.0,0.0,26.400000000000006,0.16923076923076927,True,False,False
6375,1,0.990676395798577,0.08432859071554678,CEMEX,Clermont RK Plant,FL,Southeastern Region,other_or_unspecified,3000.0,3000,28.0,standard_28,151.0,strict_group,701.0,91.66666666666667,82.66666666666667,59.33333333333333,0.3929359823399558,68.33333333333333,0.45253863134657835,True,True,True
15149,1,0.9906722468508042,0.08432859071554678,CEMEX,Sweetwater Plant,FL,Southeastern Region,other_or_unspecified,3000.0,3000,28.0,standard_28,166.33333333333334,strict_group,701.0,91.66666666666667,82.66666666666667,74.66666666666667,0.44889779559118237,83.66666666666667,0.503006012024048,True,True,True
14744,1,0.9900118954033232,0.08432859071554678,CEMEX,Sierra Vista Plant,AZ,Pacific Southwest Region,filler,2000.0,2000,28.0,standard_28,231.0,strict_group,5.0,156.0,129.6,75.0,0.3246753246753247,101.4,0.438961038961039,True,True,True
15760,1,0.9898425171784132,0.08432859071554678,CEMEX,Waters Avenue Plant,FL,Southeastern Region,other_or_unspecified,3000.0,3000,28.0,standard_28,132.0,strict_group,701.0,91.66666666666667,82.66666666666667,40.33333333333333,0.3055555555555555,49.33333333333333,0.3737373737373737,True,True,True
43772,1,0.9898090062598948,0.08432859071554678,Smyrna Ready Mix,SCGA Mobile Plant,SC,Southeastern Region,filler,1000.0,1000,28.0,standard_28,335.0,strict_group,7.0,105.0,95.96000000000001,230.0,0.6865671641791045,239.04,0.7135522388059701,True,True,True
4648,1,0.9895715328416748,0.08432859071554678,Cape Cod Ready Mix,Orleans Plant,MA,Eastern Region,other_or_unspecified,1500.0,1500,28.0,standard_28,174.0,strict_group,6.0,164.0,160.33333333333334,10.0,0.05747126436781609,13.666666666666657,0.07854406130268193,True,False,False
42385,1,0.9893070663740848,0.08432859071554678,Robertson's Ready Mix,Mira Mar Plant,CA,Pacific Southwest Region,other_or_unspecified,3000.0,3000,28.0,standard_28,151.66666666666666,strict_group,89.0,92.0,80.53333333333333,59.66666666666666,0.39340659340659334,71.13333333333333,0.469010989010989,True,True,True
16181,1,0.9892133419472876,0.08432859071554678,CEMEX,Winter Park Plant,FL,Southeastern Region,other_or_unspecified,3000.0,3000,28.0,standard_28,144.66666666666666,strict_group,701.0,91.66666666666667,82.66666666666667,52.999999999999986,0.3663594470046082,61.999999999999986,0.4285714285714285,True,True,True
33335,1,0.9891203524268072,0.08432859071554678,Ingram Ready Mix,Pearland #35 LLC Plant,TX,South Central Region,other_or_unspecified,3000.0,3000,28.0,standard_28,158.0,strict_group,51.0,78.5,68.66666666666667,79.5,0.5031645569620253,89.33333333333333,0.5654008438818565,True,True,True
9084,1,0.9890483638537482,0.08432859071554678,CEMEX,Lafayette Plant,GA,Southeastern Region,other_or_unspecified,4000.0,4000,28.0,standard_28,124.75,strict_group,440.0,77.6875,69.75,47.0625,0.3772545090180361,55.0,0.4408817635270541,True,True,True
42568,1,0.9890274195973928,0.08432859071554678,Robertson's Ready Mix,Vernon Plant,CA,Pacific Southwest Region,other_or_unspecified,3000.0,3000,28.0,standard_28,150.66666666666666,strict_group,89.0,92.0,80.53333333333333,58.66666666666666,0.38938053097345127,70.13333333333333,0.4654867256637168,True,True,True
9166,1,0.9889176632609497,0.08432859071554678,CEMEX,Lakeland RK Plant,FL,Southeastern Region,other_or_unspecified,3000.0,3000,28.0,standard_28,152.0,strict_group,701.0,91.66666666666667,82.66666666666667,60.33333333333333,0.39692982456140347,69.33333333333333,0.45614035087719296,True,True,True
45676,1,0.9888492521969516,0.08432859071554678,Titan Virginia Ready-Mix,Stafford RM Plant,VA,Eastern Region,other_or_unspecified,3500.0,3500,28.0,standard_28,147.14285714285714,strict_group,117.0,95.71428571428571,84.05714285714286,51.42857142857143,0.34951456310679613,63.085714285714275,0.42873786407766984,True,True,True
37815,1,0.9885240890187597,0.08432859071554678,National Ready Mix,Santa Clarita Plant,CA,Pacific Southwest Region,other_or_unspecified,2500.0,2500,28.0,standard_28,192.0,strict_group,16.0,102.5,100.8,89.5,0.4661458333333333,91.2,0.47500000000000003,True,True,True
5423,1,0.9879114199052542,0.08432859071554678,CEMEX,Athens Plant,AL,Southeastern Region,other_or_unspecified,3000.0,3000,28.0,standard_28,185.66666666666666,strict_group,701.0,91.66666666666667,82.66666666666667,93.99999999999999,0.5062836624775583,102.99999999999999,0.5547576301615799,True,True,True
4649,1,0.9875960203239827,0.08432859071554678,Cape Cod Ready Mix,Orleans Plant,MA,Eastern Region,other_or_unspecified,4000.0,4000,28.0,standard_28,139.25,strict_group,636.0,74.75,60.75,64.5,0.4631956912028725,78.5,0.5637342908438061,True,True,True
8198,1,0.9871326015494594,0.08432859071554678,CEMEX,Grand Parkway Plant,TX,South Central Region,filler,2000.0,2000,28.0,standard_28,156.0,national_spec_group,17.0,134.5,118.6,21.5,0.13782051282051283,37.400000000000006,0.23974358974358978,True,True,False
11735,1,0.986692068611852,0.08432859071554678,CEMEX,Orlando (Atlanta Ave) Plant,FL,Southeastern Region,other_or_unspecified,3000.0,3000,28.0,standard_28,163.33333333333334,strict_group,701.0,91.66666666666667,82.66666666666667,71.66666666666667,0.4387755102040816,80.66666666666667,0.49387755102040815,True,True,True
42535,1,0.9860176579262137,0.08432859071554678,Robertson's Ready Mix,Rialto Plant,CA,Pacific Southwest Region,other_or_unspecified,3000.0,3000,28.0,standard_28,151.66666666666666,strict_group,89.0,92.0,80.53333333333333,59.66666666666666,0.39340659340659334,71.13333333333333,0.469010989010989,True,True,True
11839,1,0.9859113004787716,0.08432859071554678,CEMEX,Palmetto Plant,FL,Southeastern Region,other_or_unspecified,3000.0,3000,28.0,standard_28,207.0,strict_group,701.0,91.66666666666667,82.66666666666667,115.33333333333333,0.5571658615136876,124.33333333333333,0.6006441223832528,True,True,True
8013,1,0.9858565724408478,0.08432859071554678,CEMEX,Freeport Plant,FL,Southeastern Region,filler,3000.0,3000,28.0,standard_28,152.0,strict_group,44.0,117.25,105.0,34.75,0.22861842105263158,47.0,0.3092105263157895,True,True,True
4685,1,0.9857403983189928,0.08432859071554678,Cape Cod Ready Mix,Sandwich Plant,MA,Eastern Region,other_or_unspecified,4000.0,4000,28.0,standard_28,135.75,strict_group,636.0,74.75,60.75,61.0,0.44935543278084716,75.0,0.5524861878453039,True,True,True
9903,1,0.9856082396350248,0.08432859071554678,CEMEX,McIntosh Plant,FL,Southeastern Region,other_or_unspecified,4000.0,4000,28.0,standard_28,151.25,strict_group,440.0,77.6875,69.75,73.5625,0.4863636363636364,81.5,0.5388429752066116,True,True,True
33593,1,0.9855487215180848,0.08432859071554678,Knife River Corporation,Eugene (Oregon) Plant,OR,Pacific Northwest Region,other_or_unspecified,3000.0,3000,3.0,early,181.66666666666666,strict_group,10.0,148.91666666666669,122.13333333333333,32.74999999999997,0.18027522935779802,59.53333333333333,0.32770642201834865,True,True,False
11607,1,0.985430769228778,0.08432859071554678,CEMEX,Orange City Plant,FL,Southeastern Region,other_or_unspecified,3000.0,3000,28.0,standard_28,140.33333333333334,strict_group,701.0,91.66666666666667,82.66666666666667,48.66666666666667,0.34679334916864607,57.66666666666667,0.41092636579572445,True,True,True
4613,1,0.9854251839320384,0.08432859071554678,Cape Cod Ready Mix,Dennis Plant,MA,Eastern Region,other_or_unspecified,4000.0,4000,28.0,standard_28,134.25,strict_group,636.0,74.75,60.75,59.5,0.44320297951582865,73.5,0.547486033519553,True,True,True
5391,1,0.9851812341965897,0.08432859071554678,CEMEX,Athens Plant,AL,Southeastern Region,filler,1000.0,1000,28.0,standard_28,171.0,strict_group,7.0,105.0,95.96000000000001,66.0,0.38596491228070173,75.03999999999999,0.4388304093567251,True,True,True
21683,1,0.9850981179440348,0.08432859071554678,Central Pre-Mix (CPM),Sullivan Plant ,WA,Pacific Northwest Region,filler,1000.0,1000,28.0,standard_28,127.0,national_spec_group,15.0,102.4375,81.18499999999999,24.5625,0.1934055118110236,45.81500000000001,0.3607480314960631,True,True,False
5536,1,0.9848524734551548,0.08432859071554678,CEMEX,Auburndale Plant,FL,Southeastern Region,other_or_unspecified,3000.0,3000,28.0,standard_28,206.0,strict_group,701.0,91.66666666666667,82.66666666666667,114.33333333333333,0.5550161812297735,123.33333333333333,0.598705501618123,True,True,True
9099,1,0.984834098374255,0.08432859071554678,CEMEX,Lafayette Plant,GA,Southeastern Region,filler,3000.0,3000,28.0,standard_28,129.33333333333334,strict_group,44.0,117.25,105.0,12.083333333333343,0.09342783505154646,24.333333333333343,0.18814432989690727,True,False,False
4866,0,0.9845976235488966,0.08432859071554678,CEMEX,56th Street Plant,FL,Southeastern Region,other_or_unspecified,3000.0,3000,28.0,standard_28,119.0,strict_group,701.0,91.66666666666667,82.66666666666667,27.33333333333333,0.22969187675070024,36.33333333333333,0.3053221288515406,True,True,True
9918,1,0.9845976235488966,0.08432859071554678,CEMEX,McIntosh Plant,FL,Southeastern Region,other_or_unspecified,3000.0,3000,28.0,standard_28,138.66666666666666,strict_group,701.0,91.66666666666667,82.66666666666667,46.999999999999986,0.3389423076923076,55.999999999999986,0.40384615384615374,True,True,True
32287,1,0.9843805900542668,0.08432859071554678,Holcim - Aggregate Industries,Everett Plant,MA,Eastern Region,other_or_unspecified,1000.0,1000,28.0,standard_28,210.0,national_spec_group,11.0,162.0,154.0,48.0,0.22857142857142856,56.0,0.26666666666666666,True,True,True
11479,1,0.9841991367791924,0.08432859071554678,CEMEX,Odessa Plant,FL,Southeastern Region,other_or_unspecified,4000.0,4000,28.0,standard_28,154.75,strict_group,440.0,77.6875,69.75,77.0625,0.4979806138933764,85.0,0.5492730210016155,True,True,True
13525,1,0.9836130736194028,0.08432859071554678,CEMEX,Russellville Plant,AL,Southeastern Region,filler,1500.0,1500,28.0,standard_28,139.33333333333334,none,,,,,,,,False,False,False
4829,1,0.9831878685070156,0.08432859071554678,CEMEX,56th Street Plant,FL,Southeastern Region,other_or_unspecified,3000.0,3000,28.0,standard_28,163.0,strict_group,701.0,91.66666666666667,82.66666666666667,71.33333333333333,0.4376278118609407,80.33333333333333,0.492842535787321,True,True,True
43200,1,0.9816851905614876,0.08432859071554678,Silvi Materials,Morrisville Plant,PA,Eastern Region,filler,3000.0,3000,28.0,standard_28,192.0,strict_group,28.0,94.5,30.75,97.5,0.5078125,161.25,0.83984375,True,True,True
5945,1,0.9816141918883332,0.08432859071554678,CEMEX,Brooksville Plant,FL,Southeastern Region,other_or_unspecified,3000.0,3000,28.0,standard_28,165.0,strict_group,701.0,91.66666666666667,82.66666666666667,73.33333333333333,0.4444444444444444,82.33333333333333,0.498989898989899,True,True,True
6490,1,0.9814698751941692,0.08432859071554678,CEMEX,Columbus - Smith Rd (Vulcan Quarry) Plant,GA,Southeastern Region,filler,3000.0,3000,28.0,standard_28,127.66666666666667,strict_group,44.0,117.25,105.0,10.416666666666671,0.0815926892950392,22.66666666666667,0.17754569190600525,True,False,False
5754,1,0.9814508086773602,0.08432859071554678,CEMEX,Berth 150 Plant,FL,Southeastern Region,other_or_unspecified,4000.0,4000,28.0,standard_28,152.75,strict_group,440.0,77.6875,69.75,75.0625,0.49140752864157117,83.0,0.5433715220949263,True,True,True
42538,0,0.981294329230494,0.08432859071554678,Robertson's Ready Mix,Rialto Plant,CA,Pacific Southwest Region,other_or_unspecified,3000.0,3000,28.0,standard_28,100.66666666666667,strict_group,89.0,92.0,80.53333333333333,8.666666666666671,0.08609271523178812,20.13333333333334,0.20000000000000007,True,False,False
42571,1,0.9810959887815162,0.08432859071554678,Robertson's Ready Mix,Vernon Plant,CA,Pacific Southwest Region,other_or_unspecified,2000.0,2000,28.0,standard_28,233.0,national_spec_group,44.0,106.75,96.6,126.25,0.5418454935622318,136.4,0.5854077253218885,True,True,True
11733,1,0.9810104401992672,0.08432859071554678,CEMEX,Orlando (Atlanta Ave) Plant,FL,Southeastern Region,other_or_unspecified,3000.0,3000,28.0,standard_28,140.33333333333334,strict_group,701.0,91.66666666666667,82.66666666666667,48.66666666666667,0.34679334916864607,57.66666666666667,0.41092636579572445,True,True,True
8019,1,0.9809124725460494,0.08432859071554678,CEMEX,Freeport Plant,FL,Southeastern Region,filler,3000.0,3000,28.0,standard_28,140.33333333333334,strict_group,44.0,117.25,105.0,23.083333333333343,0.16448931116389554,35.33333333333334,0.25178147268408557,True,True,False
43239,1,0.9800704030550552,0.08432859071554678,Silvi Materials,Philadelphia Plant,PA,Eastern Region,filler,3500.0,3500,28.0,standard_28,150.57142857142858,strict_group,21.0,108.28571428571429,99.14285714285714,42.28571428571429,0.28083491461100574,51.428571428571445,0.34155597722960157,True,True,True
43241,1,0.9795364251619618,0.08432859071554678,Silvi Materials,Philadelphia Plant,PA,Eastern Region,filler,3500.0,3500,28.0,standard_28,154.0,strict_group,21.0,108.28571428571429,99.14285714285714,45.71428571428571,0.2968460111317254,54.85714285714286,0.35621521335807055,True,True,True
30815,1,0.9788586421837332,0.08432859071554678,Four Winds Concrete Inc.,Windgap Plant,PA,Eastern Region,other_or_unspecified,4000.0,4000,28.0,standard_28,151.5,strict_group,636.0,74.75,60.75,76.75,0.5066006600660066,90.75,0.599009900990099,True,True,True
45140,1,0.9787763776885574,0.08432859071554678,Titan Virginia Ready-Mix,Chesterfield Plant,VA,Eastern Region,other_or_unspecified,3000.0,3000,28.0,standard_28,145.0,strict_group,295.0,91.33333333333333,79.06666666666668,53.66666666666667,0.37011494252873567,65.93333333333332,0.45471264367816083,True,True,True
44870,1,0.9787763776885574,0.08432859071554678,Titan Virginia Ready-Mix,Bryan Park Plant,VA,Eastern Region,other_or_unspecified,3000.0,3000,28.0,standard_28,147.33333333333334,strict_group,295.0,91.33333333333333,79.06666666666668,56.000000000000014,0.38009049773755665,68.26666666666667,0.4633484162895927,True,True,True
4834,1,0.9785056811602224,0.08432859071554678,CEMEX,56th Street Plant,FL,Southeastern Region,other_or_unspecified,4000.0,4000,28.0,standard_28,134.75,strict_group,440.0,77.6875,69.75,57.0625,0.42346938775510207,65.0,0.48237476808905383,True,True,True
9153,1,0.9782934735384656,0.08432859071554678,CEMEX,Lake Wales Plant,FL,Southeastern Region,other_or_unspecified,3000.0,3000,28.0,standard_28,147.66666666666666,strict_group,701.0,91.66666666666667,82.66666666666667,55.999999999999986,0.37923250564334077,64.99999999999999,0.44018058690744916,True,True,True
14912,1,0.97815129483243,0.08432859071554678,CEMEX,St. Cloud Plant,FL,Southeastern Region,other_or_unspecified,3000.0,3000,28.0,standard_28,173.66666666666666,strict_group,701.0,91.66666666666667,82.66666666666667,81.99999999999999,0.4721689059500959,90.99999999999999,0.5239923224568138,True,True,True
42359,1,0.9777051507486996,0.08432859071554678,Robertson's Ready Mix,Gardena Plant,CA,Pacific Southwest Region,other_or_unspecified,2000.0,2000,28.0,standard_28,230.0,national_spec_group,44.0,106.75,96.6,123.25,0.5358695652173913,133.4,0.5800000000000001,True,True,True
3410,1,0.97705690968187,0.08432859071554678,Cadman / Heidelberg Materials,Orchards Plant,WA,Pacific Northwest Region,other_or_unspecified,1000.0,1000,28.0,standard_28,148.0,strict_group,8.0,156.25,152.2,0.0,0.0,0.0,0.0,True,False,False
45125,0,0.9769104317552324,0.08432859071554678,Titan Virginia Ready-Mix,Chesterfield Plant,VA,Eastern Region,other_or_unspecified,3000.0,3000,28.0,standard_28,123.33333333333333,strict_group,295.0,91.33333333333333,79.06666666666668,32.0,0.2594594594594595,44.26666666666665,0.3589189189189188,True,True,True
44846,1,0.9769104317552324,0.08432859071554678,Titan Virginia Ready-Mix,Bryan Park Plant,VA,Eastern Region,other_or_unspecified,3000.0,3000,28.0,standard_28,125.33333333333333,strict_group,295.0,91.33333333333333,79.06666666666668,34.0,0.2712765957446809,46.26666666666665,0.36914893617021266,True,True,True
44847,1,0.9769104317552324,0.08432859071554678,Titan Virginia Ready-Mix,Bryan Park Plant,VA,Eastern Region,other_or_unspecified,3000.0,3000,28.0,standard_28,130.33333333333334,strict_group,295.0,91.33333333333333,79.06666666666668,39.000000000000014,0.2992327365728901,51.266666666666666,0.39335038363171354,True,True,True
45126,1,0.9769104317552324,0.08432859071554678,Titan Virginia Ready-Mix,Chesterfield Plant,VA,Eastern Region,other_or_unspecified,3000.0,3000,28.0,standard_28,128.0,strict_group,295.0,91.33333333333333,79.06666666666668,36.66666666666667,0.28645833333333337,48.93333333333332,0.3822916666666666,True,True,True
7442,0,0.976903015122734,0.08432859071554678,CEMEX,Downtown Miami Plant,FL,Southeastern Region,other_or_unspecified,3000.0,3000,28.0,standard_28,121.66666666666667,strict_group,701.0,91.66666666666667,82.66666666666667,30.0,0.2465753424657534,39.0,0.3205479452054794,True,True,True
9459,1,0.9768916470947524,0.08432859071554678,CEMEX,Livingston Plant,AL,Southeastern Region,other_or_unspecified,1500.0,1500,28.0,standard_28,154.66666666666666,national_spec_group,13.0,112.0,51.666666666666664,42.66666666666666,0.2758620689655172,103.0,0.6659482758620691,True,True,True
2667,1,0.9766915309581964,0.08432859071554678,Cadman / Heidelberg Materials,Foster Road Plant,OR,Pacific Northwest Region,paving,1000.0,1000,28.0,standard_28,157.0,strict_group,6.0,155.5,151.5,1.5,0.009554140127388535,5.5,0.03503184713375796,True,False,False
14910,1,0.9761457960920022,0.08432859071554678,CEMEX,St. Cloud Plant,FL,Southeastern Region,other_or_unspecified,3000.0,3000,28.0,standard_28,148.66666666666666,strict_group,701.0,91.66666666666667,82.66666666666667,56.999999999999986,0.38340807174887886,65.99999999999999,0.4439461883408071,True,True,True
3775,1,0.9758355724701347,0.08432859071554678,Cadman / Heidelberg Materials,Port of Portland Plant,OR,Pacific Northwest Region,paving,1000.0,1000,28.0,standard_28,155.0,strict_group,6.0,155.5,151.5,0.0,0.0,3.5,0.02258064516129032,True,False,False
9759,1,0.9758023105871564,0.08432859071554678,CEMEX,Marietta Plant,FL,Southeastern Region,other_or_unspecified,4000.0,4000,28.0,standard_28,133.75,strict_group,440.0,77.6875,69.75,56.0625,0.41915887850467287,64.0,0.4785046728971963,True,True,True
9139,1,0.9757919074268548,0.08432859071554678,CEMEX,Lake Wales Plant,FL,Southeastern Region,other_or_unspecified,4000.0,4000,28.0,standard_28,156.0,strict_group,440.0,77.6875,69.75,78.3125,0.5020032051282052,86.25,0.5528846153846154,True,True,True
12019,1,0.9757887870848097,0.08432859071554678,CEMEX,Panama City Beach - #2 Plant,FL,Southeastern Region,filler,3000.0,3000,28.0,standard_28,142.33333333333334,strict_group,44.0,117.25,105.0,25.083333333333343,0.17622950819672137,37.33333333333334,0.2622950819672132,True,True,False
2130,0,0.9756889012206544,0.08432859071554678,Boston Sand & Gravel,Boston Sand & Gravel,MA,Eastern Region,other_or_unspecified,2000.0,2000,28.0,standard_28,93.5,strict_group,11.0,124.0,93.5,0.0,0.0,0.0,0.0,True,False,False
30729,1,0.9755459117791002,0.08432859071554678,Four Winds Concrete Inc.,Bethlehem Plant,PA,Eastern Region,other_or_unspecified,1500.0,1500,28.0,standard_28,188.66666666666666,strict_group,6.0,164.0,160.33333333333334,24.666666666666657,0.13074204946996462,28.333333333333314,0.15017667844522958,True,True,False
31734,1,0.9746815404300292,0.08432859071554678,Graniterock,San Jose Plant,CA,Pacific Southwest Region,other_or_unspecified,3000.0,3000,28.0,standard_28,181.0,strict_group,89.0,92.0,80.53333333333333,89.0,0.49171270718232046,100.46666666666667,0.5550644567219153,True,True,True
31918,1,0.9746815404300292,0.08432859071554678,Graniterock,Santa Cruz Plant,CA,Pacific Southwest Region,other_or_unspecified,3000.0,3000,28.0,standard_28,185.33333333333334,strict_group,89.0,92.0,80.53333333333333,93.33333333333334,0.5035971223021583,104.80000000000001,0.5654676258992806,True,True,True
9307,1,0.9746773658929688,0.08432859071554678,CEMEX,Lecanto East Plant,FL,Southeastern Region,other_or_unspecified,3000.0,3000,28.0,standard_28,178.33333333333334,strict_group,701.0,91.66666666666667,82.66666666666667,86.66666666666667,0.48598130841121495,95.66666666666667,0.5364485981308411,True,True,True
43868,1,0.9743169639091376,0.08432859071554678,Sterling Concrete Corp,Oxford Plant,MA,Eastern Region,other_or_unspecified,2000.0,2000,28.0,standard_28,130.0,strict_group,11.0,124.0,93.5,6.0,0.046153846153846156,36.5,0.28076923076923077,True,False,False
44856,0,0.9740197519838846,0.08432859071554678,Titan Virginia Ready-Mix,Bryan Park Plant,VA,Eastern Region,other_or_unspecified,3000.0,3000,28.0,standard_28,116.33333333333333,strict_group,295.0,91.33333333333333,79.06666666666668,25.0,0.21489971346704873,37.26666666666665,0.32034383954154716,True,True,True
45135,0,0.9740197519838846,0.08432859071554678,Titan Virginia Ready-Mix,Chesterfield Plant,VA,Eastern Region,other_or_unspecified,3000.0,3000,28.0,standard_28,112.0,strict_group,295.0,91.33333333333333,79.06666666666668,20.66666666666667,0.18452380952380956,32.93333333333332,0.29404761904761895,True,True,False
10019,1,0.9738484891575964,0.08432859071554678,CEMEX,Milton Plant,FL,Southeastern Region,filler,3000.0,3000,28.0,standard_28,156.0,strict_group,44.0,117.25,105.0,38.75,0.2483974358974359,51.0,0.3269230769230769,True,True,True
45124,0,0.9736560317453856,0.08432859071554678,Titan Virginia Ready-Mix,Chesterfield Plant,VA,Eastern Region,other_or_unspecified,3000.0,3000,28.0,standard_28,120.66666666666667,strict_group,295.0,91.33333333333333,79.06666666666668,29.333333333333343,0.24309392265193377,41.599999999999994,0.34475138121546955,True,True,True
2726,1,0.9734253961448058,0.08432859071554678,Cadman / Heidelberg Materials,Foster Road Plant,OR,Pacific Northwest Region,paving,1000.0,1000,28.0,standard_28,217.0,strict_group,6.0,155.5,151.5,61.5,0.2834101382488479,65.5,0.30184331797235026,True,True,True
3835,1,0.9732683918763588,0.08432859071554678,Cadman / Heidelberg Materials,Port of Portland Plant,OR,Pacific Northwest Region,paving,1000.0,1000,28.0,standard_28,191.0,strict_group,6.0,155.5,151.5,35.5,0.18586387434554974,39.5,0.20680628272251309,True,True,False
9168,1,0.9731832795396272,0.08432859071554678,CEMEX,Lakeland RK Plant,FL,Southeastern Region,other_or_unspecified,3000.0,3000,28.0,standard_28,181.33333333333334,strict_group,701.0,91.66666666666667,82.66666666666667,89.66666666666667,0.4944852941176471,98.66666666666667,0.5441176470588235,True,True,True
5014,1,0.9731143988575788,0.08432859071554678,CEMEX,Alexander City Plant,AL,Southeastern Region,other_or_unspecified,3000.0,3000,28.0,standard_28,210.33333333333334,strict_group,701.0,91.66666666666667,82.66666666666667,118.66666666666667,0.5641838351822503,127.66666666666667,0.606973058637084,True,True,True
6988,1,0.972938450356258,0.08432859071554678,CEMEX,Crestview Plant,FL,Southeastern Region,filler,3000.0,3000,28.0,standard_28,140.66666666666666,strict_group,44.0,117.25,105.0,23.416666666666657,0.16646919431279616,35.66666666666666,0.2535545023696682,True,True,False
42251,0,0.9729014346732346,0.08432859071554678,Robertson's Ready Mix,Anaheim Plant,CA,Pacific Southwest Region,other_or_unspecified,2500.0,2500,28.0,standard_28,100.8,strict_group,16.0,102.5,100.8,0.0,0.0,0.0,0.0,True,False,False
46698,1,0.9725441770155157,0.08432859071554678,US Concrete Mix / Smyrna Ready Mix,Irving Plant,TX,South Central Region,filler,2000.0,2000,28.0,standard_28,164.5,national_spec_group,17.0,134.5,118.6,30.0,0.182370820668693,45.900000000000006,0.2790273556231003,True,True,False
7989,1,0.9724497612831696,0.08432859071554678,CEMEX,Four Corners Plant,FL,Southeastern Region,other_or_unspecified,3000.0,3000,28.0,standard_28,180.66666666666666,strict_group,701.0,91.66666666666667,82.66666666666667,88.99999999999999,0.4926199261992619,97.99999999999999,0.5424354243542435,True,True,True
11548,1,0.9724475600876636,0.08432859071554678,CEMEX,Oldsmar Plant,FL,Southeastern Region,other_or_unspecified,4000.0,4000,28.0,standard_28,151.25,strict_group,440.0,77.6875,69.75,73.5625,0.4863636363636364,81.5,0.5388429752066116,True,True,True
15175,1,0.9717125913279544,0.08432859071554678,CEMEX,Sweetwater Plant,FL,Southeastern Region,other_or_unspecified,3000.0,3000,28.0,standard_28,124.66666666666667,strict_group,701.0,91.66666666666667,82.66666666666667,33.0,0.2647058823529412,42.0,0.33689839572192515,True,True,True
46477,1,0.9716085732940324,0.08432859071554678,US Concrete Mix / Smyrna Ready Mix,BRONX Plant,NY,Eastern Region,filler,4000.0,4000,28.0,standard_28,124.0,strict_group,83.0,88.0,68.55,36.0,0.2903225806451613,55.45,0.44717741935483873,True,True,True
9043,1,0.9714080327007912,0.08432859071554678,CEMEX,LaBelle 1 Plant,FL,Southeastern Region,other_or_unspecified,3000.0,3000,28.0,standard_28,162.0,strict_group,701.0,91.66666666666667,82.66666666666667,70.33333333333333,0.434156378600823,79.33333333333333,0.4897119341563786,True,True,True
30736,1,0.9711486838573772,0.08432859071554678,Four Winds Concrete Inc.,Bethlehem Plant,PA,Eastern Region,other_or_unspecified,1200.0,1000,1.0,early,125.83333333333334,regional_strength_group,9.0,210.0,122.00000000000001,0.0,0.0,3.8333333333333286,0.030463576158940357,True,False,False
45123,0,0.9707809321417494,0.08432859071554678,Titan Virginia Ready-Mix,Chesterfield Plant,VA,Eastern Region,other_or_unspecified,3000.0,3000,28.0,standard_28,117.33333333333333,strict_group,295.0,91.33333333333333,79.06666666666668,26.0,0.2215909090909091,38.26666666666665,0.3261363636363635,True,True,True
44844,0,0.9707809321417494,0.08432859071554678,Titan Virginia Ready-Mix,Bryan Park Plant,VA,Eastern Region,other_or_unspecified,3000.0,3000,28.0,standard_28,119.66666666666667,strict_group,295.0,91.33333333333333,79.06666666666668,28.333333333333343,0.23676880222841232,40.599999999999994,0.33927576601671305,True,True,True
5064,1,0.9704156131588404,0.08432859071554678,CEMEX,Alexander City Plant,AL,Southeastern Region,other_or_unspecified,3000.0,3000,28.0,standard_28,140.66666666666666,strict_group,701.0,91.66666666666667,82.66666666666667,48.999999999999986,0.3483412322274881,57.999999999999986,0.4123222748815165,True,True,True
10658,1,0.9701231803777732,0.08432859071554678,CEMEX,New Tazewell Plant,TN,Southeastern Region,paving,3000.0,3000,1.0,early,150.66666666666666,regional_strength_group,823.0,92.16666666666666,84.0,58.5,0.38827433628318586,66.66666666666666,0.44247787610619466,True,True,True
45677,1,0.9701059113141344,0.08432859071554678,Titan Virginia Ready-Mix,Stafford RM Plant,VA,Eastern Region,other_or_unspecified,3500.0,3500,28.0,standard_28,147.14285714285714,strict_group,117.0,95.71428571428571,84.05714285714286,51.42857142857143,0.34951456310679613,63.085714285714275,0.42873786407766984,True,True,True
30801,0,0.9698837169680792,0.08432859071554678,Four Winds Concrete Inc.,Windgap Plant,PA,Eastern Region,other_or_unspecified,1200.0,1000,1.0,early,106.66666666666667,regional_strength_group,9.0,210.0,122.00000000000001,0.0,0.0,0.0,0.0,True,False,False
33556,1,0.9696625338398248,0.08432859071554678,Knife River Corporation,Corvallis (Oregon) Plant,OR,Pacific Northwest Region,other_or_unspecified,3000.0,3000,3.0,early,185.33333333333334,strict_group,10.0,148.91666666666669,122.13333333333333,36.41666666666666,0.19649280575539563,63.20000000000002,0.3410071942446044,True,True,False
7445,1,0.9695737262322184,0.08432859071554678,CEMEX,Downtown Miami Plant,FL,Southeastern Region,other_or_unspecified,3000.0,3000,28.0,standard_28,184.66666666666666,strict_group,701.0,91.66666666666667,82.66666666666667,92.99999999999999,0.503610108303249,101.99999999999999,0.5523465703971119,True,True,True
43223,1,0.9695673630944682,0.08432859071554678,Silvi Materials,Philadelphia Plant,PA,Eastern Region,filler,3000.0,3000,28.0,standard_28,164.33333333333334,strict_group,28.0,94.5,30.75,69.83333333333334,0.42494929006085197,133.58333333333334,0.8128803245436106,True,True,True
3230,1,0.969462559545204,0.08432859071554678,Cadman / Heidelberg Materials,Orchards Plant,WA,Pacific Northwest Region,paving,1000.0,1000,28.0,standard_28,148.0,strict_group,6.0,155.5,151.5,0.0,0.0,0.0,0.0,True,False,False
11564,1,0.9693243355897369,0.08432859071554678,CEMEX,Oldsmar Plant,FL,Southeastern Region,other_or_unspecified,3000.0,3000,28.0,standard_28,133.66666666666666,strict_group,701.0,91.66666666666667,82.66666666666667,41.999999999999986,0.3142144638403989,50.999999999999986,0.3815461346633416,True,True,True
13020,1,0.9688276794082028,0.08432859071554678,CEMEX,Plant City RK Plant,FL,Southeastern Region,other_or_unspecified,4000.0,4000,28.0,standard_28,150.75,strict_group,440.0,77.6875,69.75,73.0625,0.48466003316749584,81.0,0.5373134328358209,True,True,True
30794,1,0.9687526996392868,0.08432859071554678,Four Winds Concrete Inc.,Windgap Plant,PA,Eastern Region,other_or_unspecified,1500.0,1500,28.0,standard_28,172.66666666666666,strict_group,6.0,164.0,160.33333333333334,8.666666666666657,0.05019305019305014,12.333333333333314,0.07142857142857133,True,False,False
21680,1,0.96847898038894,0.08432859071554678,Central Pre-Mix (CPM),Sullivan Plant ,WA,Pacific Northwest Region,other_or_unspecified,1000.0,1000,28.0,standard_28,167.0,strict_group,8.0,156.25,152.2,10.75,0.06437125748502993,14.800000000000011,0.08862275449101803,True,False,False
42373,1,0.967928737832356,0.08432859071554678,Robertson's Ready Mix,Gardena Plant,CA,Pacific Southwest Region,other_or_unspecified,3000.0,3000,28.0,standard_28,135.66666666666666,strict_group,89.0,92.0,80.53333333333333,43.66666666666666,0.3218673218673218,55.133333333333326,0.4063882063882064,True,True,True
45972,1,0.9677643287420816,0.08432859071554678,Titan Virginia Ready-Mix,Sterling RM (Plant 1),VA,Eastern Region,other_or_unspecified,3000.0,3000,28.0,standard_28,132.66666666666666,strict_group,295.0,91.33333333333333,79.06666666666668,41.33333333333333,0.3115577889447236,53.59999999999998,0.40402010050251247,True,True,True
4684,1,0.9677642778266992,0.08432859071554678,Cape Cod Ready Mix,Sandwich Plant,MA,Eastern Region,other_or_unspecified,1500.0,1500,28.0,standard_28,157.33333333333334,strict_group,6.0,164.0,160.33333333333334,0.0,0.0,0.0,0.0,True,False,False
4612,1,0.9677642778266992,0.08432859071554678,Cape Cod Ready Mix,Dennis Plant,MA,Eastern Region,other_or_unspecified,1500.0,1500,28.0,standard_28,166.0,strict_group,6.0,164.0,160.33333333333334,2.0,0.012048192771084338,5.666666666666657,0.0341365461847389,True,False,False
7552,1,0.967658540472386,0.08432859071554678,CEMEX,East Plant/East Naples/East Trail Plant,FL,Southeastern Region,other_or_unspecified,4000.0,4000,28.0,standard_28,133.5,strict_group,440.0,77.6875,69.75,55.8125,0.41807116104868913,63.75,0.47752808988764045,True,True,True
16285,1,0.9673488108548004,0.08432859071554678,CEMEX,Zephyrhills Plant,FL,Southeastern Region,other_or_unspecified,4000.0,4000,28.0,standard_28,148.5,strict_group,440.0,77.6875,69.75,70.8125,0.47685185185185186,78.75,0.5303030303030303,True,True,True
21681,1,0.9668570670824987,0.08432859071554678,Central Pre-Mix (CPM),Sullivan Plant ,WA,Pacific Northwest Region,other_or_unspecified,1000.0,1000,28.0,standard_28,167.0,strict_group,8.0,156.25,152.2,10.75,0.06437125748502993,14.800000000000011,0.08862275449101803,True,False,False
30759,1,0.9660695474194176,0.08432859071554678,Four Winds Concrete Inc.,Bethlehem Plant,PA,Eastern Region,other_or_unspecified,4000.0,4000,28.0,standard_28,156.75,strict_group,636.0,74.75,60.75,82.0,0.5231259968102073,96.0,0.6124401913875598,True,True,True
3288,1,0.9651591612409685,0.08432859071554678,Cadman / Heidelberg Materials,Orchards Plant,WA,Pacific Northwest Region,paving,1000.0,1000,28.0,standard_28,227.0,strict_group,6.0,155.5,151.5,71.5,0.31497797356828194,75.5,0.33259911894273125,True,True,True
12046,0,0.964683988106347,0.08432859071554678,CEMEX,Pembroke Pines Plant,FL,Southeastern Region,other_or_unspecified,3000.0,3000,28.0,standard_28,120.66666666666667,strict_group,701.0,91.66666666666667,82.66666666666667,29.0,0.24033149171270718,38.0,0.3149171270718232,True,True,True
31169,1,0.9645002006331572,0.08432859071554678,Graniterock,Monterey-Seaside Plant,CA,Pacific Southwest Region,other_or_unspecified,3000.0,3000,28.0,standard_28,165.66666666666666,strict_group,89.0,92.0,80.53333333333333,73.66666666666666,0.4446680080482897,85.13333333333333,0.5138832997987928,True,True,True
13181,1,0.9643537543649064,0.08432859071554678,CEMEX,Port Charlotte Plant,FL,Southeastern Region,other_or_unspecified,3000.0,3000,28.0,standard_28,166.33333333333334,strict_group,701.0,91.66666666666667,82.66666666666667,74.66666666666667,0.44889779559118237,83.66666666666667,0.503006012024048,True,True,True
30760,1,0.9639418453238752,0.08432859071554678,Four Winds Concrete Inc.,Bethlehem Plant,PA,Eastern Region,other_or_unspecified,4000.0,4000,28.0,standard_28,160.0,strict_group,636.0,74.75,60.75,85.25,0.5328125,99.25,0.6203125,True,True,True
4576,1,0.9634667115267128,0.08432859071554678,Cape Cod Ready Mix,Carver Plant,MA,Eastern Region,other_or_unspecified,1500.0,1500,28.0,standard_28,163.33333333333334,strict_group,6.0,164.0,160.33333333333334,0.0,0.0,3.0,0.01836734693877551,True,False,False
42630,1,0.9630301817780772,0.08432859071554678,Schuster Concrete,Annapolis Junction Plant,MD,Eastern Region,other_or_unspecified,2000.0,2000,28.0,standard_28,129.5,strict_group,11.0,124.0,93.5,5.5,0.04247104247104247,36.0,0.277992277992278,True,False,False
11495,1,0.9619756825906836,0.08432859071554678,CEMEX,Odessa Plant,FL,Southeastern Region,other_or_unspecified,3000.0,3000,28.0,standard_28,139.0,strict_group,701.0,91.66666666666667,82.66666666666667,47.33333333333333,0.3405275779376499,56.33333333333333,0.4052757793764988,True,True,True
46093,1,0.9606139126198276,0.08432859071554678,Tresca Brothers Concrete,One Plant,MA,Eastern Region,structural,4000.0,4000,28.0,standard_28,127.5,strict_group,8.0,96.9375,87.975,30.5625,0.23970588235294119,39.525000000000006,0.31000000000000005,True,True,True
7604,1,0.959850014392162,0.08432859071554678,CEMEX,Eastport Plant,FL,Southeastern Region,other_or_unspecified,3000.0,3000,28.0,standard_28,134.33333333333334,strict_group,701.0,91.66666666666667,82.66666666666667,42.66666666666667,0.3176178660049628,51.66666666666667,0.38461538461538464,True,True,True
16254,1,0.9594456750921068,0.08432859071554678,CEMEX,Yuma Plant,AZ,Pacific Southwest Region,filler,3000.0,3000,28.0,standard_28,153.33333333333334,strict_group,12.0,92.5,91.39999999999999,60.83333333333334,0.39673913043478265,61.93333333333335,0.40391304347826096,True,True,True
42338,1,0.9592277028394236,0.08432859071554678,Robertson's Ready Mix,Gardena Plant,CA,Pacific Southwest Region,other_or_unspecified,3000.0,3000,28.0,standard_28,135.0,strict_group,89.0,92.0,80.53333333333333,43.0,0.31851851851851853,54.46666666666667,0.4034567901234568,True,True,True
2843,1,0.9589777435142895,0.08432859071554678,Cadman / Heidelberg Materials,Foster Road Plant,OR,Pacific Northwest Region,other_or_unspecified,1000.0,1000,28.0,standard_28,157.0,strict_group,8.0,156.25,152.2,0.75,0.004777070063694267,4.800000000000011,0.030573248407643385,True,False,False
33749,1,0.9584245309422642,0.08432859071554678,Knife River Corporation,McMinnville (Oregon) Plant,OR,Pacific Northwest Region,filler,3500.0,3500,28.0,standard_28,174.85714285714286,strict_group,7.0,100.19444444444444,91.25714285714285,74.66269841269842,0.426992556281772,83.60000000000001,0.4781045751633987,True,True,True
46084,1,0.9577820630163508,0.08432859071554678,Tresca Brothers Concrete,One Plant,MA,Eastern Region,other_or_unspecified,3500.0,3500,28.0,standard_28,149.71428571428572,strict_group,117.0,95.71428571428571,84.05714285714286,54.000000000000014,0.36068702290076343,65.65714285714286,0.4385496183206107,True,True,True
9100,0,0.957302835462602,0.08432859071554678,CEMEX,Lafayette Plant,GA,Southeastern Region,filler,3000.0,3000,28.0,standard_28,122.33333333333333,strict_group,44.0,117.25,105.0,5.083333333333329,0.04155313351498634,17.33333333333333,0.14168937329700268,True,False,False
30934,1,0.957253211442277,0.08432859071554678,Gotham Ready Mix LLC,Brooklyn (A) Plant,NY,Eastern Region,filler,4000.0,4000,28.0,standard_28,129.75,strict_group,83.0,88.0,68.55,41.75,0.3217726396917148,61.2,0.4716763005780347,True,True,True
30933,1,0.957253211442277,0.08432859071554678,Gotham Ready Mix LLC,Brooklyn (A) Plant,NY,Eastern Region,filler,4000.0,4000,28.0,standard_28,129.75,strict_group,83.0,88.0,68.55,41.75,0.3217726396917148,61.2,0.4716763005780347,True,True,True
9340,1,0.9569216770514248,0.08432859071554678,CEMEX,Leesburg RK Plant,FL,Southeastern Region,other_or_unspecified,3000.0,3000,28.0,standard_28,171.0,strict_group,701.0,91.66666666666667,82.66666666666667,79.33333333333333,0.46393762183235865,88.33333333333333,0.5165692007797271,True,True,True
42523,1,0.9568284965335828,0.08432859071554678,Robertson's Ready Mix,Rialto Plant,CA,Pacific Southwest Region,other_or_unspecified,3000.0,3000,28.0,standard_28,124.33333333333333,strict_group,89.0,92.0,80.53333333333333,32.33333333333333,0.260053619302949,43.8,0.3522788203753351,True,True,True
46659,0,0.9563605707125812,0.08432859071554678,US Concrete Mix / Smyrna Ready Mix,Irving Plant,TX,South Central Region,other_or_unspecified,4000.0,4000,28.0,standard_28,118.0,strict_group,125.0,64.75,58.2,53.25,0.451271186440678,59.8,0.5067796610169492,True,True,True
3957,1,0.9563039917017784,0.08432859071554678,Cadman / Heidelberg Materials,Port of Portland Plant,OR,Pacific Northwest Region,other_or_unspecified,1000.0,1000,28.0,standard_28,154.0,strict_group,8.0,156.25,152.2,0.0,0.0,1.8000000000000114,0.011688311688311762,True,False,False
7987,1,0.9556608374653356,0.08432859071554678,CEMEX,Four Corners Plant,FL,Southeastern Region,other_or_unspecified,3000.0,3000,28.0,standard_28,147.0,strict_group,701.0,91.66666666666667,82.66666666666667,55.33333333333333,0.37641723356009066,64.33333333333333,0.43764172335600904,True,True,True
4833,1,0.9554409641906004,0.08432859071554678,CEMEX,56th Street Plant,FL,Southeastern Region,other_or_unspecified,4000.0,4000,28.0,standard_28,153.75,strict_group,440.0,77.6875,69.75,76.0625,0.4947154471544715,84.0,0.5463414634146342,True,True,True
4827,1,0.9545543205594216,0.08432859071554678,CEMEX,56th Street Plant,FL,Southeastern Region,other_or_unspecified,3000.0,3000,28.0,standard_28,133.66666666666666,strict_group,701.0,91.66666666666667,82.66666666666667,41.999999999999986,0.3142144638403989,50.999999999999986,0.3815461346633416,True,True,True
16054,1,0.9535255107889616,0.08432859071554678,CEMEX,Westside Plant,FL,Southeastern Region,filler,3000.0,3000,28.0,standard_28,132.33333333333334,strict_group,44.0,117.25,105.0,15.083333333333343,0.1139798488664988,27.333333333333343,0.20654911838790938,True,True,False
340,1,0.9533495195077284,0.08432859071554678,American Rock Products (ARP),Boardman Plant,OR,Pacific Northwest Region,filler,1500.0,1500,28.0,standard_28,152.0,none,,,,,,,,False,False,False
9338,1,0.952147902222156,0.08432859071554678,CEMEX,Leesburg RK Plant,FL,Southeastern Region,other_or_unspecified,3000.0,3000,28.0,standard_28,142.0,strict_group,701.0,91.66666666666667,82.66666666666667,50.33333333333333,0.35446009389671357,59.33333333333333,0.41784037558685444,True,True,True
5768,1,0.9520804208392912,0.08432859071554678,CEMEX,Berth 150 Plant,FL,Southeastern Region,other_or_unspecified,3000.0,3000,28.0,standard_28,145.0,strict_group,701.0,91.66666666666667,82.66666666666667,53.33333333333333,0.367816091954023,62.33333333333333,0.4298850574712643,True,True,True
12020,1,0.9519286204822476,0.08432859071554678,CEMEX,Panama City Beach - #2 Plant,FL,Southeastern Region,filler,3000.0,3000,28.0,standard_28,142.33333333333334,strict_group,44.0,117.25,105.0,25.083333333333343,0.17622950819672137,37.33333333333334,0.2622950819672132,True,True,False
7069,1,0.9517031361175484,0.08432859071554678,CEMEX,Dallas Plant,GA,Southeastern Region,other_or_unspecified,3000.0,3000,1.0,early,175.66666666666666,strict_group,7.0,134.5,131.86666666666667,41.16666666666666,0.23434535104364324,43.79999999999998,0.24933586337760902,True,True,True
34174,0,0.9514773595961156,0.08432859071554678,Lycon Inc.,Oregon Plant,WI,Great Lakes Region,other_or_unspecified,4000.0,4000,28.0,standard_28,101.5,strict_group,52.0,66.4375,55.7,35.0625,0.34544334975369456,45.8,0.45123152709359604,True,True,True
5400,1,0.9511403568791,0.08432859071554678,CEMEX,Athens Plant,AL,Southeastern Region,other_or_unspecified,3000.0,3000,28.0,standard_28,130.33333333333334,strict_group,701.0,91.66666666666667,82.66666666666667,38.66666666666667,0.2966751918158568,47.66666666666667,0.3657289002557545,True,True,True
4830,1,0.9510608236562276,0.08432859071554678,CEMEX,56th Street Plant,FL,Southeastern Region,other_or_unspecified,3000.0,3000,28.0,standard_28,136.33333333333334,strict_group,701.0,91.66666666666667,82.66666666666667,44.66666666666667,0.3276283618581907,53.66666666666667,0.39364303178484106,True,True,True
43269,1,0.9502884596180792,0.08432859071554678,Silvi Materials,Philadelphia Plant,PA,Eastern Region,filler,4000.0,4000,28.0,standard_28,129.75,strict_group,83.0,88.0,68.55,41.75,0.3217726396917148,61.2,0.4716763005780347,True,True,True
2065,0,0.9496905760988386,0.08432859071554678,Boston Sand & Gravel,Boston Sand & Gravel,MA,Eastern Region,filler,3000.0,3000,28.0,standard_28,85.0,strict_group,28.0,94.5,30.75,0.0,0.0,54.25,0.638235294117647,True,False,False
5398,1,0.9491605769401807,0.08432859071554678,CEMEX,Athens Plant,AL,Southeastern Region,filler,3000.0,3000,28.0,standard_28,126.66666666666667,strict_group,44.0,117.25,105.0,9.416666666666671,0.07434210526315793,21.66666666666667,0.1710526315789474,True,False,False
37866,1,0.94827324894859,0.08432859071554678,National Ready Mix,Santa Clarita Plant,CA,Pacific Southwest Region,other_or_unspecified,2500.0,2500,28.0,standard_28,131.6,strict_group,16.0,102.5,100.8,29.099999999999994,0.22112462006079023,30.799999999999997,0.23404255319148934,True,True,True
15148,0,0.9480995840739056,0.08432859071554678,CEMEX,Sweetwater Plant,FL,Southeastern Region,other_or_unspecified,3000.0,3000,28.0,standard_28,117.66666666666667,strict_group,701.0,91.66666666666667,82.66666666666667,26.0,0.22096317280453256,35.0,0.29745042492917845,True,True,True
10337,1,0.9471674043696072,0.08432859071554678,CEMEX,Monroeville Plant,AL,Southeastern Region,filler,3000.0,3000,28.0,standard_28,155.33333333333334,strict_group,44.0,117.25,105.0,38.08333333333334,0.24517167381974253,50.33333333333334,0.32403433476394855,True,True,True
7569,0,0.9467639204260796,0.08432859071554678,CEMEX,East Plant/East Naples/East Trail Plant,FL,Southeastern Region,other_or_unspecified,3000.0,3000,28.0,standard_28,119.33333333333333,strict_group,701.0,91.66666666666667,82.66666666666667,27.666666666666657,0.23184357541899434,36.66666666666666,0.3072625698324022,True,True,True
7594,1,0.9463771818481722,0.08432859071554678,CEMEX,Eastport Plant,FL,Southeastern Region,other_or_unspecified,3000.0,3000,28.0,standard_28,131.66666666666666,strict_group,701.0,91.66666666666667,82.66666666666667,39.999999999999986,0.3037974683544303,48.999999999999986,0.37215189873417714,True,True,True
9044,1,0.9459151395917156,0.08432859071554678,CEMEX,LaBelle 1 Plant,FL,Southeastern Region,other_or_unspecified,4000.0,4000,28.0,standard_28,125.75,strict_group,440.0,77.6875,69.75,48.0625,0.38220675944334,56.0,0.44532803180914515,True,True,True
8283,1,0.9453138813749976,0.08432859071554678,CEMEX,Habersham Plant,GA,Southeastern Region,other_or_unspecified,4000.0,4000,28.0,standard_28,139.75,strict_group,440.0,77.6875,69.75,62.0625,0.44409660107334525,70.0,0.5008944543828264,True,True,True
13487,0,0.9450869372250617,0.08432859071554678,CEMEX,Russellville Plant,AL,Southeastern Region,filler,1000.0,1000,28.0,standard_28,82.4,strict_group,7.0,105.0,95.96000000000001,0.0,0.0,0.0,0.0,True,False,False
42250,0,0.944702416369924,0.08432859071554678,Robertson's Ready Mix,Anaheim Plant,CA,Pacific Southwest Region,other_or_unspecified,2500.0,2500,28.0,standard_28,74.4,strict_group,16.0,102.5,100.8,0.0,0.0,0.0,0.0,True,False,False
30747,1,0.9423714266192432,0.08432859071554678,Four Winds Concrete Inc.,Bethlehem Plant,PA,Eastern Region,other_or_unspecified,3500.0,3500,28.0,standard_28,167.71428571428572,strict_group,117.0,95.71428571428571,84.05714285714286,72.00000000000001,0.42930153321976156,83.65714285714286,0.4988074957410562,True,True,True
30448,1,0.9419518987130904,0.08432859071554678,Elizabeth River Concrete,Portsmouth Virginia Plant,VA,Eastern Region,filler,4000.0,4000,28.0,standard_28,136.75,strict_group,83.0,88.0,68.55,48.75,0.35648994515539306,68.2,0.4987202925045704,True,True,True
43737,1,0.941177813022649,0.08432859071554678,Smyrna Ready Mix,SCGA Mobile Plant,SC,Southeastern Region,other_or_unspecified,2000.0,2000,28.0,standard_28,127.0,strict_group,9.0,114.0,97.9,13.0,0.10236220472440945,29.099999999999994,0.22913385826771648,True,True,False
33947,1,0.9367476445099452,0.08432859071554678,Knife River Corporation,Wheatland (Oregon) Plant,OR,Pacific Northwest Region,other_or_unspecified,3000.0,3000,3.0,early,193.33333333333334,strict_group,10.0,148.91666666666669,122.13333333333333,44.41666666666666,0.22974137931034477,71.20000000000002,0.36827586206896556,True,True,True
16183,1,0.935668897058274,0.08432859071554678,CEMEX,Winter Park Plant,FL,Southeastern Region,other_or_unspecified,3000.0,3000,28.0,standard_28,166.0,strict_group,701.0,91.66666666666667,82.66666666666667,74.33333333333333,0.4477911646586345,83.33333333333333,0.5020080321285141,True,True,True
7582,1,0.9352668381599452,0.08432859071554678,CEMEX,Eastport Plant,FL,Southeastern Region,other_or_unspecified,4000.0,4000,28.0,standard_28,140.5,strict_group,440.0,77.6875,69.75,62.8125,0.4470640569395018,70.75,0.50355871886121,True,True,True
34004,1,0.9339909297738572,0.08432859071554678,Knife River Corporation,Woodburn (Oregon) Plant,OR,Pacific Northwest Region,filler,3500.0,3500,28.0,standard_28,164.57142857142858,strict_group,7.0,100.19444444444444,91.25714285714285,64.37698412698414,0.39117959104938277,73.31428571428573,0.4454861111111112,True,True,True
6515,0,0.9337122241933606,0.08432859071554678,CEMEX,Columbus - Smith Rd (Vulcan Quarry) Plant,GA,Southeastern Region,other_or_unspecified,2200.0,2000,28.0,standard_28,121.36363636363636,strict_group,9.0,114.0,97.9,7.36363636363636,0.06067415730337076,23.463636363636354,0.19333333333333327,True,False,False
42551,1,0.9332353002152284,0.08432859071554678,Robertson's Ready Mix,Rialto Plant,CA,Pacific Southwest Region,other_or_unspecified,2500.0,2500,28.0,standard_28,152.0,strict_group,16.0,102.5,100.8,49.5,0.3256578947368421,51.2,0.3368421052631579,True,True,True
30739,1,0.9329210796065892,0.08432859071554678,Four Winds Concrete Inc.,Bethlehem Plant,PA,Eastern Region,other_or_unspecified,3000.0,3000,28.0,standard_28,200.0,strict_group,295.0,91.33333333333333,79.06666666666668,108.66666666666667,0.5433333333333333,120.93333333333332,0.6046666666666666,True,True,True
9228,1,0.9324317922343378,0.08432859071554678,CEMEX,Largo II Plant,FL,Southeastern Region,other_or_unspecified,4000.0,4000,28.0,standard_28,144.75,strict_group,440.0,77.6875,69.75,67.0625,0.4632987910189983,75.0,0.5181347150259067,True,True,True
43647,1,0.9311438202161998,0.08432859071554678,Smyrna Ready Mix,Dallas Commerce Plant,TX,South Central Region,other_or_unspecified,4000.0,4000,28.0,standard_28,126.75,strict_group,125.0,64.75,58.2,62.0,0.4891518737672584,68.55,0.5408284023668639,True,True,True
45908,0,0.929450621124454,0.08432859071554678,Titan Virginia Ready-Mix,Sterling RM (Plant 1),VA,Eastern Region,other_or_unspecified,3500.0,3500,28.0,standard_28,122.57142857142857,strict_group,117.0,95.71428571428571,84.05714285714286,26.85714285714286,0.21911421911421916,38.514285714285705,0.31421911421911414,True,True,True
16140,1,0.9277275880863416,0.08432859071554678,CEMEX,Winfield Plant,AL,Southeastern Region,other_or_unspecified,3000.0,3000,28.0,standard_28,132.66666666666666,strict_group,701.0,91.66666666666667,82.66666666666667,40.999999999999986,0.30904522613065316,49.999999999999986,0.3768844221105527,True,True,True
7217,1,0.9243879385350058,0.08432859071554678,CEMEX,Dawsonville - Easy Street Plant,GA,Southeastern Region,other_or_unspecified,3000.0,3000,28.0,standard_28,134.66666666666666,strict_group,701.0,91.66666666666667,82.66666666666667,42.999999999999986,0.3193069306930692,51.999999999999986,0.38613861386138604,True,True,True
33721,1,0.9242918289755644,0.08432859071554678,Knife River Corporation,Linnton Plant,OR,Pacific Northwest Region,other_or_unspecified,4000.0,4000,28.0,standard_28,163.75,strict_group,579.0,63.25,56.7,100.5,0.6137404580152672,107.05,0.6537404580152671,True,True,True
42552,1,0.9232437648768804,0.08432859071554678,Robertson's Ready Mix,Rialto Plant,CA,Pacific Southwest Region,other_or_unspecified,3000.0,3000,28.0,standard_28,135.66666666666666,strict_group,89.0,92.0,80.53333333333333,43.66666666666666,0.3218673218673218,55.133333333333326,0.4063882063882064,True,True,True
42371,0,0.92311079801421,0.08432859071554678,Robertson's Ready Mix,Gardena Plant,CA,Pacific Southwest Region,other_or_unspecified,2500.0,2500,28.0,standard_28,119.6,strict_group,16.0,102.5,100.8,17.099999999999994,0.1429765886287625,18.799999999999997,0.157190635451505,True,True,False
44868,1,0.9211859064133132,0.08432859071554678,Titan Virginia Ready-Mix,Bryan Park Plant,VA,Eastern Region,other_or_unspecified,4000.0,4000,28.0,standard_28,147.75,strict_group,636.0,74.75,60.75,73.0,0.494077834179357,87.0,0.5888324873096447,True,True,True
4515,1,0.9198357742862778,0.08432859071554678,"Callanan Industries, Inc.",Oriskany Plant,NY,Eastern Region,other_or_unspecified,2000.0,2000,28.0,standard_28,134.0,strict_group,11.0,124.0,93.5,10.0,0.07462686567164178,40.5,0.30223880597014924,True,False,False
40722,1,0.9189455714707976,0.08432859071554678,New Enterprise Stone & Lime,"Gateway, NY Plant",NY,Eastern Region,other_or_unspecified,4000.0,4000,28.0,standard_28,138.0,strict_group,636.0,74.75,60.75,63.25,0.4583333333333333,77.25,0.5597826086956522,True,True,True
40685,1,0.9189455714707976,0.08432859071554678,New Enterprise Stone & Lime,"Barton Road, NY Plant",NY,Eastern Region,other_or_unspecified,4000.0,4000,28.0,standard_28,137.0,strict_group,636.0,74.75,60.75,62.25,0.4543795620437956,76.25,0.5565693430656934,True,True,True
33980,1,0.9187978191953778,0.08432859071554678,Knife River Corporation,Woodburn (Oregon) Plant,OR,Pacific Northwest Region,filler,3000.0,3000,28.0,standard_28,161.33333333333334,strict_group,16.0,106.91666666666667,89.33333333333334,54.41666666666667,0.3372933884297521,72.0,0.44628099173553715,True,True,True
33504,1,0.9186949872949682,0.08432859071554678,Knife River Corporation,Boise (Idaho) Plant,ID,Pacific Northwest Region,other_or_unspecified,2200.0,2000,28.0,standard_28,132.72727272727272,strict_group,14.0,122.625,99.0,10.10227272727272,0.07611301369863008,33.72727272727272,0.2541095890410959,True,False,False
11477,1,0.9181040989135304,0.08432859071554678,CEMEX,Odessa Plant,FL,Southeastern Region,other_or_unspecified,3000.0,3000,28.0,standard_28,158.66666666666666,strict_group,701.0,91.66666666666667,82.66666666666667,66.99999999999999,0.42226890756302515,75.99999999999999,0.4789915966386554,True,True,True
15744,1,0.9180178869316756,0.08432859071554678,CEMEX,Waters Avenue Plant,FL,Southeastern Region,other_or_unspecified,4000.0,4000,28.0,standard_28,136.75,strict_group,440.0,77.6875,69.75,59.0625,0.4319012797074954,67.0,0.489945155393053,True,True,True
33562,1,0.917441330018515,0.08432859071554678,Knife River Corporation,Corvallis (Oregon) Plant,OR,Pacific Northwest Region,other_or_unspecified,3000.0,3000,28.0,standard_28,137.33333333333334,strict_group,395.0,71.0,64.13333333333334,66.33333333333334,0.48300970873786414,73.2,0.533009708737864,True,True,True
45703,0,0.9168188738605254,0.08432859071554678,Titan Virginia Ready-Mix,Sterling RM (Plant 1),VA,Eastern Region,other_or_unspecified,2000.0,2000,28.0,standard_28,118.5,strict_group,11.0,124.0,93.5,0.0,0.0,25.0,0.2109704641350211,True,False,False
13182,0,0.9159972671619836,0.08432859071554678,CEMEX,Port Charlotte Plant,FL,Southeastern Region,other_or_unspecified,4000.0,4000,28.0,standard_28,121.75,strict_group,440.0,77.6875,69.75,44.0625,0.36190965092402466,52.0,0.4271047227926078,True,True,True
4823,1,0.915588716901171,0.08432859071554678,CEMEX,56th Street Plant,FL,Southeastern Region,other_or_unspecified,2500.0,2500,28.0,standard_28,127.2,strict_group,212.0,92.7,82.88,34.5,0.2712264150943396,44.32000000000001,0.3484276729559749,True,True,True
9308,1,0.9154182203362085,0.08432859071554678,CEMEX,Lecanto East Plant,FL,Southeastern Region,other_or_unspecified,4000.0,4000,28.0,standard_28,130.0,strict_group,440.0,77.6875,69.75,52.3125,0.40240384615384617,60.25,0.4634615384615385,True,True,True
44892,1,0.9144771488511398,0.08432859071554678,Titan Virginia Ready-Mix,Campostella Plant,VA,Eastern Region,other_or_unspecified,3500.0,3500,28.0,standard_28,136.0,strict_group,117.0,95.71428571428571,84.05714285714286,40.28571428571429,0.29621848739495804,51.942857142857136,0.3819327731092437,True,True,True
2393,1,0.914373556510265,0.08432859071554678,Byram Concrete & Supply LLC,Byram Concrete & Supply LLC Plant,NY,Eastern Region,filler,4000.0,4000,28.0,standard_28,145.75,strict_group,83.0,88.0,68.55,57.75,0.39622641509433965,77.2,0.5296740994854202,True,True,True
5472,0,0.9141837349505696,0.08432859071554678,CEMEX,Auburn (Portable) Plant,AL,Southeastern Region,filler,3000.0,3000,28.0,standard_28,122.66666666666667,strict_group,44.0,117.25,105.0,5.416666666666671,0.04415760869565221,17.66666666666667,0.1440217391304348,True,False,False
9325,0,0.913067123789898,0.08432859071554678,CEMEX,Lecanto East Plant,FL,Southeastern Region,other_or_unspecified,3000.0,3000,28.0,standard_28,121.33333333333333,strict_group,701.0,91.66666666666667,82.66666666666667,29.666666666666657,0.24450549450549444,38.66666666666666,0.3186813186813186,True,True,True
42252,0,0.9117408106061126,0.08432859071554678,Robertson's Ready Mix,Anaheim Plant,CA,Pacific Southwest Region,filler,3000.0,3000,28.0,standard_28,74.33333333333333,strict_group,12.0,92.5,91.39999999999999,0.0,0.0,0.0,0.0,True,False,False
7212,1,0.9116172455059124,0.08432859071554678,CEMEX,Dawsonville - Easy Street Plant,GA,Southeastern Region,filler,3000.0,3000,28.0,standard_28,134.66666666666666,strict_group,44.0,117.25,105.0,17.416666666666657,0.12933168316831678,29.666666666666657,0.22029702970297024,True,True,False
6149,0,0.911410708611592,0.08432859071554678,CEMEX,Card Sound Mine Plant,FL,Southeastern Region,other_or_unspecified,3000.0,3000,28.0,standard_28,118.66666666666667,strict_group,701.0,91.66666666666667,82.66666666666667,27.0,0.22752808988764045,36.0,0.3033707865168539,True,True,True
30636,0,0.9103797334404046,0.08432859071554678,F&F Concrete,F&F Concrete Plant,CT,Eastern Region,other_or_unspecified,4000.0,4000,28.0,standard_28,114.75,strict_group,636.0,74.75,60.75,40.0,0.3485838779956427,54.0,0.47058823529411764,True,True,True
11609,1,0.9098971289758206,0.08432859071554678,CEMEX,Orange City Plant,FL,Southeastern Region,other_or_unspecified,3000.0,3000,28.0,standard_28,162.33333333333334,strict_group,701.0,91.66666666666667,82.66666666666667,70.66666666666667,0.4353182751540041,79.66666666666667,0.49075975359342916,True,True,True
4554,1,0.9084856443802182,0.08432859071554678,Cape Cod Ready Mix,Carver Plant,MA,Eastern Region,other_or_unspecified,2500.0,2500,28.0,standard_28,144.4,strict_group,18.0,103.4,78.72,41.0,0.2839335180055402,65.68,0.4548476454293629,True,True,True
5440,0,0.907861518323754,0.08432859071554678,CEMEX,Atmore Plant,AL,Southeastern Region,other_or_unspecified,3000.0,3000,28.0,standard_28,115.33333333333333,strict_group,701.0,91.66666666666667,82.66666666666667,23.666666666666657,0.20520231213872825,32.66666666666666,0.2832369942196531,True,True,True
4626,1,0.9078553434546808,0.08432859071554678,Cape Cod Ready Mix,Orleans Plant,MA,Eastern Region,other_or_unspecified,2500.0,2500,28.0,standard_28,150.0,strict_group,18.0,103.4,78.72,46.599999999999994,0.31066666666666665,71.28,0.4752,True,True,True
5144,1,0.9069069338968616,0.08432859071554678,CEMEX,Andalusia Plant,AL,Southeastern Region,paving,3000.0,3000,28.0,standard_28,130.0,strict_group,16.0,94.25,87.66666666666666,35.75,0.275,42.33333333333334,0.3256410256410257,True,True,True
33623,1,0.9061862657486152,0.08432859071554678,Knife River Corporation,Eugene (Oregon) Plant,OR,Pacific Northwest Region,filler,3000.0,3000,28.0,standard_28,159.0,strict_group,16.0,106.91666666666667,89.33333333333334,52.08333333333333,0.3275681341719077,69.66666666666666,0.43815513626834374,True,True,True
33588,1,0.9060069233923832,0.08432859071554678,Knife River Corporation,Corvallis (Oregon) Plant,OR,Pacific Northwest Region,filler,3000.0,3000,28.0,standard_28,171.66666666666666,strict_group,16.0,106.91666666666667,89.33333333333334,64.74999999999999,0.3771844660194174,82.33333333333331,0.4796116504854368,True,True,True
31619,1,0.9056089669599898,0.08432859071554678,Graniterock,San Jose Plant,CA,Pacific Southwest Region,other_or_unspecified,3000.0,3000,28.0,standard_28,179.0,strict_group,89.0,92.0,80.53333333333333,87.0,0.4860335195530726,98.46666666666667,0.5500931098696462,True,True,True
31618,1,0.9056089669599898,0.08432859071554678,Graniterock,San Jose Plant,CA,Pacific Southwest Region,other_or_unspecified,3000.0,3000,28.0,standard_28,179.0,strict_group,89.0,92.0,80.53333333333333,87.0,0.4860335195530726,98.46666666666667,0.5500931098696462,True,True,True
31806,1,0.9056089669599898,0.08432859071554678,Graniterock,Santa Cruz Plant,CA,Pacific Southwest Region,other_or_unspecified,3000.0,3000,28.0,standard_28,183.0,strict_group,89.0,92.0,80.53333333333333,91.0,0.4972677595628415,102.46666666666667,0.5599271402550091,True,True,True
31805,1,0.9056089669599898,0.08432859071554678,Graniterock,Santa Cruz Plant,CA,Pacific Southwest Region,other_or_unspecified,3000.0,3000,28.0,standard_28,183.0,strict_group,89.0,92.0,80.53333333333333,91.0,0.4972677595628415,102.46666666666667,0.5599271402550091,True,True,True
42904,1,0.9037926721560778,0.08432859071554678,Silvi Materials,Englishtown Plant,NJ,Eastern Region,filler,3500.0,3500,28.0,standard_28,177.42857142857142,strict_group,21.0,108.28571428571429,99.14285714285714,69.14285714285712,0.3896940418679548,78.28571428571428,0.4412238325281803,True,True,True
43044,1,0.9034946580866046,0.08432859071554678,Silvi Materials,Limerick Plant,PA,Eastern Region,other_or_unspecified,3000.0,3000,28.0,standard_28,126.66666666666667,strict_group,295.0,91.33333333333333,79.06666666666668,35.33333333333334,0.2789473684210527,47.599999999999994,0.37578947368421045,True,True,True
43041,1,0.9034946580866046,0.08432859071554678,Silvi Materials,Limerick Plant,PA,Eastern Region,other_or_unspecified,3000.0,3000,28.0,standard_28,133.33333333333334,strict_group,295.0,91.33333333333333,79.06666666666668,42.000000000000014,0.31500000000000006,54.266666666666666,0.407,True,True,True
43139,1,0.9034946580866046,0.08432859071554678,Silvi Materials,Morrisville Plant,PA,Eastern Region,other_or_unspecified,3000.0,3000,28.0,standard_28,129.66666666666666,strict_group,295.0,91.33333333333333,79.06666666666668,38.33333333333333,0.29562982005141386,50.59999999999998,0.3902313624678662,True,True,True
46073,1,0.9032439607781978,0.08432859071554678,Tresca Brothers Concrete,One Plant,MA,Eastern Region,structural,4000.0,4000,28.0,standard_28,161.0,strict_group,8.0,96.9375,87.975,64.0625,0.39790372670807456,73.025,0.4535714285714286,True,True,True
30630,1,0.9030583918580876,0.08432859071554678,F&F Concrete,F&F Concrete Plant,CT,Eastern Region,other_or_unspecified,3500.0,3500,28.0,standard_28,138.85714285714286,strict_group,117.0,95.71428571428571,84.05714285714286,43.14285714285715,0.31069958847736634,54.8,0.3946502057613168,True,True,True
42872,1,0.9018030392764306,0.08432859071554678,Silver Strike Concrete,Silver Strike Sparks Plant,NV,Pacific Southwest Region,filler,2500.0,2500,28.0,standard_28,165.2,national_spec_group,6.0,110.4,95.80000000000001,54.79999999999998,0.33171912832929773,69.39999999999998,0.420096852300242,True,True,True
33977,1,0.901021146583162,0.08432859071554678,Knife River Corporation,Woodburn (Oregon) Plant,OR,Pacific Northwest Region,other_or_unspecified,3000.0,3000,3.0,early,202.66666666666666,strict_group,10.0,148.91666666666669,122.13333333333333,53.74999999999997,0.26521381578947356,80.53333333333333,0.3973684210526316,True,True,True
42655,0,0.9009229075176488,0.08432859071554678,Schuster Concrete,Portable 18 Plant,DC,Eastern Region,other_or_unspecified,3000.0,3000,28.0,standard_28,120.66666666666667,strict_group,295.0,91.33333333333333,79.06666666666668,29.333333333333343,0.24309392265193377,41.599999999999994,0.34475138121546955,True,True,True
4485,1,0.8995454365807065,0.08432859071554678,"Callanan Industries, Inc.",Latham Plant,NY,Eastern Region,other_or_unspecified,2000.0,2000,28.0,standard_28,144.5,strict_group,11.0,124.0,93.5,20.5,0.14186851211072665,51.0,0.35294117647058826,True,True,False
3258,1,0.8991324256476135,0.08432859071554678,Cadman / Heidelberg Materials,Orchards Plant,WA,Pacific Northwest Region,other_or_unspecified,1000.0,1000,28.0,standard_28,246.0,strict_group,8.0,156.25,152.2,89.75,0.3648373983739837,93.80000000000001,0.3813008130081301,True,True,True
42550,0,0.8982323504479441,0.08432859071554678,Robertson's Ready Mix,Rialto Plant,CA,Pacific Southwest Region,other_or_unspecified,2500.0,2500,28.0,standard_28,120.4,strict_group,16.0,102.5,100.8,17.900000000000006,0.14867109634551498,19.60000000000001,0.16279069767441867,True,True,False
42372,1,0.8981650467696781,0.08432859071554678,Robertson's Ready Mix,Gardena Plant,CA,Pacific Southwest Region,other_or_unspecified,2500.0,2500,28.0,standard_28,151.6,strict_group,16.0,102.5,100.8,49.099999999999994,0.3238786279683377,50.8,0.33509234828496043,True,True,True
9164,1,0.8979738052852041,0.08432859071554678,CEMEX,Lakeland RK Plant,FL,Southeastern Region,other_or_unspecified,2500.0,2500,28.0,standard_28,124.4,strict_group,212.0,92.7,82.88,31.700000000000003,0.25482315112540194,41.52000000000001,0.33376205787781354,True,True,True
33561,1,0.8961818996221177,0.08432859071554678,Knife River Corporation,Corvallis (Oregon) Plant,OR,Pacific Northwest Region,other_or_unspecified,3000.0,3000,28.0,standard_28,124.0,strict_group,395.0,71.0,64.13333333333334,53.0,0.4274193548387097,59.86666666666666,0.4827956989247311,True,True,True
4590,1,0.8954546231558596,0.08432859071554678,Cape Cod Ready Mix,Dennis Plant,MA,Eastern Region,other_or_unspecified,2500.0,2500,28.0,standard_28,144.4,strict_group,18.0,103.4,78.72,41.0,0.2839335180055402,65.68,0.4548476454293629,True,True,True
4662,1,0.8954546231558596,0.08432859071554678,Cape Cod Ready Mix,Sandwich Plant,MA,Eastern Region,other_or_unspecified,2500.0,2500,28.0,standard_28,142.8,strict_group,18.0,103.4,78.72,39.400000000000006,0.2759103641456583,64.08000000000001,0.4487394957983194,True,True,True
9337,0,0.8949578853566387,0.08432859071554678,CEMEX,Leesburg RK Plant,FL,Southeastern Region,other_or_unspecified,3000.0,3000,28.0,standard_28,116.33333333333333,strict_group,701.0,91.66666666666667,82.66666666666667,24.666666666666657,0.21203438395415466,33.66666666666666,0.2893982808022922,True,True,True
7444,1,0.8946555019205623,0.08432859071554678,CEMEX,Downtown Miami Plant,FL,Southeastern Region,other_or_unspecified,3000.0,3000,28.0,standard_28,137.33333333333334,strict_group,701.0,91.66666666666667,82.66666666666667,45.66666666666667,0.3325242718446602,54.66666666666667,0.39805825242718446,True,True,True
42873,1,0.8924007304372645,0.08432859071554678,Silver Strike Concrete,Silver Strike Sparks Plant,NV,Pacific Southwest Region,filler,3000.0,3000,28.0,standard_28,136.66666666666666,strict_group,12.0,92.5,91.39999999999999,44.16666666666666,0.323170731707317,45.266666666666666,0.33121951219512197,True,True,True
7067,1,0.8914769388559294,0.08432859071554678,CEMEX,Dallas Plant,GA,Southeastern Region,filler,3000.0,3000,28.0,standard_28,141.0,strict_group,44.0,117.25,105.0,23.75,0.16843971631205673,36.0,0.2553191489361702,True,True,False
43038,1,0.8912357072436573,0.08432859071554678,Silvi Materials,Limerick Plant,PA,Eastern Region,other_or_unspecified,3000.0,3000,28.0,standard_28,130.66666666666666,strict_group,295.0,91.33333333333333,79.06666666666668,39.33333333333333,0.3010204081632653,51.59999999999998,0.3948979591836733,True,True,True
13018,1,0.8903094751965863,0.08432859071554678,CEMEX,Plant City RK Plant,FL,Southeastern Region,other_or_unspecified,3000.0,3000,28.0,standard_28,164.0,strict_group,701.0,91.66666666666667,82.66666666666667,72.33333333333333,0.4410569105691057,81.33333333333333,0.4959349593495935,True,True,True
30479,1,0.8896774443361941,0.08432859071554678,"Ernst Enterprises, Inc.",Columbus Plant,OH,Great Lakes Region,other_or_unspecified,3500.0,3500,28.0,standard_28,132.57142857142858,strict_group,9.0,74.0,73.48571428571428,58.571428571428584,0.44181034482758624,59.0857142857143,0.4456896551724139,True,True,True
5132,1,0.8871475686559193,0.08432859071554678,CEMEX,Andalusia Plant,AL,Southeastern Region,other_or_unspecified,3000.0,3000,28.0,standard_28,139.66666666666666,strict_group,701.0,91.66666666666667,82.66666666666667,47.999999999999986,0.34367541766109777,56.999999999999986,0.4081145584725536,True,True,True
5518,1,0.8857684704778654,0.08432859071554678,CEMEX,Auburn (Portable) Plant,AL,Southeastern Region,filler,3000.0,3000,28.0,standard_28,133.66666666666666,strict_group,44.0,117.25,105.0,16.416666666666657,0.12281795511221939,28.666666666666657,0.21446384039900243,True,True,False
43224,1,0.8848614095052533,0.08432859071554678,Silvi Materials,Philadelphia Plant,PA,Eastern Region,other_or_unspecified,3000.0,3000,28.0,standard_28,146.66666666666666,strict_group,295.0,91.33333333333333,79.06666666666668,55.33333333333333,0.37727272727272726,67.59999999999998,0.4609090909090908,True,True,True
43037,1,0.8841031946365606,0.08432859071554678,Silvi Materials,Limerick Plant,PA,Eastern Region,other_or_unspecified,3000.0,3000,28.0,standard_28,127.0,strict_group,295.0,91.33333333333333,79.06666666666668,35.66666666666667,0.2808398950131234,47.93333333333332,0.37742782152230964,True,True,True
13017,1,0.8831487342097766,0.08432859071554678,CEMEX,Plant City RK Plant,FL,Southeastern Region,other_or_unspecified,3000.0,3000,28.0,standard_28,133.33333333333334,strict_group,701.0,91.66666666666667,82.66666666666667,41.66666666666667,0.3125,50.66666666666667,0.38,True,True,True
43736,0,0.8825673736824529,0.08432859071554678,Smyrna Ready Mix,SCGA Mobile Plant,SC,Southeastern Region,other_or_unspecified,2000.0,2000,28.0,standard_28,87.5,strict_group,9.0,114.0,97.9,0.0,0.0,0.0,0.0,True,False,False
9930,1,0.8813713651175015,0.08432859071554678,CEMEX,McIntosh Plant,FL,Southeastern Region,filler,3000.0,3000,28.0,standard_28,126.0,strict_group,44.0,117.25,105.0,8.75,0.06944444444444445,21.0,0.16666666666666666,True,False,False
46660,0,0.8798678649573122,0.08432859071554678,US Concrete Mix / Smyrna Ready Mix,Irving Plant,TX,South Central Region,other_or_unspecified,4000.0,4000,28.0,standard_28,116.75,strict_group,125.0,64.75,58.2,52.0,0.44539614561027835,58.55,0.5014989293361884,True,True,True
44890,1,0.8798269169322364,0.08432859071554678,Titan Virginia Ready-Mix,Campostella Plant,VA,Eastern Region,filler,3000.0,3000,28.0,standard_28,169.0,strict_group,28.0,94.5,30.75,74.5,0.4408284023668639,138.25,0.8180473372781065,True,True,True
9165,1,0.8789741332977723,0.08432859071554678,CEMEX,Lakeland RK Plant,FL,Southeastern Region,other_or_unspecified,3000.0,3000,28.0,standard_28,126.0,strict_group,701.0,91.66666666666667,82.66666666666667,34.33333333333333,0.27248677248677244,43.33333333333333,0.3439153439153439,True,True,True
8585,1,0.8789065003718478,0.08432859071554678,CEMEX,Industrial Park Rd (Cartersville - RMUSA) Plant,GA,Southeastern Region,other_or_unspecified,3000.0,3000,1.0,early,163.66666666666666,strict_group,7.0,134.5,131.86666666666667,29.166666666666657,0.17820773930753558,31.799999999999983,0.19429735234215878,True,True,False
30786,0,0.8788884311389913,0.08432859071554678,Four Winds Concrete Inc.,Bethlehem Plant,PA,Eastern Region,filler,3300.0,3500,28.0,standard_28,122.42424242424244,strict_group,21.0,108.28571428571429,99.14285714285714,14.138528138528144,0.11548797736916552,23.281385281385298,0.1901697312588403,True,True,False
15725,0,0.8785843855061869,0.08432859071554678,CEMEX,Vance Plant,AL,Southeastern Region,filler,3000.0,3000,28.0,standard_28,103.0,strict_group,44.0,117.25,105.0,0.0,0.0,0.0,0.0,True,False,False
9901,1,0.878456397144982,0.08432859071554678,CEMEX,McIntosh Plant,FL,Southeastern Region,other_or_unspecified,3000.0,3000,28.0,standard_28,157.0,strict_group,701.0,91.66666666666667,82.66666666666667,65.33333333333333,0.41613588110403393,74.33333333333333,0.47346072186836513,True,True,True
409,1,0.8771344717128635,0.08432859071554678,American Rock Products (ARP),Boardman Plant,OR,Pacific Northwest Region,filler,2000.0,2000,28.0,standard_28,151.0,strict_group,7.0,130.5,125.1,20.5,0.1357615894039735,25.900000000000006,0.17152317880794707,True,True,False
16144,0,0.8754941841713575,0.08432859071554678,CEMEX,Winfield Plant,AL,Southeastern Region,other_or_unspecified,3000.0,3000,28.0,standard_28,114.0,strict_group,701.0,91.66666666666667,82.66666666666667,22.33333333333333,0.19590643274853797,31.33333333333333,0.27485380116959063,True,True,False
33953,0,0.8752206413881283,0.08432859071554678,Knife River Corporation,Wheatland (Oregon) Plant,OR,Pacific Northwest Region,other_or_unspecified,3000.0,3000,28.0,standard_28,123.33333333333333,strict_group,395.0,71.0,64.13333333333334,52.33333333333333,0.4243243243243243,59.19999999999999,0.4799999999999999,True,True,True
15465,0,0.874701883238833,0.08432859071554678,CEMEX,Tuscumbia (Dual) Plant,AL,Southeastern Region,filler,3000.0,3000,28.0,standard_28,110.33333333333333,strict_group,44.0,117.25,105.0,0.0,0.0,5.333333333333329,0.04833836858006038,True,False,False
33860,0,0.8746334877108003,0.08432859071554678,Knife River Corporation,Redmond (Oregon) Plant,OR,Pacific Northwest Region,filler,2000.0,2000,28.0,standard_28,123.0,strict_group,7.0,130.5,125.1,0.0,0.0,0.0,0.0,True,False,False
5537,1,0.8731056730140664,0.08432859071554678,CEMEX,Auburndale Plant,FL,Southeastern Region,other_or_unspecified,4000.0,4000,28.0,standard_28,157.5,strict_group,440.0,77.6875,69.75,79.8125,0.5067460317460317,87.75,0.5571428571428572,True,True,True
10629,1,0.8725995765375857,0.08432859071554678,CEMEX,New Smyrna Plant,FL,Southeastern Region,other_or_unspecified,3000.0,3000,28.0,standard_28,135.0,strict_group,701.0,91.66666666666667,82.66666666666667,43.33333333333333,0.32098765432098764,52.33333333333333,0.3876543209876543,True,True,True
31066,1,0.8725677021542714,0.08432859071554678,Graniterock,Monterey-Seaside Plant,CA,Pacific Southwest Region,other_or_unspecified,3000.0,3000,28.0,standard_28,165.0,strict_group,89.0,92.0,80.53333333333333,73.0,0.44242424242424244,84.46666666666667,0.5119191919191919,True,True,True
31067,1,0.8725677021542714,0.08432859071554678,Graniterock,Monterey-Seaside Plant,CA,Pacific Southwest Region,other_or_unspecified,3000.0,3000,28.0,standard_28,165.0,strict_group,89.0,92.0,80.53333333333333,73.0,0.44242424242424244,84.46666666666667,0.5119191919191919,True,True,True
5753,1,0.8721255119904864,0.08432859071554678,CEMEX,Berth 150 Plant,FL,Southeastern Region,other_or_unspecified,3000.0,3000,28.0,standard_28,201.66666666666666,strict_group,701.0,91.66666666666667,82.66666666666667,109.99999999999999,0.5454545454545454,118.99999999999999,0.5900826446280991,True,True,True
15509,1,0.8710710220324238,0.08432859071554678,CEMEX,Tyrone Plant,GA,Southeastern Region,filler,3000.0,3000,28.0,standard_28,133.33333333333334,strict_group,44.0,117.25,105.0,16.083333333333343,0.12062500000000007,28.333333333333343,0.21250000000000005,True,True,False
45383,1,0.8706819126238531,0.08432859071554678,Titan Virginia Ready-Mix,Oceana Plant,VA,Eastern Region,filler,3000.0,3000,28.0,standard_28,170.33333333333334,strict_group,28.0,94.5,30.75,75.83333333333334,0.44520547945205485,139.58333333333334,0.8194716242661448,True,True,True
33974,1,0.8704499580698637,0.08432859071554678,Knife River Corporation,Wheatland (Oregon) Plant,OR,Pacific Northwest Region,filler,3500.0,3500,28.0,standard_28,156.28571428571428,strict_group,7.0,100.19444444444444,91.25714285714285,56.091269841269835,0.3589020922201909,65.02857142857142,0.41608775137111514,True,True,True
46106,1,0.8687780291833046,0.08432859071554678,Tresca Brothers Concrete,One Plant,MA,Eastern Region,other_or_unspecified,4000.0,4000,28.0,standard_28,155.0,strict_group,636.0,74.75,60.75,80.25,0.5177419354838709,94.25,0.6080645161290322,True,True,True
43046,1,0.8678403826662503,0.08432859071554678,Silvi Materials,Limerick Plant,PA,Eastern Region,filler,3000.0,3000,28.0,standard_28,131.0,strict_group,28.0,94.5,30.75,36.5,0.2786259541984733,100.25,0.7652671755725191,True,True,True
30447,0,0.8671019799851779,0.08432859071554678,Elizabeth River Concrete,Portsmouth Virginia Plant,VA,Eastern Region,filler,4000.0,4000,28.0,standard_28,110.75,strict_group,83.0,88.0,68.55,22.75,0.2054176072234763,42.2,0.381038374717833,True,True,True
12073,0,0.8669920183128225,0.08432859071554678,CEMEX,Pennington Plant,AL,Southeastern Region,filler,3000.0,3000,28.0,standard_28,118.0,strict_group,44.0,117.25,105.0,0.75,0.006355932203389831,13.0,0.11016949152542373,True,False,False
7075,1,0.8656512111111534,0.08432859071554678,CEMEX,Dallas Plant,GA,Southeastern Region,other_or_unspecified,3000.0,3000,28.0,standard_28,137.33333333333334,strict_group,701.0,91.66666666666667,82.66666666666667,45.66666666666667,0.3325242718446602,54.66666666666667,0.39805825242718446,True,True,True
11864,1,0.8656173263491014,0.08432859071554678,CEMEX,Palmomar Oceanside Plant,CA,Pacific Southwest Region,other_or_unspecified,2000.0,2000,28.0,standard_28,126.0,national_spec_group,44.0,106.75,96.6,19.25,0.1527777777777778,29.400000000000006,0.23333333333333336,True,True,False
6979,1,0.8642005524521211,0.08432859071554678,CEMEX,Crestview Plant,FL,Southeastern Region,filler,4000.0,4000,28.0,standard_28,125.75,strict_group,36.0,95.0,86.75,30.75,0.24453280318091453,39.0,0.3101391650099404,True,True,True
21933,1,0.8631661827614412,0.08432859071554678,Century Ready-Mix,Ruston Plant,LA,South Central Region,filler,2000.0,2000,28.0,standard_28,181.0,national_spec_group,17.0,134.5,118.6,46.5,0.2569060773480663,62.400000000000006,0.34475138121546967,True,True,True
45409,1,0.8629647986443263,0.08432859071554678,Titan Virginia Ready-Mix,Port Norfolk Plant,VA,Eastern Region,other_or_unspecified,3500.0,3500,28.0,standard_28,144.28571428571428,strict_group,117.0,95.71428571428571,84.05714285714286,48.57142857142857,0.33663366336633666,60.22857142857141,0.41742574257425735,True,True,True
15742,1,0.8627258119893126,0.08432859071554678,CEMEX,Waters Avenue Plant,FL,Southeastern Region,other_or_unspecified,3000.0,3000,28.0,standard_28,148.0,strict_group,701.0,91.66666666666667,82.66666666666667,56.33333333333333,0.3806306306306306,65.33333333333333,0.44144144144144143,True,True,True
45975,0,0.8621834106488209,0.08432859071554678,Titan Virginia Ready-Mix,Sterling RM (Plant 1),VA,Eastern Region,other_or_unspecified,3500.0,3500,28.0,standard_28,113.71428571428571,strict_group,117.0,95.71428571428571,84.05714285714286,18.0,0.15829145728643218,29.657142857142844,0.2608040201005024,True,True,False
45139,1,0.8611525380601269,0.08432859071554678,Titan Virginia Ready-Mix,Chesterfield Plant,VA,Eastern Region,other_or_unspecified,4000.0,4000,28.0,standard_28,160.0,strict_group,636.0,74.75,60.75,85.25,0.5328125,99.25,0.6203125,True,True,True
10345,1,0.859692434726403,0.08432859071554678,CEMEX,Monroeville Plant,AL,Southeastern Region,filler,3000.0,3000,28.0,standard_28,130.66666666666666,strict_group,44.0,117.25,105.0,13.416666666666657,0.10267857142857137,25.666666666666657,0.19642857142857137,True,True,False
43795,0,0.8594479827647218,0.08432859071554678,Smyrna Ready Mix,TN Mobile Plant,TN,Southeastern Region,other_or_unspecified,2000.0,2000,28.0,standard_28,100.5,strict_group,9.0,114.0,97.9,0.0,0.0,2.5999999999999943,0.025870646766169098,True,False,False
31371,1,0.8594116533321307,0.08432859071554678,Graniterock,Redwood City Plant,CA,Pacific Southwest Region,other_or_unspecified,3000.0,3000,28.0,standard_28,180.66666666666666,strict_group,89.0,92.0,80.53333333333333,88.66666666666666,0.49077490774907745,100.13333333333333,0.5542435424354244,True,True,True
15506,0,0.8593355427042465,0.08432859071554678,CEMEX,Tyrone Plant,GA,Southeastern Region,filler,4000.0,4000,28.0,standard_28,116.75,strict_group,36.0,95.0,86.75,21.75,0.18629550321199143,30.0,0.2569593147751606,True,True,False
15045,1,0.8589782295328964,0.08432859071554678,CEMEX,Stockbridge Plant,GA,Southeastern Region,other_or_unspecified,3000.0,3000,2.0,early,151.33333333333334,strict_group,7.0,134.5,131.86666666666667,16.833333333333343,0.11123348017621151,19.46666666666667,0.12863436123348018,True,True,False
14908,0,0.8584688766322515,0.08432859071554678,CEMEX,St. Cloud Plant,FL,Southeastern Region,other_or_unspecified,2500.0,2500,28.0,standard_28,122.4,strict_group,212.0,92.7,82.88,29.700000000000003,0.2426470588235294,39.52000000000001,0.3228758169934641,True,True,True
42521,1,0.8578370281173617,0.08432859071554678,Robertson's Ready Mix,Rialto Plant,CA,Pacific Southwest Region,other_or_unspecified,3000.0,3000,28.0,standard_28,135.66666666666666,strict_group,89.0,92.0,80.53333333333333,43.66666666666666,0.3218673218673218,55.133333333333326,0.4063882063882064,True,True,True
41880,0,0.8567017346582618,0.08432859071554678,RiverBend Materials,Hilroy Plant,OR,Pacific Northwest Region,other_or_unspecified,3000.0,3000,28.0,standard_28,112.0,strict_group,395.0,71.0,64.13333333333334,41.0,0.36607142857142855,47.86666666666666,0.4273809523809523,True,True,True
43074,1,0.8563754591501573,0.08432859071554678,Silvi Materials,Limerick Plant,PA,Eastern Region,filler,4000.0,4000,28.0,standard_28,160.0,strict_group,83.0,88.0,68.55,72.0,0.45,91.45,0.5715625,True,True,True
43227,1,0.8561611326703561,0.08432859071554678,Silvi Materials,Philadelphia Plant,PA,Eastern Region,other_or_unspecified,3000.0,3000,28.0,standard_28,134.0,strict_group,295.0,91.33333333333333,79.06666666666668,42.66666666666667,0.318407960199005,54.93333333333332,0.4099502487562188,True,True,True
31543,1,0.852687787502351,0.08432859071554678,Graniterock,Salinas Plant,CA,Pacific Southwest Region,other_or_unspecified,3000.0,3000,28.0,standard_28,165.33333333333334,strict_group,89.0,92.0,80.53333333333333,73.33333333333334,0.44354838709677424,84.80000000000001,0.5129032258064516,True,True,True
33567,0,0.8486642803403647,0.08432859071554678,Knife River Corporation,Corvallis (Oregon) Plant,OR,Pacific Northwest Region,other_or_unspecified,3000.0,3000,28.0,standard_28,118.66666666666667,strict_group,395.0,71.0,64.13333333333334,47.66666666666667,0.401685393258427,54.53333333333333,0.4595505617977528,True,True,True
9060,0,0.848468105482567,0.08432859071554678,CEMEX,LaBelle 1 Plant,FL,Southeastern Region,other_or_unspecified,3000.0,3000,28.0,standard_28,112.66666666666667,strict_group,701.0,91.66666666666667,82.66666666666667,21.0,0.18639053254437868,30.0,0.2662721893491124,True,True,False
45132,0,0.8476851902607283,0.08432859071554678,Titan Virginia Ready-Mix,Chesterfield Plant,VA,Eastern Region,other_or_unspecified,4000.0,4000,28.0,standard_28,85.75,strict_group,636.0,74.75,60.75,11.0,0.1282798833819242,25.0,0.2915451895043732,True,True,False
44853,0,0.8476851902607283,0.08432859071554678,Titan Virginia Ready-Mix,Bryan Park Plant,VA,Eastern Region,other_or_unspecified,4000.0,4000,28.0,standard_28,89.0,strict_group,636.0,74.75,60.75,14.25,0.1601123595505618,28.25,0.31741573033707865,True,True,False
42581,0,0.847657280109286,0.08432859071554678,Robertson's Ready Mix,Vernon Plant,CA,Pacific Southwest Region,other_or_unspecified,2500.0,2500,28.0,standard_28,122.8,strict_group,16.0,102.5,100.8,20.299999999999997,0.16530944625407165,22.0,0.1791530944625407,True,True,False
31589,1,0.8448384045410591,0.08432859071554678,Graniterock,San Jose Plant,CA,Pacific Southwest Region,filler,2500.0,2500,28.0,standard_28,155.6,national_spec_group,6.0,110.4,95.80000000000001,45.19999999999999,0.2904884318766066,59.79999999999998,0.38431876606683796,True,True,True
42583,1,0.8447125835195545,0.08432859071554678,Robertson's Ready Mix,Vernon Plant,CA,Pacific Southwest Region,other_or_unspecified,3000.0,3000,28.0,standard_28,137.33333333333334,strict_group,89.0,92.0,80.53333333333333,45.33333333333334,0.3300970873786408,56.80000000000001,0.41359223300970877,True,True,True
16179,0,0.8441579403278064,0.08432859071554678,CEMEX,Winter Park Plant,FL,Southeastern Region,other_or_unspecified,2500.0,2500,28.0,standard_28,118.0,strict_group,212.0,92.7,82.88,25.299999999999997,0.21440677966101693,35.120000000000005,0.2976271186440678,True,True,True
42582,1,0.8440317316173216,0.08432859071554678,Robertson's Ready Mix,Vernon Plant,CA,Pacific Southwest Region,other_or_unspecified,2500.0,2500,28.0,standard_28,154.0,strict_group,16.0,102.5,100.8,51.5,0.3344155844155844,53.2,0.34545454545454546,True,True,True
42558,1,0.8435798958467987,0.08432859071554678,Robertson's Ready Mix,Vernon Plant,CA,Pacific Southwest Region,structural,3000.0,3000,28.0,standard_28,137.33333333333334,national_spec_group,41.0,71.33333333333333,67.0,66.00000000000001,0.4805825242718447,70.33333333333334,0.5121359223300971,True,True,True
42239,0,0.843293754363214,0.08432859071554678,Robertson's Ready Mix,Anaheim Plant,CA,Pacific Southwest Region,other_or_unspecified,3000.0,3000,28.0,standard_28,76.66666666666667,strict_group,89.0,92.0,80.53333333333333,0.0,0.0,0.0,0.0,True,False,False
33932,1,0.842812340872401,0.08432859071554678,Knife River Corporation,Tumalo (Oregon) Plant,OR,Pacific Northwest Region,filler,2000.0,2000,28.0,standard_28,126.5,strict_group,7.0,130.5,125.1,0.0,0.0,1.4000000000000057,0.011067193675889373,True,False,False
12079,1,0.8427890309617602,0.08432859071554678,CEMEX,Pennington Plant,AL,Southeastern Region,filler,3000.0,3000,28.0,standard_28,136.0,strict_group,44.0,117.25,105.0,18.75,0.13786764705882354,31.0,0.22794117647058823,True,True,False
33728,1,0.8424087485377586,0.08432859071554678,Knife River Corporation,McMinnville (Oregon) Plant,OR,Pacific Northwest Region,other_or_unspecified,3000.0,3000,28.0,standard_28,150.33333333333334,strict_group,395.0,71.0,64.13333333333334,79.33333333333334,0.5277161862527716,86.2,0.5733924611973392,True,True,True
33752,0,0.8395941938842062,0.08432859071554678,Knife River Corporation,Medford (Oregon) Plant,OR,Pacific Northwest Region,other_or_unspecified,3000.0,3000,28.0,standard_28,118.0,strict_group,395.0,71.0,64.13333333333334,47.0,0.3983050847457627,53.86666666666666,0.4564971751412429,True,True,True
33725,1,0.8384013426966341,0.08432859071554678,Knife River Corporation,McMinnville (Oregon) Plant,OR,Pacific Northwest Region,filler,3000.0,3000,28.0,standard_28,170.0,strict_group,16.0,106.91666666666667,89.33333333333334,63.08333333333333,0.371078431372549,80.66666666666666,0.47450980392156855,True,True,True
2018,0,0.8372438795432358,0.08432859071554678,Bonded Concrete Inc. / The Clemente Group,Pleasant Valley Plant,NY,Eastern Region,other_or_unspecified,3000.0,3000,28.0,standard_28,108.66666666666667,strict_group,295.0,91.33333333333333,79.06666666666668,17.333333333333343,0.1595092024539878,29.599999999999994,0.27239263803680974,True,True,False
7584,1,0.8372405827675294,0.08432859071554678,CEMEX,Eastport Plant,FL,Southeastern Region,other_or_unspecified,3000.0,3000,28.0,standard_28,125.66666666666667,strict_group,701.0,91.66666666666667,82.66666666666667,34.0,0.27055702917771884,43.0,0.3421750663129973,True,True,True
9086,0,0.8342319520117377,0.08432859071554678,CEMEX,Lafayette Plant,GA,Southeastern Region,other_or_unspecified,2200.0,2000,28.0,standard_28,114.99999999999999,strict_group,9.0,114.0,97.9,0.9999999999999858,0.00869565217391292,17.09999999999998,0.1486956521739129,True,False,False
510,1,0.8336203576699248,0.08432859071554678,American Rock Products (ARP),Hermiston Plant,OR,Pacific Northwest Region,filler,2000.0,2000,28.0,standard_28,160.0,strict_group,7.0,130.5,125.1,29.5,0.184375,34.900000000000006,0.21812500000000004,True,True,False
4892,1,0.8306744711579586,0.08432859071554678,CEMEX,78th Street Plant,FL,Southeastern Region,other_or_unspecified,3000.0,3000,28.0,standard_28,203.66666666666666,strict_group,701.0,91.66666666666667,82.66666666666667,111.99999999999999,0.5499181669394435,120.99999999999999,0.5941080196399345,True,True,True
33954,1,0.8298840203682544,0.08432859071554678,Knife River Corporation,Wheatland (Oregon) Plant,OR,Pacific Northwest Region,other_or_unspecified,3000.0,3000,28.0,standard_28,160.66666666666666,strict_group,395.0,71.0,64.13333333333334,89.66666666666666,0.558091286307054,96.53333333333332,0.6008298755186722,True,True,True
33592,1,0.8296956177352782,0.08432859071554678,Knife River Corporation,Eugene (Oregon) Plant,OR,Pacific Northwest Region,other_or_unspecified,3000.0,3000,3.0,early,180.0,strict_group,10.0,148.91666666666669,122.13333333333333,31.083333333333314,0.17268518518518508,57.866666666666674,0.32148148148148153,True,True,False
15207,1,0.8287592881469913,0.08432859071554678,CEMEX,Thomasville Plant,AL,Southeastern Region,filler,3000.0,3000,28.0,standard_28,129.33333333333334,strict_group,44.0,117.25,105.0,12.083333333333343,0.09342783505154646,24.333333333333343,0.18814432989690727,True,False,False
10340,0,0.82812011820206,0.08432859071554678,CEMEX,Monroeville Plant,AL,Southeastern Region,filler,3000.0,3000,28.0,standard_28,122.66666666666667,strict_group,44.0,117.25,105.0,5.416666666666671,0.04415760869565221,17.66666666666667,0.1440217391304348,True,False,False
414,1,0.828029725524243,0.08432859071554678,American Rock Products (ARP),Boardman Plant,OR,Pacific Northwest Region,other_or_unspecified,3500.0,3500,28.0,standard_28,158.0,strict_group,339.0,68.59126984126985,58.0,89.40873015873015,0.5658780389793048,100.0,0.6329113924050633,True,True,True
42240,0,0.8276189403989361,0.08432859071554678,Robertson's Ready Mix,Anaheim Plant,CA,Pacific Southwest Region,other_or_unspecified,3000.0,3000,28.0,standard_28,77.33333333333333,strict_group,89.0,92.0,80.53333333333333,0.0,0.0,0.0,0.0,True,False,False
44852,0,0.8269437506419954,0.08432859071554678,Titan Virginia Ready-Mix,Bryan Park Plant,VA,Eastern Region,other_or_unspecified,4000.0,4000,28.0,standard_28,97.5,strict_group,636.0,74.75,60.75,22.75,0.23333333333333334,36.75,0.3769230769230769,True,True,True
45131,0,0.8269437506419954,0.08432859071554678,Titan Virginia Ready-Mix,Chesterfield Plant,VA,Eastern Region,other_or_unspecified,4000.0,4000,28.0,standard_28,94.5,strict_group,636.0,74.75,60.75,19.75,0.20899470899470898,33.75,0.35714285714285715,True,True,True
11445,0,0.8268361706640134,0.08432859071554678,CEMEX,Ocala West Plant,FL,Southeastern Region,other_or_unspecified,3000.0,3000,28.0,standard_28,118.66666666666667,strict_group,701.0,91.66666666666667,82.66666666666667,27.0,0.22752808988764045,36.0,0.3033707865168539,True,True,True
33997,1,0.8249452789149087,0.08432859071554678,Knife River Corporation,Woodburn (Oregon) Plant,OR,Pacific Northwest Region,other_or_unspecified,3000.0,3000,28.0,standard_28,152.66666666666666,strict_group,395.0,71.0,64.13333333333334,81.66666666666666,0.5349344978165939,88.53333333333332,0.5799126637554585,True,True,True
13193,0,0.8247272181752243,0.08432859071554678,CEMEX,Port Charlotte Plant,FL,Southeastern Region,other_or_unspecified,3000.0,3000,28.0,standard_28,115.33333333333333,strict_group,701.0,91.66666666666667,82.66666666666667,23.666666666666657,0.20520231213872825,32.66666666666666,0.2832369942196531,True,True,True
5452,0,0.823494912579376,0.08432859071554678,CEMEX,Atmore Plant,AL,Southeastern Region,filler,3000.0,3000,28.0,standard_28,118.66666666666667,strict_group,44.0,117.25,105.0,1.4166666666666714,0.01193820224719105,13.666666666666671,0.11516853932584273,True,False,False
41363,0,0.8212115501409619,0.08432859071554678,"Prairie Material, LLC",Yard 32 Plant,IL,Great Lakes Region,other_or_unspecified,4000.0,4000,28.0,standard_28,120.75,strict_group,52.0,66.4375,55.7,54.3125,0.4497929606625259,65.05,0.5387163561076604,True,True,True
33736,1,0.8160334485590619,0.08432859071554678,Knife River Corporation,McMinnville (Oregon) Plant,OR,Pacific Northwest Region,other_or_unspecified,3500.0,3500,28.0,standard_28,136.57142857142858,strict_group,339.0,68.59126984126985,58.0,67.98015873015873,0.4977626685262668,78.57142857142858,0.5753138075313808,True,True,True
9085,0,0.8158394418588784,0.08432859071554678,CEMEX,Lafayette Plant,GA,Southeastern Region,filler,4000.0,4000,28.0,standard_28,88.5,strict_group,36.0,95.0,86.75,0.0,0.0,1.75,0.01977401129943503,True,False,False
33983,1,0.8147602521239079,0.08432859071554678,Knife River Corporation,Woodburn (Oregon) Plant,OR,Pacific Northwest Region,other_or_unspecified,3000.0,3000,28.0,standard_28,133.66666666666666,strict_group,395.0,71.0,64.13333333333334,62.66666666666666,0.46882793017456353,69.53333333333332,0.5201995012468827,True,True,True
5457,1,0.8147437781329752,0.08432859071554678,CEMEX,Atmore Plant,AL,Southeastern Region,filler,3000.0,3000,28.0,standard_28,126.66666666666667,strict_group,44.0,117.25,105.0,9.416666666666671,0.07434210526315793,21.66666666666667,0.1710526315789474,True,False,False
4828,0,0.8133306409054326,0.08432859071554678,CEMEX,56th Street Plant,FL,Southeastern Region,other_or_unspecified,3000.0,3000,28.0,standard_28,108.0,strict_group,701.0,91.66666666666667,82.66666666666667,16.33333333333333,0.15123456790123452,25.33333333333333,0.23456790123456786,True,True,False
46160,0,0.8125668883024374,0.08432859071554678,United Companies,Delta Plant,CO,Rocky Mountains Region,filler,3000.0,3000,28.0,standard_28,93.0,national_spec_group,106.0,106.75,91.66666666666666,0.0,0.0,1.3333333333333428,0.014336917562724117,True,False,False
33737,1,0.8114132356836715,0.08432859071554678,Knife River Corporation,McMinnville (Oregon) Plant,OR,Pacific Northwest Region,other_or_unspecified,3500.0,3500,28.0,standard_28,136.57142857142858,strict_group,339.0,68.59126984126985,58.0,67.98015873015873,0.4977626685262668,78.57142857142858,0.5753138075313808,True,True,True
11606,0,0.810931353334982,0.08432859071554678,CEMEX,Orange City Plant,FL,Southeastern Region,other_or_unspecified,3000.0,3000,28.0,standard_28,117.0,strict_group,701.0,91.66666666666667,82.66666666666667,25.33333333333333,0.2165242165242165,34.33333333333333,0.2934472934472934,True,True,True
33505,1,0.8095843530840496,0.08432859071554678,Knife River Corporation,Boise (Idaho) Plant,ID,Pacific Northwest Region,other_or_unspecified,2200.0,2000,28.0,standard_28,132.72727272727272,strict_group,14.0,122.625,99.0,10.10227272727272,0.07611301369863008,33.72727272727272,0.2541095890410959,True,False,False
40723,0,0.8083434667300107,0.08432859071554678,"O&G Industries, Inc.",Bridgeport Plant,CT,Eastern Region,other_or_unspecified,4000.0,4000,28.0,standard_28,119.5,strict_group,636.0,74.75,60.75,44.75,0.37447698744769875,58.75,0.4916317991631799,True,True,True
43877,1,0.8077445587515693,0.08432859071554678,Sterling Concrete Corp,Oxford Plant,MA,Eastern Region,other_or_unspecified,4000.0,4000,28.0,standard_28,136.25,strict_group,636.0,74.75,60.75,61.5,0.45137614678899085,75.5,0.5541284403669725,True,True,True
33564,1,0.8076815003935631,0.08432859071554678,Knife River Corporation,Corvallis (Oregon) Plant,OR,Pacific Northwest Region,filler,3000.0,3000,28.0,standard_28,139.66666666666666,strict_group,16.0,106.91666666666667,89.33333333333334,32.749999999999986,0.23448687350835315,50.333333333333314,0.3603818615751789,True,True,True
2162,0,0.8067162625226628,0.08432859071554678,Boston Sand & Gravel,Boston Sand & Gravel,MA,Eastern Region,other_or_unspecified,4000.0,4000,28.0,standard_28,104.0,strict_group,636.0,74.75,60.75,29.25,0.28125,43.25,0.41586538461538464,True,True,True
11861,0,0.8040974185707356,0.08432859071554678,CEMEX,Palmomar Oceanside Plant,CA,Pacific Southwest Region,filler,3000.0,3000,28.0,standard_28,114.0,strict_group,12.0,92.5,91.39999999999999,21.5,0.18859649122807018,22.60000000000001,0.19824561403508778,True,True,False
9137,1,0.802538721069599,0.08432859071554678,CEMEX,Lake Wales Plant,FL,Southeastern Region,other_or_unspecified,3000.0,3000,28.0,standard_28,167.66666666666666,strict_group,701.0,91.66666666666667,82.66666666666667,75.99999999999999,0.45328031809145125,84.99999999999999,0.5069582504970178,True,True,True
33329,0,0.8011450335295199,0.08432859071554678,Ingram Ready Mix,Pearland #35 LLC Plant,TX,South Central Region,other_or_unspecified,2500.0,2500,28.0,standard_28,108.8,national_spec_group,274.0,92.9,80.64,15.899999999999991,0.14613970588235287,28.159999999999997,0.2588235294117647,True,True,False
46284,0,0.8004722783969594,0.08432859071554678,United Companies,Montrose Plant,CO,Rocky Mountains Region,other_or_unspecified,4500.0,4500,28.0,standard_28,75.55555555555556,strict_group,184.0,66.61111111111111,62.733333333333334,8.944444444444443,0.11838235294117645,12.822222222222223,0.16970588235294118,True,True,False
33950,1,0.8004424291441641,0.08432859071554678,Knife River Corporation,Wheatland (Oregon) Plant,OR,Pacific Northwest Region,filler,3000.0,3000,28.0,standard_28,152.0,strict_group,16.0,106.91666666666667,89.33333333333334,45.08333333333333,0.29660087719298245,62.66666666666666,0.4122807017543859,True,True,True
15726,0,0.7994105398214418,0.08432859071554678,CEMEX,Vance Plant,AL,Southeastern Region,filler,4000.0,4000,28.0,standard_28,79.75,strict_group,36.0,95.0,86.75,0.0,0.0,0.0,0.0,True,False,False
7588,0,0.799258084046897,0.08432859071554678,CEMEX,Eastport Plant,FL,Southeastern Region,other_or_unspecified,4000.0,4000,28.0,standard_28,118.5,strict_group,440.0,77.6875,69.75,40.8125,0.3444092827004219,48.75,0.41139240506329117,True,True,True
5465,0,0.7991191575525778,0.08432859071554678,CEMEX,Atmore Plant,AL,Southeastern Region,paving,3000.0,3000,28.0,standard_28,113.66666666666667,strict_group,16.0,94.25,87.66666666666666,19.41666666666667,0.1708211143695015,26.000000000000014,0.22873900293255142,True,True,False
9090,0,0.7987173742582142,0.08432859071554678,CEMEX,Lafayette Plant,GA,Southeastern Region,other_or_unspecified,3000.0,3000,28.0,standard_28,116.66666666666667,strict_group,701.0,91.66666666666667,82.66666666666667,25.0,0.21428571428571427,34.0,0.2914285714285714,True,True,True
16180,0,0.7984373978535612,0.08432859071554678,CEMEX,Winter Park Plant,FL,Southeastern Region,other_or_unspecified,3000.0,3000,28.0,standard_28,121.0,strict_group,701.0,91.66666666666667,82.66666666666667,29.33333333333333,0.24242424242424238,38.33333333333333,0.3168044077134986,True,True,True
33948,1,0.7982583788330238,0.08432859071554678,Knife River Corporation,Wheatland (Oregon) Plant,OR,Pacific Northwest Region,other_or_unspecified,3000.0,3000,28.0,standard_28,133.0,strict_group,395.0,71.0,64.13333333333334,62.0,0.46616541353383456,68.86666666666666,0.5177944862155388,True,True,True
9784,1,0.7981791240319814,0.08432859071554678,CEMEX,Marietta Plant,FL,Southeastern Region,other_or_unspecified,3000.0,3000,28.0,standard_28,131.66666666666666,strict_group,701.0,91.66666666666667,82.66666666666667,39.999999999999986,0.3037974683544303,48.999999999999986,0.37215189873417714,True,True,True
33985,1,0.7971747048558717,0.08432859071554678,Knife River Corporation,Woodburn (Oregon) Plant,OR,Pacific Northwest Region,other_or_unspecified,3000.0,3000,28.0,standard_28,141.66666666666666,strict_group,395.0,71.0,64.13333333333334,70.66666666666666,0.49882352941176467,77.53333333333332,0.5472941176470587,True,True,True
43042,0,0.7971509623781826,0.08432859071554678,Silvi Materials,Limerick Plant,PA,Eastern Region,other_or_unspecified,3000.0,3000,28.0,standard_28,122.66666666666667,strict_group,295.0,91.33333333333333,79.06666666666668,31.333333333333343,0.25543478260869573,43.599999999999994,0.3554347826086956,True,True,True
43137,1,0.7971509623781826,0.08432859071554678,Silvi Materials,Morrisville Plant,PA,Eastern Region,other_or_unspecified,3000.0,3000,28.0,standard_28,129.66666666666666,strict_group,295.0,91.33333333333333,79.06666666666668,38.33333333333333,0.29562982005141386,50.59999999999998,0.3902313624678662,True,True,True
30438,0,0.7971102166238918,0.08432859071554678,Elizabeth River Concrete,Portsmouth Virginia Plant,VA,Eastern Region,other_or_unspecified,3000.0,3000,28.0,standard_28,105.66666666666667,strict_group,295.0,91.33333333333333,79.06666666666668,14.333333333333343,0.13564668769716096,26.599999999999994,0.2517350157728706,True,True,False
33984,1,0.7963043905226599,0.08432859071554678,Knife River Corporation,Woodburn (Oregon) Plant,OR,Pacific Northwest Region,other_or_unspecified,3000.0,3000,28.0,standard_28,170.0,strict_group,395.0,71.0,64.13333333333334,99.0,0.5823529411764706,105.86666666666666,0.6227450980392156,True,True,True
44159,0,0.795496673545156,0.08432859071554678,Tec-Crete Transit Mix Corp.,Long Island City Plant,NY,Eastern Region,other_or_unspecified,3000.0,3000,28.0,standard_28,123.66666666666667,strict_group,295.0,91.33333333333333,79.06666666666668,32.33333333333334,0.26145552560646906,44.599999999999994,0.3606469002695417,True,True,True
43157,1,0.7936228940356087,0.08432859071554678,Silvi Materials,Morrisville Plant,PA,Eastern Region,filler,4000.0,4000,28.0,standard_28,140.5,strict_group,83.0,88.0,68.55,52.5,0.3736654804270463,71.95,0.5120996441281139,True,True,True
45385,0,0.7932566578221307,0.08432859071554678,Titan Virginia Ready-Mix,Oceana Plant,VA,Eastern Region,other_or_unspecified,3500.0,3500,28.0,standard_28,102.28571428571429,strict_group,117.0,95.71428571428571,84.05714285714286,6.571428571428584,0.06424581005586603,18.228571428571428,0.17821229050279327,True,False,False
34144,0,0.793022431409953,0.08432859071554678,Lycon Inc.,Middleton Plant,WI,Great Lakes Region,other_or_unspecified,1500.0,1500,28.0,standard_28,51.0,national_spec_group,13.0,112.0,51.666666666666664,0.0,0.0,0.0,0.0,True,False,False
33978,1,0.7923466790973966,0.08432859071554678,Knife River Corporation,Woodburn (Oregon) Plant,OR,Pacific Northwest Region,other_or_unspecified,3000.0,3000,28.0,standard_28,142.33333333333334,strict_group,395.0,71.0,64.13333333333334,71.33333333333334,0.5011709601873536,78.2,0.5494145199063232,True,True,True
33351,1,0.7895952793618751,0.08432859071554678,Kirkpatrick Concrete,Alabaster Plant,AL,Southeastern Region,other_or_unspecified,2500.0,2500,28.0,standard_28,125.6,strict_group,212.0,92.7,82.88,32.89999999999999,0.26194267515923564,42.72,0.3401273885350318,True,True,True
33416,0,0.7895952793618751,0.08432859071554678,Kirkpatrick Concrete,Highway 280 Plant,AL,Southeastern Region,other_or_unspecified,2500.0,2500,28.0,standard_28,120.4,strict_group,212.0,92.7,82.88,27.700000000000003,0.23006644518272426,37.52000000000001,0.31162790697674425,True,True,True
33438,0,0.7895952793618751,0.08432859071554678,Kirkpatrick Concrete,Lakeshore Plant,AL,Southeastern Region,other_or_unspecified,2500.0,2500,28.0,standard_28,118.4,strict_group,212.0,92.7,82.88,25.700000000000003,0.21706081081081083,35.52000000000001,0.30000000000000004,True,True,True
33394,0,0.7895952793618751,0.08432859071554678,Kirkpatrick Concrete,Gardendale Plant,AL,Southeastern Region,other_or_unspecified,2500.0,2500,28.0,standard_28,120.8,strict_group,212.0,92.7,82.88,28.099999999999994,0.23261589403973507,37.92,0.31390728476821195,True,True,True
15515,1,0.78916083230135,0.08432859071554678,CEMEX,Tyrone Plant,GA,Southeastern Region,other_or_unspecified,3000.0,3000,28.0,standard_28,139.66666666666666,strict_group,701.0,91.66666666666667,82.66666666666667,47.999999999999986,0.34367541766109777,56.999999999999986,0.4081145584725536,True,True,True
40648,1,0.7871995676708954,0.08432859071554678,New Enterprise Stone & Lime,"Barton Road, NY Plant",NY,Eastern Region,other_or_unspecified,2000.0,2000,28.0,standard_28,143.0,strict_group,11.0,124.0,93.5,19.0,0.13286713286713286,49.5,0.34615384615384615,True,True,False
40686,1,0.7871995676708954,0.08432859071554678,New Enterprise Stone & Lime,"Gateway, NY Plant",NY,Eastern Region,other_or_unspecified,2000.0,2000,28.0,standard_28,145.5,strict_group,11.0,124.0,93.5,21.5,0.14776632302405499,52.0,0.35738831615120276,True,True,False
31919,1,0.785966191821744,0.08432859071554678,Graniterock,Santa Cruz Plant,CA,Pacific Southwest Region,other_or_unspecified,4000.0,4000,28.0,standard_28,152.75,strict_group,111.0,78.25,69.0,74.5,0.4877250409165303,83.75,0.5482815057283142,True,True,True
21769,1,0.7857322320517377,0.08432859071554678,Central Pre-Mix (CPM),Sullivan Plant ,WA,Pacific Northwest Region,filler,2000.0,2000,28.0,standard_28,134.5,strict_group,7.0,130.5,125.1,4.0,0.02973977695167286,9.400000000000006,0.06988847583643126,True,False,False
43206,1,0.784562612415117,0.08432859071554678,Silvi Materials,Mt. Holly Plant,NJ,Eastern Region,filler,4000.0,4000,28.0,standard_28,157.0,strict_group,83.0,88.0,68.55,69.0,0.4394904458598726,88.45,0.563375796178344,True,True,True
16165,1,0.7838229020575803,0.08432859071554678,CEMEX,Winfield Plant,AL,Southeastern Region,other_or_unspecified,3000.0,3000,28.0,standard_28,132.33333333333334,strict_group,701.0,91.66666666666667,82.66666666666667,40.66666666666667,0.30730478589420657,49.66666666666667,0.37531486146095716,True,True,True
30895,0,0.7829856703148191,0.08432859071554678,Gotham Ready Mix LLC,Bronx Plant,NY,Eastern Region,other_or_unspecified,4500.0,4500,28.0,standard_28,107.55555555555556,strict_group,203.0,70.0,58.577777777777776,37.55555555555556,0.34917355371900827,48.97777777777778,0.4553719008264463,True,True,True
31735,1,0.7827010580380602,0.08432859071554678,Graniterock,San Jose Plant,CA,Pacific Southwest Region,other_or_unspecified,4000.0,4000,28.0,standard_28,149.5,strict_group,111.0,78.25,69.0,71.25,0.4765886287625418,80.5,0.5384615384615384,True,True,True
44147,0,0.7806216742649529,0.08432859071554678,Tec-Crete Transit Mix Corp.,Jamaica Plant,NY,Eastern Region,other_or_unspecified,3000.0,3000,28.0,standard_28,122.0,strict_group,295.0,91.33333333333333,79.06666666666668,30.66666666666667,0.2513661202185793,42.93333333333332,0.35191256830601086,True,True,True
5464,1,0.7802286872893747,0.08432859071554678,CEMEX,Atmore Plant,AL,Southeastern Region,paving,3000.0,3000,28.0,standard_28,136.0,strict_group,16.0,94.25,87.66666666666666,41.75,0.3069852941176471,48.33333333333334,0.35539215686274517,True,True,True
2217,0,0.7771169764324226,0.08432859071554678,Boston Sand & Gravel,Southeastern Concrete Plant,MA,Eastern Region,other_or_unspecified,4000.0,4000,28.0,standard_28,119.0,strict_group,636.0,74.75,60.75,44.25,0.37184873949579833,58.25,0.4894957983193277,True,True,True
8595,0,0.7767003487853863,0.08432859071554678,CEMEX,Industrial Park Rd (Cartersville - RMUSA) Plant,GA,Southeastern Region,hardscape,3000.0,3000,28.0,standard_28,105.66666666666667,strict_group,42.0,90.75,85.43333333333332,14.916666666666671,0.14116719242902212,20.23333333333335,0.19148264984227142,True,True,False
42358,0,0.7747765850504653,0.08432859071554678,Robertson's Ready Mix,Gardena Plant,CA,Pacific Southwest Region,other_or_unspecified,3250.0,3000,28.0,standard_28,107.6923076923077,strict_group,89.0,92.0,80.53333333333333,15.692307692307693,0.1457142857142857,27.158974358974362,0.25219047619047624,True,True,False
33730,1,0.7747058176875389,0.08432859071554678,Knife River Corporation,McMinnville (Oregon) Plant,OR,Pacific Northwest Region,other_or_unspecified,3000.0,3000,28.0,standard_28,148.0,strict_group,395.0,71.0,64.13333333333334,77.0,0.5202702702702703,83.86666666666666,0.5666666666666667,True,True,True
42339,1,0.7742159076415145,0.08432859071554678,Robertson's Ready Mix,Gardena Plant,CA,Pacific Southwest Region,other_or_unspecified,3000.0,3000,28.0,standard_28,124.0,strict_group,89.0,92.0,80.53333333333333,32.0,0.25806451612903225,43.46666666666667,0.35053763440860214,True,True,True
16283,1,0.7715622257918148,0.08432859071554678,CEMEX,Zephyrhills Plant,FL,Southeastern Region,other_or_unspecified,3000.0,3000,28.0,standard_28,157.33333333333334,strict_group,701.0,91.66666666666667,82.66666666666667,65.66666666666667,0.4173728813559322,74.66666666666667,0.4745762711864407,True,True,True
33565,0,0.7713732223576533,0.08432859071554678,Knife River Corporation,Corvallis (Oregon) Plant,OR,Pacific Northwest Region,other_or_unspecified,3000.0,3000,28.0,standard_28,113.66666666666667,strict_group,395.0,71.0,64.13333333333334,42.66666666666667,0.375366568914956,49.53333333333333,0.4357771260997067,True,True,True
2011,0,0.7709828478861823,0.08432859071554678,Bonded Concrete Inc. / The Clemente Group,Pleasant Valley Plant,NY,Eastern Region,other_or_unspecified,3000.0,3000,28.0,standard_28,116.66666666666667,strict_group,295.0,91.33333333333333,79.06666666666668,25.333333333333343,0.21714285714285722,37.599999999999994,0.32228571428571423,True,True,True
33566,0,0.768507542669734,0.08432859071554678,Knife River Corporation,Corvallis (Oregon) Plant,OR,Pacific Northwest Region,other_or_unspecified,3000.0,3000,28.0,standard_28,113.66666666666667,strict_group,395.0,71.0,64.13333333333334,42.66666666666667,0.375366568914956,49.53333333333333,0.4357771260997067,True,True,True
7079,1,0.7663013403435533,0.08432859071554678,CEMEX,Dallas Plant,GA,Southeastern Region,paving,2200.0,2000,28.0,standard_28,130.9090909090909,regional_strength_group,14.0,114.25,100.5,16.659090909090907,0.12725694444444444,30.409090909090907,0.23229166666666665,True,True,False
5136,1,0.7651233546003713,0.08432859071554678,CEMEX,Andalusia Plant,AL,Southeastern Region,other_or_unspecified,3000.0,3000,28.0,standard_28,131.0,strict_group,701.0,91.66666666666667,82.66666666666667,39.33333333333333,0.3002544529262086,48.33333333333333,0.3689567430025445,True,True,True
9091,0,0.7646624817523557,0.08432859071554678,CEMEX,Lafayette Plant,GA,Southeastern Region,other_or_unspecified,3000.0,3000,28.0,standard_28,116.33333333333333,strict_group,701.0,91.66666666666667,82.66666666666667,24.666666666666657,0.21203438395415466,33.66666666666666,0.2893982808022922,True,True,True
10619,0,0.7618997359868962,0.08432859071554678,CEMEX,New Smyrna Plant,FL,Southeastern Region,other_or_unspecified,3000.0,3000,28.0,standard_28,123.66666666666667,strict_group,701.0,91.66666666666667,82.66666666666667,32.0,0.2587601078167116,41.0,0.33153638814016173,True,True,True
4486,1,0.761630682879121,0.08432859071554678,"Callanan Industries, Inc.",Latham Plant,NY,Eastern Region,other_or_unspecified,2500.0,2500,28.0,standard_28,148.4,strict_group,18.0,103.4,78.72,45.0,0.3032345013477089,69.68,0.4695417789757413,True,True,True
33557,1,0.7614614984115505,0.08432859071554678,Knife River Corporation,Corvallis (Oregon) Plant,OR,Pacific Northwest Region,other_or_unspecified,3000.0,3000,28.0,standard_28,174.66666666666666,strict_group,395.0,71.0,64.13333333333334,103.66666666666666,0.5935114503816794,110.53333333333332,0.6328244274809159,True,True,True
13501,1,0.7611977289346851,0.08432859071554678,CEMEX,Russellville Plant,AL,Southeastern Region,other_or_unspecified,3000.0,3000,28.0,standard_28,125.66666666666667,strict_group,701.0,91.66666666666667,82.66666666666667,34.0,0.27055702917771884,43.0,0.3421750663129973,True,True,True
518,1,0.759386497380475,0.08432859071554678,American Rock Products (ARP),Hermiston Plant,OR,Pacific Northwest Region,other_or_unspecified,3500.0,3500,28.0,standard_28,138.85714285714286,strict_group,339.0,68.59126984126985,58.0,70.26587301587301,0.5060299497027891,80.85714285714286,0.5823045267489712,True,True,True
13496,0,0.7586808580436368,0.08432859071554678,CEMEX,Russellville Plant,AL,Southeastern Region,paving,3000.0,3000,28.0,standard_28,118.66666666666667,strict_group,16.0,94.25,87.66666666666666,24.41666666666667,0.20575842696629218,31.000000000000014,0.26123595505617986,True,True,True
15715,1,0.7586325107031968,0.08432859071554678,CEMEX,Vance Plant,AL,Southeastern Region,filler,3000.0,3000,28.0,standard_28,130.0,strict_group,44.0,117.25,105.0,12.75,0.09807692307692308,25.0,0.19230769230769232,True,False,False
13015,1,0.7580269746671293,0.08432859071554678,CEMEX,Plant City RK Plant,FL,Southeastern Region,other_or_unspecified,2500.0,2500,28.0,standard_28,127.2,strict_group,212.0,92.7,82.88,34.5,0.2712264150943396,44.32000000000001,0.3484276729559749,True,True,True
7242,0,0.7575697990528216,0.08432859071554678,CEMEX,Dawsonville - Easy Street Plant,GA,Southeastern Region,hardscape,3000.0,3000,28.0,standard_28,107.0,strict_group,42.0,90.75,85.43333333333332,16.25,0.15186915887850466,21.566666666666677,0.201557632398754,True,True,False
46800,0,0.7563702095939576,0.08432859071554678,US Concrete Mix / Smyrna Ready Mix,Long Island City Plant,NY,Eastern Region,other_or_unspecified,5000.0,5000,28.0,standard_28,106.2,strict_group,282.0,69.05,57.839999999999996,37.150000000000006,0.34981167608286257,48.36000000000001,0.45536723163841814,True,True,True
2015,0,0.7562959092670472,0.08432859071554678,Bonded Concrete Inc. / The Clemente Group,Pleasant Valley Plant,NY,Eastern Region,other_or_unspecified,3000.0,3000,28.0,standard_28,114.33333333333333,strict_group,295.0,91.33333333333333,79.06666666666668,23.0,0.2011661807580175,35.26666666666665,0.30845481049562673,True,True,True
45980,0,0.7554180414954048,0.08432859071554678,Titan Virginia Ready-Mix,Sterling RM (Plant 1),VA,Eastern Region,other_or_unspecified,4000.0,4000,28.0,standard_28,109.75,strict_group,636.0,74.75,60.75,35.0,0.31890660592255127,49.0,0.44646924829157175,True,True,True
45361,0,0.7554180414954048,0.08432859071554678,Titan Virginia Ready-Mix,Leesburg RM Plant,VA,Eastern Region,other_or_unspecified,4000.0,4000,28.0,standard_28,110.5,strict_group,636.0,74.75,60.75,35.75,0.3235294117647059,49.75,0.4502262443438914,True,True,True
45556,0,0.7554180414954048,0.08432859071554678,Titan Virginia Ready-Mix,Springfield RM (Plant 1),VA,Eastern Region,other_or_unspecified,4000.0,4000,28.0,standard_28,108.0,strict_group,636.0,74.75,60.75,33.25,0.30787037037037035,47.25,0.4375,True,True,True
33750,1,0.7535990011887752,0.08432859071554678,Knife River Corporation,McMinnville (Oregon) Plant,OR,Pacific Northwest Region,other_or_unspecified,4000.0,4000,28.0,standard_28,132.0,strict_group,579.0,63.25,56.7,68.75,0.5208333333333334,75.3,0.5704545454545454,True,True,True
45407,1,0.7535803859992942,0.08432859071554678,Titan Virginia Ready-Mix,Port Norfolk Plant,VA,Eastern Region,filler,3000.0,3000,28.0,standard_28,157.66666666666666,strict_group,28.0,94.5,30.75,63.16666666666666,0.40063424947145876,126.91666666666666,0.804968287526427,True,True,True
16280,0,0.7527052800625266,0.08432859071554678,CEMEX,Zephyrhills Plant,FL,Southeastern Region,other_or_unspecified,2500.0,2500,28.0,standard_28,123.6,strict_group,212.0,92.7,82.88,30.89999999999999,0.24999999999999994,40.72,0.3294498381877023,True,True,True
2014,0,0.7515493451226732,0.08432859071554678,Bonded Concrete Inc. / The Clemente Group,Pleasant Valley Plant,NY,Eastern Region,other_or_unspecified,3000.0,3000,28.0,standard_28,116.66666666666667,strict_group,295.0,91.33333333333333,79.06666666666668,25.333333333333343,0.21714285714285722,37.599999999999994,0.32228571428571423,True,True,True
16282,1,0.7510973217607022,0.08432859071554678,CEMEX,Zephyrhills Plant,FL,Southeastern Region,other_or_unspecified,3000.0,3000,28.0,standard_28,129.33333333333334,strict_group,701.0,91.66666666666667,82.66666666666667,37.66666666666667,0.2912371134020619,46.66666666666667,0.36082474226804123,True,True,True
33330,0,0.7494326932249602,0.08432859071554678,Ingram Ready Mix,Pearland #35 LLC Plant,TX,South Central Region,other_or_unspecified,3000.0,3000,28.0,standard_28,97.0,strict_group,51.0,78.5,68.66666666666667,18.5,0.19072164948453607,28.33333333333333,0.29209621993127144,True,True,False
42590,0,0.7491295287660859,0.08432859071554678,Salmon Bay Sand & Gravel,Salmon Bay Sand and Gravel,WA,Pacific Northwest Region,other_or_unspecified,1500.0,1500,28.0,standard_28,112.0,national_spec_group,13.0,112.0,51.666666666666664,0.0,0.0,60.333333333333336,0.5386904761904762,True,False,False
33343,0,0.7484456372564967,0.08432859071554678,Ingram Ready Mix,Pearland #35 LLC Plant,TX,South Central Region,other_or_unspecified,4500.0,4500,28.0,standard_28,118.66666666666667,strict_group,47.0,64.66666666666667,61.6,54.0,0.4550561797752809,57.06666666666667,0.4808988764044944,True,True,True
7550,1,0.7481787174257177,0.08432859071554678,CEMEX,East Plant/East Naples/East Trail Plant,FL,Southeastern Region,other_or_unspecified,3000.0,3000,28.0,standard_28,135.0,strict_group,701.0,91.66666666666667,82.66666666666667,43.33333333333333,0.32098765432098764,52.33333333333333,0.3876543209876543,True,True,True
5930,1,0.7455219881878932,0.08432859071554678,CEMEX,Bristol Plant,VA,Eastern Region,other_or_unspecified,3000.0,3000,1.0,early,197.0,national_spec_group,19.0,138.5,128.6,58.5,0.2969543147208122,68.4,0.3472081218274112,True,True,True
43228,1,0.7442272063267865,0.08432859071554678,Silvi Materials,Philadelphia Plant,PA,Eastern Region,other_or_unspecified,3000.0,3000,28.0,standard_28,128.66666666666666,strict_group,295.0,91.33333333333333,79.06666666666668,37.33333333333333,0.29015544041450775,49.59999999999998,0.38549222797927446,True,True,True
33722,1,0.7430662939573927,0.08432859071554678,Knife River Corporation,McMinnville (Oregon) Plant,OR,Pacific Northwest Region,other_or_unspecified,3000.0,3000,3.0,early,216.33333333333334,strict_group,10.0,148.91666666666669,122.13333333333333,67.41666666666666,0.311633281972265,94.20000000000002,0.43543913713405247,True,True,True
5495,0,0.741175029842464,0.08432859071554678,CEMEX,Auburn (Portable) Plant,AL,Southeastern Region,filler,4000.0,4000,28.0,standard_28,106.5,strict_group,36.0,95.0,86.75,11.5,0.107981220657277,19.75,0.18544600938967137,True,True,False
5785,1,0.7408422575119432,0.08432859071554678,CEMEX,Bessemer - CEMCO #7 Plant,AL,Southeastern Region,filler,3000.0,3000,28.0,standard_28,137.33333333333334,strict_group,44.0,117.25,105.0,20.083333333333343,0.14623786407766995,32.33333333333334,0.23543689320388356,True,True,False
43035,1,0.7405821426072844,0.08432859071554678,Silvi Materials,Limerick Plant,PA,Eastern Region,filler,3000.0,3000,28.0,standard_28,130.0,strict_group,28.0,94.5,30.75,35.5,0.27307692307692305,99.25,0.7634615384615384,True,True,True
7210,0,0.7367842848777273,0.08432859071554678,CEMEX,Dawsonville - Easy Street Plant,GA,Southeastern Region,filler,4000.0,4000,28.0,standard_28,108.75,strict_group,36.0,95.0,86.75,13.75,0.12643678160919541,22.0,0.20229885057471264,True,True,False
14909,0,0.7358700568420653,0.08432859071554678,CEMEX,St. Cloud Plant,FL,Southeastern Region,other_or_unspecified,3000.0,3000,28.0,standard_28,123.66666666666667,strict_group,701.0,91.66666666666667,82.66666666666667,32.0,0.2587601078167116,41.0,0.33153638814016173,True,True,True
42589,1,0.7353507961944736,0.08432859071554678,Salmon Bay Sand & Gravel,Salmon Bay Sand and Gravel,WA,Pacific Northwest Region,other_or_unspecified,3000.0,3000,1.0,early,124.33333333333333,strict_group,10.0,148.91666666666669,122.13333333333333,0.0,0.0,2.200000000000003,0.017694369973190373,True,False,False
2161,0,0.735156227428864,0.08432859071554678,Boston Sand & Gravel,Boston Sand & Gravel,MA,Eastern Region,other_or_unspecified,4000.0,4000,28.0,standard_28,104.25,strict_group,636.0,74.75,60.75,29.5,0.2829736211031175,43.5,0.4172661870503597,True,True,True
11863,0,0.731980376916906,0.08432859071554678,CEMEX,Palmomar Oceanside Plant,CA,Pacific Southwest Region,other_or_unspecified,2500.0,2500,28.0,standard_28,100.8,strict_group,16.0,102.5,100.8,0.0,0.0,0.0,0.0,True,False,False
43040,1,0.7314466997119294,0.08432859071554678,Silvi Materials,Limerick Plant,PA,Eastern Region,other_or_unspecified,3000.0,3000,28.0,standard_28,134.0,strict_group,295.0,91.33333333333333,79.06666666666668,42.66666666666667,0.318407960199005,54.93333333333332,0.4099502487562188,True,True,True
43135,1,0.7314466997119294,0.08432859071554678,Silvi Materials,Morrisville Plant,PA,Eastern Region,other_or_unspecified,3000.0,3000,28.0,standard_28,133.66666666666666,strict_group,295.0,91.33333333333333,79.06666666666668,42.33333333333333,0.3167082294264339,54.59999999999998,0.4084788029925186,True,True,True
43039,1,0.7314466997119294,0.08432859071554678,Silvi Materials,Limerick Plant,PA,Eastern Region,other_or_unspecified,3000.0,3000,28.0,standard_28,126.33333333333333,strict_group,295.0,91.33333333333333,79.06666666666668,35.0,0.2770448548812665,47.26666666666665,0.3741424802110817,True,True,True
15741,0,0.730598830708273,0.08432859071554678,CEMEX,Waters Avenue Plant,FL,Southeastern Region,other_or_unspecified,3000.0,3000,28.0,standard_28,123.66666666666667,strict_group,701.0,91.66666666666667,82.66666666666667,32.0,0.2587601078167116,41.0,0.33153638814016173,True,True,True
33466,0,0.7298411141394308,0.08432859071554678,Knife River Corporation,Boise (Idaho) Plant,ID,Pacific Northwest Region,other_or_unspecified,3000.0,3000,28.0,standard_28,109.0,strict_group,395.0,71.0,64.13333333333334,38.0,0.3486238532110092,44.86666666666666,0.4116207951070336,True,True,True
15519,1,0.729743716551749,0.08432859071554678,CEMEX,Tyrone Plant,GA,Southeastern Region,paving,2200.0,2000,28.0,standard_28,131.8181818181818,regional_strength_group,14.0,114.25,100.5,17.568181818181813,0.1332758620689655,31.318181818181813,0.2375862068965517,True,True,False
5461,1,0.7266857295745482,0.08432859071554678,CEMEX,Atmore Plant,AL,Southeastern Region,filler,4000.0,4000,28.0,standard_28,125.5,strict_group,36.0,95.0,86.75,30.5,0.24302788844621515,38.75,0.30876494023904383,True,True,True
43225,1,0.7266140726314434,0.08432859071554678,Silvi Materials,Philadelphia Plant,PA,Eastern Region,other_or_unspecified,3000.0,3000,28.0,standard_28,128.66666666666666,strict_group,295.0,91.33333333333333,79.06666666666668,37.33333333333333,0.29015544041450775,49.59999999999998,0.38549222797927446,True,True,True
2708,1,0.7194482098014716,0.08432859071554678,Cadman / Heidelberg Materials,Foster Road Plant,OR,Pacific Northwest Region,other_or_unspecified,2000.0,2000,28.0,standard_28,178.0,strict_group,14.0,122.625,99.0,55.375,0.31109550561797755,79.0,0.4438202247191011,True,True,True
42931,1,0.7184903603361379,0.08432859071554678,Silvi Materials,Englishtown Plant,NJ,Eastern Region,filler,4000.0,4000,28.0,standard_28,142.0,strict_group,83.0,88.0,68.55,54.0,0.38028169014084506,73.45,0.5172535211267606,True,True,True
2013,0,0.7172896651707436,0.08432859071554678,Bonded Concrete Inc. / The Clemente Group,Pleasant Valley Plant,NY,Eastern Region,other_or_unspecified,3000.0,3000,28.0,standard_28,109.66666666666667,strict_group,295.0,91.33333333333333,79.06666666666668,18.333333333333343,0.16717325227963534,30.599999999999994,0.2790273556231002,True,True,False
11732,0,0.7153415375844884,0.08432859071554678,CEMEX,Orlando (Atlanta Ave) Plant,FL,Southeastern Region,other_or_unspecified,3000.0,3000,28.0,standard_28,116.66666666666667,strict_group,701.0,91.66666666666667,82.66666666666667,25.0,0.21428571428571427,34.0,0.2914285714285714,True,True,True
9225,0,0.7137532353338119,0.08432859071554678,CEMEX,Largo II Plant,FL,Southeastern Region,other_or_unspecified,3000.0,3000,28.0,standard_28,118.33333333333333,strict_group,701.0,91.66666666666667,82.66666666666667,26.666666666666657,0.22535211267605626,35.66666666666666,0.3014084507042253,True,True,True
16364,0,0.7136088968264396,0.08432859071554678,Cemstone,Minneapolis Plant ,MN,North Central Region,other_or_unspecified,4500.0,4500,28.0,standard_28,72.88888888888889,strict_group,35.0,65.55555555555554,60.62222222222222,7.333333333333343,0.1006097560975611,12.266666666666666,0.16829268292682925,True,True,False
44160,1,0.7131085520831083,0.08432859071554678,Tec-Crete Transit Mix Corp.,Long Island City Plant,NY,Eastern Region,filler,3000.0,3000,28.0,standard_28,138.0,strict_group,28.0,94.5,30.75,43.5,0.31521739130434784,107.25,0.7771739130434783,True,True,True
13429,1,0.712650273447027,0.08432859071554678,CEMEX,Rome Plant,GA,Southeastern Region,other_or_unspecified,3000.0,3000,1.0,early,191.33333333333334,strict_group,7.0,134.5,131.86666666666667,56.83333333333334,0.29703832752613246,59.46666666666667,0.31080139372822296,True,True,True
4630,0,0.7100134838810338,0.08432859071554678,Cape Cod Ready Mix,Orleans Plant,MA,Eastern Region,filler,3000.0,3000,28.0,standard_28,31.3,strict_group,28.0,94.5,30.75,0.0,0.0,0.5500000000000007,0.017571884984025583,True,False,False
30830,0,0.7076971659710062,0.08432859071554678,Four Winds Concrete Inc.,Windgap Plant,PA,Eastern Region,filler,4000.0,4000,28.0,standard_28,117.75,strict_group,83.0,88.0,68.55,29.75,0.2526539278131635,49.2,0.4178343949044586,True,True,True
45986,0,0.7075170491245436,0.08432859071554678,Titan Virginia Ready-Mix,Sterling RM (Plant 1),VA,Eastern Region,other_or_unspecified,4000.0,4000,28.0,standard_28,102.5,strict_group,636.0,74.75,60.75,27.75,0.2707317073170732,41.75,0.4073170731707317,True,True,True
8285,1,0.7045965951336935,0.08432859071554678,CEMEX,Habersham Plant,GA,Southeastern Region,other_or_unspecified,3000.0,3000,28.0,standard_28,129.0,strict_group,701.0,91.66666666666667,82.66666666666667,37.33333333333333,0.28940568475452194,46.33333333333333,0.35917312661498707,True,True,True
7216,1,0.7037670403062637,0.08432859071554678,CEMEX,Dawsonville - Easy Street Plant,GA,Southeastern Region,other_or_unspecified,3000.0,3000,28.0,standard_28,134.0,strict_group,701.0,91.66666666666667,82.66666666666667,42.33333333333333,0.3159203980099502,51.33333333333333,0.38308457711442784,True,True,True
33933,1,0.7024773824445849,0.08432859071554678,Knife River Corporation,Tumalo (Oregon) Plant,OR,Pacific Northwest Region,other_or_unspecified,3000.0,3000,28.0,standard_28,146.66666666666666,strict_group,395.0,71.0,64.13333333333334,75.66666666666666,0.5159090909090909,82.53333333333332,0.5627272727272726,True,True,True
33955,1,0.698205313414117,0.08432859071554678,Knife River Corporation,Wheatland (Oregon) Plant,OR,Pacific Northwest Region,other_or_unspecified,3000.0,3000,28.0,standard_28,132.0,strict_group,395.0,71.0,64.13333333333334,61.0,0.4621212121212121,67.86666666666666,0.5141414141414141,True,True,True
9269,1,0.6963717012424245,0.08432859071554678,CEMEX,Lawrenceville Plant,GA,Southeastern Region,paving,2200.0,2000,28.0,standard_28,124.54545454545453,regional_strength_group,14.0,114.25,100.5,10.295454545454533,0.08266423357664224,24.045454545454533,0.19306569343065685,True,False,False
9781,0,0.6933239354770255,0.08432859071554678,CEMEX,Marietta Plant,FL,Southeastern Region,other_or_unspecified,3000.0,3000,28.0,standard_28,119.66666666666667,strict_group,701.0,91.66666666666667,82.66666666666667,28.0,0.233983286908078,37.0,0.30919220055710306,True,True,True
5791,0,0.6931298696283503,0.08432859071554678,CEMEX,Bessemer - CEMCO #7 Plant,AL,Southeastern Region,filler,3000.0,3000,28.0,standard_28,111.66666666666667,strict_group,44.0,117.25,105.0,0.0,0.0,6.666666666666671,0.05970149253731347,True,False,False
43030,0,0.691038214872541,0.08432859071554678,Silvi Materials,Limerick Plant,PA,Eastern Region,other_or_unspecified,3000.0,3000,28.0,standard_28,120.66666666666667,strict_group,295.0,91.33333333333333,79.06666666666668,29.333333333333343,0.24309392265193377,41.599999999999994,0.34475138121546955,True,True,True
43131,1,0.691038214872541,0.08432859071554678,Silvi Materials,Morrisville Plant,PA,Eastern Region,other_or_unspecified,3000.0,3000,28.0,standard_28,128.33333333333334,strict_group,295.0,91.33333333333333,79.06666666666668,37.000000000000014,0.2883116883116884,49.266666666666666,0.38389610389610385,True,True,True
43133,1,0.6894048760842544,0.08432859071554678,Silvi Materials,Morrisville Plant,PA,Eastern Region,other_or_unspecified,3000.0,3000,28.0,standard_28,128.66666666666666,strict_group,295.0,91.33333333333333,79.06666666666668,37.33333333333333,0.29015544041450775,49.59999999999998,0.38549222797927446,True,True,True
43032,0,0.6894048760842544,0.08432859071554678,Silvi Materials,Limerick Plant,PA,Eastern Region,other_or_unspecified,3000.0,3000,28.0,standard_28,121.66666666666667,strict_group,295.0,91.33333333333333,79.06666666666668,30.333333333333343,0.24931506849315074,42.599999999999994,0.3501369863013698,True,True,True
5751,1,0.6885347977612362,0.08432859071554678,CEMEX,Berth 150 Plant,FL,Southeastern Region,other_or_unspecified,3000.0,3000,28.0,standard_28,135.33333333333334,strict_group,701.0,91.66666666666667,82.66666666666667,43.66666666666667,0.3226600985221675,52.66666666666667,0.3891625615763547,True,True,True
46116,0,0.685606742421418,0.08432859071554678,United Companies,Crested Butte Plant,CO,Rocky Mountains Region,other_or_unspecified,3000.0,3000,28.0,standard_28,113.66666666666667,strict_group,53.0,77.66666666666667,65.4,36.0,0.31671554252199413,48.266666666666666,0.424633431085044,True,True,True
4516,0,0.6848219910062824,0.08432859071554678,"Callanan Industries, Inc.",Oriskany Plant,NY,Eastern Region,other_or_unspecified,2500.0,2500,28.0,standard_28,112.4,strict_group,18.0,103.4,78.72,9.0,0.08007117437722419,33.68000000000001,0.299644128113879,True,False,False
33992,1,0.6837171199735442,0.08432859071554678,Knife River Corporation,Woodburn (Oregon) Plant,OR,Pacific Northwest Region,other_or_unspecified,3500.0,3500,28.0,standard_28,130.28571428571428,strict_group,339.0,68.59126984126985,58.0,61.69444444444443,0.4735319200779726,72.28571428571428,0.5548245614035088,True,True,True
42653,0,0.6831363625695696,0.08432859071554678,Schuster Concrete,Portable 18 Plant,DC,Eastern Region,other_or_unspecified,2000.0,2000,28.0,standard_28,74.5,strict_group,11.0,124.0,93.5,0.0,0.0,0.0,0.0,True,False,False
970,0,0.682062794777929,0.08432859071554678,Amrize,Metairie Plant,LA,South Central Region,other_or_unspecified,4000.0,4000,1.0,early,93.5,strict_group,5.0,86.0,84.2,7.5,0.08021390374331551,9.299999999999997,0.0994652406417112,True,False,False
10613,0,0.6784012915434008,0.08432859071554678,CEMEX,New Smyrna Plant,FL,Southeastern Region,other_or_unspecified,4000.0,4000,28.0,standard_28,111.5,strict_group,440.0,77.6875,69.75,33.8125,0.3032511210762332,41.75,0.3744394618834081,True,True,True
5421,1,0.6758298612133803,0.08432859071554678,CEMEX,Athens Plant,AL,Southeastern Region,other_or_unspecified,3000.0,3000,28.0,standard_28,144.0,strict_group,701.0,91.66666666666667,82.66666666666667,52.33333333333333,0.3634259259259259,61.33333333333333,0.4259259259259259,True,True,True
44849,0,0.6747865968364796,0.08432859071554678,Titan Virginia Ready-Mix,Bryan Park Plant,VA,Eastern Region,other_or_unspecified,4000.0,4000,28.0,standard_28,108.25,strict_group,636.0,74.75,60.75,33.5,0.3094688221709007,47.5,0.4387990762124711,True,True,True
45128,0,0.6747865968364796,0.08432859071554678,Titan Virginia Ready-Mix,Chesterfield Plant,VA,Eastern Region,other_or_unspecified,4000.0,4000,28.0,standard_28,106.25,strict_group,636.0,74.75,60.75,31.5,0.2964705882352941,45.5,0.42823529411764705,True,True,True
415,1,0.6732644462846153,0.08432859071554678,American Rock Products (ARP),Boardman Plant,OR,Pacific Northwest Region,other_or_unspecified,3500.0,3500,28.0,standard_28,135.71428571428572,strict_group,339.0,68.59126984126985,58.0,67.12301587301587,0.49459064327485375,77.71428571428572,0.5726315789473685,True,True,True
40684,1,0.673180325142799,0.08432859071554678,New Enterprise Stone & Lime,"Barton Road, NY Plant",NY,Eastern Region,other_or_unspecified,4000.0,4000,28.0,standard_28,132.0,strict_group,636.0,74.75,60.75,57.25,0.4337121212121212,71.25,0.5397727272727273,True,True,True
40721,1,0.673180325142799,0.08432859071554678,New Enterprise Stone & Lime,"Gateway, NY Plant",NY,Eastern Region,other_or_unspecified,4000.0,4000,28.0,standard_28,133.0,strict_group,636.0,74.75,60.75,58.25,0.43796992481203006,72.25,0.543233082706767,True,True,True
33507,1,0.6729768778300151,0.08432859071554678,Knife River Corporation,Boise (Idaho) Plant,ID,Pacific Northwest Region,other_or_unspecified,3000.0,3000,28.0,standard_28,124.33333333333333,strict_group,395.0,71.0,64.13333333333334,53.33333333333333,0.42895442359249325,60.19999999999999,0.48418230563002673,True,True,True
13488,0,0.6725810353962903,0.08432859071554678,CEMEX,Russellville Plant,AL,Southeastern Region,filler,2000.0,2000,28.0,standard_28,100.5,national_spec_group,17.0,134.5,118.6,0.0,0.0,0.0,0.0,True,False,False
10047,0,0.6721214296804644,0.08432859071554678,CEMEX,Milton Plant,FL,Southeastern Region,other_or_unspecified,3000.0,3000,28.0,standard_28,119.66666666666667,strict_group,701.0,91.66666666666667,82.66666666666667,28.0,0.233983286908078,37.0,0.30919220055710306,True,True,True
10032,0,0.6709688821963238,0.08432859071554678,CEMEX,Milton Plant,FL,Southeastern Region,other_or_unspecified,3000.0,3000,28.0,standard_28,123.0,strict_group,701.0,91.66666666666667,82.66666666666667,31.33333333333333,0.2547425474254742,40.33333333333333,0.3279132791327913,True,True,True
4491,0,0.6666904653072995,0.08432859071554678,"Callanan Industries, Inc.",Latham Plant,NY,Eastern Region,other_or_unspecified,3000.0,3000,28.0,standard_28,123.0,strict_group,295.0,91.33333333333333,79.06666666666668,31.66666666666667,0.25745257452574527,43.93333333333332,0.3571815718157181,True,True,True
4490,1,0.6666904653072995,0.08432859071554678,"Callanan Industries, Inc.",Latham Plant,NY,Eastern Region,other_or_unspecified,3000.0,3000,28.0,standard_28,124.66666666666667,strict_group,295.0,91.33333333333333,79.06666666666668,33.33333333333334,0.2673796791443851,45.599999999999994,0.36577540106951867,True,True,True
46203,0,0.6664008136490264,0.08432859071554678,United Companies,Gypsum Plant,CO,Rocky Mountains Region,other_or_unspecified,3000.0,3000,28.0,standard_28,83.33333333333333,strict_group,53.0,77.66666666666667,65.4,5.666666666666657,0.0679999999999999,17.933333333333323,0.2151999999999999,True,False,False
44869,1,0.6636152486958293,0.08432859071554678,Titan Virginia Ready-Mix,Bryan Park Plant,VA,Eastern Region,other_or_unspecified,4000.0,4000,28.0,standard_28,141.75,strict_group,636.0,74.75,60.75,67.0,0.47266313932980597,81.0,0.5714285714285714,True,True,True
15146,0,0.6627970365952456,0.08432859071554678,CEMEX,Sweetwater Plant,FL,Southeastern Region,other_or_unspecified,2500.0,2500,28.0,standard_28,101.2,strict_group,212.0,92.7,82.88,8.5,0.08399209486166008,18.320000000000007,0.1810276679841898,True,False,False
9765,0,0.6621048863366714,0.08432859071554678,CEMEX,Marietta Plant,FL,Southeastern Region,other_or_unspecified,4000.0,4000,28.0,standard_28,111.5,strict_group,440.0,77.6875,69.75,33.8125,0.3032511210762332,41.75,0.3744394618834081,True,True,True
33967,1,0.6567564479948428,0.08432859071554678,Knife River Corporation,Wheatland (Oregon) Plant,OR,Pacific Northwest Region,other_or_unspecified,3000.0,3000,28.0,standard_28,143.33333333333334,strict_group,395.0,71.0,64.13333333333334,72.33333333333334,0.5046511627906977,79.2,0.5525581395348838,True,True,True
46110,1,0.6538967041673607,0.08432859071554678,Tresca Brothers Concrete,One Plant,MA,Eastern Region,structural,4000.0,4000,28.0,standard_28,135.0,strict_group,8.0,96.9375,87.975,38.0625,0.28194444444444444,47.025000000000006,0.3483333333333334,True,True,True
33979,1,0.6535048377832398,0.08432859071554678,Knife River Corporation,Woodburn (Oregon) Plant,OR,Pacific Northwest Region,other_or_unspecified,3000.0,3000,28.0,standard_28,139.66666666666666,strict_group,395.0,71.0,64.13333333333334,68.66666666666666,0.4916467780429594,75.53333333333332,0.5408114558472553,True,True,True
43215,1,0.6524526717802935,0.08432859071554678,Silvi Materials,Philadelphia Plant,PA,Eastern Region,other_or_unspecified,3000.0,3000,28.0,standard_28,131.0,strict_group,295.0,91.33333333333333,79.06666666666668,39.66666666666667,0.3027989821882952,51.93333333333332,0.3964376590330788,True,True,True
33634,0,0.6511396616385645,0.08432859071554678,Knife River Corporation,Fruitland (Idaho) Plant,ID,Pacific Northwest Region,other_or_unspecified,3000.0,3000,28.0,standard_28,100.66666666666667,strict_group,395.0,71.0,64.13333333333334,29.66666666666667,0.2947019867549669,36.53333333333333,0.3629139072847682,True,True,True
2002,0,0.6507996490674766,0.08432859071554678,Bonded Concrete Inc. / The Clemente Group,Colonie Plant,NY,Eastern Region,other_or_unspecified,3000.0,3000,28.0,standard_28,109.0,strict_group,295.0,91.33333333333333,79.06666666666668,17.66666666666667,0.16207951070336396,29.933333333333323,0.274617737003058,True,True,False
46793,0,0.6486973100504115,0.08432859071554678,US Concrete Mix / Smyrna Ready Mix,Long Island City Plant,NY,Eastern Region,other_or_unspecified,4000.0,4000,28.0,standard_28,90.75,strict_group,636.0,74.75,60.75,16.0,0.1763085399449036,30.0,0.3305785123966942,True,True,False
33654,0,0.6480399460120579,0.08432859071554678,Knife River Corporation,Fruitland (Idaho) Plant,ID,Pacific Northwest Region,other_or_unspecified,3000.0,3000,28.0,standard_28,119.0,strict_group,395.0,71.0,64.13333333333334,48.0,0.40336134453781514,54.86666666666666,0.4610644257703081,True,True,True
42887,1,0.6449142719330951,0.08432859071554678,Silvi Materials,Downingtown Plant,PA,Eastern Region,filler,4000.0,4000,28.0,standard_28,157.0,strict_group,83.0,88.0,68.55,69.0,0.4394904458598726,88.45,0.563375796178344,True,True,True
2068,0,0.6424868254644542,0.08432859071554678,Boston Sand & Gravel,Boston Sand & Gravel,MA,Eastern Region,filler,3000.0,3000,28.0,standard_28,91.0,strict_group,28.0,94.5,30.75,0.0,0.0,60.25,0.6620879120879121,True,False,False
5921,1,0.6398464493176623,0.08432859071554678,CEMEX,Brewton Plant,AL,Southeastern Region,filler,4000.0,4000,28.0,standard_28,130.25,strict_group,36.0,95.0,86.75,35.25,0.2706333973128599,43.5,0.33397312859884837,True,True,True
45130,0,0.6387621921580706,0.08432859071554678,Titan Virginia Ready-Mix,Chesterfield Plant,VA,Eastern Region,other_or_unspecified,4000.0,4000,28.0,standard_28,104.75,strict_group,636.0,74.75,60.75,30.0,0.2863961813842482,44.0,0.4200477326968974,True,True,True
46153,0,0.6383816228923476,0.08432859071554678,United Companies,Delta Plant,CO,Rocky Mountains Region,filler,4000.0,4000,28.0,standard_28,66.0,strict_group,32.0,83.125,79.625,0.0,0.0,0.0,0.0,True,False,False
33949,1,0.6374991752270689,0.08432859071554678,Knife River Corporation,Wheatland (Oregon) Plant,OR,Pacific Northwest Region,other_or_unspecified,3000.0,3000,28.0,standard_28,130.0,strict_group,395.0,71.0,64.13333333333334,59.0,0.45384615384615384,65.86666666666666,0.5066666666666666,True,True,True
9900,1,0.6372660027915751,0.08432859071554678,CEMEX,McIntosh Plant,FL,Southeastern Region,other_or_unspecified,3000.0,3000,28.0,standard_28,127.66666666666667,strict_group,701.0,91.66666666666667,82.66666666666667,36.0,0.2819843342036553,45.0,0.3524804177545692,True,True,True
43304,0,0.6368293843249773,0.08432859071554678,Silvi Materials,Philadelphia Plant,PA,Eastern Region,other_or_unspecified,4500.0,4500,28.0,standard_28,108.0,strict_group,203.0,70.0,58.577777777777776,38.0,0.35185185185185186,49.422222222222224,0.4576131687242799,True,True,True
45127,0,0.6355000740371408,0.08432859071554678,Titan Virginia Ready-Mix,Chesterfield Plant,VA,Eastern Region,other_or_unspecified,4000.0,4000,28.0,standard_28,107.5,strict_group,636.0,74.75,60.75,32.75,0.30465116279069765,46.75,0.43488372093023253,True,True,True
16108,1,0.634181059515334,0.08432859071554678,CEMEX,Wildwood Plant,FL,Southeastern Region,other_or_unspecified,3000.0,3000,28.0,standard_28,135.33333333333334,strict_group,701.0,91.66666666666667,82.66666666666667,43.66666666666667,0.3226600985221675,52.66666666666667,0.3891625615763547,True,True,True
33723,1,0.634116721052886,0.08432859071554678,Knife River Corporation,McMinnville (Oregon) Plant,OR,Pacific Northwest Region,other_or_unspecified,3000.0,3000,28.0,standard_28,149.0,strict_group,395.0,71.0,64.13333333333334,78.0,0.5234899328859061,84.86666666666666,0.5695749440715884,True,True,True
33481,1,0.6334963511361331,0.08432859071554678,Knife River Corporation,Boise (Idaho) Plant,ID,Pacific Northwest Region,other_or_unspecified,3000.0,3000,28.0,standard_28,124.33333333333333,strict_group,395.0,71.0,64.13333333333334,53.33333333333333,0.42895442359249325,60.19999999999999,0.48418230563002673,True,True,True
6983,1,0.6326224457802081,0.08432859071554678,CEMEX,Crestview Plant,FL,Southeastern Region,other_or_unspecified,2000.0,2000,28.0,standard_28,131.0,strict_group,9.0,114.0,97.9,17.0,0.1297709923664122,33.099999999999994,0.2526717557251908,True,True,False
7985,0,0.6316819164398604,0.08432859071554678,CEMEX,Four Corners Plant,FL,Southeastern Region,other_or_unspecified,2500.0,2500,28.0,standard_28,119.6,strict_group,212.0,92.7,82.88,26.89999999999999,0.22491638795986615,36.72,0.30702341137123745,True,True,True
33600,1,0.6311207717256841,0.08432859071554678,Knife River Corporation,Eugene (Oregon) Plant,OR,Pacific Northwest Region,other_or_unspecified,3000.0,3000,28.0,standard_28,128.33333333333334,strict_group,395.0,71.0,64.13333333333334,57.33333333333334,0.4467532467532468,64.2,0.5002597402597403,True,True,True
5415,0,0.6303449116884814,0.08432859071554678,CEMEX,Athens Plant,AL,Southeastern Region,other_or_unspecified,3000.0,3000,28.0,standard_28,104.33333333333333,strict_group,701.0,91.66666666666667,82.66666666666667,12.666666666666657,0.12140575079872196,21.666666666666657,0.2076677316293929,True,True,False
42913,1,0.6297560723832435,0.08432859071554678,Silvi Materials,Englishtown Plant,NJ,Eastern Region,filler,3500.0,3500,28.0,standard_28,127.71428571428571,strict_group,21.0,108.28571428571429,99.14285714285714,19.428571428571416,0.15212527964205808,28.57142857142857,0.22371364653243847,True,True,False
43231,1,0.6214736959275778,0.08432859071554678,Silvi Materials,Philadelphia Plant,PA,Eastern Region,filler,3000.0,3000,28.0,standard_28,129.66666666666666,strict_group,28.0,94.5,30.75,35.16666666666666,0.27120822622107965,98.91666666666666,0.762853470437018,True,True,True
30831,0,0.6194933926149229,0.08432859071554678,Four Winds Concrete Inc.,Windgap Plant,PA,Eastern Region,filler,4000.0,4000,28.0,standard_28,33.5,strict_group,83.0,88.0,68.55,0.0,0.0,0.0,0.0,True,False,False
33729,1,0.6193952374124966,0.08432859071554678,Knife River Corporation,McMinnville (Oregon) Plant,OR,Pacific Northwest Region,other_or_unspecified,3000.0,3000,28.0,standard_28,179.66666666666666,strict_group,395.0,71.0,64.13333333333334,108.66666666666666,0.6048237476808905,115.53333333333332,0.6430426716141001,True,True,True
7489,1,0.6165945846519908,0.08432859071554678,CEMEX,Downtown Miami Plant,FL,Southeastern Region,other_or_unspecified,3000.0,3000,28.0,standard_28,131.66666666666666,strict_group,701.0,91.66666666666667,82.66666666666667,39.999999999999986,0.3037974683544303,48.999999999999986,0.37215189873417714,True,True,True
33373,0,0.6136251469664914,0.08432859071554678,Kirkpatrick Concrete,Alton Plant,AL,Southeastern Region,other_or_unspecified,2500.0,2500,28.0,standard_28,120.8,strict_group,212.0,92.7,82.88,28.099999999999994,0.23261589403973507,37.92,0.31390728476821195,True,True,True
45381,1,0.6064959863297886,0.08432859071554678,Titan Virginia Ready-Mix,Oceana Plant,VA,Eastern Region,other_or_unspecified,3000.0,3000,1.0,early,171.66666666666666,national_spec_group,19.0,138.5,128.6,33.16666666666666,0.19320388349514558,43.06666666666666,0.250873786407767,True,True,False
42559,1,0.6048864996212326,0.08432859071554678,Robertson's Ready Mix,Vernon Plant,CA,Pacific Southwest Region,other_or_unspecified,3000.0,3000,28.0,standard_28,126.33333333333333,strict_group,89.0,92.0,80.53333333333333,34.33333333333333,0.27176781002638517,45.8,0.362532981530343,True,True,True
33560,0,0.6042536676807457,0.08432859071554678,Knife River Corporation,Corvallis (Oregon) Plant,OR,Pacific Northwest Region,other_or_unspecified,3000.0,3000,28.0,standard_28,120.66666666666667,strict_group,395.0,71.0,64.13333333333334,49.66666666666667,0.4116022099447514,56.53333333333333,0.4685082872928176,True,True,True
33598,0,0.6042536676807457,0.08432859071554678,Knife River Corporation,Eugene (Oregon) Plant,OR,Pacific Northwest Region,other_or_unspecified,3000.0,3000,28.0,standard_28,115.33333333333333,strict_group,395.0,71.0,64.13333333333334,44.33333333333333,0.38439306358381503,51.19999999999999,0.44393063583815023,True,True,True
812,0,0.6036627249107464,0.08432859071554678,Amrize,Choctaw Plant,LA,South Central Region,other_or_unspecified,4000.0,4000,1.0,early,86.0,strict_group,5.0,86.0,84.2,0.0,0.0,1.7999999999999972,0.020930232558139503,True,False,False
43270,0,0.6032414299374174,0.08432859071554678,Silvi Materials,Philadelphia Plant,PA,Eastern Region,other_or_unspecified,4000.0,4000,28.0,standard_28,115.5,strict_group,636.0,74.75,60.75,40.75,0.3528138528138528,54.75,0.474025974025974,True,True,True
43034,0,0.6031598306238922,0.08432859071554678,Silvi Materials,Limerick Plant,PA,Eastern Region,other_or_unspecified,3000.0,3000,28.0,standard_28,121.66666666666667,strict_group,295.0,91.33333333333333,79.06666666666668,30.333333333333343,0.24931506849315074,42.599999999999994,0.3501369863013698,True,True,True
9223,0,0.6030344614933416,0.08432859071554678,CEMEX,Largo II Plant,FL,Southeastern Region,other_or_unspecified,2500.0,2500,28.0,standard_28,116.8,strict_group,212.0,92.7,82.88,24.099999999999994,0.20633561643835613,33.92,0.2904109589041096,True,True,True
4558,0,0.6025517380336984,0.08432859071554678,Cape Cod Ready Mix,Carver Plant,MA,Eastern Region,filler,3000.0,3000,28.0,standard_28,25.133333333333336,strict_group,28.0,94.5,30.75,0.0,0.0,0.0,0.0,True,False,False
5749,1,0.5973210011514163,0.08432859071554678,CEMEX,Berth 150 Plant,FL,Southeastern Region,other_or_unspecified,2500.0,2500,28.0,standard_28,131.2,strict_group,212.0,92.7,82.88,38.499999999999986,0.2934451219512194,48.31999999999999,0.36829268292682926,True,True,True
7681,0,0.593559731323208,0.08432859071554678,CEMEX,Englewood Plant,TX,South Central Region,other_or_unspecified,2000.0,2000,28.0,standard_28,103.0,strict_group,5.0,103.0,98.8,0.0,0.0,4.200000000000003,0.04077669902912624,True,False,False
37854,1,0.5882916259108639,0.08432859071554678,National Ready Mix,Santa Clarita Plant,CA,Pacific Southwest Region,other_or_unspecified,2500.0,2500,28.0,standard_28,127.2,strict_group,16.0,102.5,100.8,24.700000000000003,0.19418238993710693,26.400000000000006,0.2075471698113208,True,True,False
9143,1,0.5877384816260354,0.08432859071554678,CEMEX,Lake Wales Plant,FL,Southeastern Region,other_or_unspecified,3000.0,3000,28.0,standard_28,126.0,strict_group,701.0,91.66666666666667,82.66666666666667,34.33333333333333,0.27248677248677244,43.33333333333333,0.3439153439153439,True,True,True
13504,0,0.5842323012254028,0.08432859071554678,CEMEX,Russellville Plant,AL,Southeastern Region,other_or_unspecified,3000.0,3000,28.0,standard_28,106.33333333333333,strict_group,701.0,91.66666666666667,82.66666666666667,14.666666666666657,0.13793103448275854,23.666666666666657,0.22257053291536041,True,True,False
2056,0,0.5835275381345757,0.08432859071554678,Boro Sand & Stone Corp,Boro Sand & Stone (North Attleboro) Plant,MA,Eastern Region,other_or_unspecified,3000.0,3000,28.0,standard_28,108.66666666666667,strict_group,295.0,91.33333333333333,79.06666666666668,17.333333333333343,0.1595092024539878,29.599999999999994,0.27239263803680974,True,True,False
511,1,0.5822018411057448,0.08432859071554678,American Rock Products (ARP),Hermiston Plant,OR,Pacific Northwest Region,filler,2500.0,2500,28.0,standard_28,157.6,national_spec_group,6.0,110.4,95.80000000000001,47.19999999999999,0.299492385786802,61.79999999999998,0.3921319796954314,True,True,True
43303,0,0.5821532518509521,0.08432859071554678,Silvi Materials,Philadelphia Plant,PA,Eastern Region,filler,4500.0,4500,28.0,standard_28,121.55555555555556,strict_group,14.0,93.88888888888889,78.75555555555556,27.66666666666667,0.22760511882998175,42.8,0.35210237659963434,True,True,True
2017,0,0.5808582643635005,0.08432859071554678,Bonded Concrete Inc. / The Clemente Group,Pleasant Valley Plant,NY,Eastern Region,other_or_unspecified,3000.0,3000,28.0,standard_28,104.0,strict_group,295.0,91.33333333333333,79.06666666666668,12.666666666666671,0.12179487179487183,24.933333333333323,0.23974358974358964,True,True,False
2066,0,0.5802341410366215,0.08432859071554678,Boston Sand & Gravel,Boston Sand & Gravel,MA,Eastern Region,filler,4000.0,4000,28.0,standard_28,84.75,strict_group,83.0,88.0,68.55,0.0,0.0,16.200000000000003,0.19115044247787613,True,False,False
31237,1,0.5801425696412111,0.08432859071554678,Graniterock,Redwood City Plant,CA,Pacific Southwest Region,other_or_unspecified,3000.0,3000,28.0,standard_28,178.66666666666666,strict_group,89.0,92.0,80.53333333333333,86.66666666666666,0.4850746268656716,98.13333333333333,0.5492537313432836,True,True,True
31236,1,0.5801425696412111,0.08432859071554678,Graniterock,Redwood City Plant,CA,Pacific Southwest Region,other_or_unspecified,3000.0,3000,28.0,standard_28,178.66666666666666,strict_group,89.0,92.0,80.53333333333333,86.66666666666666,0.4850746268656716,98.13333333333333,0.5492537313432836,True,True,True
43230,1,0.57929067579518,0.08432859071554678,Silvi Materials,Philadelphia Plant,PA,Eastern Region,filler,3000.0,3000,28.0,standard_28,129.66666666666666,strict_group,28.0,94.5,30.75,35.16666666666666,0.27120822622107965,98.91666666666666,0.762853470437018,True,True,True
9336,0,0.5787483528056266,0.08432859071554678,CEMEX,Leesburg RK Plant,FL,Southeastern Region,other_or_unspecified,2500.0,2500,28.0,standard_28,116.8,strict_group,212.0,92.7,82.88,24.099999999999994,0.20633561643835613,33.92,0.2904109589041096,True,True,True
21702,1,0.574907069359833,0.08432859071554678,Central Pre-Mix (CPM),Sullivan Plant ,WA,Pacific Northwest Region,other_or_unspecified,2000.0,2000,28.0,standard_28,134.5,strict_group,14.0,122.625,99.0,11.875,0.08828996282527882,35.5,0.26394052044609667,True,False,False
5127,1,0.5720829801798286,0.08432859071554678,CEMEX,Andalusia Plant,AL,Southeastern Region,other_or_unspecified,3000.0,3000,28.0,standard_28,155.0,strict_group,701.0,91.66666666666667,82.66666666666667,63.33333333333333,0.4086021505376344,72.33333333333333,0.4666666666666666,True,True,True
15051,0,0.5716697823653974,0.08432859071554678,CEMEX,Stockbridge Plant,GA,Southeastern Region,other_or_unspecified,3000.0,3000,28.0,standard_28,119.0,strict_group,701.0,91.66666666666667,82.66666666666667,27.33333333333333,0.22969187675070024,36.33333333333333,0.3053221288515406,True,True,True
5103,1,0.5697543680928085,0.08432859071554678,CEMEX,Andalusia Plant,AL,Southeastern Region,other_or_unspecified,2500.0,2500,28.0,standard_28,125.6,strict_group,212.0,92.7,82.88,32.89999999999999,0.26194267515923564,42.72,0.3401273885350318,True,True,True
33968,0,0.5696920530298776,0.08432859071554678,Knife River Corporation,Wheatland (Oregon) Plant,OR,Pacific Northwest Region,other_or_unspecified,3500.0,3500,28.0,standard_28,122.57142857142857,strict_group,339.0,68.59126984126985,58.0,53.98015873015872,0.4403975653975653,64.57142857142857,0.5268065268065268,True,True,True
9761,0,0.5691770799967748,0.08432859071554678,CEMEX,Marietta Plant,FL,Southeastern Region,other_or_unspecified,3000.0,3000,28.0,standard_28,112.66666666666667,strict_group,701.0,91.66666666666667,82.66666666666667,21.0,0.18639053254437868,30.0,0.2662721893491124,True,True,False
22099,0,0.5678941578004572,0.08432859071554678,Conewago Manufacturing,Conewago Manufacturing Plant,PA,Eastern Region,filler,3000.0,3000,28.0,standard_28,103.0,strict_group,28.0,94.5,30.75,8.5,0.0825242718446602,72.25,0.7014563106796117,True,False,False
34125,0,0.5674988560312407,0.08432859071554678,Lycon Inc.,Madison Plant,WI,Great Lakes Region,other_or_unspecified,1500.0,1500,28.0,standard_28,51.666666666666664,national_spec_group,13.0,112.0,51.666666666666664,0.0,0.0,0.0,0.0,True,False,False
6374,1,0.5661450078391702,0.08432859071554678,CEMEX,Clermont RK Plant,FL,Southeastern Region,other_or_unspecified,3000.0,3000,28.0,standard_28,125.66666666666667,strict_group,701.0,91.66666666666667,82.66666666666667,34.0,0.27055702917771884,43.0,0.3421750663129973,True,True,True
33508,1,0.565902472224779,0.08432859071554678,Knife River Corporation,Boise (Idaho) Plant,ID,Pacific Northwest Region,other_or_unspecified,3000.0,3000,28.0,standard_28,124.33333333333333,strict_group,395.0,71.0,64.13333333333334,53.33333333333333,0.42895442359249325,60.19999999999999,0.48418230563002673,True,True,True
4843,0,0.5658503382979218,0.08432859071554678,CEMEX,56th Street Plant,FL,Southeastern Region,other_or_unspecified,3000.0,3000,28.0,standard_28,121.33333333333333,strict_group,701.0,91.66666666666667,82.66666666666667,29.666666666666657,0.24450549450549444,38.66666666666666,0.3186813186813186,True,True,True
11604,0,0.5654790550273678,0.08432859071554678,CEMEX,Orange City Plant,FL,Southeastern Region,other_or_unspecified,3000.0,3000,28.0,standard_28,114.66666666666667,strict_group,701.0,91.66666666666667,82.66666666666667,23.0,0.2005813953488372,32.0,0.27906976744186046,True,True,True
30803,0,0.5628467309951802,0.08432859071554678,Four Winds Concrete Inc.,Windgap Plant,PA,Eastern Region,other_or_unspecified,3000.0,3000,28.0,standard_28,108.66666666666667,strict_group,295.0,91.33333333333333,79.06666666666668,17.333333333333343,0.1595092024539878,29.599999999999994,0.27239263803680974,True,True,False
1985,0,0.5600111560071068,0.08432859071554678,Bonded Concrete Inc. / The Clemente Group,Colonie Plant,NY,Eastern Region,other_or_unspecified,3000.0,3000,28.0,standard_28,100.33333333333333,strict_group,295.0,91.33333333333333,79.06666666666668,9.0,0.08970099667774087,21.26666666666665,0.2119601328903653,True,False,False
1986,0,0.5600111560071068,0.08432859071554678,Bonded Concrete Inc. / The Clemente Group,Colonie Plant,NY,Eastern Region,other_or_unspecified,3000.0,3000,28.0,standard_28,96.0,strict_group,295.0,91.33333333333333,79.06666666666668,4.666666666666671,0.04861111111111116,16.933333333333323,0.1763888888888888,True,False,False
33336,0,0.5591230026941442,0.08432859071554678,Ingram Ready Mix,Pearland #35 LLC Plant,TX,South Central Region,other_or_unspecified,3000.0,3000,28.0,standard_28,87.0,strict_group,51.0,78.5,68.66666666666667,8.5,0.09770114942528736,18.33333333333333,0.21072796934865895,True,False,False
6486,0,0.5571775428688389,0.08432859071554678,CEMEX,Columbus - Smith Rd (Vulcan Quarry) Plant,GA,Southeastern Region,other_or_unspecified,3000.0,3000,28.0,standard_28,112.0,strict_group,701.0,91.66666666666667,82.66666666666667,20.33333333333333,0.181547619047619,29.33333333333333,0.26190476190476186,True,True,False
44148,1,0.5566607585381407,0.08432859071554678,Tec-Crete Transit Mix Corp.,Jamaica Plant,NY,Eastern Region,filler,3000.0,3000,28.0,standard_28,142.66666666666666,strict_group,28.0,94.5,30.75,48.16666666666666,0.3376168224299065,111.91666666666666,0.7844626168224299,True,True,True
31439,1,0.5511397620519546,0.08432859071554678,Graniterock,Salinas Plant,CA,Pacific Southwest Region,other_or_unspecified,3000.0,3000,28.0,standard_28,164.66666666666666,strict_group,89.0,92.0,80.53333333333333,72.66666666666666,0.4412955465587044,84.13333333333333,0.5109311740890689,True,True,True
31438,1,0.5511397620519546,0.08432859071554678,Graniterock,Salinas Plant,CA,Pacific Southwest Region,other_or_unspecified,3000.0,3000,28.0,standard_28,164.66666666666666,strict_group,89.0,92.0,80.53333333333333,72.66666666666666,0.4412955465587044,84.13333333333333,0.5109311740890689,True,True,True
4538,1,0.5484991797456555,0.08432859071554678,"Callanan Industries, Inc.",Port of Albany Plant,NY,Eastern Region,other_or_unspecified,2500.0,2500,28.0,standard_28,149.2,strict_group,18.0,103.4,78.72,45.79999999999998,0.30697050938337794,70.47999999999999,0.4723860589812332,True,True,True
4824,0,0.5474400481013826,0.08432859071554678,CEMEX,56th Street Plant,FL,Southeastern Region,other_or_unspecified,2500.0,2500,28.0,standard_28,122.4,strict_group,212.0,92.7,82.88,29.700000000000003,0.2426470588235294,39.52000000000001,0.3228758169934641,True,True,True
8302,1,0.5463755178737676,0.08432859071554678,CEMEX,Habersham Plant,GA,Southeastern Region,other_or_unspecified,3000.0,3000,28.0,standard_28,133.66666666666666,strict_group,701.0,91.66666666666667,82.66666666666667,41.999999999999986,0.3142144638403989,50.999999999999986,0.3815461346633416,True,True,True
11545,0,0.5456431946153946,0.08432859071554678,CEMEX,Oldsmar Plant,FL,Southeastern Region,other_or_unspecified,3000.0,3000,28.0,standard_28,122.0,strict_group,701.0,91.66666666666667,82.66666666666667,30.33333333333333,0.24863387978142074,39.33333333333333,0.3224043715846994,True,True,True
4907,1,0.5455247370348673,0.08432859071554678,CEMEX,78th Street Plant,FL,Southeastern Region,other_or_unspecified,3000.0,3000,28.0,standard_28,144.0,strict_group,701.0,91.66666666666667,82.66666666666667,52.33333333333333,0.3634259259259259,61.33333333333333,0.4259259259259259,True,True,True
45360,0,0.5450506329590372,0.08432859071554678,Titan Virginia Ready-Mix,Leesburg RM Plant,VA,Eastern Region,other_or_unspecified,4000.0,4000,28.0,standard_28,110.5,strict_group,636.0,74.75,60.75,35.75,0.3235294117647059,49.75,0.4502262443438914,True,True,True
45555,0,0.5450506329590372,0.08432859071554678,Titan Virginia Ready-Mix,Springfield RM (Plant 1),VA,Eastern Region,other_or_unspecified,4000.0,4000,28.0,standard_28,107.75,strict_group,636.0,74.75,60.75,33.0,0.3062645011600928,47.0,0.4361948955916473,True,True,True
33861,1,0.5444681935196118,0.08432859071554678,Knife River Corporation,Redmond (Oregon) Plant,OR,Pacific Northwest Region,other_or_unspecified,3000.0,3000,28.0,standard_28,129.66666666666666,strict_group,395.0,71.0,64.13333333333334,58.66666666666666,0.4524421593830334,65.53333333333332,0.5053984575835475,True,True,True
7682,0,0.5433347233529117,0.08432859071554678,CEMEX,Englewood Plant,TX,South Central Region,other_or_unspecified,2000.0,2000,28.0,standard_28,103.0,strict_group,5.0,103.0,98.8,0.0,0.0,4.200000000000003,0.04077669902912624,True,False,False
42911,1,0.5433197707452193,0.08432859071554678,Silvi Materials,Englishtown Plant,NJ,Eastern Region,filler,3500.0,3500,28.0,standard_28,125.71428571428571,strict_group,21.0,108.28571428571429,99.14285714285714,17.428571428571416,0.13863636363636356,26.57142857142857,0.21136363636363636,True,True,False
33991,1,0.5420638650066166,0.08432859071554678,Knife River Corporation,Woodburn (Oregon) Plant,OR,Pacific Northwest Region,other_or_unspecified,3500.0,3500,28.0,standard_28,130.0,strict_group,339.0,68.59126984126985,58.0,61.40873015873015,0.4723748473748473,72.0,0.5538461538461539,True,True,True
33597,1,0.5364188488002524,0.08432859071554678,Knife River Corporation,Eugene (Oregon) Plant,OR,Pacific Northwest Region,other_or_unspecified,3000.0,3000,28.0,standard_28,126.0,strict_group,395.0,71.0,64.13333333333334,55.0,0.4365079365079365,61.86666666666666,0.49100529100529094,True,True,True
33724,1,0.5347213840351479,0.08432859071554678,Knife River Corporation,McMinnville (Oregon) Plant,OR,Pacific Northwest Region,other_or_unspecified,3000.0,3000,28.0,standard_28,145.66666666666666,strict_group,395.0,71.0,64.13333333333334,74.66666666666666,0.5125858123569794,81.53333333333332,0.5597254004576658,True,True,True
11476,1,0.5345996090020009,0.08432859071554678,CEMEX,Odessa Plant,FL,Southeastern Region,other_or_unspecified,3000.0,3000,28.0,standard_28,127.0,strict_group,701.0,91.66666666666667,82.66666666666667,35.33333333333333,0.27821522309711283,44.33333333333333,0.3490813648293963,True,True,True
5105,1,0.5343051101862617,0.08432859071554678,CEMEX,Andalusia Plant,AL,Southeastern Region,other_or_unspecified,3000.0,3000,28.0,standard_28,132.33333333333334,strict_group,701.0,91.66666666666667,82.66666666666667,40.66666666666667,0.30730478589420657,49.66666666666667,0.37531486146095716,True,True,True
15206,0,0.5324417082935606,0.08432859071554678,CEMEX,Thomasville Plant,AL,Southeastern Region,filler,3000.0,3000,28.0,standard_28,109.66666666666667,strict_group,44.0,117.25,105.0,0.0,0.0,4.666666666666671,0.04255319148936174,True,False,False
45129,0,0.5321119803354692,0.08432859071554678,Titan Virginia Ready-Mix,Chesterfield Plant,VA,Eastern Region,other_or_unspecified,4000.0,4000,28.0,standard_28,104.5,strict_group,636.0,74.75,60.75,29.75,0.284688995215311,43.75,0.41866028708133973,True,True,True
44850,0,0.5321119803354692,0.08432859071554678,Titan Virginia Ready-Mix,Bryan Park Plant,VA,Eastern Region,other_or_unspecified,4000.0,4000,28.0,standard_28,106.25,strict_group,636.0,74.75,60.75,31.5,0.2964705882352941,45.5,0.42823529411764705,True,True,True
5913,1,0.531628901437659,0.08432859071554678,CEMEX,Brewton Plant,AL,Southeastern Region,other_or_unspecified,3000.0,3000,28.0,standard_28,124.66666666666667,strict_group,701.0,91.66666666666667,82.66666666666667,33.0,0.2647058823529412,42.0,0.33689839572192515,True,True,True
13204,0,0.5292684585465978,0.08432859071554678,CEMEX,Port Charlotte Plant,FL,Southeastern Region,filler,3000.0,3000,28.0,standard_28,95.33333333333333,strict_group,44.0,117.25,105.0,0.0,0.0,0.0,0.0,True,False,False
5752,1,0.52669902826181,0.08432859071554678,CEMEX,Berth 150 Plant,FL,Southeastern Region,other_or_unspecified,3000.0,3000,28.0,standard_28,163.66666666666666,strict_group,701.0,91.66666666666667,82.66666666666667,71.99999999999999,0.4399185336048879,80.99999999999999,0.4949083503054989,True,True,True
15749,0,0.5261994009410296,0.08432859071554678,CEMEX,Waters Avenue Plant,FL,Southeastern Region,other_or_unspecified,3000.0,3000,28.0,standard_28,110.33333333333333,strict_group,701.0,91.66666666666667,82.66666666666667,18.666666666666657,0.1691842900302114,27.666666666666657,0.25075528700906335,True,True,False
45979,0,0.5248637565553835,0.08432859071554678,Titan Virginia Ready-Mix,Sterling RM (Plant 1),VA,Eastern Region,other_or_unspecified,4000.0,4000,28.0,standard_28,109.75,strict_group,636.0,74.75,60.75,35.0,0.31890660592255127,49.0,0.44646924829157175,True,True,True
30732,1,0.5246993923511166,0.08432859071554678,Four Winds Concrete Inc.,Bethlehem Plant,PA,Eastern Region,other_or_unspecified,2500.0,2500,28.0,standard_28,134.8,strict_group,18.0,103.4,78.72,31.400000000000006,0.23293768545994067,56.08000000000001,0.4160237388724036,True,True,True
33865,1,0.5246562112166354,0.08432859071554678,Knife River Corporation,Redmond (Oregon) Plant,OR,Pacific Northwest Region,paving,4000.0,4000,28.0,standard_28,148.25,strict_group,74.0,64.4375,54.825,83.8125,0.565345699831366,93.425,0.630185497470489,True,True,True
33961,0,0.5233662314859694,0.08432859071554678,Knife River Corporation,Wheatland (Oregon) Plant,OR,Pacific Northwest Region,other_or_unspecified,3500.0,3500,28.0,standard_28,122.0,strict_group,339.0,68.59126984126985,58.0,53.40873015873015,0.43777647671090286,64.0,0.5245901639344263,True,True,True
21902,1,0.5227291899097201,0.08432859071554678,CENTRE CONCRETE CO,State College Plant,PA,Eastern Region,other_or_unspecified,4000.0,4000,28.0,standard_28,149.25,strict_group,636.0,74.75,60.75,74.5,0.4991624790619765,88.5,0.592964824120603,True,True,True
43240,1,0.5200138463925039,0.08432859071554678,Silvi Materials,Philadelphia Plant,PA,Eastern Region,filler,3500.0,3500,28.0,standard_28,129.42857142857142,strict_group,21.0,108.28571428571429,99.14285714285714,21.142857142857125,0.16335540838852083,30.285714285714278,0.23399558498896242,True,True,False
34707,0,0.519059107429706,0.08432859071554678,Milpitas Materials Co,Milpitas Plant,CA,Pacific Southwest Region,other_or_unspecified,2500.0,2500,28.0,standard_28,113.2,strict_group,16.0,102.5,100.8,10.700000000000003,0.09452296819787988,12.400000000000006,0.10954063604240287,True,False,False
43058,0,0.5155557504550914,0.08432859071554678,Silvi Materials,Limerick Plant,PA,Eastern Region,filler,3500.0,3500,28.0,standard_28,122.28571428571429,strict_group,21.0,108.28571428571429,99.14285714285714,14.0,0.11448598130841121,23.142857142857153,0.1892523364485982,True,True,False
1984,0,0.5149091918793123,0.08432859071554678,Bonded Concrete Inc. / The Clemente Group,Colonie Plant,NY,Eastern Region,other_or_unspecified,3000.0,3000,28.0,standard_28,100.0,strict_group,295.0,91.33333333333333,79.06666666666668,8.666666666666671,0.08666666666666671,20.933333333333323,0.20933333333333323,True,False,False
5944,1,0.5132637439034593,0.08432859071554678,CEMEX,Brooksville Plant,FL,Southeastern Region,other_or_unspecified,3000.0,3000,28.0,standard_28,129.33333333333334,strict_group,701.0,91.66666666666667,82.66666666666667,37.66666666666667,0.2912371134020619,46.66666666666667,0.36082474226804123,True,True,True
30785,0,0.5126127224485805,0.08432859071554678,Four Winds Concrete Inc.,Bethlehem Plant,PA,Eastern Region,filler,4000.0,4000,28.0,standard_28,38.75,strict_group,83.0,88.0,68.55,0.0,0.0,0.0,0.0,True,False,False
33962,0,0.507683644533868,0.08432859071554678,Knife River Corporation,Wheatland (Oregon) Plant,OR,Pacific Northwest Region,other_or_unspecified,3500.0,3500,28.0,standard_28,122.0,strict_group,339.0,68.59126984126985,58.0,53.40873015873015,0.43777647671090286,64.0,0.5245901639344263,True,True,True
4555,0,0.5059373679775826,0.08432859071554678,Cape Cod Ready Mix,Carver Plant,MA,Eastern Region,other_or_unspecified,3000.0,3000,28.0,standard_28,108.0,strict_group,295.0,91.33333333333333,79.06666666666668,16.66666666666667,0.15432098765432103,28.933333333333323,0.26790123456790116,True,True,False
410,1,0.5054658780952931,0.08432859071554678,American Rock Products (ARP),Boardman Plant,OR,Pacific Northwest Region,filler,2500.0,2500,28.0,standard_28,152.4,national_spec_group,6.0,110.4,95.80000000000001,42.0,0.2755905511811024,56.599999999999994,0.3713910761154855,True,True,True
11546,1,0.5045556575356684,0.08432859071554678,CEMEX,Oldsmar Plant,FL,Southeastern Region,other_or_unspecified,3000.0,3000,28.0,standard_28,153.0,strict_group,701.0,91.66666666666667,82.66666666666667,61.33333333333333,0.40087145969498905,70.33333333333333,0.45969498910675377,True,True,True
43217,1,0.5044502982706511,0.08432859071554678,Silvi Materials,Philadelphia Plant,PA,Eastern Region,filler,3000.0,3000,28.0,standard_28,134.33333333333334,strict_group,28.0,94.5,30.75,39.83333333333334,0.29652605459057074,103.58333333333334,0.7710918114143921,True,True,True
33440,0,0.5037264655133836,0.08432859071554678,Kirkpatrick Concrete,Lakeshore Plant,AL,Southeastern Region,other_or_unspecified,3000.0,3000,28.0,standard_28,108.33333333333333,strict_group,701.0,91.66666666666667,82.66666666666667,16.666666666666657,0.15384615384615377,25.666666666666657,0.23692307692307685,True,True,False
33418,0,0.5037264655133836,0.08432859071554678,Kirkpatrick Concrete,Highway 280 Plant,AL,Southeastern Region,other_or_unspecified,3000.0,3000,28.0,standard_28,110.0,strict_group,701.0,91.66666666666667,82.66666666666667,18.33333333333333,0.16666666666666663,27.33333333333333,0.24848484848484845,True,True,False
33353,0,0.5037264655133836,0.08432859071554678,Kirkpatrick Concrete,Alabaster Plant,AL,Southeastern Region,other_or_unspecified,3000.0,3000,28.0,standard_28,114.33333333333333,strict_group,701.0,91.66666666666667,82.66666666666667,22.666666666666657,0.19825072886297368,31.666666666666657,0.27696793002915443,True,True,False
33396,0,0.5037264655133836,0.08432859071554678,Kirkpatrick Concrete,Gardendale Plant,AL,Southeastern Region,other_or_unspecified,3000.0,3000,28.0,standard_28,110.33333333333333,strict_group,701.0,91.66666666666667,82.66666666666667,18.666666666666657,0.1691842900302114,27.666666666666657,0.25075528700906335,True,True,False
7238,0,0.4984579619207774,0.08432859071554678,CEMEX,Dawsonville - Easy Street Plant,GA,Southeastern Region,other_or_unspecified,3000.0,3000,28.0,standard_28,110.66666666666667,strict_group,701.0,91.66666666666667,82.66666666666667,19.0,0.1716867469879518,28.0,0.25301204819277107,True,True,False
15739,0,0.4980496823907933,0.08432859071554678,CEMEX,Waters Avenue Plant,FL,Southeastern Region,other_or_unspecified,2500.0,2500,28.0,standard_28,112.8,strict_group,212.0,92.7,82.88,20.099999999999994,0.1781914893617021,29.92,0.2652482269503546,True,True,False
46202,0,0.4964159407393849,0.08432859071554678,United Companies,Gypsum Plant,CO,Rocky Mountains Region,other_or_unspecified,3000.0,3000,28.0,standard_28,86.66666666666667,strict_group,53.0,77.66666666666667,65.4,9.0,0.10384615384615384,21.266666666666666,0.24538461538461537,True,True,False
44161,0,0.4957216123574273,0.08432859071554678,Tec-Crete Transit Mix Corp.,Long Island City Plant,NY,Eastern Region,other_or_unspecified,3500.0,3500,28.0,standard_28,113.42857142857143,strict_group,117.0,95.71428571428571,84.05714285714286,17.714285714285722,0.15617128463476077,29.371428571428567,0.2589420654911838,True,True,False
33563,0,0.4952173604594439,0.08432859071554678,Knife River Corporation,Corvallis (Oregon) Plant,OR,Pacific Northwest Region,filler,3000.0,3000,28.0,standard_28,123.33333333333333,strict_group,16.0,106.91666666666667,89.33333333333334,16.416666666666657,0.13310810810810803,33.999999999999986,0.2756756756756756,True,True,False
43057,0,0.4951520424260806,0.08432859071554678,Silvi Materials,Limerick Plant,PA,Eastern Region,filler,3500.0,3500,28.0,standard_28,117.42857142857143,strict_group,21.0,108.28571428571429,99.14285714285714,9.142857142857139,0.07785888077858877,18.285714285714292,0.15571776155717768,True,False,False
5117,0,0.49139290946793,0.08432859071554678,CEMEX,Andalusia Plant,AL,Southeastern Region,other_or_unspecified,3000.0,3000,28.0,standard_28,112.0,strict_group,701.0,91.66666666666667,82.66666666666667,20.33333333333333,0.181547619047619,29.33333333333333,0.26190476190476186,True,True,False
2895,1,0.4908272546928726,0.08432859071554678,Cadman / Heidelberg Materials,Foster Road Plant,OR,Pacific Northwest Region,other_or_unspecified,2000.0,2000,28.0,standard_28,156.5,strict_group,14.0,122.625,99.0,33.875,0.21645367412140576,57.5,0.36741214057507987,True,True,True
46128,0,0.4899568094639859,0.08432859071554678,United Companies,Crested Butte Plant,CO,Rocky Mountains Region,filler,3500.0,3500,28.0,standard_28,117.14285714285714,strict_group,6.0,88.0,85.71428571428572,29.14285714285714,0.24878048780487802,31.428571428571416,0.2682926829268292,True,True,True
33506,0,0.4884247404875166,0.08432859071554678,Knife River Corporation,Boise (Idaho) Plant,ID,Pacific Northwest Region,other_or_unspecified,3000.0,3000,28.0,standard_28,115.33333333333333,strict_group,395.0,71.0,64.13333333333334,44.33333333333333,0.38439306358381503,51.19999999999999,0.44393063583815023,True,True,True
10348,0,0.4839210135404552,0.08432859071554678,CEMEX,Monroeville Plant,AL,Southeastern Region,other_or_unspecified,3000.0,3000,28.0,standard_28,118.33333333333333,strict_group,701.0,91.66666666666667,82.66666666666667,26.666666666666657,0.22535211267605626,35.66666666666666,0.3014084507042253,True,True,True
7230,1,0.4837896157124594,0.08432859071554678,CEMEX,Dawsonville - Easy Street Plant,GA,Southeastern Region,other_or_unspecified,3000.0,3000,3.0,early,129.66666666666666,strict_group,7.0,134.5,131.86666666666667,0.0,0.0,0.0,0.0,True,False,False
4891,1,0.482065614139569,0.08432859071554678,CEMEX,78th Street Plant,FL,Southeastern Region,other_or_unspecified,3000.0,3000,28.0,standard_28,163.0,strict_group,701.0,91.66666666666667,82.66666666666667,71.33333333333333,0.4376278118609407,80.33333333333333,0.492842535787321,True,True,True
5009,1,0.4724884654106839,0.08432859071554678,CEMEX,Alexander City Plant,AL,Southeastern Region,other_or_unspecified,2500.0,2500,28.0,standard_28,126.4,strict_group,212.0,92.7,82.88,33.7,0.26661392405063294,43.52000000000001,0.3443037974683545,True,True,True
7449,0,0.4706252440235914,0.08432859071554678,CEMEX,Downtown Miami Plant,FL,Southeastern Region,other_or_unspecified,3000.0,3000,28.0,standard_28,92.0,strict_group,701.0,91.66666666666667,82.66666666666667,0.3333333333333286,0.00362318840579705,9.333333333333329,0.10144927536231879,True,False,False
9898,1,0.4704490099484077,0.08432859071554678,CEMEX,McIntosh Plant,FL,Southeastern Region,other_or_unspecified,2500.0,2500,28.0,standard_28,126.8,strict_group,212.0,92.7,82.88,34.099999999999994,0.2689274447949526,43.92,0.3463722397476341,True,True,True
8295,1,0.4685073231543487,0.08432859071554678,CEMEX,Habersham Plant,GA,Southeastern Region,other_or_unspecified,3000.0,3000,28.0,standard_28,134.33333333333334,strict_group,701.0,91.66666666666667,82.66666666666667,42.66666666666667,0.3176178660049628,51.66666666666667,0.38461538461538464,True,True,True
4890,1,0.4677358948484973,0.08432859071554678,CEMEX,78th Street Plant,FL,Southeastern Region,other_or_unspecified,3000.0,3000,28.0,standard_28,133.66666666666666,strict_group,701.0,91.66666666666667,82.66666666666667,41.999999999999986,0.3142144638403989,50.999999999999986,0.3815461346633416,True,True,True
21903,1,0.467343391244665,0.08432859071554678,CENTRE CONCRETE CO,State College Plant,PA,Eastern Region,other_or_unspecified,4000.0,4000,28.0,standard_28,149.25,strict_group,636.0,74.75,60.75,74.5,0.4991624790619765,88.5,0.592964824120603,True,True,True
15505,0,0.4659693427104747,0.08432859071554678,CEMEX,Tuscumbia (Dual) Plant,AL,Southeastern Region,other_or_unspecified,2000.0,2000,28.0,standard_28,115.5,strict_group,9.0,114.0,97.9,1.5,0.012987012987012988,17.599999999999994,0.15238095238095234,True,False,False
1982,0,0.4658609349640413,0.08432859071554678,Bonded Concrete Inc. / The Clemente Group,Colonie Plant,NY,Eastern Region,other_or_unspecified,2500.0,2500,28.0,standard_28,110.0,strict_group,18.0,103.4,78.72,6.599999999999994,0.05999999999999995,31.28,0.2843636363636364,True,False,False
1981,0,0.4658609349640413,0.08432859071554678,Bonded Concrete Inc. / The Clemente Group,Colonie Plant,NY,Eastern Region,other_or_unspecified,2500.0,2500,28.0,standard_28,80.4,strict_group,18.0,103.4,78.72,0.0,0.0,1.6800000000000068,0.020895522388059785,True,False,False
33748,1,0.4657623777296034,0.08432859071554678,Knife River Corporation,McMinnville (Oregon) Plant,OR,Pacific Northwest Region,other_or_unspecified,4000.0,4000,28.0,standard_28,128.0,strict_group,579.0,63.25,56.7,64.75,0.505859375,71.3,0.55703125,True,True,True
4580,0,0.4645296669968836,0.08432859071554678,Cape Cod Ready Mix,Carver Plant,MA,Eastern Region,other_or_unspecified,3000.0,3000,28.0,standard_28,116.0,strict_group,295.0,91.33333333333333,79.06666666666668,24.66666666666667,0.21264367816091959,36.93333333333332,0.3183908045977011,True,True,True
4579,0,0.4645296669968836,0.08432859071554678,Cape Cod Ready Mix,Carver Plant,MA,Eastern Region,other_or_unspecified,3000.0,3000,28.0,standard_28,111.0,strict_group,295.0,91.33333333333333,79.06666666666668,19.66666666666667,0.1771771771771772,31.933333333333323,0.2876876876876876,True,True,False
33757,0,0.4626182223240115,0.08432859071554678,Knife River Corporation,Nampa (Idaho) Plant,ID,Pacific Northwest Region,other_or_unspecified,3000.0,3000,28.0,standard_28,103.66666666666667,strict_group,395.0,71.0,64.13333333333334,32.66666666666667,0.31511254019292606,39.53333333333333,0.3813504823151125,True,True,True
33354,0,0.4589084749718327,0.08432859071554678,Kirkpatrick Concrete,Alabaster Plant,AL,Southeastern Region,other_or_unspecified,3000.0,3000,28.0,standard_28,114.66666666666667,strict_group,701.0,91.66666666666667,82.66666666666667,23.0,0.2005813953488372,32.0,0.27906976744186046,True,True,True
33419,0,0.4589084749718327,0.08432859071554678,Kirkpatrick Concrete,Highway 280 Plant,AL,Southeastern Region,other_or_unspecified,3000.0,3000,28.0,standard_28,110.33333333333333,strict_group,701.0,91.66666666666667,82.66666666666667,18.666666666666657,0.1691842900302114,27.666666666666657,0.25075528700906335,True,True,False
33441,0,0.4589084749718327,0.08432859071554678,Kirkpatrick Concrete,Lakeshore Plant,AL,Southeastern Region,other_or_unspecified,3000.0,3000,28.0,standard_28,108.66666666666667,strict_group,701.0,91.66666666666667,82.66666666666667,17.0,0.15644171779141103,26.0,0.23926380368098157,True,True,False
33397,0,0.4589084749718327,0.08432859071554678,Kirkpatrick Concrete,Gardendale Plant,AL,Southeastern Region,other_or_unspecified,3000.0,3000,28.0,standard_28,110.66666666666667,strict_group,701.0,91.66666666666667,82.66666666666667,19.0,0.1716867469879518,28.0,0.25301204819277107,True,True,False
33851,0,0.454769447727129,0.08432859071554678,Knife River Corporation,Redmond (Oregon) Plant,OR,Pacific Northwest Region,other_or_unspecified,3000.0,3000,28.0,standard_28,112.0,strict_group,395.0,71.0,64.13333333333334,41.0,0.36607142857142855,47.86666666666666,0.4273809523809523,True,True,True
10664,1,0.4539497574457323,0.08432859071554678,CEMEX,New Tazewell Plant,TN,Southeastern Region,other_or_unspecified,3000.0,3000,28.0,standard_28,140.33333333333334,strict_group,701.0,91.66666666666667,82.66666666666667,48.66666666666667,0.34679334916864607,57.66666666666667,0.41092636579572445,True,True,True
4594,0,0.452777299742823,0.08432859071554678,Cape Cod Ready Mix,Dennis Plant,MA,Eastern Region,filler,3000.0,3000,28.0,standard_28,29.46666666666667,strict_group,28.0,94.5,30.75,0.0,0.0,0.0,0.0,True,False,False
4666,0,0.452777299742823,0.08432859071554678,Cape Cod Ready Mix,Sandwich Plant,MA,Eastern Region,filler,3000.0,3000,28.0,standard_28,22.866666666666664,strict_group,28.0,94.5,30.75,0.0,0.0,0.0,0.0,True,False,False
45985,0,0.4510769314249854,0.08432859071554678,Titan Virginia Ready-Mix,Sterling RM (Plant 1),VA,Eastern Region,other_or_unspecified,4000.0,4000,28.0,standard_28,102.25,strict_group,636.0,74.75,60.75,27.5,0.26894865525672373,41.5,0.4058679706601467,True,True,True
12069,1,0.4510707461417244,0.08432859071554678,CEMEX,Pennington Plant,AL,Southeastern Region,other_or_unspecified,3000.0,3000,28.0,standard_28,124.66666666666667,strict_group,701.0,91.66666666666667,82.66666666666667,33.0,0.2647058823529412,42.0,0.33689839572192515,True,True,True
30741,0,0.4474534746350282,0.08432859071554678,Four Winds Concrete Inc.,Bethlehem Plant,PA,Eastern Region,other_or_unspecified,3000.0,3000,28.0,standard_28,118.0,strict_group,295.0,91.33333333333333,79.06666666666668,26.66666666666667,0.22598870056497178,38.93333333333332,0.3299435028248587,True,True,True
8281,1,0.4468617998251254,0.08432859071554678,CEMEX,Habersham Plant,GA,Southeastern Region,other_or_unspecified,2500.0,2500,28.0,standard_28,126.4,strict_group,212.0,92.7,82.88,33.7,0.26661392405063294,43.52000000000001,0.3443037974683545,True,True,True
4888,1,0.4461512454875701,0.08432859071554678,CEMEX,78th Street Plant,FL,Southeastern Region,other_or_unspecified,2500.0,2500,28.0,standard_28,127.2,strict_group,212.0,92.7,82.88,34.5,0.2712264150943396,44.32000000000001,0.3484276729559749,True,True,True
42588,0,0.4461406477054242,0.08432859071554678,Salmon Bay Sand & Gravel,Salmon Bay Sand and Gravel,WA,Pacific Northwest Region,other_or_unspecified,3000.0,3000,3.0,early,102.33333333333333,strict_group,10.0,148.91666666666669,122.13333333333333,0.0,0.0,0.0,0.0,True,False,False
2680,0,0.4433833326792067,0.08432859071554678,Cadman / Heidelberg Materials,Foster Road Plant,OR,Pacific Northwest Region,other_or_unspecified,2000.0,2000,28.0,standard_28,122.5,strict_group,14.0,122.625,99.0,0.0,0.0,23.5,0.19183673469387755,True,False,False
7088,0,0.4422672832567684,0.08432859071554678,CEMEX,Dallas Plant,GA,Southeastern Region,other_or_unspecified,3000.0,3000,28.0,standard_28,113.0,strict_group,701.0,91.66666666666667,82.66666666666667,21.33333333333333,0.18879056047197637,30.33333333333333,0.2684365781710914,True,True,False
3816,1,0.4418851268075605,0.08432859071554678,Cadman / Heidelberg Materials,Port of Portland Plant,OR,Pacific Northwest Region,other_or_unspecified,2000.0,2000,28.0,standard_28,163.0,strict_group,14.0,122.625,99.0,40.375,0.2476993865030675,64.0,0.39263803680981596,True,True,True
34163,0,0.4414554015607384,0.08432859071554678,Lycon Inc.,Oregon Plant,WI,Great Lakes Region,other_or_unspecified,1500.0,1500,28.0,standard_28,51.666666666666664,national_spec_group,13.0,112.0,51.666666666666664,0.0,0.0,0.0,0.0,True,False,False
5521,0,0.4411463606968062,0.08432859071554678,CEMEX,Auburn (Portable) Plant,AL,Southeastern Region,filler,4000.0,4000,28.0,standard_28,116.25,strict_group,36.0,95.0,86.75,21.25,0.1827956989247312,29.5,0.2537634408602151,True,True,False
46114,0,0.4405597219254179,0.08432859071554678,United Companies,Crested Butte Plant,CO,Rocky Mountains Region,other_or_unspecified,3000.0,3000,28.0,standard_28,117.0,strict_group,53.0,77.66666666666667,65.4,39.33333333333333,0.3361823361823361,51.599999999999994,0.44102564102564096,True,True,True
10470,0,0.4393358499418884,0.08432859071554678,CEMEX,Mosielee Plant,TX,South Central Region,other_or_unspecified,2000.0,2000,28.0,standard_28,108.0,strict_group,5.0,103.0,98.8,5.0,0.046296296296296294,9.200000000000003,0.08518518518518521,True,False,False
10471,0,0.4393358499418884,0.08432859071554678,CEMEX,Mosielee Plant,TX,South Central Region,other_or_unspecified,2000.0,2000,28.0,standard_28,108.0,strict_group,5.0,103.0,98.8,5.0,0.046296296296296294,9.200000000000003,0.08518518518518521,True,False,False
33595,1,0.4378156776848863,0.08432859071554678,Knife River Corporation,Eugene (Oregon) Plant,OR,Pacific Northwest Region,other_or_unspecified,3000.0,3000,28.0,standard_28,128.33333333333334,strict_group,395.0,71.0,64.13333333333334,57.33333333333334,0.4467532467532468,64.2,0.5002597402597403,True,True,True
4519,0,0.4352071155661025,0.08432859071554678,"Callanan Industries, Inc.",Oriskany Plant,NY,Eastern Region,other_or_unspecified,3000.0,3000,28.0,standard_28,99.0,strict_group,295.0,91.33333333333333,79.06666666666668,7.666666666666671,0.07744107744107749,19.933333333333323,0.20134680134680125,True,False,False
6518,0,0.4323828740794659,0.08432859071554678,CEMEX,Columbus - Smith Rd (Vulcan Quarry) Plant,GA,Southeastern Region,other_or_unspecified,3000.0,3000,28.0,standard_28,101.66666666666667,strict_group,701.0,91.66666666666667,82.66666666666667,10.0,0.09836065573770492,19.0,0.18688524590163932,True,False,False
30738,1,0.4302359232117348,0.08432859071554678,Four Winds Concrete Inc.,Bethlehem Plant,PA,Eastern Region,other_or_unspecified,3000.0,3000,28.0,standard_28,125.0,strict_group,295.0,91.33333333333333,79.06666666666668,33.66666666666667,0.26933333333333337,45.93333333333332,0.3674666666666666,True,True,True
21691,0,0.4295448313034266,0.08432859071554678,Central Pre-Mix (CPM),Sullivan Plant ,WA,Pacific Northwest Region,filler,3000.0,3000,28.0,standard_28,107.0,strict_group,16.0,106.91666666666667,89.33333333333334,0.0833333333333286,0.0007788161993769028,17.666666666666657,0.16510903426791268,True,False,False
4012,1,0.4267374472297563,0.08432859071554678,Cadman / Heidelberg Materials,Port of Portland Plant,OR,Pacific Northwest Region,other_or_unspecified,2000.0,2000,28.0,standard_28,156.5,strict_group,14.0,122.625,99.0,33.875,0.21645367412140576,57.5,0.36741214057507987,True,True,True
3270,1,0.4248775109118612,0.08432859071554678,Cadman / Heidelberg Materials,Orchards Plant,WA,Pacific Northwest Region,other_or_unspecified,2000.0,2000,28.0,standard_28,181.5,strict_group,14.0,122.625,99.0,58.875,0.3243801652892562,82.5,0.45454545454545453,True,True,True
42656,0,0.4236344038864728,0.08432859071554678,Schuster Concrete,Portable 18 Plant,DC,Eastern Region,other_or_unspecified,4500.0,4500,28.0,standard_28,87.55555555555556,strict_group,203.0,70.0,58.577777777777776,17.555555555555557,0.200507614213198,28.97777777777778,0.3309644670050762,True,True,True
5411,0,0.4223514931549126,0.08432859071554678,CEMEX,Athens Plant,AL,Southeastern Region,other_or_unspecified,3000.0,3000,28.0,standard_28,110.66666666666667,strict_group,701.0,91.66666666666667,82.66666666666667,19.0,0.1716867469879518,28.0,0.25301204819277107,True,True,False
33960,0,0.417975665084116,0.08432859071554678,Knife River Corporation,Wheatland (Oregon) Plant,OR,Pacific Northwest Region,other_or_unspecified,3500.0,3500,28.0,standard_28,122.0,strict_group,339.0,68.59126984126985,58.0,53.40873015873015,0.43777647671090286,64.0,0.5245901639344263,True,True,True
1983,0,0.4177833782787595,0.08432859071554678,Bonded Concrete Inc. / The Clemente Group,Colonie Plant,NY,Eastern Region,other_or_unspecified,3000.0,3000,28.0,standard_28,105.33333333333333,strict_group,295.0,91.33333333333333,79.06666666666668,14.0,0.1329113924050633,26.26666666666665,0.2493670886075948,True,True,False
9136,1,0.4163073760681944,0.08432859071554678,CEMEX,Lake Wales Plant,FL,Southeastern Region,other_or_unspecified,3000.0,3000,28.0,standard_28,138.0,strict_group,701.0,91.66666666666667,82.66666666666667,46.33333333333333,0.3357487922705314,55.33333333333333,0.4009661835748792,True,True,True
6483,0,0.4149087259305385,0.08432859071554678,CEMEX,Columbus - Smith Rd (Vulcan Quarry) Plant,GA,Southeastern Region,other_or_unspecified,3000.0,3000,28.0,standard_28,100.33333333333333,strict_group,701.0,91.66666666666667,82.66666666666667,8.666666666666657,0.08637873754152815,17.666666666666657,0.176079734219269,True,False,False
4616,0,0.4110070997041603,0.08432859071554678,Cape Cod Ready Mix,Dennis Plant,MA,Eastern Region,other_or_unspecified,3000.0,3000,28.0,standard_28,115.66666666666667,strict_group,295.0,91.33333333333333,79.06666666666668,24.333333333333343,0.21037463976945253,36.599999999999994,0.31642651296829966,True,True,True
4686,0,0.4110070997041603,0.08432859071554678,Cape Cod Ready Mix,Sandwich Plant,MA,Eastern Region,other_or_unspecified,3000.0,3000,28.0,standard_28,106.66666666666667,strict_group,295.0,91.33333333333333,79.06666666666668,15.333333333333343,0.14375000000000007,27.599999999999994,0.2587499999999999,True,True,False
4614,0,0.4110070997041603,0.08432859071554678,Cape Cod Ready Mix,Dennis Plant,MA,Eastern Region,other_or_unspecified,3000.0,3000,28.0,standard_28,108.33333333333333,strict_group,295.0,91.33333333333333,79.06666666666668,17.0,0.15692307692307694,29.26666666666665,0.270153846153846,True,True,False
4615,0,0.4110070997041603,0.08432859071554678,Cape Cod Ready Mix,Dennis Plant,MA,Eastern Region,other_or_unspecified,3000.0,3000,28.0,standard_28,111.33333333333333,strict_group,295.0,91.33333333333333,79.06666666666668,20.0,0.17964071856287425,32.26666666666665,0.289820359281437,True,True,False
4687,0,0.4110070997041603,0.08432859071554678,Cape Cod Ready Mix,Sandwich Plant,MA,Eastern Region,other_or_unspecified,3000.0,3000,28.0,standard_28,110.0,strict_group,295.0,91.33333333333333,79.06666666666668,18.66666666666667,0.16969696969696973,30.933333333333323,0.28121212121212114,True,True,False
4688,0,0.4110070997041603,0.08432859071554678,Cape Cod Ready Mix,Sandwich Plant,MA,Eastern Region,other_or_unspecified,3000.0,3000,28.0,standard_28,113.33333333333333,strict_group,295.0,91.33333333333333,79.06666666666668,22.0,0.19411764705882353,34.26666666666665,0.3023529411764705,True,True,False
9305,0,0.4104329677892426,0.08432859071554678,CEMEX,Lecanto East Plant,FL,Southeastern Region,other_or_unspecified,3000.0,3000,28.0,standard_28,111.0,strict_group,701.0,91.66666666666667,82.66666666666667,19.33333333333333,0.17417417417417413,28.33333333333333,0.2552552552552552,True,True,False
15154,0,0.4094175361182051,0.08432859071554678,CEMEX,Sweetwater Plant,FL,Southeastern Region,filler,4000.0,4000,28.0,standard_28,94.25,strict_group,36.0,95.0,86.75,0.0,0.0,7.5,0.07957559681697612,True,False,False
4632,1,0.4076235924989578,0.08432859071554678,Cape Cod Ready Mix,Orleans Plant,MA,Eastern Region,hardscape,3500.0,3500,28.0,standard_28,125.71428571428571,national_spec_group,17.0,84.85714285714286,81.82857142857144,40.85714285714285,0.32499999999999996,43.88571428571427,0.349090909090909,True,True,True
7225,0,0.4072722919249247,0.08432859071554678,CEMEX,Dawsonville - Easy Street Plant,GA,Southeastern Region,other_or_unspecified,3000.0,3000,28.0,standard_28,103.0,strict_group,701.0,91.66666666666667,82.66666666666667,11.333333333333329,0.11003236245954688,20.33333333333333,0.1974110032362459,True,True,False
33559,0,0.4068998836997239,0.08432859071554678,Knife River Corporation,Corvallis (Oregon) Plant,OR,Pacific Northwest Region,other_or_unspecified,3000.0,3000,28.0,standard_28,118.66666666666667,strict_group,395.0,71.0,64.13333333333334,47.66666666666667,0.401685393258427,54.53333333333333,0.4595505617977528,True,True,True
33596,0,0.4068998836997239,0.08432859071554678,Knife River Corporation,Eugene (Oregon) Plant,OR,Pacific Northwest Region,other_or_unspecified,3000.0,3000,28.0,standard_28,113.33333333333333,strict_group,395.0,71.0,64.13333333333334,42.33333333333333,0.37352941176470583,49.19999999999999,0.43411764705882344,True,True,True
33952,0,0.4068760428991128,0.08432859071554678,Knife River Corporation,Wheatland (Oregon) Plant,OR,Pacific Northwest Region,other_or_unspecified,3000.0,3000,28.0,standard_28,123.33333333333333,strict_group,395.0,71.0,64.13333333333334,52.33333333333333,0.4243243243243243,59.19999999999999,0.4799999999999999,True,True,True
11730,0,0.4025622261095932,0.08432859071554678,CEMEX,Orlando (Atlanta Ave) Plant,FL,Southeastern Region,other_or_unspecified,3000.0,3000,28.0,standard_28,114.0,strict_group,701.0,91.66666666666667,82.66666666666667,22.33333333333333,0.19590643274853797,31.33333333333333,0.27485380116959063,True,True,False
6519,0,0.401555703906455,0.08432859071554678,CEMEX,Columbus - Smith Rd (Vulcan Quarry) Plant,GA,Southeastern Region,other_or_unspecified,3750.0,4000,2.0,early,118.13333333333334,strict_group,6.0,103.46666666666667,101.86666666666667,14.666666666666671,0.12415349887133185,16.266666666666666,0.13769751693002255,True,True,False
964,0,0.4014078770047392,0.08432859071554678,Amrize,Metairie Plant,LA,South Central Region,other_or_unspecified,4000.0,4000,1.0,early,97.75,strict_group,5.0,86.0,84.2,11.75,0.12020460358056266,13.549999999999997,0.13861892583120203,True,True,False
42905,1,0.3996888908606748,0.08432859071554678,Silvi Materials,Englishtown Plant,NJ,Eastern Region,filler,3500.0,3500,28.0,standard_28,157.42857142857142,strict_group,21.0,108.28571428571429,99.14285714285714,49.142857142857125,0.3121597096188747,58.28571428571428,0.3702359346642468,True,True,True
33344,0,0.3995814377620443,0.08432859071554678,Ingram Ready Mix,Pearland #35 LLC Plant,TX,South Central Region,other_or_unspecified,4500.0,4500,28.0,standard_28,119.11111111111111,strict_group,47.0,64.66666666666667,61.6,54.44444444444444,0.45708955223880593,57.51111111111111,0.4828358208955224,True,True,True
4540,0,0.3982764812724834,0.08432859071554678,"Callanan Industries, Inc.",Port of Albany Plant,NY,Eastern Region,other_or_unspecified,3000.0,3000,28.0,standard_28,123.33333333333333,strict_group,295.0,91.33333333333333,79.06666666666668,32.0,0.2594594594594595,44.26666666666665,0.3589189189189188,True,True,True
7549,0,0.3975300283793164,0.08432859071554678,CEMEX,East Plant/East Naples/East Trail Plant,FL,Southeastern Region,other_or_unspecified,3000.0,3000,28.0,standard_28,109.0,strict_group,701.0,91.66666666666667,82.66666666666667,17.33333333333333,0.1590214067278287,26.33333333333333,0.24159021406727824,True,True,False
9907,0,0.3959377175406587,0.08432859071554678,CEMEX,McIntosh Plant,FL,Southeastern Region,other_or_unspecified,3000.0,3000,28.0,standard_28,118.66666666666667,strict_group,701.0,91.66666666666667,82.66666666666667,27.0,0.22752808988764045,36.0,0.3033707865168539,True,True,True
33908,0,0.3940594330995465,0.08432859071554678,Knife River Corporation,Sundial Plant,OR,Pacific Northwest Region,other_or_unspecified,3500.0,3500,28.0,standard_28,96.0,strict_group,339.0,68.59126984126985,58.0,27.40873015873015,0.28550760582010576,38.0,0.3958333333333333,True,True,True
42525,0,0.3922783050391263,0.08432859071554678,Robertson's Ready Mix,Rialto Plant,CA,Pacific Southwest Region,other_or_unspecified,3000.0,3000,28.0,standard_28,101.0,strict_group,89.0,92.0,80.53333333333333,9.0,0.0891089108910891,20.46666666666667,0.20264026402640267,True,False,False
5964,0,0.3899985601571046,0.08432859071554678,CEMEX,Brooksville Plant,FL,Southeastern Region,other_or_unspecified,3000.0,3000,28.0,standard_28,114.66666666666667,strict_group,701.0,91.66666666666667,82.66666666666667,23.0,0.2005813953488372,32.0,0.27906976744186046,True,True,True
5916,1,0.3899559383872627,0.08432859071554678,CEMEX,Brewton Plant,AL,Southeastern Region,other_or_unspecified,3000.0,3000,28.0,standard_28,125.0,strict_group,701.0,91.66666666666667,82.66666666666667,33.33333333333333,0.2666666666666666,42.33333333333333,0.3386666666666666,True,True,True
11731,0,0.3896101863188648,0.08432859071554678,CEMEX,Orlando (Atlanta Ave) Plant,FL,Southeastern Region,other_or_unspecified,2500.0,2500,28.0,standard_28,112.4,strict_group,212.0,92.7,82.88,19.700000000000003,0.17526690391459077,29.52000000000001,0.2626334519572954,True,True,False
45359,0,0.3884814550368768,0.08432859071554678,Titan Virginia Ready-Mix,Leesburg RM Plant,VA,Eastern Region,other_or_unspecified,4000.0,4000,28.0,standard_28,116.75,strict_group,636.0,74.75,60.75,42.0,0.35974304068522484,56.0,0.4796573875802998,True,True,True
45978,0,0.3884814550368768,0.08432859071554678,Titan Virginia Ready-Mix,Sterling RM (Plant 1),VA,Eastern Region,other_or_unspecified,4000.0,4000,28.0,standard_28,115.75,strict_group,636.0,74.75,60.75,41.0,0.3542116630669546,55.0,0.47516198704103674,True,True,True
45102,0,0.3884814550368768,0.08432859071554678,Titan Virginia Ready-Mix,Centreville RM Plant,VA,Eastern Region,other_or_unspecified,4000.0,4000,28.0,standard_28,116.75,strict_group,636.0,74.75,60.75,42.0,0.35974304068522484,56.0,0.4796573875802998,True,True,True
9461,0,0.3880721213220402,0.08432859071554678,CEMEX,Livingston Plant,AL,Southeastern Region,filler,3000.0,3000,28.0,standard_28,113.33333333333333,strict_group,44.0,117.25,105.0,0.0,0.0,8.333333333333329,0.07352941176470584,True,False,False
2022,0,0.3875704838711196,0.08432859071554678,Bonded Concrete Inc. / The Clemente Group,Pleasant Valley Plant,NY,Eastern Region,other_or_unspecified,3500.0,3500,28.0,standard_28,104.85714285714286,strict_group,117.0,95.71428571428571,84.05714285714286,9.142857142857153,0.08719346049046331,20.799999999999997,0.19836512261580377,True,False,False
22113,0,0.3847267228184928,0.08432859071554678,Conewago Manufacturing,Conewago Manufacturing Plant,PA,Eastern Region,filler,3000.0,3000,28.0,standard_28,110.0,strict_group,28.0,94.5,30.75,15.5,0.1409090909090909,79.25,0.7204545454545455,True,True,False
16178,0,0.3845659851689588,0.08432859071554678,CEMEX,Winter Park Plant,FL,Southeastern Region,other_or_unspecified,3000.0,3000,28.0,standard_28,118.0,strict_group,701.0,91.66666666666667,82.66666666666667,26.33333333333333,0.22316384180790957,35.33333333333333,0.29943502824858753,True,True,True
33727,1,0.3827968902438468,0.08432859071554678,Knife River Corporation,McMinnville (Oregon) Plant,OR,Pacific Northwest Region,other_or_unspecified,3000.0,3000,28.0,standard_28,138.33333333333334,strict_group,395.0,71.0,64.13333333333334,67.33333333333334,0.48674698795180726,74.2,0.5363855421686747,True,True,True
8289,0,0.3813001358691372,0.08432859071554678,CEMEX,Habersham Plant,GA,Southeastern Region,other_or_unspecified,4000.0,4000,28.0,standard_28,118.25,strict_group,440.0,77.6875,69.75,40.5625,0.3430232558139535,48.5,0.41014799154334036,True,True,True
4539,1,0.380785829214527,0.08432859071554678,"Callanan Industries, Inc.",Port of Albany Plant,NY,Eastern Region,other_or_unspecified,3000.0,3000,28.0,standard_28,125.66666666666667,strict_group,295.0,91.33333333333333,79.06666666666668,34.33333333333334,0.2732095490716181,46.599999999999994,0.3708222811671087,True,True,True
5911,1,0.379435185387415,0.08432859071554678,CEMEX,Brewton Plant,AL,Southeastern Region,other_or_unspecified,2500.0,2500,28.0,standard_28,137.6,strict_group,212.0,92.7,82.88,44.89999999999999,0.3263081395348837,54.72,0.3976744186046512,True,True,True
33745,1,0.3790552339834098,0.08432859071554678,Knife River Corporation,McMinnville (Oregon) Plant,OR,Pacific Northwest Region,hardscape,3300.0,3500,28.0,standard_28,156.66666666666669,strict_group,9.0,82.85714285714286,80.11428571428571,73.80952380952382,0.4711246200607903,76.55238095238097,0.48863221884498487,True,True,True
44162,0,0.3789969996914258,0.08432859071554678,Tec-Crete Transit Mix Corp.,Long Island City Plant,NY,Eastern Region,other_or_unspecified,4000.0,4000,28.0,standard_28,108.0,strict_group,636.0,74.75,60.75,33.25,0.30787037037037035,47.25,0.4375,True,True,True
12065,1,0.3787159597228557,0.08432859071554678,CEMEX,Pembroke Pines Plant,FL,Southeastern Region,other_or_unspecified,3000.0,3000,28.0,standard_28,127.66666666666667,strict_group,701.0,91.66666666666667,82.66666666666667,36.0,0.2819843342036553,45.0,0.3524804177545692,True,True,True
6147,0,0.3786129533988888,0.08432859071554678,CEMEX,Card Sound Mine Plant,FL,Southeastern Region,other_or_unspecified,2500.0,2500,28.0,standard_28,102.4,strict_group,212.0,92.7,82.88,9.700000000000003,0.09472656250000003,19.52000000000001,0.1906250000000001,True,False,False
46801,0,0.3775843078827475,0.08432859071554678,US Concrete Mix / Smyrna Ready Mix,Long Island City Plant,NY,Eastern Region,other_or_unspecified,5000.0,5000,28.0,standard_28,108.4,strict_group,282.0,69.05,57.839999999999996,39.35000000000001,0.3630073800738008,50.56000000000001,0.46642066420664213,True,True,True
33775,0,0.3761475245021228,0.08432859071554678,Knife River Corporation,Nampa (Idaho) Plant,ID,Pacific Northwest Region,other_or_unspecified,3000.0,3000,28.0,standard_28,118.33333333333333,strict_group,395.0,71.0,64.13333333333334,47.33333333333333,0.39999999999999997,54.19999999999999,0.45802816901408444,True,True,True
41350,0,0.3757141519611873,0.08432859071554678,"Prairie Material, LLC",Yard 32 Plant,IL,Great Lakes Region,other_or_unspecified,2000.0,2000,28.0,standard_28,98.0,national_spec_group,44.0,106.75,96.6,0.0,0.0,1.4000000000000057,0.014285714285714344,True,False,False
2016,0,0.3746091041268155,0.08432859071554678,Bonded Concrete Inc. / The Clemente Group,Pleasant Valley Plant,NY,Eastern Region,other_or_unspecified,3000.0,3000,28.0,standard_28,100.33333333333333,strict_group,295.0,91.33333333333333,79.06666666666668,9.0,0.08970099667774087,21.26666666666665,0.2119601328903653,True,False,False
5129,1,0.3705991200586943,0.08432859071554678,CEMEX,Andalusia Plant,AL,Southeastern Region,other_or_unspecified,3000.0,3000,28.0,standard_28,126.0,strict_group,701.0,91.66666666666667,82.66666666666667,34.33333333333333,0.27248677248677244,43.33333333333333,0.3439153439153439,True,True,True
33990,1,0.3701850729890553,0.08432859071554678,Knife River Corporation,Woodburn (Oregon) Plant,OR,Pacific Northwest Region,other_or_unspecified,3500.0,3500,28.0,standard_28,130.0,strict_group,339.0,68.59126984126985,58.0,61.40873015873015,0.4723748473748473,72.0,0.5538461538461539,True,True,True
33957,0,0.3696063687441797,0.08432859071554678,Knife River Corporation,Wheatland (Oregon) Plant,OR,Pacific Northwest Region,other_or_unspecified,3500.0,3500,28.0,standard_28,122.0,strict_group,339.0,68.59126984126985,58.0,53.40873015873015,0.43777647671090286,64.0,0.5245901639344263,True,True,True
516,0,0.3651987614272965,0.08432859071554678,American Rock Products (ARP),Hermiston Plant,OR,Pacific Northwest Region,filler,3000.0,3000,28.0,standard_28,106.66666666666667,strict_group,16.0,106.91666666666667,89.33333333333334,0.0,0.0,17.33333333333333,0.16249999999999995,True,False,False
33959,1,0.3641605745607832,0.08432859071554678,Knife River Corporation,Wheatland (Oregon) Plant,OR,Pacific Northwest Region,other_or_unspecified,3500.0,3500,28.0,standard_28,126.57142857142857,strict_group,339.0,68.59126984126985,58.0,57.98015873015872,0.45808251818409823,68.57142857142857,0.5417607223476298,True,True,True
40064,0,0.3636636304291755,0.08432859071554678,National Ready Mix,Vernon Plant,CA,Pacific Southwest Region,other_or_unspecified,3000.0,3000,28.0,standard_28,123.0,strict_group,89.0,92.0,80.53333333333333,31.0,0.25203252032520324,42.46666666666667,0.3452574525745258,True,True,True
11543,0,0.3628384666273893,0.08432859071554678,CEMEX,Oldsmar Plant,FL,Southeastern Region,other_or_unspecified,2500.0,2500,28.0,standard_28,121.6,strict_group,212.0,92.7,82.88,28.89999999999999,0.23766447368421048,38.72,0.31842105263157894,True,True,True
33938,1,0.3621350937092457,0.08432859071554678,Knife River Corporation,Tumalo (Oregon) Plant,OR,Pacific Northwest Region,paving,4000.0,4000,28.0,standard_28,149.75,strict_group,74.0,64.4375,54.825,85.3125,0.5696994991652755,94.925,0.6338898163606009,True,True,True
33558,0,0.3618885567323996,0.08432859071554678,Knife River Corporation,Corvallis (Oregon) Plant,OR,Pacific Northwest Region,other_or_unspecified,3000.0,3000,28.0,standard_28,121.66666666666667,strict_group,395.0,71.0,64.13333333333334,50.66666666666667,0.41643835616438357,57.53333333333333,0.4728767123287671,True,True,True
43214,1,0.3609305946115293,0.08432859071554678,Silvi Materials,Philadelphia Plant,PA,Eastern Region,other_or_unspecified,3000.0,3000,28.0,standard_28,132.33333333333334,strict_group,295.0,91.33333333333333,79.06666666666668,41.000000000000014,0.3098236775818641,53.266666666666666,0.4025188916876574,True,True,True
11603,0,0.359404870250134,0.08432859071554678,CEMEX,Orange City Plant,FL,Southeastern Region,other_or_unspecified,2500.0,2500,28.0,standard_28,98.4,strict_group,212.0,92.7,82.88,5.700000000000003,0.05792682926829271,15.52000000000001,0.15772357723577246,True,False,False
42894,0,0.358056315016857,0.08432859071554678,Silvi Materials,Englishtown Plant,NJ,Eastern Region,other_or_unspecified,3000.0,3000,28.0,standard_28,119.66666666666667,strict_group,295.0,91.33333333333333,79.06666666666668,28.333333333333343,0.23676880222841232,40.599999999999994,0.33927576601671305,True,True,True
13180,1,0.3571482106566099,0.08432859071554678,CEMEX,Port Charlotte Plant,FL,Southeastern Region,other_or_unspecified,3000.0,3000,28.0,standard_28,130.66666666666666,strict_group,701.0,91.66666666666667,82.66666666666667,38.999999999999986,0.29846938775510196,47.999999999999986,0.3673469387755101,True,True,True
16301,1,0.3534447227130679,0.08432859071554678,CEMEX,Zephyrhills Plant,FL,Southeastern Region,other_or_unspecified,3000.0,3000,28.0,standard_28,139.33333333333334,strict_group,701.0,91.66666666666667,82.66666666666667,47.66666666666667,0.34210526315789475,56.66666666666667,0.40669856459330145,True,True,True
43172,0,0.3533204598325803,0.08432859071554678,Silvi Materials,Morrisville Plant,PA,Eastern Region,filler,4000.0,4000,28.0,standard_28,118.0,strict_group,83.0,88.0,68.55,30.0,0.2542372881355932,49.45,0.4190677966101695,True,True,True
33975,0,0.3521148085593573,0.08432859071554678,Knife River Corporation,Wheatland (Oregon) Plant,OR,Pacific Northwest Region,other_or_unspecified,4000.0,4000,28.0,standard_28,117.75,strict_group,579.0,63.25,56.7,54.5,0.46284501061571126,61.05,0.5184713375796178,True,True,True
13177,0,0.3500134313718282,0.08432859071554678,CEMEX,Port Charlotte Plant,FL,Southeastern Region,other_or_unspecified,2500.0,2500,28.0,standard_28,106.8,strict_group,212.0,92.7,82.88,14.099999999999994,0.13202247191011232,23.92,0.22397003745318353,True,True,False
3788,0,0.3496045947849219,0.08432859071554678,Cadman / Heidelberg Materials,Port of Portland Plant,OR,Pacific Northwest Region,other_or_unspecified,2000.0,2000,28.0,standard_28,123.0,strict_group,14.0,122.625,99.0,0.375,0.003048780487804878,24.0,0.1951219512195122,True,False,False
5758,0,0.3489030224680782,0.08432859071554678,CEMEX,Berth 150 Plant,FL,Southeastern Region,other_or_unspecified,3000.0,3000,28.0,standard_28,123.33333333333333,strict_group,701.0,91.66666666666667,82.66666666666667,31.666666666666657,0.2567567567567567,40.66666666666666,0.3297297297297297,True,True,True
30797,1,0.3488922626332668,0.08432859071554678,Four Winds Concrete Inc.,Windgap Plant,PA,Eastern Region,other_or_unspecified,2500.0,2500,28.0,standard_28,125.6,strict_group,18.0,103.4,78.72,22.19999999999999,0.1767515923566878,46.879999999999995,0.3732484076433121,True,True,False
33568,1,0.3482481391373881,0.08432859071554678,Knife River Corporation,Corvallis (Oregon) Plant,OR,Pacific Northwest Region,paving,3300.0,3500,28.0,standard_28,126.66666666666667,strict_group,24.0,76.96969696969697,61.70562770562771,49.6969696969697,0.39234449760765555,64.96103896103895,0.5128503075871496,True,True,True
43051,1,0.3468955621287663,0.08432859071554678,Silvi Materials,Limerick Plant,PA,Eastern Region,filler,3500.0,3500,28.0,standard_28,150.28571428571428,strict_group,21.0,108.28571428571429,99.14285714285714,41.999999999999986,0.27946768060836497,51.14285714285714,0.34030418250950567,True,True,True
3243,1,0.3467293894172794,0.08432859071554678,Cadman / Heidelberg Materials,Orchards Plant,WA,Pacific Northwest Region,other_or_unspecified,2000.0,2000,28.0,standard_28,127.5,strict_group,14.0,122.625,99.0,4.875,0.03823529411764706,28.5,0.2235294117647059,True,False,False
2696,0,0.3444867077103499,0.08432859071554678,Cadman / Heidelberg Materials,Foster Road Plant,OR,Pacific Northwest Region,other_or_unspecified,2200.0,2000,28.0,standard_28,100.9090909090909,strict_group,14.0,122.625,99.0,0.0,0.0,1.9090909090909065,0.018918918918918892,True,False,False
41851,0,0.3438811474811439,0.08432859071554678,RiverBend Materials,Hilroy Plant,OR,Pacific Northwest Region,other_or_unspecified,4000.0,4000,28.0,standard_28,89.0,strict_group,579.0,63.25,56.7,25.75,0.2893258426966292,32.3,0.3629213483146067,True,True,True
15713,0,0.3430509439852434,0.08432859071554678,CEMEX,Vance Plant,AL,Southeastern Region,other_or_unspecified,3000.0,3000,28.0,standard_28,102.33333333333333,strict_group,701.0,91.66666666666667,82.66666666666667,10.666666666666657,0.10423452768729632,19.666666666666657,0.1921824104234527,True,True,False
4518,0,0.3428378952306647,0.08432859071554678,"Callanan Industries, Inc.",Oriskany Plant,NY,Eastern Region,other_or_unspecified,3000.0,3000,28.0,standard_28,103.66666666666667,strict_group,295.0,91.33333333333333,79.06666666666668,12.333333333333343,0.11897106109324768,24.599999999999994,0.23729903536977484,True,True,False
42907,0,0.3427074481530699,0.08432859071554678,Silvi Materials,Englishtown Plant,NJ,Eastern Region,other_or_unspecified,3500.0,3500,28.0,standard_28,122.28571428571429,strict_group,117.0,95.71428571428571,84.05714285714286,26.571428571428584,0.2172897196261683,38.22857142857143,0.3126168224299065,True,True,True
33743,1,0.341031836818525,0.08432859071554678,Knife River Corporation,McMinnville (Oregon) Plant,OR,Pacific Northwest Region,other_or_unspecified,3500.0,3500,28.0,standard_28,137.42857142857142,strict_group,339.0,68.59126984126985,58.0,68.83730158730157,0.5008951258951257,79.42857142857142,0.5779625779625779,True,True,True
4578,0,0.3399297736821931,0.08432859071554678,Cape Cod Ready Mix,Carver Plant,MA,Eastern Region,other_or_unspecified,3000.0,3000,28.0,standard_28,109.0,strict_group,295.0,91.33333333333333,79.06666666666668,17.66666666666667,0.16207951070336396,29.933333333333323,0.274617737003058,True,True,False
42357,0,0.33948286997721,0.08432859071554678,Robertson's Ready Mix,Gardena Plant,CA,Pacific Southwest Region,other_or_unspecified,3250.0,3000,28.0,standard_28,107.6923076923077,strict_group,89.0,92.0,80.53333333333333,15.692307692307693,0.1457142857142857,27.158974358974362,0.25219047619047624,True,True,False
15716,0,0.3390743839398359,0.08432859071554678,CEMEX,Vance Plant,AL,Southeastern Region,other_or_unspecified,3000.0,3000,28.0,standard_28,106.33333333333333,strict_group,701.0,91.66666666666667,82.66666666666667,14.666666666666657,0.13793103448275854,23.666666666666657,0.22257053291536041,True,True,False
5142,0,0.3376699755823761,0.08432859071554678,CEMEX,Andalusia Plant,AL,Southeastern Region,paving,4000.0,4000,28.0,standard_28,112.75,strict_group,22.0,79.8125,75.8,32.9375,0.29212860310421285,36.95,0.32771618625277166,True,True,True
40649,1,0.3375049084028388,0.08432859071554678,New Enterprise Stone & Lime,"Barton Road, NY Plant",NY,Eastern Region,other_or_unspecified,2000.0,2000,28.0,standard_28,130.0,strict_group,11.0,124.0,93.5,6.0,0.046153846153846156,36.5,0.28076923076923077,True,False,False
40687,1,0.3375049084028388,0.08432859071554678,New Enterprise Stone & Lime,"Gateway, NY Plant",NY,Eastern Region,other_or_unspecified,2000.0,2000,28.0,standard_28,132.5,strict_group,11.0,124.0,93.5,8.5,0.06415094339622641,39.0,0.2943396226415094,True,False,False
6501,0,0.336422028069557,0.08432859071554678,CEMEX,Columbus - Smith Rd (Vulcan Quarry) Plant,GA,Southeastern Region,other_or_unspecified,3000.0,3000,28.0,standard_28,100.33333333333333,strict_group,701.0,91.66666666666667,82.66666666666667,8.666666666666657,0.08637873754152815,17.666666666666657,0.176079734219269,True,False,False
44149,0,0.3361792922868524,0.08432859071554678,Tec-Crete Transit Mix Corp.,Jamaica Plant,NY,Eastern Region,other_or_unspecified,3500.0,3500,28.0,standard_28,112.28571428571429,strict_group,117.0,95.71428571428571,84.05714285714286,16.571428571428584,0.1475826972010179,28.228571428571428,0.25139949109414755,True,True,False
6148,0,0.3355792719110788,0.08432859071554678,CEMEX,Card Sound Mine Plant,FL,Southeastern Region,other_or_unspecified,3000.0,3000,28.0,standard_28,105.33333333333333,strict_group,701.0,91.66666666666667,82.66666666666667,13.666666666666657,0.1297468354430379,22.666666666666657,0.21518987341772144,True,True,False
43232,0,0.3344528023157842,0.08432859071554678,Silvi Materials,Philadelphia Plant,PA,Eastern Region,filler,3000.0,3000,28.0,standard_28,113.66666666666667,strict_group,28.0,94.5,30.75,19.16666666666667,0.16862170087976544,82.91666666666667,0.7294721407624634,True,True,False
43271,0,0.3320392652446759,0.08432859071554678,Silvi Materials,Philadelphia Plant,PA,Eastern Region,filler,4000.0,4000,28.0,standard_28,118.75,strict_group,83.0,88.0,68.55,30.75,0.25894736842105265,50.2,0.4227368421052632,True,True,True
33776,0,0.3290746853226967,0.08432859071554678,Knife River Corporation,Nampa (Idaho) Plant,ID,Pacific Northwest Region,other_or_unspecified,3000.0,3000,28.0,standard_28,118.33333333333333,strict_group,395.0,71.0,64.13333333333334,47.33333333333333,0.39999999999999997,54.19999999999999,0.45802816901408444,True,True,True
15147,0,0.3287028401911972,0.08432859071554678,CEMEX,Sweetwater Plant,FL,Southeastern Region,other_or_unspecified,3000.0,3000,28.0,standard_28,103.66666666666667,strict_group,701.0,91.66666666666667,82.66666666666667,12.0,0.1157556270096463,21.0,0.20257234726688103,True,True,False
43121,0,0.3270471293766685,0.08432859071554678,Silvi Materials,Logan Plant,NJ,Eastern Region,other_or_unspecified,3000.0,3000,28.0,standard_28,116.0,strict_group,295.0,91.33333333333333,79.06666666666668,24.66666666666667,0.21264367816091959,36.93333333333332,0.3183908045977011,True,True,True
43352,1,0.3270471293766685,0.08432859071554678,Silvi Materials,South Plainfield Plant,NJ,Eastern Region,other_or_unspecified,3000.0,3000,28.0,standard_28,124.0,strict_group,295.0,91.33333333333333,79.06666666666668,32.66666666666667,0.2634408602150538,44.93333333333332,0.36236559139784935,True,True,True
33594,1,0.3266169727300523,0.08432859071554678,Knife River Corporation,Eugene (Oregon) Plant,OR,Pacific Northwest Region,other_or_unspecified,3000.0,3000,3.0,early,171.66666666666666,strict_group,10.0,148.91666666666669,122.13333333333333,22.74999999999997,0.13252427184466004,49.53333333333333,0.2885436893203884,True,True,False
30806,0,0.3263245748071048,0.08432859071554678,Four Winds Concrete Inc.,Windgap Plant,PA,Eastern Region,other_or_unspecified,3500.0,3500,28.0,standard_28,101.71428571428571,strict_group,117.0,95.71428571428571,84.05714285714286,6.0,0.058988764044943826,17.657142857142844,0.1735955056179774,True,False,False
5912,1,0.3261392945996358,0.08432859071554678,CEMEX,Brewton Plant,AL,Southeastern Region,other_or_unspecified,3000.0,3000,28.0,standard_28,124.33333333333333,strict_group,701.0,91.66666666666667,82.66666666666667,32.66666666666666,0.2627345844504021,41.66666666666666,0.33512064343163533,True,True,True
30435,0,0.3242093375013114,0.08432859071554678,Elizabeth River Concrete,Portsmouth Virginia Plant,VA,Eastern Region,other_or_unspecified,3000.0,3000,28.0,standard_28,100.66666666666667,strict_group,295.0,91.33333333333333,79.06666666666668,9.333333333333343,0.09271523178807956,21.599999999999994,0.214569536423841,True,False,False
